OBJECTID,LAND,BEZ,LOR,STRASSE,LOR_ab_2021,UJAHR,UMONAT,USTUNDE,UWOCHENTAG,UKATEGORIE,UART,UTYP1,ULICHTVERH,IstRad,IstPKW,IstFuss,IstKrad,IstGkfz,IstSonstig,STRZUSTAND,LINREFX,LINREFY,XGCSWGS84,YGCSWGS84
114337,11,6,6040701,Wannsee,6400735,2018,6,10,3,3,1,5,0,1,1,0,0,0,0,0,778677,6504,5814935,666
114338,11,2,2040701,Andreasviertel,2400521,2018,7,9,2,3,1,5,0,1,0,0,0,0,1,0,800292,9227,5827987,998
114339,11,3,3071638,Winsstra�e,3701659,2018,6,19,4,3,5,3,0,1,0,0,1,0,0,0,800044,6637,5828995,5
114340,11,7,7050501,Rathausstra�e                                                                                       ,7501030,2018,5,14,1,2,0,1,0,0,0,0,1,0,0,0,798057,6461,5819377,628
114341,11,2,2020202,Rathaus Yorckstra�e,2200208,2018,4,22,6,3,3,6,2,0,1,0,0,0,0,1,797903,3785,5825409,47
114342,11,7,7060601,Marienfelder Allee Nordwest,7601236,2018,12,12,5,3,6,4,0,0,1,1,0,0,0,0,796871,6637,5816388,898
114343,11,4,4030417,Schlo�stra�e,4300414,2018,10,10,2,3,6,4,0,1,0,1,0,0,0,0,791094,2131,5826469,409
114344,11,4,4030417,Schlo�stra�e,4300414,2018,7,19,7,3,5,2,1,1,1,0,0,0,0,0,791845,9336,5826592,56
114345,11,9,9020601,Schnellerstra�e                                                                                     ,9200613,2018,4,8,2,3,5,2,0,1,0,0,0,0,1,1,806697,8992,5821040,262
114346,11,2,2040502,Friedenstra�e,2400521,2018,7,15,3,3,2,6,0,0,1,0,0,0,1,0,801152,5792,5827833,231
114347,11,7,7050502,Fritz-Werner-Stra�e                                                                                 ,7501133,2018,3,20,7,3,1,5,2,0,1,0,0,0,0,0,798510,7087,5818051,7
114348,11,5,5020628,Graetschelsteig,5200633,2018,5,12,1,3,2,6,0,0,1,0,0,0,0,0,784480,4859,5826457,486
114349,11,4,7030301,Friedenau,7200308,2018,10,18,6,3,2,6,1,0,1,0,0,0,0,0,794491,9077,5823103,744
114350,11,1,1011105,N�rdlicher Landwehrkanal                                                                            ,1100102,2018,2,15,7,3,8,1,0,0,1,0,0,0,0,0,796718,845,5826659,741
114351,11,1,1011303,Alexanderplatzviertel,1100310,2018,11,16,1,3,3,6,2,1,1,0,0,0,0,1,799170,9991,5828371,892
114352,11,7,7040403,Manteuffelstra�e                                                                                    ,7400823,2018,9,8,4,3,2,6,0,0,1,0,0,0,0,0,797018,4281,5822351,123
114353,11,3,3071638,Winsstra�e,3701659,2018,8,16,2,3,2,6,0,1,1,0,0,0,0,0,800047,2787,5828999,183
114354,11,7,7040403,Manteuffelstra�e                                                                                    ,7400824,2018,6,19,4,3,0,6,0,0,1,0,1,0,0,0,797829,567,5822374,193
114355,11,4,4030724,Lietzensee,4300415,2018,10,15,4,3,2,6,0,0,1,0,1,0,0,0,790673,408,5826095,53
114356,11,1,1033203,Humboldthain Nordwest                                                                               ,1300836,2018,6,15,6,3,2,6,0,0,1,0,0,0,0,0,796300,3729,5830090,524
114357,11,1,1011102,Gro�er Tiergarten,1100102,2018,8,15,7,3,0,1,0,1,0,0,0,0,0,0,795506,5582,5827220,737
114358,11,1,1011303,Alexanderplatzviertel,1100310,2018,5,19,3,2,5,3,0,1,0,0,0,0,1,0,799604,32,5828293,47
114359,11,12,12302212,Rollbergesiedlung,12601032,2018,4,13,2,3,6,4,0,0,1,1,0,0,0,0,792805,6004,5837303,603
114360,11,4,4010101,Jungfernheide,4100101,2018,12,18,3,3,2,6,2,0,1,0,0,0,1,1,791140,5248,5829356,15
114361,11,11,11030721,R�digerstra�e,11300722,2018,9,8,3,3,6,2,0,0,1,1,0,0,0,0,803758,4174,5827566,686
114362,11,4,4041239,Stadion Wilmersdorf,4400830,2018,9,17,4,3,2,6,0,0,1,0,0,0,0,0,792253,2879,5823626,49
114363,11,1,1011303,Alexanderplatzviertel,1100310,2018,6,16,4,3,2,6,0,1,1,0,0,0,0,0,799682,5704,5828428,48
114364,11,3,3040818,Pankow S�d                                                                                          ,3400830,2018,7,15,2,3,2,6,0,0,1,0,0,0,1,0,800063,316,5833722,265
114365,11,2,2010101,Askanischer Platz,2100101,2018,7,16,3,3,5,3,0,1,1,0,0,0,0,0,797886,1161,5825493,67
114366,11,4,4020311,Reichsstra�e,4200310,2018,5,14,3,2,2,6,0,0,1,0,0,0,0,0,789155,173,5826158,542
114367,11,4,4030622,Richard-Wagner-Stra�e,4300621,2018,2,14,7,3,6,7,0,0,1,1,0,0,0,0,791990,151,5826637,438
114368,11,5,5020524,Weinmeisterhornweg,5200528,2018,11,10,2,3,0,6,0,0,0,0,0,0,1,1,782200,8376,5825001,51
114369,11,11,11041022,Rosenfelder Ring,11401032,2018,8,15,5,3,2,6,0,0,1,0,0,0,0,0,806269,4963,5827346,995
114370,11,2,3071638,Winsstra�e,3701659,2018,3,12,2,3,5,3,0,1,1,0,0,0,0,0,799862,1347,5828781,209
114372,11,9,9020601,Schnellerstra�e                                                                                     ,9200613,2018,10,6,6,2,5,2,2,0,1,0,0,0,0,0,805386,943,5822357,728
114373,11,9,9010201,Am Treptower Park S�d,9100202,2018,8,13,3,2,5,2,0,1,0,0,0,0,1,0,803126,581,5824537,774
114374,11,3,3061131,Falkplatz,3601142,2018,4,15,2,3,0,1,0,1,0,0,0,0,0,0,799184,6027,5831150,298
114375,11,4,4020313,K�nigin-Elisabeth-Stra�e,4200311,2018,4,13,4,3,5,2,0,0,1,0,0,0,0,0,790519,246,5826375,536
114376,11,3,3061332,Helmholtzplatz,3701657,2018,5,16,3,3,5,2,0,1,1,0,0,0,0,0,799971,722,5830201,888
114377,11,3,3040614,Pankow Zentrum                                                                                      ,3400721,2018,11,9,6,3,1,5,0,0,1,0,1,0,0,0,798155,9158,5833518,273
114378,11,1,1011105,N�rdlicher Landwehrkanal                                                                            ,1100102,2018,12,10,2,3,2,2,0,1,1,0,0,0,0,1,796420,9362,5826330,177
114379,11,3,3061126,Arnimplatz,3601141,2018,9,17,5,3,5,2,0,1,0,0,0,0,1,0,799196,197,5831434,82
114380,11,4,4041239,Stadion Wilmersdorf,4400830,2018,8,13,6,2,3,6,0,0,1,0,0,0,1,0,792422,279,5823069,107
114381,11,9,9020601,Schnellerstra�e                                                                                     ,9200613,2018,6,6,6,3,3,6,0,1,0,0,0,0,1,0,806375,7735,5821375,387
114382,11,1,1044102,Schillerpark,1400940,2018,7,14,4,3,5,3,0,0,1,0,1,0,0,0,795878,973,5832062,424
114383,11,2,2050602,Samariterviertel,2500728,2018,5,8,4,2,5,3,0,1,1,0,0,0,0,0,803093,802,5827650,614
114384,11,4,4030623,Ernst-Reuter-Platz,4300622,2018,2,12,7,3,2,6,0,0,1,0,0,0,0,0,793426,9793,5826879,435
114385,11,1,1033203,Humboldthain Nordwest                                                                               ,1300836,2018,11,22,2,3,5,3,2,0,1,0,0,0,0,0,796185,6817,5830195,838
114386,11,3,3061126,Arnimplatz,3601141,2018,6,14,1,3,2,6,0,0,1,0,0,0,0,0,799199,3994,5831496,843
114387,11,7,7020203,Kaiser-Wilhelm-Platz,7200411,2018,12,20,5,2,6,2,2,0,1,1,0,0,0,0,795796,669,5824129,259
114388,11,4,4030623,Ernst-Reuter-Platz,4300622,2018,10,13,7,3,3,6,0,0,1,0,1,0,0,0,793021,3483,5826811,28
114389,11,4,4030623,Ernst-Reuter-Platz,4300622,2018,2,11,7,3,5,7,0,0,1,0,0,0,1,0,793443,7259,5826865,452
114390,11,10,10040933,Mahlsdorf S�d                                                                                       ,10400940,2018,8,16,4,3,5,3,0,1,1,0,0,0,0,0,812566,7895,5827181,35
114391,11,2,2050802,Boxhagener Platz,2500833,2018,4,22,4,3,6,4,2,1,0,1,0,0,0,0,802062,3,5827300,352
114392,11,2,2050602,Samariterviertel,2500728,2018,3,15,6,2,6,4,0,0,1,1,0,0,0,0,802734,8578,5827671,337
114393,11,1,1011304,Karl-Marx-Allee,1100311,2018,5,20,4,3,5,3,0,1,1,0,0,0,0,0,800002,919,5828076,13
114394,11,2,2020202,Rathaus Yorckstra�e,2200208,2018,10,9,4,3,2,2,0,1,1,0,0,0,0,0,797898,4872,5825431,844
114395,11,3,3040818,Pankow S�d                                                                                          ,3400826,2018,2,12,7,2,5,2,0,1,1,0,0,0,0,0,798793,3216,5832828,26
114396,11,11,11041022,Rosenfelder Ring,11401032,2018,11,5,3,3,2,6,2,0,1,0,0,0,0,0,806096,5111,5827373,781
114397,11,4,4020208,Kranzallee,4200206,2018,9,17,7,3,1,5,0,1,1,0,0,0,0,0,787869,6435,5825953,17
114398,11,3,3061429,Greifswalder Stra�e,3601449,2018,8,14,6,3,3,6,0,0,1,0,0,0,1,0,801300,3016,5830961,404
114399,11,3,3061434,Anton-Saefkow-Park,3601451,2018,6,23,1,3,6,2,2,0,1,1,0,0,0,0,800918,663,5829714,529
114400,11,4,4030623,Ernst-Reuter-Platz,4300622,2018,7,13,1,3,2,6,0,1,1,0,0,0,0,0,793122,6771,5826807,464
114401,11,3,3071633,Th�lmannpark,3701657,2018,6,20,3,3,6,4,0,1,0,1,0,0,0,0,800070,6435,5830538,54
114402,11,3,3040513,Sch�nholz,3400620,2018,8,20,4,2,0,1,0,0,0,0,1,0,0,0,798014,9706,5833641,658
114403,11,7,7020203,Kaiser-Wilhelm-Platz,7200410,2018,5,15,5,3,3,6,0,1,0,0,0,0,1,0,795784,752,5824104,839
114404,11,2,2050602,Samariterviertel,2500729,2018,4,10,5,3,0,1,0,0,0,0,1,0,0,0,803540,8439,5827588,58
114405,11,6,6030503,Zehlendorf Mitte                                                                                    ,6300527,2018,12,16,2,3,6,4,2,0,1,1,0,0,0,0,790449,8817,5818459,552
114406,11,1,1011104,K�rnerstra�e                                                                                        ,1100104,2018,9,11,7,3,5,7,0,1,1,0,0,0,0,0,796349,339,5826136,498
114407,11,6,6040703,Nikolassee,6400737,2018,9,11,7,3,2,2,0,0,1,0,0,0,0,0,785263,836,5816291,104
114408,11,3,3061131,Falkplatz,3601142,2018,7,18,6,3,0,1,0,1,1,0,0,0,0,0,799163,4288,5830571,461
114409,11,1,1011204,Leipziger Stra�e                                                                                    ,1100207,2018,3,21,3,3,3,6,2,1,1,0,0,0,0,1,797703,5182,5826841,386
114410,11,2,2040503,Richard-Sorge-Viertel,2400522,2018,7,22,6,3,1,5,2,1,1,0,0,0,0,0,801882,8554,5827775,58
114411,11,3,3061332,Helmholtzplatz,3601347,2018,3,9,4,3,0,1,0,0,0,0,1,0,0,1,799186,561,5830368,697
114412,11,2,2050602,Samariterviertel,2500727,2018,5,15,6,3,3,6,0,0,1,0,1,0,0,0,802146,7508,5827745,195
114413,11,3,3071639,B�tzowstra�e,3701660,2018,10,17,5,3,1,5,0,1,0,0,0,0,1,0,800473,2,5829681,542
114414,11,3,3061429,Greifswalder Stra�e,3601449,2018,2,5,7,3,5,3,2,0,1,0,0,0,1,2,801341,8612,5830997,418
114415,11,1,1011104,K�rnerstra�e                                                                                        ,1100104,2018,11,23,6,3,2,6,2,0,1,0,0,0,0,0,796175,3283,5825767,71
114416,11,4,4030417,Schlo�stra�e,4300414,2018,9,9,2,3,0,2,0,1,1,0,0,0,0,0,791021,9995,5826457,547
114417,11,3,3040614,Pankow Zentrum                                                                                      ,3400723,2018,8,14,7,3,2,6,0,1,1,0,0,0,1,0,798401,4422,5833432,991
114418,11,7,7050502,Fritz-Werner-Stra�e                                                                                 ,7501133,2018,3,15,1,3,6,7,0,0,1,1,0,0,0,0,797542,4084,5818270,173
114419,11,1,1011303,Alexanderplatzviertel,1100310,2018,10,16,3,3,5,2,0,0,1,0,1,0,1,0,799229,2056,5827873,61
114420,11,9,9020601,Schnellerstra�e                                                                                     ,9200613,2018,8,21,5,3,8,1,2,0,1,0,0,0,0,0,806594,5939,5821141,56
114421,11,4,4030623,Ernst-Reuter-Platz,4300622,2018,4,17,7,3,3,6,0,0,1,0,1,0,0,0,793672,9179,5826920,96
114422,11,1,1011303,Alexanderplatzviertel,1100310,2018,4,7,7,3,5,7,0,0,1,0,0,0,0,0,799698,6594,5828473,117
114423,11,4,4041239,Stadion Wilmersdorf,4400830,2018,6,15,6,3,3,6,0,0,1,0,0,0,0,0,792390,2505,5823506,181
114424,11,1,1011104,K�rnerstra�e                                                                                        ,1100104,2018,12,17,6,3,2,6,2,0,1,0,0,0,0,1,796189,9736,5825799,411
114425,11,2,2050602,Samariterviertel,2500729,2018,9,7,2,2,5,3,0,1,0,0,1,0,0,0,803308,6414,5827628,703
114426,11,1,1011201,Wilhelmstra�e                                                                                       ,1100205,2018,9,8,3,3,2,6,0,1,1,0,0,0,0,0,797315,6179,5826777,616
114427,11,11,11010101,Dorf Malchow,11100101,2018,6,17,3,3,5,3,0,0,1,0,1,0,0,0,803673,798,5835112,243
114428,11,4,4010102,Pl�tzensee,4100101,2018,7,11,7,3,8,1,0,0,1,0,0,0,0,0,792239,19,5829354,206
114429,11,3,3071633,Th�lmannpark,3701657,2018,5,19,1,3,2,2,0,1,0,0,0,0,0,0,800391,857,5830003,13
114430,11,7,7030303,Grazer Platz,7300619,2018,2,16,6,3,2,6,0,0,1,0,0,0,0,0,795695,3261,5823158,448
114431,11,12,12214422,Klixstra�e                                                                                          ,12200310,2018,11,21,6,3,2,6,2,0,1,0,0,0,0,0,791725,5724,5833271,936
114433,11,3,3071633,Th�lmannpark,3701657,2018,10,10,4,3,2,6,0,0,1,0,0,0,0,0,800233,881,5830079,569
114434,11,2,2050602,Samariterviertel,2500727,2018,8,8,2,3,5,2,0,0,1,0,0,0,0,0,802582,9506,5827686,57
114435,11,7,7040405,Rathaus Tempelhof,7400927,2018,4,21,1,3,8,1,2,0,1,0,0,0,0,0,799064,3607,5821745,458
114436,11,12,12103115,Breitkopfbecken,12100103,2018,4,20,2,3,5,2,2,0,1,0,0,0,0,0,795337,3903,5833744,548
114437,11,4,4030417,Schlo�stra�e,4300414,2018,5,15,2,3,0,1,0,1,0,0,0,0,0,0,790984,1939,5826470,1
114438,11,2,2050801,Traveplatz,2500830,2018,10,17,3,3,5,3,1,1,0,0,0,0,0,1,802151,1522,5827578,603
114439,11,7,7030303,Grazer Platz,7300619,2018,2,14,6,3,2,6,0,0,1,0,0,0,0,0,795811,6803,5822635,173
114440,11,3,3061332,Helmholtzplatz,3701657,2018,12,12,7,3,5,2,0,1,1,0,0,0,0,0,799993,3696,5830194,546
114441,11,4,4020311,Reichsstra�e,4200310,2018,9,14,4,3,2,6,0,0,1,0,0,0,0,0,789219,5507,5826168,989
114442,11,3,3050925,Komponistenviertel Wei�ensee,3500936,2018,8,19,5,3,0,1,2,0,0,0,1,0,0,1,802289,2107,5831572,211
114443,11,1,1011304,Karl-Marx-Allee,1100311,2018,6,8,5,3,3,6,0,0,1,0,1,0,0,0,799896,8594,5828150,61
114444,11,3,3061131,Falkplatz,3601142,2018,6,16,5,3,5,2,0,1,0,0,0,0,1,0,799138,236,5830604,496
114445,11,2,2040501,Barnimkiez,2400520,2018,8,12,6,3,0,6,0,0,0,0,1,1,0,0,799901,4579,5828783,816
114446,11,1,1011303,Alexanderplatzviertel,1100310,2018,3,12,2,3,5,3,0,1,1,0,0,0,0,1,799319,588,5827969,789
114447,11,6,6030503,Zehlendorf Mitte                                                                                    ,6300526,2018,4,17,2,3,1,7,0,0,1,0,0,0,0,0,789203,8535,5817998,912
114448,11,2,2020203,Viktoriapark,2200209,2018,4,15,1,3,0,7,0,1,0,0,0,0,0,0,797738,5453,5824433,445
114449,11,1,1011102,Gro�er Tiergarten,1100102,2018,6,19,6,3,2,6,1,0,1,0,0,0,0,1,795570,514,5827243,44
114450,11,7,7040403,Manteuffelstra�e                                                                                    ,7400824,2018,12,20,1,3,2,6,2,0,1,0,0,0,0,1,797850,9933,5821996,635
114451,11,1,1044102,Schillerpark,1400940,2018,9,16,2,3,5,3,0,0,1,0,0,0,0,0,795878,973,5832062,424
114452,11,4,4010101,Jungfernheide,4100101,2018,9,11,3,2,2,6,0,0,1,0,0,0,0,0,791285,1515,5829951,633
114453,11,1,1011105,N�rdlicher Landwehrkanal                                                                            ,1100102,2018,6,12,4,3,5,3,0,0,1,0,0,0,0,0,796449,195,5826441,205
114454,11,3,3071638,Winsstra�e,3701659,2018,7,7,2,3,5,2,0,1,1,0,0,0,0,0,800008,4531,5828978,782
114455,11,2,2050602,Samariterviertel,2500729,2018,5,8,2,2,3,6,0,1,0,0,0,0,0,0,803330,2025,5827626,444
114456,11,4,4020313,K�nigin-Elisabeth-Stra�e,4200311,2018,2,13,6,3,3,6,0,0,1,0,0,0,0,0,790692,7074,5826330,259
114457,11,8,8020619,Buschkrugallee Nord,8200622,2018,11,2,1,3,2,6,2,0,1,0,0,0,0,0,802297,42,5821930,239
114459,11,4,4041137,Flinsberger Platz,4400727,2018,10,20,4,2,2,6,2,0,1,0,0,0,0,0,791569,971,5824363,707
114460,11,12,12214528,Tegeler Forst,12400619,2018,8,22,2,3,0,6,2,0,1,0,1,0,0,0,787889,259,5837523,83
114461,11,1,1011102,Gro�er Tiergarten,1100102,2018,4,17,1,3,0,6,0,0,1,0,1,0,0,0,796574,1898,5827397,273
114462,11,7,7040405,Rathaus Tempelhof,7400927,2018,4,9,3,2,2,6,0,0,1,0,0,0,0,1,799455,588,5821513,785
114463,11,9,9010402,Johannisthal Ost,9100409,2018,5,8,2,3,2,6,0,0,1,0,0,0,0,0,805750,1536,5818798,566
114464,11,4,4030623,Ernst-Reuter-Platz,4300622,2018,10,8,4,3,5,3,0,0,1,0,0,0,0,0,793713,9456,5826927,887
114465,11,5,5020524,Weinmeisterhornweg,5200528,2018,2,9,6,3,6,4,0,0,1,1,0,0,0,0,783324,415,5826483,454
114466,11,7,7060604,Marienfelde S�d,7601341,2018,12,8,2,3,2,6,0,0,1,0,0,0,0,1,796378,7331,5815290,17
114467,11,3,3061228,Erich-Weinert-Stra�e,3601245,2018,9,17,4,3,0,2,0,1,1,0,0,0,0,0,800219,41,5831110,197
114468,11,3,3051017,Rennbahnstra�e,3501037,2018,8,11,5,3,2,6,0,0,1,0,0,1,1,1,802863,3197,5833053,837
114469,11,4,4051655,Babelsberger Stra�e,4501153,2018,6,15,5,3,2,6,0,0,1,0,0,0,0,0,793890,3113,5823008,437
114470,11,1,1011105,N�rdlicher Landwehrkanal                                                                            ,1100102,2018,7,12,4,3,3,6,0,0,1,0,1,0,0,0,796605,418,5826802,971
114471,11,10,10040830,Kaulsdorf S�d                                                                                       ,10400837,2018,2,13,6,3,2,6,0,0,1,0,0,0,0,0,811520,9099,5827129,5
114472,11,2,2050602,Samariterviertel,2500729,2018,11,3,1,1,6,4,2,0,1,1,0,0,0,0,803314,7001,5827611,831
114473,11,7,7070701,Kettinger Stra�e/Schillerstra�e                                                                     ,7601442,2018,6,13,6,3,6,4,0,0,0,1,0,0,1,0,799366,264,5815999,87
114474,11,7,7040405,Rathaus Tempelhof,7400927,2018,5,9,3,3,2,6,0,0,1,0,0,0,0,0,798516,1416,5822086,933
114475,11,3,3061429,Greifswalder Stra�e,3601449,2018,12,18,3,2,5,2,2,0,1,0,0,0,0,1,801344,29,5830999,574
114476,11,2,2040703,Wriezener Bahnhof/Entwicklungsgebiet,2400625,2018,10,20,5,3,6,4,2,1,0,1,0,0,0,0,801871,4046,5826517,26
114477,11,6,6030503,Zehlendorf Mitte                                                                                    ,6300526,2018,2,16,6,3,6,4,0,0,1,1,0,0,0,0,789576,585,5817961,86
114478,11,3,3061126,Arnimplatz,3601141,2018,7,16,2,3,6,4,0,1,0,1,0,0,0,0,799214,426,5831306,642
114479,11,1,1011102,Gro�er Tiergarten,1100102,2018,4,11,4,3,2,6,0,0,1,0,0,0,0,0,794430,666,5827034,35
114480,11,1,1011105,N�rdlicher Landwehrkanal                                                                            ,1100102,2018,7,21,1,2,5,3,2,0,1,0,0,0,0,0,796672,2589,5826217,936
114481,11,2,2020203,Viktoriapark,2200209,2018,3,17,5,3,6,7,2,1,0,1,0,0,0,1,797754,3193,5824624,881
114482,11,2,2050602,Samariterviertel,2500728,2018,5,16,4,3,3,6,0,1,1,0,0,0,0,0,802646,2833,5827680,219
114483,11,7,7050502,Fritz-Werner-Stra�e                                                                                 ,7501133,2018,10,14,3,3,5,2,0,0,1,0,0,0,1,1,797491,9697,5818043,162
114484,11,12,12231101,Hermsdorf,12400723,2018,2,8,5,3,6,2,0,0,1,1,0,0,0,1,792161,2123,5838425,515
114485,11,4,4020208,Kranzallee,4200206,2018,11,22,1,3,5,2,2,0,1,0,0,0,1,0,787146,9995,5825836,514
114486,11,2,2050602,Samariterviertel,2500727,2018,9,17,6,3,5,2,0,1,1,0,0,0,0,0,802177,644,5827745,738
114487,11,1,1033203,Humboldthain Nordwest                                                                               ,1300836,2018,8,21,5,3,5,2,2,1,1,0,0,0,0,0,796195,46,5830185,826
114488,11,2,2050602,Samariterviertel,2500727,2018,6,10,7,3,5,2,0,1,1,0,0,0,0,0,802177,644,5827745,738
114489,11,7,7020203,Kaiser-Wilhelm-Platz,7200411,2018,6,16,7,3,2,6,0,0,1,0,0,0,0,0,795935,916,5824418,414
114490,11,3,3061429,Greifswalder Stra�e,3601449,2018,6,15,2,3,2,6,0,0,0,0,1,1,0,0,801291,3975,5830986,625
114491,11,2,2040703,Wriezener Bahnhof/Entwicklungsgebiet,2400625,2018,8,15,4,3,2,6,0,0,1,0,0,0,1,0,801820,8468,5826375,937
114492,11,7,7050502,Fritz-Werner-Stra�e                                                                                 ,7501133,2018,5,9,5,2,6,6,0,1,0,1,0,0,0,0,798627,5198,5817773,586
114493,11,11,11030721,R�digerstra�e,11300725,2018,4,17,4,3,3,6,0,1,1,0,0,0,0,0,804979,9159,5827441,52
114494,11,10,10030726,Alt-Biesdorf,10300733,2018,12,20,6,3,2,6,2,0,1,0,0,0,0,0,808878,3338,5827412,24
114495,11,12,12103219,Sch�fersee,12100204,2018,9,8,6,3,5,2,0,1,1,0,0,0,0,0,795559,6196,5833204,293
114496,11,4,4020313,K�nigin-Elisabeth-Stra�e,4200311,2018,9,19,6,3,6,7,1,1,0,1,0,0,0,0,790301,4983,5826357,903
114497,11,12,12214528,Tegeler Forst,12400619,2018,7,14,5,3,2,6,0,0,1,0,1,0,0,0,789301,9262,5836731,935
114498,11,4,4020310,Park Ruhwald,4200308,2018,3,15,2,3,2,6,0,0,1,0,0,0,0,0,790556,7567,5827377,35
114499,11,1,1011204,Leipziger Stra�e                                                                                    ,1100207,2018,7,16,5,3,2,6,0,0,1,0,0,0,0,1,798812,1881,5827209,407
114500,11,4,4020314,Messegel�nde,4200311,2018,3,17,2,3,2,6,0,0,1,0,0,0,0,0,790460,497,5825435,582
114501,11,4,4010101,Jungfernheide,4100101,2018,5,14,5,3,3,6,0,0,1,0,1,0,0,0,790859,2215,5828945,872
114502,11,12,12214528,Tegeler Forst,12400619,2018,2,8,5,3,2,6,0,0,1,0,0,0,0,0,788114,988,5837395,578
114503,11,8,9010302,Sp�thsfelde,9100306,2018,11,21,4,2,2,6,2,0,1,0,0,1,0,0,802939,9971,5821204,888
114504,11,3,3061434,Anton-Saefkow-Park,3601451,2018,9,9,1,3,5,3,0,1,1,0,0,0,0,0,800844,5183,5830326,69
114505,11,1,1011303,Alexanderplatzviertel,1100310,2018,8,10,7,3,9,1,0,0,0,0,1,0,0,1,799790,6118,5828610,11
114507,11,3,3010104,Lietzengraben,3100101,2018,10,16,2,3,2,6,0,0,1,0,0,0,0,0,800921,977,5838661,237
114508,11,2,2040703,Wriezener Bahnhof/Entwicklungsgebiet,2400625,2018,8,3,5,3,6,6,2,1,0,1,0,0,0,0,801855,9962,5826471,537
114509,11,1,1011304,Karl-Marx-Allee,1100311,2018,4,10,6,3,3,6,0,0,1,0,1,0,0,0,799786,3142,5828197,842
114510,11,7,7040403,Manteuffelstra�e                                                                                    ,7400824,2018,4,15,6,2,8,1,0,0,1,0,0,0,0,0,797577,687,5822327,712
114511,11,1,1011303,Alexanderplatzviertel,1100310,2018,5,17,5,3,3,6,0,0,1,0,0,1,0,0,799231,3454,5828414,676
114512,11,2,2020201,Gleisdreieck/Entwicklungsgebiet,2200207,2018,12,19,5,3,2,6,2,0,1,0,0,0,0,1,796862,533,5825938,161
114513,11,9,9010202,K�penicker Landstra�e,9100203,2018,9,3,1,3,9,1,2,0,1,0,0,0,0,1,803711,5274,5824016,397
114514,11,3,3040614,Pankow Zentrum                                                                                      ,3400723,2018,9,16,3,3,3,6,0,0,0,0,1,0,1,0,798398,6137,5833438,64
114515,11,10,10030726,Alt-Biesdorf,10300733,2018,6,10,2,2,3,6,0,0,1,0,1,0,0,0,809554,4957,5827388,801
114516,11,1,1011303,Alexanderplatzviertel,1100310,2018,7,16,6,3,5,2,0,1,1,0,0,0,0,0,799571,12,5828269,929
114517,11,1,1011201,Wilhelmstra�e                                                                                       ,1100205,2018,5,13,7,3,1,5,0,1,1,0,0,0,1,0,797301,5961,5826775,264
114518,11,3,3051017,Rennbahnstra�e,3501037,2018,2,15,5,3,2,6,0,0,1,0,0,0,0,0,802774,2448,5832798,266
114519,11,2,2050602,Samariterviertel,2500729,2018,11,15,6,3,2,6,0,0,1,0,0,0,0,0,803267,8891,5827632,916
114521,11,7,7020203,Kaiser-Wilhelm-Platz,7200411,2018,10,15,3,3,1,5,0,0,1,0,1,0,0,0,795805,3312,5824182,291
114522,11,4,4041134,Bismarckallee,4400726,2018,8,13,1,3,2,6,0,0,1,0,0,0,0,0,790760,633,5824872,301
114523,11,4,4030417,Schlo�stra�e,4300414,2018,4,19,7,3,3,6,0,0,1,0,0,0,0,0,790799,8739,5826477,901
114524,11,3,3020209,Niedersch�nhausen,3200206,2018,3,17,7,3,0,1,0,0,1,0,0,0,0,1,797966,269,5834631,456
114525,11,9,9010101,Elsenstra�e                                                                                         ,9100101,2018,5,3,1,2,5,3,2,1,1,0,0,0,0,0,802580,269,5825073,445
114526,11,1,1033203,Humboldthain Nordwest                                                                               ,1300836,2018,10,11,3,3,6,7,0,0,1,1,0,0,0,0,796270,2136,5830362,29
114527,11,4,4030623,Ernst-Reuter-Platz,4300622,2018,2,15,5,3,3,2,0,0,1,0,0,0,0,0,793142,6318,5826842,202
114528,11,10,10040933,Mahlsdorf S�d                                                                                       ,10400940,2018,11,19,6,3,2,6,2,0,1,0,0,0,0,1,812809,8414,5827178,937
114529,11,2,2020202,Rathaus Yorckstra�e,2200208,2018,9,18,3,3,3,6,1,0,1,0,1,0,0,0,797895,762,5825129,566
114530,11,12,12103218,Teichstra�e,12100205,2018,8,8,4,3,5,2,0,0,1,0,0,0,0,0,794372,2524,5834512,631
114531,11,11,11030721,R�digerstra�e,11300722,2018,6,15,4,2,0,1,0,0,0,0,1,0,0,0,804143,4215,5827527,967
114532,11,6,6040703,Nikolassee,6400737,2018,7,13,3,3,2,2,0,0,1,0,0,0,0,0,785240,7079,5816187,65
114533,11,1,1011304,Karl-Marx-Allee,1100311,2018,6,0,4,3,5,3,2,1,1,0,0,0,0,0,799999,9857,5828077,4
114534,11,12,12214424,Scharnweberstra�e                                                                                   ,12200411,2018,5,11,2,2,0,6,0,0,1,0,1,0,0,0,792250,7596,5832574,279
114535,11,4,4020314,Messegel�nde,4200311,2018,4,15,7,3,3,6,0,0,1,0,0,1,0,0,790465,4412,5825331,734
114536,11,3,3061131,Falkplatz,3601142,2018,12,18,7,3,5,2,2,1,0,0,0,0,1,1,799141,926,5830367,385