OBJECTID,LAND,BEZ,LOR,STRASSE,LOR_ab_2021,UJAHR,UMONAT,USTUNDE,UWOCHENTAG,UKATEGORIE,UART,UTYP1,ULICHTVERH,IstRad,IstPKW,IstFuss,IstKrad,IstGkfz,IstSonstig,STRZUSTAND,LINREFX,LINREFY,XGCSWGS84,YGCSWGS84
114537,11,7,7040403,Manteuffelstra�e                                                                                    ,7400824,2018,10,6,3,3,2,6,2,0,1,0,0,0,0,0,797846,1507,5822370,6
114538,11,6,6040703,Nikolassee,6400737,2018,2,5,4,3,0,7,2,0,1,0,0,1,0,0,785006,9056,5817649,481
114539,11,4,4030621,Spreestadt,4300620,2018,7,8,2,3,3,6,0,1,1,0,0,0,0,0,793963,9415,5826951,772
114540,11,4,4041137,Flinsberger Platz,4400727,2018,4,12,3,3,2,6,0,0,1,0,0,0,0,0,791502,6084,5824421,34
114541,11,1,1044201,Reinickendorfer Stra�e                                                                              ,1401044,2018,7,14,5,2,6,4,0,1,0,1,0,0,0,0,796193,7458,5831014,162
114542,11,9,9010302,Sp�thsfelde,9100306,2018,3,9,3,3,2,6,0,0,1,0,0,0,1,1,803092,2608,5820916,366
114543,11,4,4010103,Paul-Hertz-Siedlung,4100102,2018,5,8,3,3,3,6,0,0,1,0,0,1,0,0,791731,8903,5829187,113
114544,11,7,7040403,Manteuffelstra�e                                                                                    ,7400825,2018,10,6,2,3,2,6,2,0,1,0,0,0,0,0,797863,6978,5820463,326
114545,11,4,4020311,Reichsstra�e,4200310,2018,2,19,4,2,6,4,2,0,0,1,1,0,0,0,789218,9204,5826168,886
114546,11,1,1011303,Alexanderplatzviertel,1100310,2018,11,19,4,3,6,4,2,1,0,1,0,0,0,1,799094,5443,5827618,902
114547,11,3,3061131,Falkplatz,3601142,2018,9,19,5,3,3,6,2,1,0,0,0,0,0,1,799187,853,5830934,489
114548,11,3,3061332,Helmholtzplatz,3601347,2018,8,16,3,3,5,3,0,1,0,0,0,0,0,0,799324,8119,5830348,681
114549,11,12,12301203,Wittenau S�d                                                                                        ,12500930,2018,6,11,6,3,5,2,0,0,1,0,0,0,0,0,794097,9932,5835017,312
114550,11,3,3071633,Th�lmannpark,3701657,2018,6,6,7,3,1,5,0,0,1,0,1,0,1,0,800121,9058,5830163,208
114551,11,12,12214422,Klixstra�e                                                                                          ,12200310,2018,8,17,2,3,2,6,0,0,1,0,0,0,0,0,792099,837,5832634,544
114552,11,7,7070701,Kettinger Stra�e/Schillerstra�e                                                                     ,7601442,2018,5,12,4,3,6,4,0,1,0,1,0,0,0,0,799139,7557,5816600,771
114553,11,9,9020601,Schnellerstra�e                                                                                     ,9200613,2018,4,15,3,2,2,6,0,0,1,0,0,0,0,0,805385,423,5822335,482
114554,11,2,2010101,Askanischer Platz,2100101,2018,7,18,3,3,6,2,0,0,1,1,0,0,0,0,797030,721,5825876,304
114555,11,3,3061434,Anton-Saefkow-Park,3601451,2018,2,11,4,3,2,6,0,0,1,0,0,0,0,0,800607,911,5829898,62
114556,11,7,7020203,Kaiser-Wilhelm-Platz,7200411,2018,11,9,7,3,1,5,0,1,0,0,0,0,1,0,795948,646,5824445,538
114557,11,3,3050920,Wei�er See,3500933,2018,6,13,5,3,0,6,0,0,1,0,1,0,0,1,802801,353,5831938,215
114558,11,11,11041022,Rosenfelder Ring,11401032,2018,5,16,3,3,2,6,0,0,1,0,0,0,0,0,805603,119,5827379,345
114559,11,12,12103117,Letteplatz,12100101,2018,12,13,1,3,2,6,0,0,1,0,0,0,0,1,795838,8102,5832196,91
114560,11,2,2050801,Traveplatz,2500830,2018,10,5,4,3,0,1,2,0,0,0,1,0,0,1,802141,5988,5827682,12
114561,11,7,7050501,Rathausstra�e                                                                                       ,7501030,2018,2,16,4,3,2,6,0,0,1,0,0,0,0,0,797951,9778,5819967,858
114562,11,3,3071639,B�tzowstra�e,3701660,2018,7,20,2,3,3,6,0,1,0,0,0,0,0,0,800379,2383,5829577,239
114563,11,1,1011303,Alexanderplatzviertel,1100310,2018,4,5,3,3,5,2,0,0,1,0,1,0,0,0,799100,577,5827681,931
114564,11,10,10030726,Alt-Biesdorf,10300733,2018,7,13,6,3,3,6,0,0,1,0,0,1,0,0,809585,6772,5827356,846
114565,11,1,1011204,Leipziger Stra�e                                                                                    ,1100207,2018,3,15,4,3,0,6,0,0,1,0,0,0,1,0,798530,766,5826999,338
114566,11,1,1011105,N�rdlicher Landwehrkanal                                                                            ,1100102,2018,5,15,3,3,2,6,0,0,1,0,0,0,0,0,796767,215,5826691,228
114567,11,1,1011105,N�rdlicher Landwehrkanal                                                                            ,1100102,2018,10,17,2,3,2,6,1,0,1,0,0,0,1,1,796427,883,5826353,63
114568,11,9,9010201,Am Treptower Park S�d,9100202,2018,2,14,4,2,9,1,0,0,1,0,0,0,0,0,803104,6808,5824558,304
114569,11,2,2040703,Wriezener Bahnhof/Entwicklungsgebiet,2400625,2018,11,18,6,2,3,6,2,1,0,0,0,0,0,0,801803,8277,5826336,724
114570,11,12,12301203,Wittenau S�d                                                                                        ,12500930,2018,9,15,6,3,0,3,0,1,0,0,0,0,0,0,794065,5399,5835077,796
114571,11,11,11041022,Rosenfelder Ring,11401032,2018,8,11,4,2,5,2,0,1,1,0,0,0,0,0,805656,9675,5827375,724
114572,11,1,1011303,Alexanderplatzviertel,1100310,2018,6,4,7,3,3,6,0,1,0,0,0,0,0,0,799074,1288,5827637,288
114573,11,2,2050602,Samariterviertel,2500727,2018,6,17,1,3,0,7,0,1,0,0,0,0,1,0,802140,6829,5827876,701
114574,11,7,7060601,Marienfelder Allee Nordwest,7601236,2018,8,6,3,3,5,2,0,1,1,0,0,0,0,0,796608,2271,5815999,176
114575,11,4,4030724,Lietzensee,4300415,2018,5,14,5,3,2,6,0,0,1,0,0,0,0,0,790766,9119,5826367,36
114576,11,10,10040933,Mahlsdorf S�d                                                                                       ,10400940,2018,4,6,3,2,5,2,1,0,1,0,1,0,0,0,813054,7227,5827191,132
114577,11,4,4041134,Bismarckallee,4400726,2018,12,17,5,3,2,6,1,0,1,0,0,0,1,1,790772,9528,5824849,312
114578,11,1,2040501,Barnimkiez,2400520,2018,9,14,5,3,6,4,0,0,0,1,1,0,0,0,799796,4284,5828684,429
114579,11,6,6040702,D�ppel,6400736,2018,9,8,6,3,2,6,0,0,1,0,0,0,0,1,785305,4958,5815842,31
114580,11,3,3061131,Falkplatz,3601142,2018,7,3,4,3,3,6,2,0,1,0,1,0,0,0,799166,8645,5830719,772
114581,11,1,1011303,Alexanderplatzviertel,1100310,2018,7,14,4,3,5,3,0,1,1,0,0,0,0,0,799100,786,5827681,967
114582,11,2,2050602,Samariterviertel,2500727,2018,5,18,5,3,5,2,0,1,1,0,0,0,0,0,802145,2146,5827751,832
114583,11,3,3071633,Th�lmannpark,3701657,2018,2,13,3,3,3,6,0,0,1,0,0,0,1,0,800021,336,5830211,335
114584,11,9,9010201,Am Treptower Park S�d,9100202,2018,11,18,3,3,6,7,2,1,0,1,0,0,0,1,803014,3394,5824645,431
114585,11,2,2050602,Samariterviertel,2500727,2018,8,7,6,3,2,6,0,0,1,0,1,0,0,0,802179,496,5827736,933
114587,11,3,3061131,Falkplatz,3601142,2018,10,7,2,3,2,6,0,0,1,0,0,0,0,0,799140,6706,5830441,906
114588,11,1,1011202,Unter den Linden Nord,1100206,2018,8,23,4,3,3,6,2,1,1,0,0,0,0,0,798472,6651,5827727,583
114589,11,6,6030503,Zehlendorf Mitte                                                                                    ,6300526,2018,4,19,5,3,2,6,0,0,1,0,0,0,0,0,789618,8409,5817968,158
114590,11,4,4041239,Stadion Wilmersdorf,4400830,2018,4,17,6,3,2,6,0,0,1,0,0,0,0,0,792273,342,5823601,56
114591,11,7,7050502,Fritz-Werner-Stra�e                                                                                 ,7501133,2018,5,11,5,2,2,6,0,0,1,0,1,0,0,0,797473,7414,5817962,641
114592,11,6,6030503,Zehlendorf Mitte                                                                                    ,6300527,2018,12,12,5,3,6,6,0,1,0,1,0,0,0,0,790303,9928,5818374,75
114593,11,1,1011104,K�rnerstra�e                                                                                        ,1100104,2018,9,19,6,2,6,4,2,0,0,1,0,0,1,1,796205,8067,5825834,375
114594,11,3,3030716,M�rchenland,3300517,2018,9,12,2,3,5,3,0,1,1,0,0,0,0,0,803323,4279,5833646,58
114595,11,3,3040818,Pankow S�d                                                                                          ,3400826,2018,6,16,7,2,3,6,0,1,1,0,0,0,0,0,799129,458,5832328,878
114596,11,11,11041022,Rosenfelder Ring,11401032,2018,7,10,5,3,5,2,0,1,0,0,0,0,1,0,805622,4503,5827377,984
114597,11,7,7010104,Dennewitzplatz,7100206,2018,5,20,5,2,6,4,1,0,1,1,0,0,0,0,796008,5053,5824739,29
114598,11,2,2050602,Samariterviertel,2500729,2018,2,15,3,3,6,4,0,0,1,1,0,0,0,0,803296,3404,5827613,649
114599,11,1,1033203,Humboldthain Nordwest                                                                               ,1300836,2018,11,16,4,3,5,2,1,0,1,0,0,0,0,0,796334,595,5830070,19
114601,11,4,4020310,Park Ruhwald,4200308,2018,10,18,3,3,2,6,0,0,0,0,1,0,1,0,790555,8514,5827379,668
114602,11,3,3061332,Helmholtzplatz,3701657,2018,8,3,1,3,0,3,2,1,1,0,0,0,0,0,799992,7845,5830194,828
114603,11,3,3030716,M�rchenland,3300517,2018,4,4,7,2,9,1,2,0,1,0,0,0,0,0,803097,846,5833459,277
114604,11,7,7030303,Grazer Platz,7300619,2018,3,12,5,3,2,6,0,0,1,0,0,1,0,1,796060,1936,5822723,331
114605,11,2,2020202,Rathaus Yorckstra�e,2200208,2018,5,22,6,3,0,3,2,0,0,0,1,1,0,0,797896,5687,5825440,614
114606,11,2,2050602,Samariterviertel,2500729,2018,10,18,2,3,2,6,1,1,1,0,0,0,0,1,803518,9813,5827606,193
114607,11,12,12103218,Teichstra�e,12100205,2018,2,19,3,3,1,5,2,0,1,0,0,0,0,0,794660,5544,5833794,579
114608,11,7,7040405,Rathaus Tempelhof,7400927,2018,11,23,5,3,2,7,2,0,1,0,0,0,0,0,799273,159,5821561,987
114609,11,2,2050802,Boxhagener Platz,2500833,2018,9,15,3,3,0,1,0,1,0,0,0,0,0,0,802133,5429,5827492,331
114610,11,2,2050602,Samariterviertel,2500727,2018,8,20,3,3,1,5,2,1,1,0,0,0,0,0,802132,6311,5827903,878
114611,11,4,4030622,Richard-Wagner-Stra�e,4300621,2018,6,12,3,2,5,2,0,1,1,0,0,0,0,0,792099,7504,5826634,762
114612,11,7,7050501,Rathausstra�e                                                                                       ,7501030,2018,7,9,3,3,2,6,0,0,1,0,0,0,0,0,797992,3426,5819800,397
114613,11,9,9010402,Johannisthal Ost,9100409,2018,6,16,4,3,2,6,0,0,1,0,0,0,0,0,807065,2002,5818211,529
114614,11,2,2020201,Gleisdreieck/Entwicklungsgebiet,2200207,2018,5,13,1,3,1,1,0,0,1,0,0,0,0,0,797026,1729,5825773,347
114615,11,3,3061131,Falkplatz,3601142,2018,4,22,6,3,6,4,2,1,0,1,0,0,0,1,799182,3199,5830886,871
114616,11,2,2050602,Samariterviertel,2500728,2018,12,13,6,3,5,3,0,1,1,0,0,0,0,1,803069,3203,5827636,33
114617,11,7,7030303,Grazer Platz,7300619,2018,10,6,3,2,3,6,1,0,1,0,0,1,1,0,795409,2108,5822717,28
114618,11,3,3050925,Komponistenviertel Wei�ensee,3500936,2018,7,11,1,3,1,5,0,1,1,0,0,0,0,0,801603,9342,5831241,252
114619,11,7,7020203,Kaiser-Wilhelm-Platz,7200410,2018,4,15,2,3,1,5,0,1,1,0,0,0,0,1,795677,5358,5823969,51
114620,11,3,3061131,Falkplatz,3601142,2018,7,16,4,2,1,5,0,1,0,0,0,0,1,0,799173,8832,5830797,901
114621,11,3,3020209,Niedersch�nhausen,3200205,2018,3,16,2,3,5,3,0,1,1,0,0,0,0,0,798153,948,5836016,99
114622,11,2,2050601,Hausburgviertel,2500726,2018,5,19,1,3,2,6,1,0,1,0,0,0,0,0,801890,9673,5828389,13
114623,11,6,6040703,Nikolassee,6400737,2018,10,18,1,2,0,1,2,0,0,0,1,0,0,0,787578,6817,5821435,162
114624,11,2,2050802,Boxhagener Platz,2500834,2018,2,14,3,3,1,6,0,0,1,0,0,1,0,0,802050,5213,5827093,329
114625,11,4,4020313,K�nigin-Elisabeth-Stra�e,4200311,2018,11,9,2,3,5,2,0,0,1,0,0,0,0,0,790525,759,5826395,247
114626,11,2,2020201,Gleisdreieck/Entwicklungsgebiet,2200207,2018,9,19,4,3,3,6,0,0,1,0,1,0,0,0,797033,835,5825757,427
114627,11,7,7060601,Marienfelder Allee Nordwest,7601236,2018,8,7,3,3,2,6,0,0,0,0,1,1,0,0,796651,7538,5816010,235
114628,11,12,12302212,Rollbergesiedlung,12601032,2018,3,20,2,3,6,2,2,0,1,1,0,0,0,1,792728,3358,5837423,887
114629,11,9,9010301,Baumschulenstra�e,9100305,2018,6,7,5,3,2,6,0,0,1,0,1,0,0,0,805142,1848,5822596,479
114630,11,2,2050602,Samariterviertel,2500728,2018,3,17,3,3,6,4,0,0,1,1,0,0,0,1,802682,7417,5827691,929
114631,11,11,11030721,R�digerstra�e,11300724,2018,6,16,6,3,2,6,0,0,1,0,0,0,0,0,804272,7433,5827529,547
114632,11,12,12103218,Teichstra�e,12100205,2018,8,11,1,2,1,7,0,0,1,0,0,0,1,0,795198,7566,5833727,313
114633,11,7,7050502,Fritz-Werner-Stra�e                                                                                 ,7501133,2018,5,9,4,3,2,6,0,0,1,0,0,0,0,0,797463,4415,5817917,143
114634,11,4,4051551,Brabanter Platz,4501148,2018,4,16,2,2,2,1,0,0,1,0,0,0,1,0,792605,9629,5823370,321
114635,11,6,6030605,Botanischer Garten,6300629,2018,12,7,3,3,0,1,1,1,0,0,0,0,0,1,792177,4758,5819558,538
114636,11,11,11010101,Dorf Malchow,11100101,2018,9,11,3,3,5,2,0,1,0,0,0,0,1,0,803730,9711,5834701,297
114637,11,7,7050506,Birnhornweg,7501135,2018,9,22,4,3,5,2,2,0,1,0,0,0,0,0,798881,264,5817223,67
114638,11,9,9010202,K�penicker Landstra�e,9100203,2018,6,12,5,3,5,3,0,0,1,0,0,0,0,0,804104,843,5824365,269
114639,11,3,3061429,Greifswalder Stra�e,3601449,2018,7,10,3,2,0,3,0,1,1,0,0,0,0,0,800934,3667,5830473,336
114640,11,7,7050506,Birnhornweg,7501135,2018,7,19,3,2,1,1,0,0,1,0,1,0,0,0,799010,6924,5816850,929
114641,11,5,5020524,Weinmeisterhornweg,5200528,2018,5,6,3,3,3,2,0,0,1,0,1,0,0,0,783598,7563,5826692,822
114642,11,4,4010101,Jungfernheide,4100101,2018,2,1,2,2,8,1,2,0,0,0,0,1,0,0,790982,8098,5828997,981
114643,11,12,12214125,Waldidyll/Flughafensee,12200414,2018,11,13,2,3,2,6,0,0,1,0,0,1,0,1,791735,7009,5831101,821
114644,11,3,3010101,Bucher Forst,3100101,2018,8,12,5,3,9,1,0,0,1,0,0,0,0,0,803091,7609,5840238,441
114646,11,2,2050602,Samariterviertel,2500727,2018,10,22,6,3,5,3,2,1,1,0,0,0,0,0,802177,9154,5827744,448
114647,11,3,3061435,Conrad-Blenkle-Stra�e,3601452,2018,8,16,3,3,3,6,0,1,1,0,0,0,0,0,801530,6443,5829045,208
114648,11,2,2040701,Andreasviertel,2400521,2018,4,12,3,2,5,3,0,1,0,0,0,0,0,0,800471,7926,5827936,997
114649,11,10,10040933,Mahlsdorf S�d                                                                                       ,10400940,2018,4,10,5,3,5,3,0,0,1,0,0,0,0,0,812425,9845,5827173,583
114650,11,11,11041022,Rosenfelder Ring,11401032,2018,5,8,4,3,5,5,0,1,1,0,0,0,0,0,806232,6231,5827367,663
114651,11,7,7050506,Birnhornweg,7501135,2018,11,14,6,3,6,4,0,0,1,1,0,0,0,0,799070,94,5816706,95
114652,11,7,7050501,Rathausstra�e                                                                                       ,7501030,2018,12,16,3,3,1,5,2,1,1,0,0,0,1,1,797999,47,5819700,261
114653,11,4,4041134,Bismarckallee,4400726,2018,9,7,5,2,2,6,0,0,1,0,1,0,0,0,790678,8881,5824978,777
114654,11,9,9020601,Schnellerstra�e                                                                                     ,9200613,2018,8,8,6,3,5,3,0,1,0,0,0,0,1,0,806370,2294,5821380,99
114655,11,9,9010301,Baumschulenstra�e,9100305,2018,6,12,6,3,5,3,0,1,1,0,0,0,0,0,805147,852,5822568,757
114656,11,7,7050501,Rathausstra�e                                                                                       ,7501029,2018,7,22,4,3,8,1,2,1,0,0,0,0,0,0,797713,1868,5818795,48
114657,11,12,12103219,Sch�fersee,12100204,2018,5,18,4,3,5,2,0,1,1,0,0,0,0,0,795562,196,5833198,113
114658,11,7,7020202,Volkspark (Rudolf-Wilde-Park),7200308,2018,12,17,3,3,2,3,2,0,1,0,0,0,1,1,795223,509,5823525,402
114659,11,4,4030417,Schlo�stra�e,4300414,2018,9,18,4,2,5,3,1,0,1,0,0,0,0,0,791854,35,5826614,8
114660,11,1,1011303,Alexanderplatzviertel,1100310,2018,9,20,5,3,0,1,1,1,0,0,0,0,0,0,799783,6372,5828664,365
114661,11,4,4010101,Jungfernheide,4100101,2018,7,23,3,3,0,1,2,0,0,0,1,0,0,0,791541,2211,5830633,123
114662,11,4,4041134,Bismarckallee,4400726,2018,7,11,3,3,2,6,0,0,1,0,0,0,1,0,791156,2579,5824653,143
114663,11,4,4020314,Messegel�nde,4200311,2018,5,9,4,3,2,6,0,0,0,0,0,1,1,0,790540,8634,5825810,174
114664,11,7,7050501,Rathausstra�e                                                                                       ,7501030,2018,2,8,2,3,2,6,0,0,1,0,0,0,0,0,798109,5865,5819231,646
114665,11,4,4020208,Kranzallee,4200206,2018,11,16,3,3,3,6,1,0,1,0,0,1,0,1,787184,1337,5825842,578
114666,11,1,1011202,Unter den Linden Nord,1100206,2018,8,23,5,2,5,3,2,1,1,0,0,0,0,0,798076,5803,5827663,129
114668,11,4,4020311,Reichsstra�e,4200310,2018,10,13,7,3,5,2,0,1,1,0,0,0,0,0,789716,6806,5826249,239
114669,11,1,1011303,Alexanderplatzviertel,1100310,2018,8,11,4,3,5,2,0,1,1,0,0,0,0,0,799114,3642,5827649,668
114670,11,2,2010101,Askanischer Platz,2100101,2018,4,7,5,2,1,5,0,1,1,0,0,0,1,0,797436,552,5825600,775
114671,11,1,1011303,Alexanderplatzviertel,1100310,2018,4,14,5,3,2,7,0,0,1,0,0,0,1,0,799291,2317,5827914,946
114672,11,4,4020208,Kranzallee,4200206,2018,5,21,4,3,1,5,1,0,1,0,0,0,0,0,788126,5762,5825994,551
114673,11,1,1011201,Wilhelmstra�e                                                                                       ,1100205,2018,12,18,4,3,6,4,2,0,1,1,0,0,0,0,797069,4667,5826735,667
114674,11,1,1022202,Heidestra�e                                                                                         ,1200624,2018,9,12,5,2,0,7,0,0,0,0,1,0,0,0,796324,144,5828832,492
114675,11,4,4020313,K�nigin-Elisabeth-Stra�e,4200311,2018,9,17,7,3,5,2,0,0,1,0,0,0,0,0,790530,9694,5826396,121
114676,11,4,4051551,Brabanter Platz,4501148,2018,6,11,7,3,0,1,0,0,0,0,1,0,0,0,793010,2815,5823080,925
114677,11,2,2040703,Wriezener Bahnhof/Entwicklungsgebiet,2400625,2018,7,20,5,3,5,3,0,1,1,0,0,0,0,0,801877,593,5826535,506
114678,11,7,7030303,Grazer Platz,7300619,2018,5,10,4,3,2,6,0,0,1,0,0,1,1,0,795177,7807,5822932,755
114679,11,2,2010101,Askanischer Platz,2100101,2018,2,17,2,3,5,3,0,0,1,0,0,0,1,0,797886,999,5825493,193
114680,11,10,10010204,Wuhletalstra�e                                                                                      ,10100206,2018,11,20,4,3,5,2,2,1,1,0,0,0,0,0,808678,3961,5832820,868
114681,11,7,7040406,Germaniagarten,7400928,2018,6,20,3,2,9,1,0,0,0,0,1,0,0,0,800100,6214,5821462,537
114682,11,11,11041022,Rosenfelder Ring,11401032,2018,12,16,1,3,2,6,1,0,1,0,0,0,0,0,805671,8762,5827389,101
114683,11,7,7030303,Grazer Platz,7300619,2018,10,14,1,2,9,7,0,0,0,0,1,0,0,0,795526,4855,5823328,13
114684,11,3,3061434,Anton-Saefkow-Park,3601451,2018,8,13,7,3,3,6,0,1,0,0,0,1,0,0,800693,6694,5830036,796
114685,11,4,4020311,Reichsstra�e,4200309,2018,4,13,6,3,5,2,0,0,1,0,1,0,0,0,789014,6881,5826137,962
114686,11,7,7050501,Rathausstra�e                                                                                       ,7501029,2018,3,18,3,3,2,6,0,0,1,0,0,0,0,0,797716,7308,5818802,132
114687,11,1,1011102,Gro�er Tiergarten,1100206,2018,5,10,6,2,5,2,0,1,0,0,0,1,0,0,796917,337,5827454,155
114688,11,3,3061429,Greifswalder Stra�e,3601449,2018,10,11,7,2,6,4,0,0,1,1,0,0,0,0,801395,2583,5831073,29
114689,11,7,7050502,Fritz-Werner-Stra�e                                                                                 ,7501133,2018,2,16,2,3,5,3,0,1,1,0,0,0,0,0,798223,7586,5818777,462
114690,11,2,2050602,Samariterviertel,2500728,2018,11,16,5,3,6,7,1,0,1,1,0,0,0,0,802715,2041,5827673,308
114691,11,10,10040933,Mahlsdorf S�d                                                                                       ,10400940,2018,9,18,2,3,5,2,0,1,1,0,0,0,0,0,813059,7279,5827205,879
114692,11,11,11030721,R�digerstra�e,11300722,2018,8,0,7,3,0,1,2,1,0,0,0,0,0,0,804237,6704,5827533,1
114693,11,2,2020202,Rathaus Yorckstra�e,2200208,2018,6,9,3,3,3,6,0,1,0,0,0,0,0,0,797918,7381,5825337,459
114694,11,1,1011303,Alexanderplatzviertel,1100310,2018,7,19,2,3,2,6,0,0,1,0,1,0,0,0,799236,1062,5827839,107
114695,11,4,4030417,Schlo�stra�e,4300414,2018,6,16,3,3,2,2,0,0,1,0,0,0,0,0,791028,8994,5826477,33
114696,11,1,1011202,Unter den Linden Nord,1100206,2018,5,14,7,3,0,1,0,0,0,0,1,0,0,0,798003,8949,5827629,834
114697,11,4,4030623,Ernst-Reuter-Platz,4300622,2018,4,20,6,3,2,6,2,0,1,0,1,0,0,1,793618,5319,5826911,777
114698,11,12,12103219,Sch�fersee,12100204,2018,12,14,4,3,2,2,0,0,1,0,0,0,0,1,795766,5797,5832693,71
114699,11,3,3020203,Blankenfelde,3200204,2018,9,16,1,2,2,6,0,0,0,0,1,0,0,0,797717,1902,5837974,112
114700,11,7,7040405,Rathaus Tempelhof,7400927,2018,7,13,7,3,2,6,0,0,1,0,0,0,0,0,798908,8814,5821875,105
114701,11,7,7070701,Kettinger Stra�e/Schillerstra�e                                                                     ,7601442,2018,4,0,2,3,1,5,2,0,1,0,0,0,1,0,799574,3432,5815500,903
114702,11,12,12103219,Sch�fersee,12100204,2018,7,18,2,3,5,2,0,1,1,0,0,0,0,0,795728,2917,5832799,927
114703,11,2,2050601,Hausburgviertel,2500726,2018,3,20,6,3,3,6,2,0,1,0,0,0,0,0,801678,1302,5828887,457
114704,11,3,3030716,M�rchenland,3300517,2018,5,14,1,2,5,2,0,1,1,0,0,0,0,0,803317,8751,5833641,705
114705,11,4,4030622,Richard-Wagner-Stra�e,4300621,2018,10,15,6,3,5,2,0,0,1,0,1,0,0,0,792756,9992,5826766,471
114706,11,7,4051655,Babelsberger Stra�e,4501153,2018,2,15,2,3,0,6,0,0,1,0,0,0,0,0,794340,7441,5823062,871
114707,11,7,7030303,Grazer Platz,7300619,2018,11,19,7,3,2,6,2,0,1,0,0,0,1,1,795902,128,5822674,204
114708,11,5,5020628,Graetschelsteig,5200633,2018,9,7,3,3,6,3,0,0,1,1,0,0,0,0,783944,9399,5826597,932
114709,11,3,3061131,Falkplatz,3601142,2018,8,8,2,3,3,6,0,1,0,0,0,0,0,0,799138,5356,5830576,218
114710,11,1,1011104,K�rnerstra�e                                                                                        ,1100104,2018,3,7,2,3,2,6,0,0,1,0,0,0,0,0,796178,3186,5825773,674
114711,11,7,7050502,Fritz-Werner-Stra�e                                                                                 ,7501133,2018,6,15,4,3,0,6,0,0,1,0,0,0,1,0,797919,961,5818835,744
114712,11,7,7050502,Fritz-Werner-Stra�e                                                                                 ,7501133,2018,10,12,4,3,2,6,0,0,1,0,0,0,0,0,798176,88,5819000,209
114713,11,5,5020628,Graetschelsteig,5200633,2018,6,11,6,2,5,2,0,0,1,0,0,0,0,0,784342,9254,5826494,205
114714,11,3,3071639,B�tzowstra�e,3701660,2018,8,15,6,3,6,4,0,1,0,1,0,0,0,0,800338,2884,5829463,911
114715,11,7,7020203,Kaiser-Wilhelm-Platz,7200411,2018,5,16,3,3,0,7,0,0,1,1,0,0,0,0,795819,7932,5824213,128
114716,11,8,8010510,Gewerbegebiet K�llnische Heide,8100521,2018,4,5,2,3,2,6,1,0,1,0,0,0,0,0,802647,837,5821742,317
114717,11,6,6030503,Zehlendorf Mitte                                                                                    ,6300526,2018,12,11,2,3,5,2,0,1,1,0,0,0,0,0,789688,2737,5817949,38
114718,11,4,4030724,Lietzensee,4300415,2018,9,10,3,3,2,6,0,0,1,0,0,0,0,0,790625,5354,5825897,982
114719,11,10,10040933,Mahlsdorf S�d                                                                                       ,10400941,2018,9,8,4,3,5,3,0,0,1,0,0,0,0,0,813551,1589,5827159,306
114720,11,2,2020202,Rathaus Yorckstra�e,2200208,2018,6,15,4,3,0,6,0,1,0,0,0,0,0,0,797898,4027,5825432,237
114721,11,4,4041133,G�terbahnhof Grunewald,4400725,2018,7,17,2,3,3,6,0,0,1,0,0,1,0,0,790619,3451,5825076,277
114722,11,12,12103115,Breitkopfbecken,12100103,2018,5,14,2,3,5,2,0,1,1,0,0,0,0,0,795421,8679,5833562,2
114723,11,3,3020209,Niedersch�nhausen,3200206,2018,2,13,2,2,0,4,0,0,0,1,0,0,1,0,797979,4464,5834323,612
114724,11,3,3061434,Anton-Saefkow-Park,3601451,2018,11,19,1,2,0,1,2,0,0,0,1,0,0,1,800593,8084,5829933,39
114725,11,12,12103117,Letteplatz,12100101,2018,8,13,5,2,5,2,0,1,1,0,0,0,0,0,795812,978,5832341,4
114726,11,4,4041133,G�terbahnhof Grunewald,4400725,2018,3,13,1,3,2,6,0,0,1,0,0,0,0,0,790546,917,5825193,575
114728,11,1,1011201,Wilhelmstra�e                                                                                       ,1100205,2018,10,15,6,3,3,6,0,0,1,0,1,0,0,0,797030,717,5826728,892
114729,11,3,3071639,B�tzowstra�e,3701660,2018,8,8,3,2,5,3,0,1,0,0,1,0,0,0,800362,9186,5829551,109
114730,11,7,7040405,Rathaus Tempelhof,7400927,2018,4,9,2,3,2,6,0,0,1,0,1,0,0,0,798522,9408,5822082,673
114731,11,4,4030417,Schlo�stra�e,4300414,2018,4,20,3,2,6,4,2,0,1,1,0,0,0,0,791287,726,5826500,143
114732,11,4,4020314,Messegel�nde,4200311,2018,5,15,3,3,2,6,0,0,1,0,0,0,1,0,790490,704,5825545,88
114733,11,4,4020313,K�nigin-Elisabeth-Stra�e,4200311,2018,10,11,4,3,2,6,0,0,1,0,0,1,1,0,790593,9194,5827307,446
114734,11,7,7050502,Fritz-Werner-Stra�e                                                                                 ,7501133,2018,12,19,2,3,5,7,2,0,1,0,0,0,1,0,798203,5315,5818849,299
114735,11,7,7050501,Rathausstra�e                                                                                       ,7501029,2018,9,13,4,3,3,6,0,0,1,0,1,0,0,0,797743,3819,5818855,407
114736,11,11,11030721,R�digerstra�e,11300722,2018,8,5,5,3,0,7,1,1,0,0,0,0,0,0,804085,1556,5827548,585
114737,11,4,4030417,Schlo�stra�e,4300414,2018,6,18,5,3,2,7,0,0,1,0,0,0,0,0,791326,2003,5826506,211