OBJECTID,LAND,BEZ,LOR,STRASSE,LOR_ab_2021,UJAHR,UMONAT,USTUNDE,UWOCHENTAG,UKATEGORIE,UART,UTYP1,ULICHTVERH,IstRad,IstPKW,IstFuss,IstKrad,IstGkfz,IstSonstig,STRZUSTAND,LINREFX,LINREFY,XGCSWGS84,YGCSWGS84
114738,11,2,2050803,Stralauer Kiez,2500835,2018,7,15,4,3,5,3,0,0,1,0,1,0,0,0,801836,5564,5826227,264
114739,11,4,4020208,Kranzallee,4200206,2018,2,1,1,3,1,5,2,0,1,0,0,1,0,0,786526,7199,5825910,283
114740,11,3,3071639,B�tzowstra�e,3701660,2018,11,17,2,3,2,6,2,0,1,0,0,0,0,0,800319,5412,5829434,124
114741,11,7,7020203,Kaiser-Wilhelm-Platz,7200410,2018,6,14,7,3,6,4,0,1,1,1,0,0,0,0,795634,7784,5823952,908
114742,11,1,1011105,N�rdlicher Landwehrkanal                                                                            ,1100102,2018,5,13,3,3,0,2,0,1,1,0,0,0,0,0,796451,8879,5826452,433
114743,11,12,12103218,Teichstra�e,12100205,2018,12,16,5,2,2,6,2,0,1,0,0,0,0,1,794559,2147,5833800,602
114744,11,2,2020203,Viktoriapark,2200209,2018,10,21,6,2,6,4,2,0,1,1,0,0,0,0,797742,361,5824522,489
114745,11,1,1011303,Alexanderplatzviertel,1100310,2018,2,19,1,3,5,3,2,1,1,0,0,0,0,0,799788,1967,5828606,137
114746,11,4,4030724,Lietzensee,4300415,2018,8,18,4,3,2,6,0,0,1,0,0,0,0,0,790679,568,5826111,881
114747,11,1,1011303,Alexanderplatzviertel,1100310,2018,4,15,4,3,5,2,0,1,1,0,0,0,0,0,799571,12,5828269,929
114748,11,7,7040403,Manteuffelstra�e                                                                                    ,7400824,2018,3,9,6,3,2,6,0,0,1,0,0,0,0,0,797851,369,5822246,299
114749,11,4,4020313,K�nigin-Elisabeth-Stra�e,4200311,2018,5,14,4,3,3,6,0,0,1,0,0,1,0,0,790732,578,5826861,134
114750,11,8,8020619,Buschkrugallee Nord,8200622,2018,10,11,4,3,3,6,0,0,1,0,0,1,0,0,801869,7348,5821793,358
114751,11,1,1011303,Alexanderplatzviertel,1100310,2018,2,12,6,3,2,6,0,1,1,0,0,0,0,0,798822,2982,5828036,75
114752,11,4,4020310,Park Ruhwald,4200308,2018,11,17,2,3,2,6,2,0,1,0,0,0,0,1,790524,4758,5827470,895
114753,11,12,12103219,Sch�fersee,12100204,2018,9,11,7,3,1,6,0,1,0,0,1,0,0,0,795701,7365,5832868,199
114754,11,3,3061126,Arnimplatz,3601141,2018,8,7,6,3,2,2,0,1,1,0,0,0,0,0,799197,2071,5831456,964
114755,11,1,1011102,Gro�er Tiergarten,1100102,2018,6,13,7,3,3,6,0,0,0,0,1,1,0,0,796706,229,5827419,135
114756,11,3,3020209,Niedersch�nhausen,3200205,2018,3,11,1,3,5,2,0,1,1,0,0,0,0,0,798176,1116,5836277,444
114757,11,3,3071639,B�tzowstra�e,3701660,2018,6,5,7,3,5,3,0,1,1,0,0,0,0,0,800313,6532,5829472,3
114758,11,3,3050925,Komponistenviertel Wei�ensee,3500936,2018,6,18,2,2,5,3,0,1,0,0,1,0,0,0,801547,5023,5831195,779
114759,11,4,4020311,Reichsstra�e,4200310,2018,8,10,4,2,3,6,0,0,1,0,1,0,0,0,790191,8664,5826340,16
114760,11,7,7050501,Rathausstra�e                                                                                       ,7501030,2018,5,6,5,2,5,7,0,0,1,0,1,0,0,0,797930,419,5820159,163
114761,11,11,11010101,Dorf Malchow,11100101,2018,4,14,4,3,0,2,0,0,0,1,0,0,1,0,803703,6977,5835437,809
114762,11,3,3061429,Greifswalder Stra�e,3601449,2018,12,19,7,3,0,2,2,1,1,0,0,0,0,0,800972,6935,5830484,397
114763,11,4,4030417,Schlo�stra�e,4300414,2018,9,17,6,3,5,3,0,1,1,0,0,0,0,0,791745,8459,5826596,539
114764,11,6,6040701,Wannsee,6400735,2018,9,18,7,3,5,2,0,0,1,0,0,0,0,0,784014,2146,5815895,521
114765,11,10,10030726,Alt-Biesdorf,10300733,2018,2,15,6,3,5,2,0,1,1,0,0,0,0,0,808926,9591,5827407,445
114766,11,12,12103117,Letteplatz,12100101,2018,11,15,3,3,2,6,0,0,1,0,1,0,0,0,795838,4787,5832283,928
114767,11,1,1033203,Humboldthain Nordwest                                                                               ,1300836,2018,6,8,2,2,0,7,0,1,0,0,0,0,0,0,796260,9984,5830426,636
114768,11,4,4041134,Bismarckallee,4400726,2018,12,5,6,3,0,1,2,0,0,0,1,0,0,1,790988,175,5824646,9
114769,11,2,2040503,Richard-Sorge-Viertel,2400522,2018,10,21,7,3,2,6,2,0,1,0,0,0,1,0,801516,4238,5827796,336
114770,11,1,1011102,Gro�er Tiergarten,1100102,2018,8,9,5,3,2,2,0,1,1,0,0,0,0,0,796451,178,5827390,383
114771,11,4,4030623,Ernst-Reuter-Platz,4300622,2018,4,10,5,3,2,6,0,0,0,0,1,0,1,0,793121,376,5826807,179
114772,11,4,4020313,K�nigin-Elisabeth-Stra�e,4200311,2018,3,17,2,3,8,1,0,0,0,0,1,0,0,0,790519,727,5826145,583
114773,11,2,2040701,Andreasviertel,2400521,2018,5,20,5,3,5,2,0,0,1,0,1,0,0,0,800437,719,5827898,987
114774,11,4,4030417,Schlo�stra�e,4300414,2018,10,13,5,3,2,6,0,0,1,0,0,0,1,1,791042,4631,5826479,553
114775,11,4,4030622,Richard-Wagner-Stra�e,4300621,2018,2,17,6,3,5,2,0,1,1,0,0,0,0,0,791952,955,5826609,851
114776,11,3,3040818,Pankow S�d                                                                                          ,3400828,2018,11,16,3,2,5,3,1,1,1,0,0,0,0,0,800156,322,5832383,829
114777,11,9,9010102,Am Treptower Park Nord,9100101,2018,9,11,1,2,5,3,0,1,1,0,0,0,0,0,802808,8891,5825156,14
114778,11,4,4030417,Schlo�stra�e,4300414,2018,8,20,6,3,1,1,2,0,1,0,1,0,0,0,791702,6288,5826589,232
114779,11,10,10010204,Wuhletalstra�e                                                                                      ,10100206,2018,6,15,2,3,5,3,0,0,1,0,1,0,0,0,808895,6806,5833393,988
114780,11,10,10040830,Kaulsdorf S�d                                                                                       ,10400837,2018,7,14,2,3,2,6,0,0,1,0,0,0,0,0,811454,3571,5827125,924
114781,11,6,6030503,Zehlendorf Mitte                                                                                    ,6300527,2018,6,11,3,3,5,3,0,0,1,0,0,0,1,0,790290,6087,5818387,955
114782,11,1,1011303,Alexanderplatzviertel,1100310,2018,8,12,5,3,5,2,0,1,0,0,1,0,0,0,799785,8713,5828667,869
114783,11,6,6030503,Zehlendorf Mitte                                                                                    ,6300527,2018,5,10,6,3,5,3,0,1,1,0,0,0,0,0,790931,9847,5818764,883
114784,11,3,3020209,Niedersch�nhausen,3200205,2018,4,8,5,3,5,3,0,0,1,0,0,0,0,0,798153,948,5836016,99
114785,11,1,1011104,K�rnerstra�e                                                                                        ,1100104,2018,12,18,3,3,2,6,2,0,1,0,0,0,0,0,796197,4739,5825815,974
114786,11,7,7040403,Manteuffelstra�e                                                                                    ,7400824,2018,9,17,7,3,0,2,0,0,0,0,1,0,0,0,797829,3073,5822369,323
114787,11,9,9020601,Schnellerstra�e                                                                                     ,9200613,2018,7,13,6,3,6,4,0,0,0,1,0,0,1,0,806490,1416,5821261,136
114788,11,9,9020601,Schnellerstra�e                                                                                     ,9200613,2018,7,2,7,3,6,4,2,0,1,1,0,0,0,0,806348,3059,5821381,725
114789,11,4,4020313,K�nigin-Elisabeth-Stra�e,4200311,2018,3,10,4,2,0,7,0,1,0,1,0,0,0,0,790486,5029,5826388,689
114790,11,3,3061434,Anton-Saefkow-Park,3601451,2018,5,20,6,3,2,6,2,0,1,0,1,0,0,0,800708,369,5829829,45
114791,11,7,7040403,Manteuffelstra�e                                                                                    ,7400823,2018,10,6,6,3,2,6,2,0,1,0,0,0,0,0,796849,91,5822404,119
114792,11,5,5020524,Weinmeisterhornweg,5200528,2018,2,19,6,3,5,2,2,0,1,0,0,0,0,0,783639,6536,5826681,622
114793,11,11,11030721,R�digerstra�e,11300722,2018,11,14,7,3,5,3,0,1,1,0,0,0,0,0,803722,1511,5827570,82
114794,11,7,7040403,Manteuffelstra�e                                                                                    ,7400824,2018,9,14,2,2,6,4,0,1,0,1,0,0,0,0,797845,5417,5822077,488
114795,11,2,2050601,Hausburgviertel,2500726,2018,8,13,1,3,2,6,0,0,1,0,0,0,0,0,802047,308,5828069,993
114796,11,7,7050502,Fritz-Werner-Stra�e                                                                                 ,7501133,2018,3,9,1,3,1,1,0,0,1,0,0,0,0,1,797537,182,5818246,328
114797,11,4,4041137,Flinsberger Platz,4400727,2018,6,15,4,3,0,6,0,0,1,0,0,0,0,0,791484,2136,5824436,613
114798,11,3,3061131,Falkplatz,3601142,2018,10,18,3,3,5,2,2,1,1,0,0,0,0,0,799165,2008,5830411,77
114799,11,1,1011303,Alexanderplatzviertel,1100310,2018,6,9,5,3,1,5,0,1,0,0,0,1,0,0,799598,3992,5828350,402
114800,11,2,2040703,Wriezener Bahnhof/Entwicklungsgebiet,2400625,2018,8,22,6,3,6,4,2,1,0,1,0,0,0,0,801784,5927,5826292,405
114801,11,1,1011303,Alexanderplatzviertel,1100310,2018,4,11,1,3,6,7,0,0,1,1,0,0,0,0,799330,7539,5827979,694
114802,11,7,7040403,Manteuffelstra�e                                                                                    ,7400824,2018,4,13,7,3,5,3,0,1,1,0,0,0,0,0,797876,8216,5821667,423
114803,11,11,11030721,R�digerstra�e,11300722,2018,6,14,6,3,5,3,0,1,1,0,0,0,0,0,804244,7597,5827532,287
114804,11,1,1011104,K�rnerstra�e                                                                                        ,1100104,2018,12,15,6,3,5,2,1,1,1,0,0,0,0,1,796212,6302,5825849,443
114805,11,1,1011105,N�rdlicher Landwehrkanal                                                                            ,1100102,2018,9,19,2,3,3,6,1,0,1,0,1,0,0,1,796430,1696,5826361,349
114806,11,2,2050602,Samariterviertel,2500727,2018,9,15,3,3,0,1,0,1,0,0,0,0,0,0,802146,6597,5827745,67
114807,11,4,4041342,Schlangenbader Stra�e,4400833,2018,6,0,4,3,8,1,2,0,1,0,0,0,0,0,792471,8984,5821991,731
114808,11,4,4030417,Schlo�stra�e,4300414,2018,7,23,7,2,2,6,2,0,0,0,1,0,0,0,791602,8451,5826551,55
114809,11,1,1044201,Reinickendorfer Stra�e                                                                              ,1401044,2018,5,15,2,3,2,6,0,0,1,0,0,0,0,0,796164,224,5831066,58
114810,11,3,3050925,Komponistenviertel Wei�ensee,3500936,2018,2,20,6,2,3,6,2,0,1,0,1,0,0,1,802131,3411,5831498,168
114811,11,3,3061429,Greifswalder Stra�e,3601449,2018,11,19,7,3,5,2,2,0,1,0,0,0,0,0,801344,29,5830999,574
114813,11,2,2020202,Rathaus Yorckstra�e,2200208,2018,10,13,4,3,2,6,0,0,1,0,0,0,1,0,797306,3323,5825529,986
114814,11,10,10010309,Springpfuhl,10100312,2018,8,16,2,3,5,2,0,0,1,0,1,0,0,0,807755,1269,5829331,341
114815,11,3,3051017,Rennbahnstra�e,3501037,2018,4,18,1,3,4,6,0,0,1,0,1,0,0,0,802719,2787,5832458,702
114816,11,10,10010102,Havemannstra�e                                                                                      ,10100102,2018,4,11,3,3,0,4,0,0,0,1,0,0,1,0,809456,2175,5834525,727
114817,11,1,1011201,Wilhelmstra�e                                                                                       ,1100205,2018,5,11,2,3,5,2,0,1,1,0,0,0,0,0,797597,7729,5826824,318
114818,11,2,2050602,Samariterviertel,2500727,2018,10,8,4,3,2,6,0,0,1,0,1,0,0,0,802526,1365,5827708,642
114819,11,7,7020202,Volkspark (Rudolf-Wilde-Park),7200308,2018,2,9,6,3,5,2,0,0,1,0,0,0,0,0,795223,509,5823525,402
114820,11,2,2050602,Samariterviertel,2500727,2018,12,19,1,2,5,2,2,0,1,0,0,0,0,1,802180,5738,5827727,75
114821,11,12,12103115,Breitkopfbecken,12100103,2018,9,16,4,3,6,4,0,1,0,1,0,0,0,0,795526,897,5833289,14
114822,11,3,3020209,Niedersch�nhausen,3200205,2018,8,12,5,3,0,1,0,0,0,0,1,0,0,1,798128,4468,5835569,474
114823,11,4,4020311,Reichsstra�e,4200310,2018,6,14,5,3,3,6,0,1,1,0,0,0,0,0,789668,7319,5826241,425
114824,11,6,6030501,Berlepschstra�e                                                                                     ,6300524,2018,7,15,3,3,5,3,0,1,1,0,0,0,0,0,788205,9199,5817682,921
114825,11,7,7070701,Kettinger Stra�e/Schillerstra�e                                                                     ,7601442,2018,2,9,6,3,2,6,0,0,1,0,0,0,1,1,799658,6751,5815334,949
114826,11,6,6040804,Krumme Lanke,6400838,2018,11,9,7,3,5,7,0,1,0,0,0,0,0,0,787312,7339,5817308,58
114827,11,7,7050501,Rathausstra�e                                                                                       ,7501030,2018,6,20,5,2,1,6,0,0,1,0,0,0,1,0,797902,5389,5820246,862
114828,11,3,3040513,Sch�nholz,3400620,2018,5,9,3,3,5,7,0,0,1,0,0,0,1,0,798042,4965,5833913,42
114829,11,7,7050502,Fritz-Werner-Stra�e                                                                                 ,7501133,2018,12,0,3,3,2,6,2,0,1,0,0,0,0,0,798662,3661,5817747,533
114830,11,2,2050802,Boxhagener Platz,2500833,2018,10,18,5,3,3,6,1,1,0,0,0,0,0,0,802087,2263,5827268,493
114831,11,5,5020628,Graetschelsteig,5200633,2018,2,8,6,3,2,6,0,0,1,0,0,1,0,0,784231,3245,5826523,884
114832,11,1,1044201,Reinickendorfer Stra�e                                                                              ,1401044,2018,7,15,2,3,5,7,0,0,1,0,0,0,0,0,796213,6431,5830856,65
114833,11,3,3061332,Helmholtzplatz,3601347,2018,4,9,4,3,5,2,0,1,1,0,0,0,0,0,799316,8376,5830330,929
114834,11,4,4020311,Reichsstra�e,4200310,2018,7,8,7,3,6,4,0,0,1,1,0,0,0,0,789583,3202,5826227,629
114835,11,2,2040701,Andreasviertel,2400521,2018,3,8,5,3,5,3,0,1,1,0,0,0,0,1,800966,492,5827868,971
114836,11,3,3040513,Sch�nholz,3400620,2018,5,10,4,3,2,6,0,0,1,0,0,0,0,0,798027,5308,5833619,496
114837,11,4,4041133,G�terbahnhof Grunewald,4400725,2018,10,8,3,3,2,6,0,0,1,0,0,0,0,1,790657,6872,5825024,818
114838,11,1,1011102,Gro�er Tiergarten,1100102,2018,2,11,5,3,2,6,0,1,1,0,0,0,0,0,794268,5466,5827021,696
114839,11,4,4020208,Kranzallee,4200206,2018,11,16,7,3,2,6,2,0,1,0,0,0,0,0,786835,3211,5825828,508
114840,11,3,3061434,Anton-Saefkow-Park,3601451,2018,9,17,6,3,0,6,0,0,0,0,1,0,0,0,800691,5597,5829872,384
114841,11,9,9010102,Am Treptower Park Nord,9100101,2018,8,11,4,3,2,6,0,0,1,0,0,0,0,0,803917,3287,5824659,135
114842,11,10,10040933,Mahlsdorf S�d                                                                                       ,10400940,2018,6,18,6,3,5,2,0,1,1,0,0,0,0,1,812050,2398,5827155,469
114843,11,4,4020310,Park Ruhwald,4200308,2018,3,9,1,3,9,1,0,0,1,0,0,0,0,2,790428,3141,5827768,775
114844,11,7,7010104,Dennewitzplatz,7100205,2018,6,14,7,3,0,6,0,0,1,0,0,0,1,0,796033,3519,5825277,882
114845,11,8,8020620,Tempelhofer Weg,8200624,2018,6,13,2,3,3,6,0,0,1,0,1,0,0,0,801039,2309,5821661,318
114846,11,2,2050602,Samariterviertel,2500729,2018,8,14,3,2,6,4,0,0,1,1,0,0,0,0,803399,31,5827603,187
114847,11,1,1011303,Alexanderplatzviertel,1100310,2018,5,11,5,3,0,6,0,1,1,0,0,0,0,0,798764,327,5827979,477
114848,11,3,3061435,Conrad-Blenkle-Stra�e,3601452,2018,4,19,3,3,3,6,1,1,1,0,0,0,0,0,801442,6678,5829161,712
114849,11,4,4030417,Schlo�stra�e,4300414,2018,12,9,6,2,5,2,0,1,0,0,0,1,0,0,791845,9336,5826592,56
114850,11,3,3061429,Greifswalder Stra�e,3601449,2018,9,9,5,3,2,2,0,0,1,0,0,0,0,0,801343,1107,5830998,527
114851,11,4,4030623,Ernst-Reuter-Platz,4300622,2018,9,16,6,3,2,6,0,0,1,0,1,0,0,0,793021,5399,5826789,942
114852,11,8,8010510,Gewerbegebiet K�llnische Heide,8100521,2018,7,12,5,3,2,6,0,0,1,0,0,0,0,0,802691,3923,5821639,17
114853,11,4,4010101,Jungfernheide,4100101,2018,7,10,5,3,2,6,0,0,1,0,0,0,0,1,791419,3244,5830401,981
114854,11,7,7050502,Fritz-Werner-Stra�e                                                                                 ,7501133,2018,3,15,2,3,5,3,0,0,1,0,0,1,0,1,798235,9466,5818743,58
114855,11,1,1011102,Gro�er Tiergarten,1100102,2018,5,22,5,2,6,7,2,1,0,1,0,0,0,0,796618,9876,5827418,896
114856,11,10,10010310,Alt-Marzahn,10100313,2018,2,0,5,2,8,1,2,0,1,0,0,0,0,1,807690,244,5830306,952
114857,11,9,9010302,Sp�thsfelde,9100306,2018,11,6,4,3,2,6,0,0,1,0,0,1,0,1,804345,3014,5819770,758
114858,11,3,3061131,Falkplatz,3601142,2018,8,14,6,3,6,4,0,0,1,1,0,0,0,0,799141,7987,5830374,941
114859,11,2,2010101,Askanischer Platz,2100101,2018,3,9,7,3,5,3,0,0,1,0,0,1,0,1,797886,5925,5825489,357
114861,11,4,4020314,Messegel�nde,4200311,2018,10,19,2,3,8,1,2,0,0,0,1,0,0,0,790461,9535,5825448,401
114862,11,7,7050502,Fritz-Werner-Stra�e                                                                                 ,7501133,2018,8,7,5,3,5,2,0,0,1,0,0,0,1,0,798467,6328,5818153,305
114863,11,1,1033203,Humboldthain Nordwest                                                                               ,1300836,2018,4,16,6,3,5,3,0,0,1,0,0,0,1,0,796187,6316,5830197,365
114864,11,1,1011303,Alexanderplatzviertel,1100310,2018,4,14,6,3,2,2,0,0,1,0,0,0,0,0,799803,2834,5828630,269
114865,11,7,7020203,Kaiser-Wilhelm-Platz,7200410,2018,5,12,5,3,1,5,0,1,1,0,0,0,1,0,795665,3449,5823979,978
114866,11,3,3020203,Blankenfelde,3200204,2018,12,16,5,2,5,2,2,0,1,0,0,0,0,1,797157,558,5838898,209
114867,11,3,3061131,Falkplatz,3601142,2018,9,7,7,3,0,1,1,0,0,0,1,0,0,1,799141,5606,5830389,75
114868,11,1,1011303,Alexanderplatzviertel,1100310,2018,9,18,2,3,0,6,1,1,1,0,0,0,0,0,799035,3743,5827526,786
114869,11,3,3020203,Blankenfelde,3200204,2018,6,15,1,3,3,6,0,1,0,0,0,0,0,0,796468,1386,5840350,892
114870,11,6,6040703,Nikolassee,6400737,2018,7,14,6,3,5,3,0,0,1,0,0,0,0,0,786513,2587,5816951,168
114871,11,11,11030721,R�digerstra�e,11300725,2018,5,18,6,3,3,6,0,1,0,0,0,0,1,0,804875,186,5827448,778
114872,11,8,8010510,Gewerbegebiet K�llnische Heide,8100521,2018,2,6,5,2,3,6,0,0,0,0,0,1,1,0,802643,6236,5821716,362
114873,11,6,6040703,Nikolassee,6400737,2018,11,17,6,3,5,2,2,0,1,0,0,0,0,0,786515,5788,5816927,982
114874,11,4,4030622,Richard-Wagner-Stra�e,4300621,2018,7,18,6,2,3,6,0,0,1,0,1,0,0,0,792195,9819,5826672,354
114875,11,4,4030417,Schlo�stra�e,4300414,2018,7,17,6,3,5,2,0,1,1,0,0,0,0,0,791728,6406,5826572,94
114876,11,7,7050502,Fritz-Werner-Stra�e                                                                                 ,7501133,2018,3,15,3,3,5,3,0,0,1,0,0,0,0,0,797477,808,5817977,393
114877,11,2,2050602,Samariterviertel,2500728,2018,5,8,6,2,2,1,0,1,1,0,0,0,0,0,802794,1113,5827665,395
114878,11,4,4010102,Pl�tzensee,4100101,2018,10,18,4,3,0,1,2,0,0,0,1,0,0,0,792275,4235,5829365,4
114879,11,12,12214125,Waldidyll/Flughafensee,12200412,2018,2,16,5,3,2,6,0,0,1,0,0,0,0,0,791047,73,5834161,639
114880,11,3,3071639,B�tzowstra�e,3701660,2018,11,17,5,3,6,4,2,1,0,1,0,0,0,0,800326,6245,5829445,379
114881,11,6,6030605,Botanischer Garten,6300629,2018,9,8,2,3,3,6,0,0,1,0,0,1,0,0,792567,1688,5819828,236
114882,11,7,7050501,Rathausstra�e                                                                                       ,7501030,2018,8,13,7,3,0,5,0,0,1,0,1,0,0,0,798034,1286,5819501,758
114883,11,12,12231101,Hermsdorf,12400723,2018,10,14,3,3,2,6,0,0,1,0,0,0,0,0,791737,4517,5839608,233
114884,11,3,3061131,Falkplatz,3601142,2018,8,15,5,3,2,6,0,0,1,0,0,0,0,0,799141,2704,5830406,302
114885,11,1,1033203,Humboldthain Nordwest                                                                               ,1300836,2018,4,14,7,2,5,2,0,0,1,0,0,0,0,0,796343,923,5830077,937
114886,11,7,7050502,Fritz-Werner-Stra�e                                                                                 ,7501133,2018,4,17,6,3,6,7,0,1,0,1,0,0,0,0,798570,18,5817970,15
114887,11,4,4041133,G�terbahnhof Grunewald,4400725,2018,6,15,6,3,2,6,0,0,1,0,0,0,0,0,790549,601,5825156,613
114888,11,10,10030727,Biesdorf S�d                                                                                        ,10300734,2018,12,16,6,3,2,6,2,0,1,0,0,0,1,1,810529,9164,5827076,76
114889,11,6,6040702,D�ppel,6400736,2018,9,18,1,3,2,6,1,0,1,0,0,0,0,1,785344,4692,5815824,782
114890,11,3,3050925,Komponistenviertel Wei�ensee,3500936,2018,9,17,3,3,2,6,0,0,1,0,0,0,1,0,802340,2666,5831594,389
114891,11,4,4030622,Richard-Wagner-Stra�e,4300621,2018,6,17,2,3,2,6,0,0,1,0,0,0,0,0,792051,504,5826626,54
114892,11,2,2050602,Samariterviertel,2500729,2018,7,0,6,3,5,2,2,1,1,0,0,0,0,0,803095,6366,5827633,483
114893,11,4,4010101,Jungfernheide,4100101,2018,5,14,7,3,2,6,0,0,1,0,1,0,0,0,791145,9403,5829378,36
114894,11,2,2050601,Hausburgviertel,2500726,2018,2,12,5,3,6,4,0,0,1,1,0,0,0,0,801646,5795,5828887,7
114895,11,7,7020202,Volkspark (Rudolf-Wilde-Park),7200308,2018,11,18,6,3,2,6,2,0,1,0,0,0,0,0,794658,8306,5823130,702
114897,11,4,4020313,K�nigin-Elisabeth-Stra�e,4200311,2018,10,7,4,3,2,6,0,0,1,0,0,0,1,0,790589,586,5827243,661
114898,11,9,9010101,Elsenstra�e                                                                                         ,9100101,2018,8,17,2,2,0,4,0,0,0,1,0,0,1,0,802670,823,5825216,843
114899,11,7,7020202,Volkspark (Rudolf-Wilde-Park),7200308,2018,4,16,1,3,0,6,0,0,1,0,0,0,1,0,795225,438,5823516,568
114900,11,2,2050602,Samariterviertel,2500727,2018,4,13,1,3,5,3,0,1,1,0,0,0,0,1,802044,6235,5828016,918
114901,11,11,11030721,R�digerstra�e,11300722,2018,5,7,2,3,5,2,0,1,0,0,0,1,0,0,803737,1474,5827585,11
114902,11,2,2050802,Boxhagener Platz,2500834,2018,10,17,3,3,5,2,1,1,1,0,0,0,0,1,802034,7626,5827022,488
114903,11,7,7040401,Neu-Tempelhof,7400720,2018,2,17,5,2,5,2,2,1,1,0,0,0,0,0,797761,6698,5823826,925
114904,11,1,1011102,Gro�er Tiergarten,1100102,2018,12,19,7,2,1,7,2,0,1,0,0,0,0,1,796308,9791,5827354,18
114905,11,4,4030623,Ernst-Reuter-Platz,4300622,2018,9,8,3,3,5,3,0,0,1,0,1,0,0,0,793491,11,5826890,246
114906,11,5,5020524,Weinmeisterhornweg,5200528,2018,8,13,4,3,2,6,0,0,1,0,0,0,1,0,783435,3002,5826626,736
114907,11,9,9010102,Am Treptower Park Nord,9100101,2018,6,14,4,3,2,6,0,0,1,0,0,0,1,0,802920,49,5825109,696
114908,11,2,2050602,Samariterviertel,2500727,2018,7,14,3,3,6,4,0,1,0,1,0,0,0,0,802124,4421,5827931,518
114909,11,7,7040401,Neu-Tempelhof,7400720,2018,2,23,5,3,2,6,2,0,1,0,0,0,0,1,797767,802,5823720,96
114910,11,1,1011202,Unter den Linden Nord,1100206,2018,6,9,5,3,6,4,0,1,0,1,0,0,0,0,797590,389,5827560,512
114911,11,2,2040503,Richard-Sorge-Viertel,2400522,2018,5,14,2,3,2,6,0,0,1,0,0,0,0,0,801971,5531,5827749,554
114912,11,3,3020209,Niedersch�nhausen,3200206,2018,4,12,1,3,5,3,0,1,1,0,0,0,0,0,797981,904,5834290,896
114913,11,4,4030417,Schlo�stra�e,4300414,2018,12,20,7,3,6,2,2,0,0,1,0,0,1,1,791583,7086,5826547,855
114914,11,4,4041137,Flinsberger Platz,4400727,2018,10,22,3,2,9,1,2,0,1,0,0,0,0,1,791435,1146,5824461,62
114915,11,1,1011303,Alexanderplatzviertel,1100310,2018,2,18,4,3,2,6,2,0,1,0,0,0,0,0,799231,5581,5827875,773
114916,11,6,6040701,Wannsee,6400735,2018,7,18,2,3,8,1,0,0,1,0,0,0,0,0,782506,3587,5815776,932
114917,11,4,4030622,Richard-Wagner-Stra�e,4300621,2018,4,16,3,3,5,2,0,1,1,0,0,0,0,0,792740,8043,5826742,173
114918,11,1,1011104,K�rnerstra�e                                                                                        ,1100104,2018,7,13,5,3,2,6,0,0,1,0,0,0,0,0,796285,4327,5826009,709
114919,11,9,9010401,Johannisthal West,9100407,2018,3,17,3,3,3,6,0,0,1,0,0,1,0,1,805222,8829,5819145,891
114920,11,7,7040403,Manteuffelstra�e                                                                                    ,7400824,2018,5,11,3,3,2,6,0,0,1,0,0,0,0,0,797852,3983,5821498,959
114921,11,7,7050501,Rathausstra�e                                                                                       ,7501030,2018,10,9,2,2,4,1,0,0,1,0,0,0,0,0,798125,2342,5819133,84
114922,11,2,2050802,Boxhagener Platz,2500833,2018,2,11,4,3,3,6,0,1,1,0,0,0,0,0,802111,3707,5827386,472
114923,11,4,4051655,Babelsberger Stra�e,4501153,2018,11,16,6,3,2,6,1,0,1,0,0,0,0,0,793930,634,5822997,99
114924,11,12,12302211,L�barser Stra�e,12601031,2018,9,13,6,3,5,2,0,0,0,0,1,0,1,0,793318,854,5836604,935
114925,11,12,12231101,Hermsdorf,12400723,2018,8,16,4,3,0,7,0,1,1,0,0,0,0,0,791920,228,5838863,797
114926,11,7,7050502,Fritz-Werner-Stra�e                                                                                 ,7501133,2018,3,14,6,3,2,6,0,0,1,0,1,0,0,0,798223,9905,5818776,638
114927,11,1,1011304,Karl-Marx-Allee,1100311,2018,6,18,6,2,0,6,0,1,0,0,0,0,0,0,800211,4484,5828018,415
114928,11,4,4010103,Paul-Hertz-Siedlung,4100102,2018,6,6,1,2,8,7,0,0,1,0,0,0,0,0,791584,918,5829159,855
114929,11,12,12103117,Letteplatz,12100101,2018,8,22,2,3,1,5,2,0,1,0,1,0,0,0,795874,1973,5832087,377
114930,11,9,9010102,Am Treptower Park Nord,9100101,2018,5,10,4,3,5,3,0,1,0,0,0,0,0,0,802964,2719,5825091,475
114931,11,11,11030721,R�digerstra�e,11300724,2018,4,10,3,3,2,6,0,0,1,0,0,0,0,0,804528,179,5827487,631
114932,11,1,1011202,Unter den Linden Nord,1100206,2018,12,8,4,2,0,6,0,0,1,0,1,0,0,1,798040,7027,5827657,37
114933,11,7,7030303,Grazer Platz,7300619,2018,9,15,4,3,2,6,0,0,1,0,1,0,0,0,796261,2433,5822697,517
114934,11,1,1011303,Alexanderplatzviertel,1100310,2018,9,22,5,3,0,1,2,0,1,0,1,0,0,0,799127,2745,5827726,45
114935,11,9,9020601,Schnellerstra�e                                                                                     ,9200613,2018,7,22,4,3,2,6,2,0,1,0,0,0,0,0,806288,7953,5821463,441