OBJECTID,LAND,BEZ,LOR,STRASSE,LOR_ab_2021,UJAHR,UMONAT,USTUNDE,UWOCHENTAG,UKATEGORIE,UART,UTYP1,ULICHTVERH,IstRad,IstPKW,IstFuss,IstKrad,IstGkfz,IstSonstig,STRZUSTAND,LINREFX,LINREFY,XGCSWGS84,YGCSWGS84
114936,11,6,6040703,Nikolassee,6400737,2018,7,14,4,3,2,6,0,0,1,0,0,0,0,0,785991,9693,5819114,253
114937,11,3,3010102,Buch,3100103,2018,5,8,4,3,2,6,0,0,0,0,0,1,0,0,804474,253,5839640,45
114938,11,7,7020202,Volkspark (Rudolf-Wilde-Park),7200308,2018,2,20,4,3,0,1,2,0,0,0,1,0,0,1,795230,843,5823513,413
114939,11,9,9010101,Elsenstra�e                                                                                         ,9100101,2018,11,6,3,3,6,7,2,0,0,1,0,0,1,1,802792,8536,5825360,642
114940,11,12,12214125,Waldidyll/Flughafensee,12200412,2018,8,15,6,2,2,6,0,0,1,0,0,0,1,0,790998,8746,5834258,16
114942,11,6,6040701,Wannsee,6400735,2018,10,14,1,3,1,5,0,1,1,0,0,0,1,0,782506,4422,5815764,969
114943,11,2,2050602,Samariterviertel,2500727,2018,8,19,4,3,2,3,0,0,1,0,0,0,1,0,802172,98,5827729,953
114944,11,1,1011303,Alexanderplatzviertel,1100310,2018,4,14,5,3,3,6,0,0,1,0,1,0,0,1,799676,153,5828478,687
114945,11,4,4020313,K�nigin-Elisabeth-Stra�e,4200311,2018,4,16,5,3,2,6,0,0,1,0,0,0,0,0,790654,889,5826233,77
114946,11,1,1011104,K�rnerstra�e                                                                                        ,1100104,2018,5,18,4,3,2,6,0,0,1,0,0,0,0,0,796284,8965,5826008,537
114947,11,11,11041023,Gensinger Stra�e,11401033,2018,12,13,4,3,5,3,0,1,1,0,0,0,0,0,807693,1164,5827471,925
114948,11,2,2050802,Boxhagener Platz,2500834,2018,9,1,6,3,8,1,2,1,0,0,0,0,0,0,802023,7231,5826972,862
114949,11,5,5040935,Gro�-Glienicker Weg,5400942,2018,9,7,2,3,2,6,0,0,1,0,0,0,0,0,781816,1089,5824524,552
114950,11,3,3040513,Sch�nholz,3400620,2018,6,12,7,2,2,6,0,0,1,0,0,0,0,0,798016,6326,5833736,293
114951,11,11,11010101,Dorf Malchow,11100101,2018,7,7,5,3,5,2,0,1,1,0,0,0,0,0,803685,612,5835336,13
114952,11,7,7040403,Manteuffelstra�e                                                                                    ,7400824,2018,5,13,5,3,2,6,0,0,1,0,0,0,0,0,797849,4567,5822288,351
114953,11,10,10030726,Alt-Biesdorf,10300733,2018,2,18,4,3,2,6,0,0,1,0,0,0,0,0,809113,6893,5827397,71
114954,11,12,12214125,Waldidyll/Flughafensee,12200412,2018,11,15,4,3,2,6,0,0,1,0,0,0,0,0,790977,4446,5834301,935
114955,11,7,7050502,Fritz-Werner-Stra�e                                                                                 ,7501133,2018,12,19,2,3,6,4,2,1,0,1,0,0,0,1,798216,9838,5818801,523
114956,11,3,3061332,Helmholtzplatz,3701657,2018,10,20,2,2,5,2,2,0,0,0,1,0,0,0,799995,902,5830220,527
114957,11,3,3020307,Buchholz,3200309,2018,8,2,7,2,9,1,2,0,1,0,0,0,0,0,801127,74,5837279,554
114958,11,3,3040513,Sch�nholz,3400620,2018,4,7,6,3,2,6,0,0,1,0,0,0,0,0,798004,6955,5833677,17
114959,11,7,7020203,Kaiser-Wilhelm-Platz,7200410,2018,3,18,4,3,2,6,1,0,1,0,0,0,0,1,795256,7732,5823572,143
114960,11,11,11040926,Weitlingstra�e,11400931,2018,5,14,6,2,9,1,0,0,0,0,1,0,0,0,806467,894,5827354,847
114961,11,1,1033203,Humboldthain Nordwest                                                                               ,1300836,2018,10,20,1,3,1,1,2,0,1,0,0,0,0,1,796285,821,5830325,882
114962,11,12,12224230,Heiligensee,12400618,2018,2,7,4,3,5,3,0,0,1,0,0,0,0,0,787516,4126,5837871,239
114963,11,1,1011303,Alexanderplatzviertel,1100310,2018,11,18,5,3,6,2,2,0,0,1,0,0,1,0,799760,6536,5828625,56
114964,11,6,6030503,Zehlendorf Mitte                                                                                    ,6300527,2018,9,13,2,2,5,2,0,0,1,0,1,0,0,0,790162,8788,5818291,467
114965,11,4,4061757,Forst Grunewald,4200207,2018,8,11,1,3,3,6,0,0,1,0,0,0,0,0,788409,8866,5822754,926
114966,11,2,2050602,Samariterviertel,2500729,2018,6,17,3,2,3,6,0,0,1,0,1,0,0,0,803582,6746,5827583,221
114967,11,7,7070703,John-Locke-Stra�e                                                                                   ,7601544,2018,7,8,3,2,5,3,0,0,1,0,1,0,0,0,799926,3,5813390,703
114968,11,7,7010104,Dennewitzplatz,7100206,2018,6,13,4,3,5,7,0,0,1,0,1,0,0,0,796007,6973,5824783,57
114969,11,2,2050602,Samariterviertel,2500727,2018,5,15,1,3,0,2,0,1,1,0,0,0,0,0,802592,2243,5827701,512
114970,11,6,6030605,Botanischer Garten,6300629,2018,4,18,6,3,2,6,1,0,1,0,0,0,0,1,792313,4614,5819652,934
114971,11,4,4010101,Jungfernheide,4100101,2018,12,22,5,2,3,6,2,0,1,0,0,0,1,1,791510,7598,5830583,943
114972,11,3,3010101,Bucher Forst,3100101,2018,10,14,2,2,2,6,0,0,1,0,0,0,0,0,803068,636,5840246,504
114973,11,1,1011104,K�rnerstra�e                                                                                        ,1100104,2018,7,19,7,3,2,6,0,0,1,0,0,0,0,0,796216,1227,5825857,155
114974,11,4,4041137,Flinsberger Platz,4400727,2018,4,11,2,3,2,6,0,0,1,0,0,0,1,1,791778,9663,5824157,189
114975,11,3,3040818,Pankow S�d                                                                                          ,3400828,2018,7,15,4,3,0,1,0,1,0,0,0,0,0,0,800112,5905,5832577,1
114976,11,6,6040701,Wannsee,6400735,2018,3,17,1,3,2,6,0,1,1,0,0,0,0,0,778444,6987,5814904,347
114977,11,1,1033203,Humboldthain Nordwest                                                                               ,1300836,2018,5,15,1,3,6,4,0,1,0,1,0,0,0,0,796219,6399,5830163,573
114979,11,7,7040403,Manteuffelstra�e                                                                                    ,7400825,2018,10,12,3,3,2,6,0,0,1,0,1,0,0,0,797811,5381,5821002,331
114980,11,11,11030721,R�digerstra�e,11300722,2018,8,10,1,3,6,2,0,0,1,1,0,0,0,0,803719,9379,5827586,537
114981,11,12,12302212,Rollbergesiedlung,12601032,2018,4,13,7,3,6,7,0,0,1,1,0,0,0,0,792738,4057,5837410,995
114982,11,12,12103115,Breitkopfbecken,12100103,2018,3,19,6,3,3,6,0,0,1,0,1,0,0,0,795362,2958,5833728,881
114983,11,4,4041133,G�terbahnhof Grunewald,4400725,2018,5,14,1,3,2,6,0,0,1,0,0,0,0,0,790516,595,5825247,622
114984,11,12,12224230,Heiligensee,12400618,2018,10,6,3,3,9,1,2,0,1,0,0,0,0,1,787632,9361,5838083,429
114985,11,3,3061434,Anton-Saefkow-Park,3601451,2018,2,13,4,3,2,6,0,0,1,0,0,0,1,0,800599,1,5829930,86
114986,11,1,1044203,Leopoldplatz,1401049,2018,11,17,6,2,6,4,2,1,0,1,0,0,0,1,795946,1187,5831676,597
114987,11,12,12302212,Rollbergesiedlung,12601032,2018,9,14,3,3,2,6,0,0,1,0,0,0,0,0,792802,9256,5837308,238
114988,11,4,4030417,Schlo�stra�e,4300414,2018,8,10,3,3,2,6,0,0,1,0,0,0,0,0,791830,7523,5826589,469
114989,11,4,4020310,Park Ruhwald,4200308,2018,6,12,4,3,2,6,0,0,1,0,0,0,0,0,790556,951,5827376,47
114990,11,8,8020619,Buschkrugallee Nord,8200622,2018,7,19,3,3,3,6,0,0,1,0,0,0,1,0,801715,2816,5821791,924
114991,11,7,7050502,Fritz-Werner-Stra�e                                                                                 ,7501133,2018,6,17,4,2,2,6,0,0,1,0,1,0,0,0,798180,4488,5818924,363
114992,11,3,3020203,Blankenfelde,3200204,2018,5,8,2,3,5,2,0,1,1,0,0,0,0,0,797156,1893,5838886,508
114993,11,3,3061429,Greifswalder Stra�e,3601449,2018,4,16,7,3,2,6,0,0,1,0,0,0,0,0,801294,3277,5830989,249
114994,11,7,7030303,Grazer Platz,7300619,2018,12,17,6,3,3,6,2,0,1,0,0,0,0,1,795327,3531,5822795,896
114995,11,3,3040513,Sch�nholz,3400620,2018,10,18,3,3,2,6,1,0,1,0,0,0,0,1,798051,1134,5833898,999
114996,11,7,7040403,Manteuffelstra�e                                                                                    ,7400823,2018,2,14,3,3,2,6,0,0,1,0,0,0,1,0,796845,1083,5822405,154
114997,11,10,10030726,Alt-Biesdorf,10300733,2018,7,20,1,2,3,6,1,1,1,0,0,0,0,0,808906,134,5827439,896
114998,11,4,4041239,Stadion Wilmersdorf,4400830,2018,4,18,2,3,2,6,0,0,1,0,0,0,0,1,792297,7508,5823574,295
114999,11,2,2020201,Gleisdreieck/Entwicklungsgebiet,2200207,2018,7,14,4,3,3,6,0,0,1,0,1,0,0,0,797200,9464,5825553,735
115000,11,1,1011201,Wilhelmstra�e                                                                                       ,1100205,2018,3,21,2,3,5,2,2,0,1,0,1,0,0,0,797682,4898,5826838,24
115001,11,4,4041134,Bismarckallee,4400726,2018,5,11,2,3,2,6,0,0,1,0,0,0,1,0,790935,5341,5824680,982
115002,11,12,12214422,Klixstra�e                                                                                          ,12200310,2018,10,5,2,3,2,6,2,0,1,0,0,0,0,0,791705,267,5833432,226
115003,11,12,12224230,Heiligensee,12400618,2018,2,19,3,2,5,3,2,0,1,0,0,0,0,0,787526,2057,5837876,754
115004,11,9,9010302,Sp�thsfelde,9100306,2018,11,14,4,3,2,6,0,0,1,0,0,1,0,0,804196,6638,5819873,733
115005,11,1,1011104,K�rnerstra�e                                                                                        ,1100104,2018,9,17,5,3,3,6,0,1,1,0,0,0,0,0,796162,6321,5825739,34
115006,11,7,7050506,Birnhornweg,7501135,2018,8,14,3,3,0,6,0,0,1,0,1,0,0,0,798779,7175,5817406,444
115007,11,1,1033203,Humboldthain Nordwest                                                                               ,1300836,2018,3,7,6,3,2,6,0,0,1,0,0,0,0,0,796275,9066,5830319,729
115008,11,7,7040406,Germaniagarten,7400928,2018,6,5,6,3,3,6,0,0,1,0,0,1,0,0,800167,7813,5821491,84
115009,11,7,7010104,Dennewitzplatz,7100206,2018,6,16,7,3,2,6,0,0,1,0,0,0,1,0,796008,556,5824749,889
115010,11,3,3040614,Pankow Zentrum                                                                                      ,3400723,2018,8,2,1,3,1,5,2,1,1,0,0,0,0,0,798555,5115,5833147,836
115011,11,2,2050602,Samariterviertel,2500728,2018,5,8,4,3,5,2,0,1,1,0,0,0,0,0,803093,7398,5827650,548
115012,11,7,7040403,Manteuffelstra�e                                                                                    ,7400825,2018,4,12,3,3,3,6,0,0,1,0,0,0,0,0,797821,3148,5820716,189
115013,11,3,3020209,Niedersch�nhausen,3200206,2018,12,16,3,3,5,7,2,0,1,0,0,0,1,1,797954,9187,5834595,74
115014,11,6,6030605,Botanischer Garten,6300629,2018,9,13,3,2,6,7,0,1,0,1,0,0,0,0,791688,7847,5819254,677
115015,11,4,4051549,Rathaus Wilmersdorf,4501146,2018,9,9,5,3,2,6,0,0,1,0,0,0,0,0,792465,4963,5823899,177
115016,11,10,10010309,Springpfuhl,10100312,2018,7,8,3,3,5,3,0,0,1,0,0,0,0,0,807669,694,5829981,716
115017,11,7,7050502,Fritz-Werner-Stra�e                                                                                 ,7501133,2018,7,12,3,2,1,6,0,0,1,0,1,0,0,0,798236,4921,5818742,79
115018,11,2,2010101,Askanischer Platz,2100101,2018,5,13,4,2,3,6,0,1,1,0,0,0,0,0,797370,6096,5825589,451
115019,11,2,2020202,Rathaus Yorckstra�e,2200208,2018,2,8,3,3,0,2,0,1,1,0,0,0,0,2,797920,461,5825329,43
115020,11,11,11030721,R�digerstra�e,11300722,2018,11,12,2,2,5,3,0,1,0,0,0,0,0,0,804243,754,5827532,386
115021,11,7,7010104,Dennewitzplatz,7100205,2018,8,20,5,3,2,2,0,0,1,0,1,0,0,0,796022,563,5825219,944
115023,11,4,4020314,Messegel�nde,4200311,2018,10,8,7,2,2,6,0,0,0,0,1,0,1,0,790540,6099,5825806,794
115024,11,8,8020619,Buschkrugallee Nord,8200622,2018,8,7,4,3,3,6,0,0,0,0,1,0,1,0,801732,6142,5821821,535
115025,11,12,12103219,Sch�fersee,12100204,2018,4,11,4,3,6,7,0,0,1,1,0,0,0,0,795699,2144,5832840,644
115026,11,7,7030303,Grazer Platz,7300619,2018,4,11,5,2,2,6,0,0,1,0,1,0,0,0,796253,6557,5822700,35
115027,11,11,11030721,R�digerstra�e,11300722,2018,5,9,4,3,6,7,0,1,0,1,0,0,0,0,803695,4957,5827588,564
115028,11,12,12301203,Wittenau S�d                                                                                        ,12500930,2018,11,16,6,3,5,3,0,0,0,0,1,0,1,0,793996,5917,5835202,506
115029,11,3,3071639,B�tzowstra�e,3701660,2018,12,17,4,3,5,3,2,1,1,0,0,0,0,1,800151,6143,5829165,879
115030,11,2,2040503,Richard-Sorge-Viertel,2400522,2018,9,11,5,3,5,2,0,1,0,0,0,0,0,0,801413,262,5827806,94
115031,11,4,4030622,Richard-Wagner-Stra�e,4300621,2018,8,15,6,3,5,2,0,1,1,0,0,0,0,0,792170,9851,5826668,106
115032,11,1,1011201,Wilhelmstra�e                                                                                       ,1100205,2018,6,18,6,3,3,6,0,1,1,0,0,0,0,0,797566,5934,5826819,274
115033,11,3,3040614,Pankow Zentrum                                                                                      ,3400723,2018,7,18,5,3,3,6,0,1,1,0,0,0,0,0,798406,2194,5833424,423
115034,11,4,4030417,Schlo�stra�e,4300414,2018,5,10,4,3,6,4,0,0,1,1,0,0,0,0,790985,6297,5826451,626
115035,11,1,1044201,Reinickendorfer Stra�e                                                                              ,1401044,2018,2,7,3,3,2,2,0,1,1,0,0,0,0,0,796047,41,5831366,764
115036,11,3,3061429,Greifswalder Stra�e,3601449,2018,11,12,3,3,2,6,0,0,1,0,0,1,0,0,800958,9909,5830511,586
115037,11,3,3050925,Komponistenviertel Wei�ensee,3500936,2018,6,16,2,3,3,6,0,0,1,0,1,0,0,0,802080,4916,5831476,177
115038,11,3,3020209,Niedersch�nhausen,3200206,2018,12,16,7,3,6,3,2,0,1,1,0,0,0,0,798256,2689,5834745,799
115039,11,4,4041137,Flinsberger Platz,4400727,2018,10,14,1,3,2,6,0,0,0,0,0,0,1,0,791593,9089,5824342,817
115040,11,8,8010510,Gewerbegebiet K�llnische Heide,8100521,2018,8,20,6,3,0,7,1,0,1,0,0,0,0,0,802656,172,5821727,345
115041,11,4,4051655,Babelsberger Stra�e,4501153,2018,4,18,5,3,2,6,0,0,1,0,0,0,0,0,793930,1574,5823010,776
115042,11,4,4010101,Jungfernheide,4100101,2018,3,21,2,3,9,1,2,0,1,0,0,0,0,0,791501,4487,5830528,946
115043,11,7,7020202,Volkspark (Rudolf-Wilde-Park),7200308,2018,5,16,5,3,2,6,0,0,1,0,1,0,0,0,795450,531,5823392,657
115044,11,7,7050502,Fritz-Werner-Stra�e                                                                                 ,7501133,2018,10,15,6,2,6,7,0,0,1,1,0,0,0,0,798341,7572,5818458,238
115045,11,3,3020203,Blankenfelde,3200204,2018,2,6,3,3,0,1,0,0,1,0,0,0,0,1,796725,893,5839715,75
115046,11,7,7030303,Grazer Platz,7300619,2018,11,15,5,3,9,7,0,0,0,0,0,0,1,0,795459,288,5822579,652
115047,11,1,1011303,Alexanderplatzviertel,1100310,2018,9,13,2,1,5,2,0,1,0,0,0,1,0,0,799816,3329,5828650,909
115048,11,1,1011303,Alexanderplatzviertel,1100310,2018,8,14,7,3,0,7,0,0,0,0,1,0,0,1,799727,2487,5828566,481
115049,11,7,7050502,Fritz-Werner-Stra�e                                                                                 ,7501133,2018,6,17,2,3,2,6,0,0,1,0,1,0,0,0,798017,1474,5818868,87
115050,11,3,3061332,Helmholtzplatz,3701657,2018,7,18,2,3,5,2,0,0,1,0,0,0,0,0,799982,7433,5830224,298
115051,11,1,1044201,Reinickendorfer Stra�e                                                                              ,1401044,2018,6,15,3,3,5,5,0,1,0,0,0,0,1,0,796200,4677,5830883,356
115052,11,4,4041134,Bismarckallee,4400726,2018,5,9,7,2,8,1,0,0,0,0,1,0,0,0,790986,5958,5824646,416
115053,11,7,7060601,Marienfelder Allee Nordwest,7601236,2018,4,16,5,3,0,6,0,0,1,0,0,0,1,0,796604,1064,5815959,722
115054,11,7,7030303,Grazer Platz,7300619,2018,12,17,4,3,3,6,1,0,1,0,0,0,0,0,795426,14,5822639,255
115055,11,3,3051017,Rennbahnstra�e,3501037,2018,9,13,7,3,8,1,0,0,0,0,1,0,0,0,802975,2489,5833361,464
115056,11,8,8010510,Gewerbegebiet K�llnische Heide,8100521,2018,7,12,7,2,2,6,0,0,1,0,0,0,0,0,802634,325,5821737,239
115057,11,7,7070701,Kettinger Stra�e/Schillerstra�e                                                                     ,7601442,2018,4,13,1,2,2,6,0,0,1,0,0,0,1,0,799325,1945,5816150,375
115058,11,10,10040933,Mahlsdorf S�d                                                                                       ,10400940,2018,7,12,2,3,2,6,0,0,1,0,0,0,0,0,813024,7533,5827189,64
115059,11,7,6010209,Feuerbachstra�e                                                                                     ,6100209,2018,3,10,5,3,3,3,0,0,1,0,0,0,1,0,794456,1165,5821636,941
115060,11,10,10040933,Mahlsdorf S�d                                                                                       ,10400941,2018,5,13,7,2,5,3,0,1,1,0,0,0,0,0,813350,8071,5827197,599
115061,11,11,11030721,R�digerstra�e,11300722,2018,10,12,6,3,2,6,0,0,1,0,0,0,0,0,803657,3112,5827591,729
115062,11,3,3071633,Th�lmannpark,3701657,2018,2,22,2,3,0,7,2,1,0,0,0,0,0,0,800489,4893,5829955,321
115063,11,7,7040403,Manteuffelstra�e                                                                                    ,7400824,2018,11,9,7,3,5,2,0,0,1,0,0,0,0,0,797848,6052,5822306,369
115064,11,2,2040503,Richard-Sorge-Viertel,2400522,2018,9,15,3,3,3,6,0,1,1,0,0,0,0,0,801334,612,5827815,24
115065,11,4,4041134,Bismarckallee,4400726,2018,8,10,1,3,2,6,0,0,1,0,0,0,0,0,790923,9896,5824685,784
115066,11,2,2040701,Andreasviertel,2400521,2018,3,10,6,3,3,6,0,0,1,0,0,0,0,0,800391,7396,5827977,865
115067,11,3,3061126,Arnimplatz,3601141,2018,6,12,4,3,0,7,0,1,0,0,0,0,0,0,799215,7905,5831345,276
115068,11,2,2050602,Samariterviertel,2500728,2018,10,11,4,3,2,2,0,0,1,0,1,0,0,0,803086,7926,5827634,359
115069,11,3,3040513,Sch�nholz,3400620,2018,6,19,5,3,0,1,0,1,0,0,0,0,0,0,798052,303,5833907,244
115070,11,2,2050602,Samariterviertel,2500729,2018,8,14,6,3,6,4,0,0,1,1,0,0,0,0,803273,4501,5827615,898
115071,11,12,12231101,Hermsdorf,12400723,2018,4,11,2,3,5,3,0,1,1,0,0,0,0,0,791815,1786,5839292,673
115072,11,1,1011303,Alexanderplatzviertel,1100310,2018,4,15,1,3,5,2,0,1,1,0,0,0,0,0,799781,125,5828660,425
115073,11,10,10030726,Alt-Biesdorf,10300733,2018,12,18,1,3,2,6,2,0,1,0,0,0,0,1,809246,5126,5827393,21
115074,11,12,12214125,Waldidyll/Flughafensee,12200414,2018,9,14,2,2,0,6,0,0,1,0,1,0,0,1,791707,3339,5831040,945
115075,11,1,1011303,Alexanderplatzviertel,1100310,2018,9,14,3,3,6,4,0,0,0,1,0,0,1,0,799194,1423,5828370,307
115076,11,9,9010301,Baumschulenstra�e,9100305,2018,6,18,4,2,4,6,0,1,0,0,0,0,0,0,805196,5898,5822544,59
115077,11,9,9010102,Am Treptower Park Nord,9100101,2018,7,13,2,3,2,6,0,0,1,0,0,1,0,0,802955,2012,5825095,25
115078,11,2,2040701,Andreasviertel,2400521,2018,5,8,2,3,2,6,0,0,1,0,1,0,0,0,800349,294,5827946,554
115079,11,7,7030303,Grazer Platz,7300619,2018,2,7,2,2,3,6,0,0,1,0,0,0,1,1,795410,3224,5822748,291
115080,11,12,12103218,Teichstra�e,12100205,2018,11,11,1,3,5,3,0,0,1,0,0,0,0,1,794559,344,5833813,313
115082,11,3,3020307,Buchholz,3200310,2018,10,17,5,3,2,6,0,0,1,0,0,0,0,0,799838,101,5839521,122
115083,11,3,3071633,Th�lmannpark,3701657,2018,10,13,7,3,2,6,0,0,1,0,0,0,0,0,800029,6154,5830207,241
115084,11,7,7010104,Dennewitzplatz,7100205,2018,2,20,2,3,1,5,2,0,1,0,0,0,1,1,796062,501,5825424,777
115085,11,1,1011105,N�rdlicher Landwehrkanal                                                                            ,1100102,2018,11,12,1,3,2,6,0,0,1,0,0,0,0,0,796433,605,5826371,109
115086,11,7,7050501,Rathausstra�e                                                                                       ,7501030,2018,9,15,4,3,5,2,0,0,1,0,0,0,0,0,797882,8543,5820435,71
115087,11,7,7050502,Fritz-Werner-Stra�e                                                                                 ,7501133,2018,8,18,2,3,3,6,0,1,0,0,0,0,0,0,797544,2146,5818278,163
115088,11,1,1011102,Gro�er Tiergarten,1100206,2018,3,10,6,3,0,1,0,0,0,0,0,0,1,1,796914,612,5827467,169
115089,11,2,2050602,Samariterviertel,2500729,2018,6,17,5,2,0,4,0,0,0,1,1,0,0,0,803591,8864,5827582,156
115090,11,4,4041137,Flinsberger Platz,4400727,2018,6,15,6,3,2,6,0,0,1,0,0,0,0,0,791411,7743,5824497,963
115091,11,4,4030621,Spreestadt,4300620,2018,8,14,7,3,0,1,0,0,0,0,1,0,0,0,794067,5591,5826969,91
115092,11,4,4051551,Brabanter Platz,4501148,2018,5,15,4,2,0,1,0,0,0,0,1,0,0,0,793193,309,5823002,855
115093,11,4,4041133,G�terbahnhof Grunewald,4400725,2018,4,13,2,3,3,6,0,0,1,0,0,0,0,0,790560,2211,5825137,191
115094,11,4,4030417,Schlo�stra�e,4300414,2018,12,17,3,3,2,6,2,0,1,0,0,0,1,1,791326,2889,5826506,224
115095,11,1,1033203,Humboldthain Nordwest                                                                               ,1300836,2018,9,9,3,3,5,2,0,1,1,0,0,0,0,0,796321,4327,5830071,468
115096,11,10,10040830,Kaulsdorf S�d                                                                                       ,10400837,2018,9,17,4,2,2,6,0,0,1,0,1,1,0,0,811561,3383,5827131,312
115097,11,7,7050506,Birnhornweg,7501135,2018,6,16,4,3,5,2,0,0,1,0,0,0,0,0,798860,497,5817214,362
115098,11,3,3020209,Niedersch�nhausen,3200206,2018,7,16,2,3,3,6,0,1,1,0,0,0,0,0,797974,2778,5834392,418
115099,11,1,1011202,Unter den Linden Nord,1100206,2018,7,16,3,3,3,6,0,1,1,0,0,0,0,0,798070,1706,5827648,49
115100,11,7,7040403,Manteuffelstra�e                                                                                    ,7400824,2018,5,15,3,3,3,6,0,1,1,0,0,0,0,0,797837,11,5821307,524
115101,11,12,12231101,Hermsdorf,12400723,2018,2,19,1,2,1,5,2,0,1,0,0,0,0,1,792183,4405,5838093,153
115102,11,12,12301203,Wittenau S�d                                                                                        ,12500930,2018,11,12,2,3,2,2,0,0,1,0,0,1,0,1,794234,7551,5834764,29
115103,11,12,12103117,Letteplatz,12100101,2018,8,16,5,3,2,6,0,0,1,0,0,0,0,0,795823,129,5832371,775
115105,11,12,12301205,Waidmannslust,12500928,2018,10,16,6,3,2,6,0,0,1,0,0,0,0,0,792623,4013,5837517,2
115106,11,7,7020203,Kaiser-Wilhelm-Platz,7200410,2018,8,14,3,3,0,2,0,0,1,0,0,0,1,0,795787,5143,5824111,49
115107,11,2,2020202,Rathaus Yorckstra�e,2200208,2018,4,14,2,3,0,2,0,1,1,0,0,0,0,0,797897,8642,5825434,747
115108,11,2,2050602,Samariterviertel,2500728,2018,4,15,4,3,5,3,0,0,1,0,1,0,0,0,803088,3147,5827651,86
115109,11,7,7020203,Kaiser-Wilhelm-Platz,7200411,2018,5,18,3,3,5,5,0,1,1,0,0,0,0,0,795790,533,5824150,826
115110,11,4,4030417,Schlo�stra�e,4300414,2018,11,13,6,3,4,6,0,1,0,0,0,0,0,0,791455,5688,5826526,275
115111,11,7,7020203,Kaiser-Wilhelm-Platz,7200410,2018,12,19,2,2,0,7,2,1,1,0,0,0,0,0,795630,727,5823948,788
115112,11,3,3020307,Buchholz,3200309,2018,9,13,5,2,2,7,0,0,1,0,1,0,0,0,800750,1365,5836127,491
115113,11,1,1011102,Gro�er Tiergarten,1100102,2018,8,8,6,3,8,1,0,1,0,0,0,0,0,0,796594,365,5827400,537
115114,11,3,3040614,Pankow Zentrum                                                                                      ,3400721,2018,6,10,6,3,5,3,0,1,1,0,0,0,0,0,798338,399,5833472,778
115115,11,10,10040933,Mahlsdorf S�d                                                                                       ,10400941,2018,7,18,4,3,2,6,0,0,1,0,0,0,1,0,813234,2089,5827203,729
115116,11,2,2020202,Rathaus Yorckstra�e,2200208,2018,5,7,4,2,6,4,0,0,1,1,0,0,0,0,797838,9955,5824994,766
115117,11,9,9010102,Am Treptower Park Nord,9100101,2018,2,13,1,2,8,1,0,0,1,0,0,0,0,1,803868,8548,5824712,199
115118,11,8,8010510,Gewerbegebiet K�llnische Heide,8100521,2018,11,13,3,3,3,6,0,0,1,0,0,0,0,0,802653,7896,5822056,617
115119,11,10,10010309,Springpfuhl,10100312,2018,6,14,1,2,1,7,0,0,0,0,0,1,1,0,807692,9291,5829622,19
115120,11,5,5020524,Weinmeisterhornweg,5200528,2018,12,15,5,3,2,2,2,0,1,0,0,0,0,0,783506,925,5826702,865
115121,11,7,7020203,Kaiser-Wilhelm-Platz,7200411,2018,10,13,7,3,5,3,0,1,1,0,0,0,0,0,795777,942,5824124,54
115122,11,3,3061332,Helmholtzplatz,3601347,2018,8,17,5,3,0,1,0,0,1,0,1,0,0,0,799260,472,5830356,238
115123,11,3,3071633,Th�lmannpark,3701657,2018,4,7,4,3,2,6,0,0,0,0,1,0,1,0,800014,2643,5830214,565
115124,11,2,2050602,Samariterviertel,2500728,2018,3,12,7,3,2,6,0,0,1,0,0,0,0,0,802854,3129,5827658,805
115125,11,1,1011104,K�rnerstra�e                                                                                        ,1100104,2018,5,17,5,3,3,6,0,1,1,0,0,1,0,0,796342,416,5826116,754
115126,11,3,3061434,Anton-Saefkow-Park,3601451,2018,10,6,5,3,5,3,2,1,0,0,1,0,0,1,800851,6111,5830338,427
115127,11,4,4041134,Bismarckallee,4400726,2018,2,5,1,3,9,1,0,0,1,0,0,0,0,0,791186,4232,5824634,582
115128,11,11,11030721,R�digerstra�e,11300722,2018,11,10,3,3,5,2,0,1,0,0,0,0,1,0,803717,5354,5827570,502
115129,11,7,7050502,Fritz-Werner-Stra�e                                                                                 ,7501133,2018,9,11,7,3,2,6,0,0,1,0,0,0,1,0,797570,4887,5818393,702
115130,11,2,2050602,Samariterviertel,2500729,2018,8,14,6,2,6,4,0,0,1,1,0,0,0,0,803614,945,5827595,98
115131,11,12,12304314,Ziekowstra�e/Freie Scholle,12500824,2018,6,7,2,3,3,6,0,0,1,0,0,1,0,0,790290,8301,5835668,54
115132,11,11,11030721,R�digerstra�e,11300722,2018,3,10,6,3,2,2,0,0,1,0,0,0,0,0,803702,5818,5827571,864
115133,11,4,4020208,Kranzallee,4200206,2018,7,7,2,3,6,4,0,0,1,1,0,0,0,0,788945,3066,5826126,848
115134,11,9,9010302,Sp�thsfelde,9100306,2018,6,9,3,3,2,6,0,0,1,0,0,0,0,0,803318,3624,5820519,619