OBJECTID,LAND,BEZ,LOR,STRASSE,LOR_ab_2021,UJAHR,UMONAT,USTUNDE,UWOCHENTAG,UKATEGORIE,UART,UTYP1,ULICHTVERH,IstRad,IstPKW,IstFuss,IstKrad,IstGkfz,IstSonstig,STRZUSTAND,LINREFX,LINREFY,XGCSWGS84,YGCSWGS84
115135,11,4,4030622,Richard-Wagner-Stra�e,4300621,2018,8,10,4,3,6,4,0,1,0,1,0,0,0,0,792702,3224,5826735,687
115136,11,7,7050502,Fritz-Werner-Stra�e                                                                                 ,7501133,2018,5,17,5,3,2,6,0,0,1,0,0,0,1,0,798163,5943,5818918,582
115137,11,7,7050506,Birnhornweg,7501135,2018,4,6,5,3,5,2,0,1,0,0,0,0,1,0,798875,481,5817237,366
115138,11,3,3020209,Niedersch�nhausen,3200206,2018,12,5,3,3,8,1,2,0,1,0,0,0,0,1,798005,732,5834661,699
115139,11,4,4020313,K�nigin-Elisabeth-Stra�e,4200311,2018,9,12,7,3,2,6,0,0,1,0,0,0,0,0,790580,6523,5827307,481
115140,11,6,6030605,Botanischer Garten,6300629,2018,9,15,1,3,2,1,0,0,1,0,0,0,0,0,792840,197,5820017,73
115141,11,4,4020208,Kranzallee,4200206,2018,7,20,6,3,3,6,0,0,1,0,0,0,0,0,788926,6298,5826123,598
115142,11,12,12103117,Letteplatz,12100101,2018,7,13,6,3,2,6,0,0,1,0,0,1,0,0,795870,2845,5832108,549
115143,11,3,3050925,Komponistenviertel Wei�ensee,3500936,2018,3,17,4,3,2,6,2,1,1,0,0,0,0,0,801759,7891,5831358,551
115144,11,10,10040830,Kaulsdorf S�d                                                                                       ,10400837,2018,5,15,6,3,2,2,0,0,1,0,0,0,0,0,810870,873,5827087,59
115145,11,7,7050502,Fritz-Werner-Stra�e                                                                                 ,7501133,2018,10,12,5,3,3,6,0,0,1,0,0,1,0,0,797489,625,5818032,804
115146,11,2,2040503,Richard-Sorge-Viertel,2400522,2018,2,10,7,3,6,7,0,0,1,1,0,0,0,0,801904,8811,5827756,407
115147,11,7,7040403,Manteuffelstra�e                                                                                    ,7400824,2018,11,11,6,3,2,6,0,0,1,0,0,0,0,0,797849,5047,5822287,296
115148,11,1,1011201,Wilhelmstra�e                                                                                       ,1100205,2018,9,12,2,3,5,3,0,0,1,0,0,1,0,0,797012,7356,5826725,898
115149,11,1,1022202,Heidestra�e                                                                                         ,1200624,2018,8,14,7,3,2,1,0,0,1,0,0,0,0,0,795907,659,5829619,713
115150,11,9,9010201,Am Treptower Park S�d,9100202,2018,3,17,6,2,9,7,0,0,1,0,0,0,1,0,803488,1281,5824183,495
115151,11,4,4041133,G�terbahnhof Grunewald,4400725,2018,10,6,3,3,2,6,1,0,1,0,0,0,1,0,790518,2084,5825243,586
115152,11,12,12103218,Teichstra�e,12100205,2018,6,12,5,3,5,2,0,0,1,0,0,1,0,0,794565,602,5833812,13
115153,11,2,2050602,Samariterviertel,2500727,2018,8,15,6,3,5,2,0,1,1,0,0,0,0,0,802042,9723,5828022,719
115154,11,3,3020203,Blankenfelde,3200204,2018,3,20,2,3,5,2,2,1,1,0,0,0,0,1,797165,107,5838899,541
115155,11,4,4010101,Jungfernheide,4100101,2018,4,19,7,3,2,6,0,0,1,0,1,0,0,0,791356,429,5830161,198
115156,11,7,7040401,Neu-Tempelhof,7400720,2018,4,12,7,3,2,6,0,0,1,0,0,0,0,0,797759,4045,5823868,869
115157,11,3,3050925,Komponistenviertel Wei�ensee,3500936,2018,6,12,6,3,0,1,0,0,0,0,1,0,0,1,802524,8765,5831673,748
115158,11,3,3061332,Helmholtzplatz,3601347,2018,12,17,6,3,6,2,2,0,1,1,0,0,0,1,799431,4843,5830329,161
115159,11,7,7050502,Fritz-Werner-Stra�e                                                                                 ,7501133,2018,9,12,2,2,5,3,0,1,0,0,0,1,0,0,797437,271,5817797,382
115160,11,3,3061434,Anton-Saefkow-Park,3601451,2018,9,18,3,3,3,6,0,0,0,0,1,0,0,0,800621,877,5829920,517
115161,11,2,2040703,Wriezener Bahnhof/Entwicklungsgebiet,2400625,2018,6,16,3,3,0,4,0,1,0,1,0,0,0,0,801871,6286,5826517,758
115162,11,2,2050801,Traveplatz,2500830,2018,7,17,7,3,3,6,0,0,1,0,0,0,0,0,802131,9984,5827636,239
115163,11,7,7010104,Dennewitzplatz,7100206,2018,5,13,1,3,2,6,0,0,1,0,0,0,0,0,796008,1755,5824681,541
115164,11,4,4030417,Schlo�stra�e,4300414,2018,2,18,6,2,6,4,2,1,0,1,0,0,0,0,791614,7274,5826553,42
115165,11,11,11041027,Tierpark,11401034,2018,11,6,7,1,6,4,2,0,1,1,0,0,0,0,806954,1768,5827356,825
115167,11,6,6040701,Wannsee,6400735,2018,10,11,4,3,5,7,0,1,1,0,0,0,0,0,778765,6227,5814973,42
115168,11,7,7060603,Marienfelde Nordost,7601238,2018,8,15,2,3,5,2,0,1,1,0,0,0,0,0,797376,6723,5817555,84
115169,11,6,6040702,D�ppel,6400736,2018,4,12,1,3,2,2,0,0,1,0,0,0,0,0,785325,3387,5816037,802
115170,11,5,5020629,B�rnicker Stra�e                                                                                    ,5200634,2018,4,11,2,3,0,7,0,1,0,0,0,0,0,0,785383,6439,5826215,464
115171,11,9,9010101,Elsenstra�e                                                                                         ,9100101,2018,5,16,2,3,2,6,0,0,1,0,0,0,0,0,802589,1468,5825103,874
115172,11,4,4020208,Kranzallee,4200206,2018,10,18,3,3,6,4,1,0,1,1,0,0,0,1,788944,3261,5826126,679
115173,11,7,7040403,Manteuffelstra�e                                                                                    ,7400823,2018,2,11,6,3,3,6,0,0,1,0,0,0,1,0,797280,6469,5822341,794
115174,11,4,4041134,Bismarckallee,4400726,2018,12,17,1,3,2,6,2,0,1,0,0,0,0,1,790759,4186,5824874,567
115175,11,10,10010206,Ringkolonnaden,10100208,2018,9,9,4,3,2,6,0,0,1,0,0,0,0,0,808320,5572,5832061,291
115176,11,3,3040513,Sch�nholz,3400620,2018,8,16,5,3,5,2,0,1,1,0,0,0,0,1,798042,3386,5833912,252
115177,11,2,2050601,Hausburgviertel,2500726,2018,6,19,5,3,0,7,0,1,0,0,0,0,0,0,801703,8377,5828770,712
115178,11,1,1022202,Heidestra�e                                                                                         ,1200624,2018,7,14,3,3,3,6,0,0,0,0,1,1,0,0,796181,4288,5829120,155
115179,11,7,7040403,Manteuffelstra�e                                                                                    ,7400824,2018,2,9,5,3,5,3,0,1,1,0,0,0,0,0,797832,82,5822292,153
115180,11,7,7040403,Manteuffelstra�e                                                                                    ,7400824,2018,11,11,7,3,0,6,0,0,1,0,0,0,1,0,797852,6076,5821973,67
115181,11,2,2050601,Hausburgviertel,2500726,2018,6,16,5,3,1,7,0,0,1,0,0,0,0,0,801744,1161,5828688,205
115182,11,5,5020628,Graetschelsteig,5200633,2018,5,14,3,3,3,6,0,0,1,0,1,0,0,0,784325,1801,5826498,924
115183,11,4,4041134,Bismarckallee,4400726,2018,12,17,1,3,8,1,2,0,1,0,0,0,0,1,791124,6559,5824655,487
115184,11,7,8020620,Tempelhofer Weg,8200624,2018,10,9,5,3,2,6,0,0,1,0,0,0,0,0,800713,6939,5821599,895
115185,11,4,4030622,Richard-Wagner-Stra�e,4300621,2018,2,15,5,3,5,2,0,1,1,0,0,0,0,0,792276,1856,5826685,512
115186,11,6,6030605,Botanischer Garten,6300629,2018,7,14,2,2,5,2,0,1,1,0,0,0,0,0,792409,3321,5819717,715
115187,11,9,9010101,Elsenstra�e                                                                                         ,9100101,2018,4,10,3,3,5,2,0,0,1,0,0,0,0,0,802674,5825210,95,13
115188,11,10,10030727,Biesdorf S�d                                                                                        ,10300734,2018,7,10,7,2,5,3,0,1,1,0,0,0,0,0,810398,144,5827070,106
115189,11,4,4020311,Reichsstra�e,4200310,2018,3,19,4,3,5,3,2,1,1,0,0,0,0,0,790253,363,5826349,862
115190,11,6,6040703,Nikolassee,6400737,2018,5,16,3,3,0,6,0,0,1,0,0,0,1,0,784948,7865,5816729,651
115191,11,1,1011303,Alexanderplatzviertel,1100310,2018,10,15,2,3,3,6,0,0,1,0,1,0,0,1,799038,999,5827531,36
115192,11,4,4020313,K�nigin-Elisabeth-Stra�e,4200311,2018,2,13,4,3,6,4,0,0,1,1,0,0,0,0,790522,9638,5826394,778
115193,11,7,7040403,Manteuffelstra�e                                                                                    ,7400824,2018,11,10,7,3,5,2,0,0,1,0,0,0,1,0,797848,7766,5822303,306
115194,11,1,1011204,Leipziger Stra�e                                                                                    ,1100207,2018,9,16,6,3,5,7,0,1,1,0,0,0,0,0,798649,587,5827023,607
115195,11,4,4020311,Reichsstra�e,4200310,2018,8,12,4,2,2,6,0,0,1,0,0,0,0,0,789221,5169,5826169,308
115196,11,4,4020310,Park Ruhwald,4200308,2018,3,7,6,3,3,6,0,0,1,0,0,1,0,1,790482,2661,5828507,652
115197,11,6,6030503,Zehlendorf Mitte                                                                                    ,6300527,2018,8,22,2,2,5,3,2,0,1,0,0,0,0,0,790294,9635,5818368,758
115198,11,2,2050802,Boxhagener Platz,2500834,2018,4,11,2,3,0,7,0,1,0,0,0,0,0,0,802020,8285,5826959,85
115199,11,6,6030503,Zehlendorf Mitte                                                                                    ,6300527,2018,4,15,3,2,5,2,0,0,1,0,1,0,0,0,790289,851,5818387,495
115200,11,4,4030621,Spreestadt,4300620,2018,5,7,3,3,5,3,0,1,0,0,0,0,0,0,793919,987,5826943,922
115201,11,4,4010101,Jungfernheide,4100101,2018,10,14,4,3,2,6,0,0,1,0,1,0,0,0,791154,1024,5829460,337
115202,11,1,1011201,Wilhelmstra�e                                                                                       ,1100205,2018,2,21,4,2,5,7,2,0,0,0,1,0,1,0,797124,468,5826745,125
115203,11,11,11041027,Tierpark,11401034,2018,12,18,2,3,2,6,2,0,1,0,0,0,1,0,807452,7045,5827449,319
115204,11,1,1011303,Alexanderplatzviertel,1100310,2018,9,18,4,3,5,2,0,1,1,0,0,0,0,0,799560,3725,5828276,377
115205,11,10,10010310,Alt-Marzahn,10100313,2018,8,13,5,3,5,7,0,0,1,0,1,0,0,1,807689,4661,5830404,509
115206,11,2,2020203,Viktoriapark,2200209,2018,6,19,5,2,5,7,0,0,1,0,1,0,0,0,797738,7284,5824250,56
115207,11,2,2040701,Andreasviertel,2400521,2018,7,7,4,3,3,6,0,1,0,0,0,0,0,0,800366,8841,5827973,747
115208,11,1,1011105,N�rdlicher Landwehrkanal                                                                            ,1100102,2018,2,18,4,2,5,3,2,0,1,0,1,0,0,0,796449,195,5826441,205
115209,11,7,7040405,Rathaus Tempelhof,7400927,2018,11,2,2,3,2,1,2,0,1,0,0,0,1,0,799346,629,5821539,577
115210,11,4,4020208,Kranzallee,4200206,2018,6,18,6,3,2,6,0,0,1,0,0,0,1,0,788379,7682,5826035,618
115211,11,2,2050602,Samariterviertel,2500728,2018,5,20,3,2,5,2,0,0,1,0,1,0,0,0,803087,9918,5827651,118
115212,11,4,4020314,Messegel�nde,4200311,2018,12,15,5,3,2,6,0,0,1,0,0,0,0,1,790460,103,5825307,957
115213,11,11,11030721,R�digerstra�e,11300722,2018,10,16,5,3,5,3,0,1,0,0,0,0,0,0,804132,2809,5827529,87
115214,11,12,12214125,Waldidyll/Flughafensee,12200414,2018,2,17,4,3,3,6,2,0,1,0,0,1,0,0,792088,1953,5832519,474
115215,11,8,8020619,Buschkrugallee Nord,8200622,2018,7,12,3,3,2,6,0,0,1,0,0,0,0,0,802081,587,5821877,24
115216,11,4,4041134,Bismarckallee,4400726,2018,4,14,4,2,2,6,0,0,1,0,0,0,1,0,790712,945,5824955,77
115217,11,1,1011303,Alexanderplatzviertel,1100310,2018,7,17,2,2,5,2,0,0,1,0,0,1,0,0,799775,967,5828649,745
115218,11,12,12302212,Rollbergesiedlung,12601032,2018,3,14,5,3,2,6,0,0,1,0,0,0,0,1,792808,7385,5837298,164
115219,11,2,2050802,Boxhagener Platz,2500834,2018,5,15,4,3,3,6,0,1,1,0,0,0,0,0,802010,9437,5827053,155
115220,11,1,1011105,N�rdlicher Landwehrkanal                                                                            ,1100102,2018,10,7,3,3,2,6,0,0,1,0,1,0,0,1,796424,8779,5826343,484
115221,11,9,9010401,Johannisthal West,9100407,2018,2,1,4,2,3,6,2,0,1,0,0,0,0,0,805369,9886,5819065,507
115222,11,4,4041133,G�terbahnhof Grunewald,4400725,2018,11,16,2,3,2,6,1,0,1,0,0,0,0,0,790557,7266,5825141,753
115223,11,12,12103219,Sch�fersee,12100204,2018,9,12,6,3,5,2,0,0,1,0,0,0,0,0,795765,3029,5832700,901
115224,11,6,6010102,Schlo�stra�e                                                                                        ,6100102,2018,8,18,5,2,2,6,0,0,1,0,1,0,0,0,793522,4638,5820412,173
115225,11,3,3040513,Sch�nholz,3400620,2018,6,10,7,3,5,2,0,1,1,0,0,0,0,0,798036,4686,5833794,563
115226,11,4,4051656,Hildegardstra�e,4501151,2018,3,14,6,3,2,6,0,0,1,0,0,0,1,0,793808,1234,5822990,982
115227,11,7,7020203,Kaiser-Wilhelm-Platz,7200410,2018,6,18,7,2,1,5,0,0,0,0,0,1,1,0,795379,6099,5823681,64
115228,11,1,1011303,Alexanderplatzviertel,1100310,2018,6,16,2,3,3,6,0,0,1,0,0,0,0,0,799232,989,5827877,422
115229,11,7,7050501,Rathausstra�e                                                                                       ,7501029,2018,8,15,4,3,2,6,0,0,1,0,0,0,0,0,797714,8624,5818798,397
115230,11,4,4051551,Brabanter Platz,4501148,2018,5,9,5,3,2,6,0,0,1,0,0,0,0,0,792714,3663,5823289,621
115231,11,10,10030726,Alt-Biesdorf,10300733,2018,4,5,4,3,2,6,1,0,1,0,0,0,0,0,808981,336,5827441,4
115232,11,1,1011304,Karl-Marx-Allee,1100311,2018,12,21,6,3,6,4,2,1,0,1,0,0,0,0,799869,8039,5828161,756
115233,11,2,2040701,Andreasviertel,2400521,2018,9,8,6,3,3,6,0,0,1,0,0,0,0,0,800383,7453,5827976,976
115234,11,7,7060601,Marienfelder Allee Nordwest,7601236,2018,9,20,6,3,5,3,2,0,1,0,0,0,0,0,796736,4426,5816065,435
115235,11,3,3061434,Anton-Saefkow-Park,3601451,2018,7,18,5,3,0,2,0,0,1,0,0,0,1,0,800897,8872,5829698,294
115236,11,3,3061429,Greifswalder Stra�e,3601449,2018,7,8,6,2,5,2,0,1,1,0,0,0,0,0,801348,7145,5831003,317
115237,11,6,6040703,Nikolassee,6400737,2018,3,6,3,2,6,4,0,1,0,1,0,0,0,0,786576,4199,5816955,816
115238,11,9,9010101,Elsenstra�e                                                                                         ,9100101,2018,5,14,5,3,2,6,0,0,1,0,1,0,0,0,802616,237,5825142,21
115239,11,7,7040403,Manteuffelstra�e                                                                                    ,7400824,2018,2,7,4,3,2,2,0,0,1,0,0,0,1,0,797569,2368,5822352,931
115240,11,1,1011204,Leipziger Stra�e                                                                                    ,1100207,2018,11,19,5,3,2,6,2,0,1,0,0,0,0,0,798782,4359,5827170,877
115241,11,4,4020313,K�nigin-Elisabeth-Stra�e,4200311,2018,9,11,1,2,5,2,0,0,1,0,0,0,0,0,790534,5582,5826378,15
115242,11,12,12103115,Breitkopfbecken,12100103,2018,8,8,7,3,5,2,0,0,1,0,0,0,1,0,795338,5166,5833744,142
115243,11,3,3020209,Niedersch�nhausen,3200206,2018,3,17,5,3,0,6,0,0,0,0,0,0,1,0,797962,5076,5834549,106
115245,11,4,4030622,Richard-Wagner-Stra�e,4300621,2018,10,11,3,3,2,6,0,0,1,0,0,0,1,0,792723,4409,5826739,247
115246,11,1,1044102,Schillerpark,1400940,2018,8,13,5,3,5,3,0,0,1,0,1,0,0,0,795879,131,5832057,506
115247,11,9,9010201,Am Treptower Park S�d,9100202,2018,4,11,6,3,0,7,0,1,1,0,0,0,0,0,803367,358,5824301,446
115248,11,6,6030503,Zehlendorf Mitte                                                                                    ,6300527,2018,4,16,6,2,2,2,0,1,1,0,0,0,0,0,791050,49,5818811,216
115249,11,4,4010101,Jungfernheide,4100101,2018,5,19,5,3,2,6,0,0,1,0,0,0,0,0,791237,2536,5829720,156
115250,11,8,8020619,Buschkrugallee Nord,8200622,2018,12,8,6,3,2,1,0,0,1,0,0,0,0,1,801477,9299,5821772,25
115251,11,6,6030503,Zehlendorf Mitte                                                                                    ,6300527,2018,9,15,1,3,5,2,0,0,1,0,0,0,0,1,791033,5818801,4,13
115252,11,3,3061126,Arnimplatz,3601141,2018,9,7,3,3,5,2,0,1,1,0,0,0,0,0,799197,1111,5831455,217
115253,11,7,7050502,Fritz-Werner-Stra�e                                                                                 ,7501133,2018,6,0,2,3,1,1,2,0,1,0,0,0,0,0,798525,6977,5818076,802
115254,11,7,7070703,John-Locke-Stra�e                                                                                   ,7601544,2018,7,5,6,2,5,2,0,0,1,0,1,0,0,0,799806,607,5813854,206
115255,11,1,1044102,Schillerpark,1400940,2018,5,17,7,3,5,3,0,0,1,0,0,0,0,0,795878,6713,5832059,342
115256,11,7,7020203,Kaiser-Wilhelm-Platz,7200411,2018,2,14,4,3,1,5,0,1,1,0,0,0,0,0,795843,7492,5824265,368
115257,11,7,7060601,Marienfelder Allee Nordwest,7601236,2018,11,9,6,3,6,4,0,0,1,1,0,0,0,0,796918,3499,5816499,563
115259,11,4,7030303,Grazer Platz,7300619,2018,10,16,3,3,2,6,0,0,1,0,0,0,0,0,795136,456,5822984,222
115260,11,7,7020202,Volkspark (Rudolf-Wilde-Park),7200308,2018,3,14,2,3,6,4,0,1,0,1,0,0,0,1,795505,9851,5823341,22
115261,11,10,10010309,Springpfuhl,10100312,2018,8,19,1,2,0,1,0,1,0,0,0,0,0,0,807758,2923,5829321,402
115262,11,4,4020208,Kranzallee,4200206,2018,4,10,7,2,3,6,0,1,0,0,0,0,0,0,787655,6153,5825918,765
115263,11,3,3061332,Helmholtzplatz,3701657,2018,4,9,1,3,5,3,0,0,1,0,0,0,0,1,799980,674,5830224,78
115264,11,1,1011303,Alexanderplatzviertel,1100310,2018,5,8,1,2,5,2,0,0,1,0,0,0,1,0,799567,629,5828271,916
115265,11,7,7040405,Rathaus Tempelhof,7400927,2018,10,13,3,3,5,3,0,0,1,0,1,0,0,0,798974,735,5821874,321
115266,11,7,7040401,Neu-Tempelhof,7400720,2018,2,13,4,3,2,6,0,0,1,0,0,1,0,0,797824,71,5822480,84
115267,11,10,10040933,Mahlsdorf S�d                                                                                       ,10400940,2018,11,21,6,3,2,6,2,0,1,0,0,0,0,1,813023,7108,5827189,588
115268,11,3,3061126,Arnimplatz,3601139,2018,9,17,3,3,5,2,0,1,1,0,0,0,0,0,799220,4888,5832049,474
115269,11,3,3061131,Falkplatz,3601142,2018,8,10,4,3,1,5,0,1,1,0,0,0,1,0,799163,409,5830573,247
115270,11,12,12302212,Rollbergesiedlung,12601032,2018,6,15,4,2,5,3,0,1,1,0,0,0,0,0,792758,417,5837385,375
115271,11,7,7030303,Grazer Platz,7300619,2018,7,17,3,2,3,6,0,0,1,0,1,0,0,0,795644,3968,5823014,891
115272,11,11,11030721,R�digerstra�e,11300722,2018,6,7,5,3,2,6,0,0,1,0,0,0,0,0,804054,3735,5827536,922
115273,11,9,9010201,Am Treptower Park S�d,9100202,2018,5,21,2,2,6,4,2,0,0,1,1,0,0,0,803265,5359,5824400,847
115274,11,7,7010104,Dennewitzplatz,7100206,2018,4,1,1,3,1,6,2,0,1,0,0,0,0,0,796007,5752,5824802,156
115275,11,7,7020202,Volkspark (Rudolf-Wilde-Park),7200308,2018,12,18,7,2,5,7,2,0,1,0,0,0,1,1,795225,438,5823516,568
115276,11,7,7040403,Manteuffelstra�e                                                                                    ,7400825,2018,10,20,3,3,2,6,2,0,1,0,0,0,1,1,797806,727,5820947,764
115277,11,2,2050602,Samariterviertel,2500727,2018,2,12,4,3,5,2,0,0,1,0,0,0,0,0,802148,8915,5827734,953
115278,11,7,7020202,Volkspark (Rudolf-Wilde-Park),7200308,2018,7,10,2,3,5,2,0,1,0,0,0,0,1,0,795241,8384,5823528,185
115279,11,4,4030622,Richard-Wagner-Stra�e,4300621,2018,4,14,3,3,2,6,0,0,1,0,0,0,0,0,792108,8196,5826657,542
115280,11,12,12103218,Teichstra�e,12100205,2018,7,6,5,3,5,2,0,1,1,0,0,0,0,0,794451,457,5834366,952
115281,11,7,7050502,Fritz-Werner-Stra�e                                                                                 ,7501133,2018,3,8,3,3,5,2,0,0,1,0,0,0,1,1,798181,752,5818924,81
115282,11,7,7050501,Rathausstra�e                                                                                       ,7501030,2018,5,5,3,3,5,2,0,0,1,0,0,0,0,0,797869,7051,5820429,141
115283,11,7,7040406,Germaniagarten,7400928,2018,10,14,2,3,2,6,0,0,1,0,0,0,1,0,800083,2401,5821474,304
115284,11,4,4041134,Bismarckallee,4400726,2018,2,11,4,3,2,6,0,0,0,0,0,1,0,0,790760,69,5824873,469
115285,11,7,7040403,Manteuffelstra�e                                                                                    ,7400825,2018,11,11,5,3,1,5,0,1,0,0,0,0,1,0,797818,411,5820878,455
115286,11,7,7030303,Grazer Platz,7300619,2018,9,19,5,3,0,1,2,0,0,0,1,0,0,1,795595,4523,5823261,192
115287,11,4,4010101,Jungfernheide,4100101,2018,8,17,3,3,2,6,0,0,1,0,0,0,0,0,791118,49,5829270,551
115288,11,1,1011104,K�rnerstra�e                                                                                        ,1100104,2018,3,9,5,3,6,2,0,0,1,1,0,0,0,0,796424,7858,5826274,614
115289,11,4,4020314,Messegel�nde,4200311,2018,6,16,6,3,2,6,0,0,1,0,0,0,0,0,790552,8209,5825921,704
115290,11,2,2050602,Samariterviertel,2500727,2018,6,2,7,2,2,6,2,0,1,0,0,0,0,0,802571,4604,5827703,741
115291,11,3,3061131,Falkplatz,3601142,2018,8,15,2,3,1,6,0,0,1,0,0,0,1,0,799171,1768,5830767,812
115292,11,12,12302211,L�barser Stra�e,12601031,2018,5,12,4,3,5,3,0,1,1,0,0,0,0,0,793334,5631,5836563,301
115293,11,3,3050925,Komponistenviertel Wei�ensee,3500936,2018,4,16,3,3,0,4,0,0,0,1,0,0,1,0,802136,7558,5831518,408
115294,11,6,6040701,Wannsee,6400735,2018,12,20,3,3,0,1,2,1,0,0,0,0,0,1,783286,7554,5815963,34
115295,11,12,12214125,Waldidyll/Flughafensee,12200414,2018,9,15,4,2,0,1,0,0,0,0,1,0,0,0,791652,1617,5830919,628
115296,11,10,10030726,Alt-Biesdorf,10300733,2018,9,15,5,3,3,6,0,0,1,0,0,1,0,0,809576,902,5827361,429
115297,11,12,12301205,Waidmannslust,12500928,2018,7,17,3,3,5,2,0,1,1,0,0,0,0,0,792360,719,5837748,357
115298,11,2,2040502,Friedenstra�e,2400521,2018,7,23,4,3,6,7,2,1,0,1,0,0,0,1,801121,5291,5827836,471
115299,11,1,1033203,Humboldthain Nordwest                                                                               ,1300836,2018,5,13,4,3,2,6,0,0,1,0,0,0,0,0,796313,951,5830050,474
115300,11,12,12302212,Rollbergesiedlung,12601032,2018,2,18,3,3,2,6,2,0,1,0,0,0,0,0,792722,246,5837431,684
115301,11,2,2050601,Hausburgviertel,2500726,2018,11,7,3,3,2,6,0,0,1,0,0,0,0,1,801690,2773,5828862,724
115302,11,10,10030726,Alt-Biesdorf,10300733,2018,8,18,5,3,5,2,0,1,1,0,0,0,0,0,808924,106,5827407,736
115303,11,3,3061429,Greifswalder Stra�e,3601449,2018,3,12,5,2,6,4,0,0,1,1,0,0,0,1,800966,4,5830474,347
115305,11,2,2050602,Samariterviertel,2500727,2018,10,15,7,3,3,6,0,1,1,0,0,0,0,0,802577,376,5827687,13
115306,11,8,8010510,Gewerbegebiet K�llnische Heide,8100521,2018,8,15,4,3,2,6,0,0,1,0,0,0,0,0,802747,6453,5821545,61
115307,11,12,12231101,Hermsdorf,12400723,2018,4,10,5,3,2,6,0,0,1,0,1,0,0,0,791750,6951,5839555,282
115308,11,12,12214422,Klixstra�e                                                                                          ,12200310,2018,4,15,5,3,3,6,0,0,1,0,0,1,0,0,791703,53,5833440,137
115309,11,7,7040405,Rathaus Tempelhof,7400927,2018,5,7,4,3,3,6,0,0,1,0,0,1,0,0,799092,9669,5821729,384
115310,11,7,7050501,Rathausstra�e                                                                                       ,7501030,2018,6,11,7,3,6,7,0,0,0,1,0,0,1,0,798058,513,5819376,123
115311,11,3,3040614,Pankow Zentrum                                                                                      ,3400725,2018,6,11,2,3,2,6,0,0,1,0,0,0,1,0,800298,5962,5835350,887
115312,11,4,4030417,Schlo�stra�e,4300414,2018,8,7,3,3,6,4,0,0,1,1,0,0,0,0,791646,666,5826558,384
115313,11,1,1011202,Unter den Linden Nord,1100206,2018,5,14,5,3,6,4,0,0,0,1,0,0,1,0,797706,8324,5827611,15
115314,11,7,7040403,Manteuffelstra�e                                                                                    ,7400824,2018,4,17,3,3,2,6,0,0,1,0,0,0,0,0,797861,4637,5821608,954
115315,11,11,11040926,Weitlingstra�e,11400931,2018,12,6,6,3,1,5,2,0,1,0,0,1,0,0,806474,52,5827354,318
115316,11,2,2050602,Samariterviertel,2500728,2018,9,10,5,3,0,6,0,1,0,1,0,0,0,0,802768,756,5827668,6
115317,11,11,11030721,R�digerstra�e,11300725,2018,9,11,6,3,2,2,0,0,1,0,0,0,1,1,804851,93,5827450,494
115318,11,1,1011303,Alexanderplatzviertel,1100310,2018,7,8,4,3,0,7,0,1,1,0,0,0,0,0,799329,723,5827978,821
115319,11,3,3050923,Wei�enseer Spitze,3500934,2018,7,15,4,2,5,2,0,0,1,0,1,0,0,0,800250,6376,5831906,937
115320,11,11,11030721,R�digerstra�e,11300722,2018,5,9,5,3,2,2,0,0,1,0,0,0,0,0,803737,7902,5827568,567
115321,11,4,4041137,Flinsberger Platz,4400727,2018,2,16,3,3,2,6,2,0,1,0,0,0,0,0,791808,1386,5824108,216
115322,11,2,3071638,Winsstra�e,3701659,2018,11,11,4,2,8,1,0,0,1,0,0,0,0,0,799873,987,5828797,213
115323,11,1,1011303,Alexanderplatzviertel,1100310,2018,8,8,6,3,5,2,0,1,1,0,0,0,0,0,798784,6193,5828000,405
115324,11,10,10040830,Kaulsdorf S�d                                                                                       ,10400837,2018,3,9,5,2,5,3,0,0,1,0,0,0,0,1,811523,3922,5827129,611
115326,11,3,3061131,Falkplatz,3601142,2018,10,0,2,2,0,1,2,1,0,0,0,0,0,1,799164,7046,5830456,285
115327,11,2,2020203,Viktoriapark,2200209,2018,8,9,5,3,2,6,0,0,1,0,0,0,1,0,797746,2275,5824103,518
115328,11,1,1011102,Gro�er Tiergarten,1100102,2018,4,19,5,3,1,5,1,1,0,0,0,0,1,1,794854,6441,5827124,129
115329,11,4,4030622,Richard-Wagner-Stra�e,4300621,2018,4,1,6,3,2,6,2,0,1,0,0,0,0,0,792363,2797,5826678,656
115330,11,1,1011105,N�rdlicher Landwehrkanal                                                                            ,1100102,2018,5,11,5,3,5,3,0,0,1,0,0,0,1,0,796438,3703,5826319,76
115331,11,7,7050506,Birnhornweg,7501135,2018,12,16,5,3,6,2,1,0,1,1,0,0,0,1,798861,5308,5817211,875
115332,11,2,2020202,Rathaus Yorckstra�e,2200208,2018,9,20,6,3,0,6,2,0,1,0,0,0,0,1,797424,52,5825533,594
115333,11,6,6040702,D�ppel,6400736,2018,9,13,2,3,2,6,0,0,1,0,1,0,0,0,785397,199,5815564,737