OBJECTID,LAND,BEZ,LOR,STRASSE,LOR_ab_2021,UJAHR,UMONAT,USTUNDE,UWOCHENTAG,UKATEGORIE,UART,UTYP1,ULICHTVERH,IstRad,IstPKW,IstFuss,IstKrad,IstGkfz,IstSonstig,STRZUSTAND,LINREFX,LINREFY,XGCSWGS84,YGCSWGS84
115334,11,2,2050602,Samariterviertel,2500727,2018,6,16,7,3,6,7,0,1,0,1,0,0,0,0,802148,7907,5827722,962
115335,11,7,7030303,Grazer Platz,7300619,2018,7,11,5,3,2,6,0,0,1,0,0,0,0,0,795790,1476,5822629,348
115336,11,1,1011303,Alexanderplatzviertel,1100310,2018,5,17,5,3,3,6,0,0,1,0,0,0,0,0,799254,9859,5827906,651
115337,11,1,1011104,K�rnerstra�e                                                                                        ,1100104,2018,2,18,3,3,2,6,2,0,1,0,0,0,0,0,796241,6705,5825913,571
115338,11,5,5040935,Gro�-Glienicker Weg,5400942,2018,11,17,5,3,2,6,2,0,1,0,0,0,0,0,781848,6309,5824568,195
115340,11,3,3061332,Helmholtzplatz,3701657,2018,10,8,3,3,5,2,0,0,1,0,0,0,0,0,799988,741,5830196,777
115341,11,2,2040503,Richard-Sorge-Viertel,2400522,2018,8,8,1,2,2,6,0,0,1,0,0,0,0,0,801716,2533,5827775,796
115342,11,4,4020208,Kranzallee,4200206,2018,4,10,7,2,3,6,0,1,0,0,0,0,0,0,787689,7556,5825924,249
115343,11,12,12103219,Sch�fersee,12100204,2018,3,18,5,3,1,5,0,1,0,0,0,0,1,0,795601,4976,5833093,577
115344,11,3,3061332,Helmholtzplatz,3601348,2018,5,11,7,2,6,4,0,1,0,1,0,0,0,0,799800,3204,5830258,59
115345,11,3,3071639,B�tzowstra�e,3701660,2018,10,18,2,3,5,3,1,1,0,0,0,1,0,1,800561,8475,5829824,815
115346,11,4,4030623,Ernst-Reuter-Platz,4300622,2018,2,19,3,3,3,2,2,0,1,0,1,0,0,0,793299,7389,5826849,666
115347,11,6,6040701,Wannsee,6400735,2018,11,16,6,1,6,4,2,0,1,1,0,0,0,1,782842,3468,5815847,167
115348,11,2,2050801,Traveplatz,2500830,2018,9,12,3,3,0,6,0,1,0,0,0,0,1,0,802158,3768,5827615,226
115349,11,10,10030726,Alt-Biesdorf,10300733,2018,8,13,3,3,3,6,0,0,1,0,0,1,0,0,809111,6974,5827397,13
115350,11,8,8020620,Tempelhofer Weg,8200624,2018,6,10,4,3,2,6,0,0,1,0,0,0,0,0,800780,616,5821607,11
115351,11,7,7030303,Grazer Platz,7300619,2018,7,16,3,2,8,1,0,0,1,0,1,0,0,0,795201,9682,5822473,713
115352,11,7,7040406,Germaniagarten,7400928,2018,6,16,4,3,8,1,0,0,0,0,1,0,0,0,799718,3475,5821444,668
115353,11,1,1044102,Schillerpark,1400940,2018,5,23,1,3,5,3,2,0,1,0,0,0,0,0,795879,57,5832057,27
115354,11,12,4010101,Jungfernheide,4100101,2018,4,14,6,2,2,6,0,0,1,0,1,0,0,0,791512,465,5830627,7
115355,11,7,7050506,Birnhornweg,7501135,2018,12,11,6,3,2,6,0,0,1,0,0,0,0,1,798824,6708,5817300,36
115356,11,12,12103115,Breitkopfbecken,12100103,2018,10,15,3,3,2,6,0,0,1,0,1,0,0,1,795406,3283,5833601,445
115357,11,7,7030303,Grazer Platz,7300619,2018,2,14,3,3,2,6,0,0,1,0,0,0,0,0,796081,3999,5822740,184
115358,11,4,4020310,Park Ruhwald,4200308,2018,7,11,1,3,2,6,0,0,1,0,0,0,0,0,790409,6914,5828157,802
115359,11,4,4041137,Flinsberger Platz,4400727,2018,4,17,2,3,3,6,0,0,1,0,0,1,0,1,791546,2987,5824383,888
115360,11,2,2040503,Richard-Sorge-Viertel,2400522,2018,7,17,4,3,2,6,0,1,0,0,0,0,0,0,802043,5723,5827742,151
115361,11,1,1011303,Alexanderplatzviertel,1100310,2018,3,14,2,3,2,6,0,0,1,0,0,0,1,0,799108,2062,5827640,109
115362,11,1,1033203,Humboldthain Nordwest                                                                               ,1300836,2018,5,12,2,3,5,2,0,0,1,0,0,0,0,0,796184,661,5830195,38
115363,11,4,4020208,Kranzallee,4200206,2018,10,14,1,3,2,2,0,0,1,0,0,0,0,0,788364,8808,5826033,223
115364,11,3,3061332,Helmholtzplatz,3701657,2018,2,7,3,3,5,2,0,0,1,0,0,0,0,0,799972,748,5830201,544
115365,11,1,1044203,Leopoldplatz,1401049,2018,11,17,3,3,1,5,1,1,1,0,0,0,0,0,796020,571,5831396,877
115366,11,4,4041239,Stadion Wilmersdorf,4400830,2018,9,15,5,3,2,6,0,0,1,0,0,1,0,0,792422,499,5823332,282
115367,11,2,2050602,Samariterviertel,2500727,2018,8,8,3,3,0,6,0,0,1,0,1,0,0,0,802252,5101,5827738,231
115368,11,4,4020313,K�nigin-Elisabeth-Stra�e,4200311,2018,3,16,5,2,0,7,0,0,1,0,0,0,0,0,790746,3813,5826524,163
115369,11,12,12103117,Letteplatz,12100101,2018,6,22,5,3,5,3,2,0,0,0,1,0,1,0,795784,1984,5832509,11
115370,11,7,7020202,Volkspark (Rudolf-Wilde-Park),7200308,2018,6,18,6,3,1,5,0,0,1,0,1,0,0,0,795485,2065,5823370,765
115371,11,4,4020313,K�nigin-Elisabeth-Stra�e,4200311,2018,8,16,1,2,3,6,0,1,1,0,0,0,0,0,790573,148,5826384,561
115372,11,3,3020209,Niedersch�nhausen,3200206,2018,5,17,4,3,0,6,0,0,1,0,0,0,1,0,798250,8637,5834743,892
115373,11,7,7050502,Fritz-Werner-Stra�e                                                                                 ,7501133,2018,4,17,2,3,5,3,0,0,1,0,1,0,0,0,797428,3881,5817758,709
115374,11,12,12302212,Rollbergesiedlung,12601032,2018,12,12,3,3,6,2,0,0,0,1,0,0,1,1,792728,9413,5837423,112
115375,11,1,1011303,Alexanderplatzviertel,1100310,2018,9,14,3,3,2,6,0,0,1,0,0,0,0,0,799689,5016,5828459,825
115376,11,10,10030726,Alt-Biesdorf,10300733,2018,9,10,5,3,2,6,0,0,1,0,0,0,0,0,808474,886,5827450,451
115377,11,10,10030726,Alt-Biesdorf,10300733,2018,7,8,3,3,2,6,0,0,1,0,1,0,0,0,808450,3092,5827455,302
115378,11,10,10040933,Mahlsdorf S�d                                                                                       ,10400941,2018,7,22,3,3,5,3,2,1,1,0,0,0,0,1,813255,9964,5827202,777
115379,11,4,4030417,Schlo�stra�e,4300414,2018,5,18,3,3,5,2,0,1,1,0,0,0,0,1,791692,7132,5826587,555
115380,11,7,7050506,Birnhornweg,7501135,2018,2,6,3,3,5,2,0,0,1,0,0,0,0,1,798860,497,5817214,362
115381,11,7,7020203,Kaiser-Wilhelm-Platz,7200410,2018,11,19,2,3,0,1,2,0,0,0,1,0,0,0,795560,6186,5823858,148
115382,11,6,6030605,Botanischer Garten,6300629,2018,8,16,5,3,2,2,0,0,1,0,0,0,0,0,792503,5589,5819786,736
115384,11,1,1011303,Alexanderplatzviertel,1100310,2018,10,8,6,3,6,4,0,1,0,1,0,0,0,0,799169,5269,5828370,172
115385,11,12,12103115,Breitkopfbecken,12100103,2018,8,17,3,3,3,6,0,0,1,0,0,0,0,0,795346,5003,5833721,757
115386,11,3,3061126,Arnimplatz,3601141,2018,4,15,3,3,5,2,0,1,1,0,0,0,0,1,799196,2561,5831435,496
115387,11,10,10030727,Biesdorf S�d                                                                                        ,10300734,2018,4,9,5,3,1,5,0,0,0,0,1,0,1,0,810145,923,5827124,965
115388,11,3,3040614,Pankow Zentrum                                                                                      ,3400723,2018,5,13,4,3,5,2,0,1,1,0,0,0,0,0,798368,7219,5833480,47
115389,11,7,7060601,Marienfelder Allee Nordwest,7601236,2018,11,14,6,3,3,6,0,1,0,0,0,0,0,0,797328,65,5817349,659
115390,11,10,10040830,Kaulsdorf S�d                                                                                       ,10400837,2018,12,17,3,3,2,2,2,1,1,0,0,0,0,0,811512,2842,5827115,362
115391,11,7,7050502,Fritz-Werner-Stra�e                                                                                 ,7501133,2018,9,8,5,3,5,2,0,0,1,0,1,0,0,0,798587,189,5817928,693
115392,11,1,1033203,Humboldthain Nordwest                                                                               ,1300836,2018,8,19,6,3,0,7,1,0,1,0,0,0,0,0,796331,3586,5830067,33
115393,11,4,4020311,Reichsstra�e,4200310,2018,6,14,6,3,2,6,0,0,1,0,0,0,0,0,789156,1562,5826158,702
115394,11,12,12103219,Sch�fersee,12100204,2018,7,22,4,3,6,4,2,1,0,1,0,0,0,0,795572,4867,5833199,669
115395,11,2,2050602,Samariterviertel,2500728,2018,5,19,4,3,3,6,0,0,1,0,1,0,0,0,802606,8461,5827684,174
115396,11,6,6040703,Nikolassee,6400737,2018,2,1,3,3,3,6,2,0,1,0,0,1,0,0,787469,5042,5821275,608
115397,11,4,4030417,Schlo�stra�e,4300414,2018,11,15,3,3,5,3,0,0,1,0,0,0,0,0,791859,781,5826594,454
115398,11,9,9010302,Sp�thsfelde,9100306,2018,6,10,2,3,2,6,0,0,1,0,0,0,0,0,803101,4496,5820895,674
115399,11,7,7050502,Fritz-Werner-Stra�e                                                                                 ,7501133,2018,12,10,6,3,5,2,0,0,1,0,0,0,0,1,798411,626,5818350,632
115400,11,1,1011303,Alexanderplatzviertel,1100310,2018,10,22,7,3,3,6,2,0,1,0,0,0,0,0,799269,1886,5827886,555
115401,11,10,10040933,Mahlsdorf S�d                                                                                       ,10400940,2018,8,13,6,3,0,6,0,0,1,0,1,0,0,0,812749,9036,5827190,281
115402,11,1,1033203,Humboldthain Nordwest                                                                               ,1300836,2018,4,17,5,3,2,6,0,0,1,0,0,0,0,0,796262,684,5830263,773
115403,11,2,2040701,Andreasviertel,2400521,2018,3,19,2,3,6,4,2,0,0,1,1,0,0,0,800636,7698,5827889,59
115404,11,4,4030417,Schlo�stra�e,4300414,2018,5,20,5,3,5,2,0,1,1,0,0,0,0,0,791692,7132,5826587,555
115405,11,4,4041133,G�terbahnhof Grunewald,4400725,2018,10,15,5,3,2,6,0,0,1,0,0,0,0,1,790579,109,5825138,761
115406,11,4,4030417,Schlo�stra�e,4300414,2018,2,15,2,3,2,6,0,0,1,0,0,0,0,0,790787,9026,5826429,269
115407,11,7,7070703,John-Locke-Stra�e                                                                                   ,7601544,2018,11,16,4,3,5,3,2,1,1,0,0,0,0,0,799849,6671,5813586,688
115408,11,2,2020203,Viktoriapark,2200209,2018,9,14,1,3,6,4,0,0,1,1,0,0,0,0,797740,163,5824223,89
115409,11,4,4030417,Schlo�stra�e,4300414,2018,8,21,6,3,5,3,2,1,1,0,0,0,0,0,791026,4348,5826458,269
115410,11,3,3010101,Bucher Forst,3100101,2018,6,15,2,3,9,1,0,0,0,0,0,0,1,0,803107,5881,5840233,57
115411,11,3,3010104,Lietzengraben,3100101,2018,7,16,2,3,0,1,0,0,0,0,1,0,0,0,799896,614,5839578,798
115412,11,9,9010102,Am Treptower Park Nord,9100101,2018,12,18,4,3,5,2,2,1,1,0,0,0,0,0,802752,5038,5825179,427
115413,11,3,3071633,Th�lmannpark,3701657,2018,9,13,6,3,6,4,0,0,1,1,0,0,0,0,800003,6399,5830309,818
115414,11,4,4030417,Schlo�stra�e,4300414,2018,9,9,7,3,6,2,0,0,1,1,0,0,0,0,791557,112,5826564,579
115415,11,4,4041137,Flinsberger Platz,4400727,2018,6,0,7,2,3,6,2,0,1,0,0,0,0,0,791495,1313,5824410,604
115416,11,7,7020203,Kaiser-Wilhelm-Platz,7200410,2018,7,23,5,3,3,6,2,0,1,0,1,0,0,0,795344,4814,5823687,236
115417,11,3,3061332,Helmholtzplatz,3601348,2018,5,1,5,3,5,3,2,1,1,0,0,0,0,0,799806,1822,5830256,904
115418,11,10,10010204,Wuhletalstra�e                                                                                      ,10100206,2018,2,4,2,2,5,3,2,0,1,0,0,0,0,2,808668,5532,5832837,395
115419,11,1,1011303,Alexanderplatzviertel,1100310,2018,11,12,4,3,2,6,0,0,1,0,0,0,0,0,799262,363,5827875,16
115420,11,12,12103218,Teichstra�e,12100205,2018,12,17,1,2,8,1,2,0,1,0,0,1,0,0,794556,3553,5833949,933
115421,11,7,7050501,Rathausstra�e                                                                                       ,7501030,2018,10,20,1,3,6,7,2,1,0,1,0,0,0,0,798118,854,5819198,624
115422,11,10,10010206,Ringkolonnaden,10100208,2018,8,14,7,3,5,3,0,1,1,0,0,0,0,0,808393,3978,5832185,197
115423,11,3,3040614,Pankow Zentrum                                                                                      ,3400723,2018,4,17,6,2,5,2,0,1,1,0,0,0,0,0,798368,1757,5833479,906
115424,11,4,4041134,Bismarckallee,4400726,2018,3,18,4,2,5,3,2,0,1,0,0,0,0,1,791198,8988,5824628,879
115425,11,4,7030301,Friedenau,7200308,2018,5,16,6,3,2,6,0,0,1,0,0,0,0,0,794642,4711,5823120,308
115426,11,8,8020620,Tempelhofer Weg,8200624,2018,10,12,7,3,3,6,0,0,1,0,0,1,0,0,801028,6036,5821648,279
115427,11,7,7010104,Dennewitzplatz,7100205,2018,2,19,1,3,2,6,2,0,1,0,0,0,0,1,796019,1323,5825204,946
115428,11,4,4041137,Flinsberger Platz,4400727,2018,11,9,5,3,8,1,0,0,1,0,0,0,0,0,791613,5605,5824306,737
115429,11,7,7050506,Birnhornweg,7501135,2018,9,11,2,2,5,2,0,1,0,0,0,1,0,0,798866,4887,5817199,839
115430,11,1,1011102,Gro�er Tiergarten,1100102,2018,8,4,7,2,1,5,2,1,1,0,0,0,0,0,794718,5874,5827084,392
115431,11,4,4020311,Reichsstra�e,4200310,2018,6,9,3,3,0,4,0,0,0,1,0,0,1,0,789598,9259,5826230,134
115432,11,12,12302212,Rollbergesiedlung,12601032,2018,7,20,2,3,3,6,0,0,1,0,1,0,0,0,792772,5062,5837360,957
115433,11,2,2050601,Hausburgviertel,2500726,2018,6,10,4,2,2,7,0,0,1,0,0,0,0,0,801690,2044,5828862,874
115434,11,4,4030623,Ernst-Reuter-Platz,4300622,2018,5,19,7,3,2,2,0,0,1,0,0,0,0,0,793144,7111,5826806,975
115435,11,9,9020601,Schnellerstra�e                                                                                     ,9200613,2018,4,21,6,2,6,4,2,0,1,1,0,0,0,1,806374,8022,5821355,96
115436,11,11,11041022,Rosenfelder Ring,11401032,2018,12,19,5,3,0,1,2,0,0,0,1,0,0,1,805415,1827,5827399,376
115437,11,3,3040614,Pankow Zentrum                                                                                      ,3400723,2018,10,10,2,3,2,6,0,0,1,0,0,0,0,0,798392,767,5833449,787
115438,11,4,4020311,Reichsstra�e,4200310,2018,7,14,7,3,2,6,0,0,1,0,0,0,0,0,789080,247,5826147,349
115439,11,12,12103117,Letteplatz,12100101,2018,4,7,2,3,5,2,0,0,1,0,0,0,0,0,795828,3245,5832342,41
115440,11,3,3061434,Anton-Saefkow-Park,3601451,2018,7,9,3,3,0,2,0,1,1,0,0,0,0,0,800610,4241,5829896,884
115441,11,1,1011202,Unter den Linden Nord,1100206,2018,3,9,7,3,3,6,0,1,0,0,0,0,1,0,798255,3355,5827681,258
115442,11,1,1011105,N�rdlicher Landwehrkanal                                                                            ,1100102,2018,5,6,1,3,2,6,0,0,1,0,1,0,0,0,796433,782,5826303,67
115443,11,1,1011303,Alexanderplatzviertel,1100310,2018,10,17,6,2,0,3,1,0,1,0,0,0,1,0,799159,2943,5827778,458
115444,11,2,2020203,Viktoriapark,2200209,2018,2,11,7,3,3,6,0,0,0,0,0,0,1,0,797741,9523,5824190,629
115445,11,3,3020209,Niedersch�nhausen,3200206,2018,11,17,1,3,4,1,1,0,1,0,0,0,0,1,798336,3327,5834780,63
115446,11,7,7040403,Manteuffelstra�e                                                                                    ,7400824,2018,9,22,3,3,2,6,2,0,1,0,0,0,0,0,797832,4,5822307,217
115447,11,2,2020202,Rathaus Yorckstra�e,2200208,2018,8,14,2,3,5,2,0,1,1,0,0,0,0,0,797899,3794,5825427,685
115448,11,3,3061332,Helmholtzplatz,3601348,2018,3,12,4,3,6,2,0,0,1,1,0,0,0,1,799963,459,5830228,363
115449,11,2,2050602,Samariterviertel,2500729,2018,6,16,4,3,5,7,0,0,1,0,1,0,0,0,803562,541,5827585,549
115450,11,12,12103218,Teichstra�e,12100205,2018,10,13,4,2,3,2,0,0,1,0,0,0,0,0,794572,1942,5833817,901
115451,11,3,3071639,B�tzowstra�e,3701660,2018,6,14,6,3,0,1,0,1,0,0,0,0,0,0,800300,3475,5829451,15
115452,11,4,4041137,Flinsberger Platz,4400727,2018,8,9,7,3,0,7,0,0,1,0,0,1,0,0,791358,5898,5824525,399
115453,11,12,12103218,Teichstra�e,12100205,2018,5,19,3,3,6,7,1,0,1,1,0,0,0,0,795070,6832,5833734,542
115454,11,12,12231101,Hermsdorf,12400723,2018,4,7,2,3,0,7,0,1,0,0,0,0,1,0,792115,8535,5837983,606
115455,11,9,9010101,Elsenstra�e                                                                                         ,9100101,2018,12,18,2,3,5,3,2,0,1,0,0,0,0,1,802672,3976,5825211,754
115456,11,3,3010101,Bucher Forst,3100101,2018,9,8,3,3,2,6,0,0,1,0,0,0,0,0,802440,5812,5840367,704
115457,11,2,2050602,Samariterviertel,2500727,2018,9,11,4,3,3,6,0,1,0,0,0,0,0,0,802143,4035,5827758,336
115458,11,9,9010202,K�penicker Landstra�e,9100203,2018,6,15,4,3,5,3,0,1,1,0,0,0,0,0,804106,561,5824366,79
115459,11,2,2050602,Samariterviertel,2500729,2018,7,14,2,3,0,2,0,1,1,0,0,0,0,0,803605,1274,5827580,625
115460,11,6,6040702,D�ppel,6400736,2018,7,0,2,3,2,6,2,0,1,0,0,0,0,0,785309,8258,5816002,755
115461,11,4,4020311,Reichsstra�e,4200310,2018,5,14,3,3,2,6,0,1,1,0,0,0,0,0,789217,4313,5826168,645
115462,11,6,6040701,Wannsee,6400735,2018,2,13,7,3,5,3,0,0,1,0,0,0,0,1,782813,2924,5815840,12
115463,11,3,3061429,Greifswalder Stra�e,3601449,2018,11,10,2,3,5,2,0,1,1,0,0,0,0,0,800961,4408,5830515,329
115464,11,9,9020601,Schnellerstra�e                                                                                     ,9200613,2018,8,14,5,3,5,3,0,1,1,0,0,0,0,0,806291,87,5821460,333
115465,11,4,4020208,Kranzallee,4200206,2018,3,5,1,3,9,1,2,0,0,0,0,0,1,0,787886,8925,5825955,805
115467,11,7,7040401,Neu-Tempelhof,7400721,2018,10,1,6,3,1,5,2,0,1,0,0,0,0,0,797799,2791,5823043,42
115468,11,1,1011202,Unter den Linden Nord,1100206,2018,8,8,3,2,0,1,0,1,0,0,0,0,0,0,797314,3703,5827513,758
115469,11,12,12103115,Breitkopfbecken,12100103,2018,4,11,2,3,2,6,0,0,1,0,0,1,0,0,795539,7179,5833254,677
115470,11,4,4041137,Flinsberger Platz,4400727,2018,4,22,4,3,5,3,2,0,1,0,0,1,0,1,791546,2987,5824383,888
115471,11,1,1011104,K�rnerstra�e                                                                                        ,1100104,2018,5,16,3,3,3,6,0,1,1,0,0,0,0,0,796400,1473,5826256,664
115472,11,3,3061429,Greifswalder Stra�e,3601449,2018,11,1,5,3,0,1,2,0,0,0,1,0,0,0,801369,4958,5831020,899
115473,11,6,6040703,Nikolassee,6400737,2018,12,15,2,2,5,2,1,0,1,0,0,0,1,1,786514,3109,5816927,419
115474,11,3,3010104,Lietzengraben,3100101,2018,9,23,4,2,6,7,2,0,1,1,0,0,0,0,799545,3809,5840726,229
115475,11,11,11030721,R�digerstra�e,11300722,2018,8,16,6,3,3,6,0,0,0,0,1,0,1,0,804138,5585,5827528,456
115476,11,1,1011303,Alexanderplatzviertel,1100310,2018,6,14,6,3,1,5,0,1,1,0,0,0,1,0,798736,5897,5827951,579
115477,11,12,12103219,Sch�fersee,12100204,2018,7,16,4,3,3,6,0,1,1,0,0,0,0,0,795756,3558,5832665,485
115478,11,12,12301205,Waidmannslust,12500928,2018,2,13,7,3,2,6,0,0,1,0,0,0,0,1,792654,808,5837489,893
115479,11,1,1011304,Karl-Marx-Allee,1100311,2018,11,15,2,3,5,2,0,1,1,0,0,0,0,0,799989,895,5828081,402
115480,11,7,7050502,Fritz-Werner-Stra�e                                                                                 ,7501133,2018,6,19,7,3,0,1,0,1,0,0,0,0,0,0,798176,38,5818922,967
115481,11,2,2050602,Samariterviertel,2500727,2018,5,16,4,3,5,3,0,1,1,0,0,0,0,0,802586,285,5827702,138
115482,11,9,9010101,Elsenstra�e                                                                                         ,9100101,2018,12,17,5,2,6,4,2,0,1,1,0,0,0,1,802773,3513,5825330,27
115483,11,7,7040403,Manteuffelstra�e                                                                                    ,7400824,2018,10,20,6,2,3,6,2,0,1,0,0,0,0,0,797427,7396,5822327,366
115484,11,2,2050602,Samariterviertel,2500729,2018,2,20,7,3,6,4,2,0,0,1,1,0,0,0,803297,5213,5827613,532
115485,11,6,6040701,Wannsee,6400735,2018,8,14,4,3,4,6,0,0,1,0,0,0,0,0,778620,5817,5814909,314
115486,11,6,6010209,Feuerbachstra�e                                                                                     ,6100209,2018,4,21,4,3,9,1,2,0,0,0,1,0,0,0,794343,3796,5821520,749
115487,11,4,4030417,Schlo�stra�e,4300414,2018,3,13,6,3,2,6,0,0,1,0,0,1,0,0,790832,2622,5826661,427
115488,11,4,4030623,Ernst-Reuter-Platz,4300622,2018,5,19,4,3,3,2,0,0,1,0,0,0,0,0,793310,247,5826831,892
115489,11,1,1033203,Humboldthain Nordwest                                                                               ,1300836,2018,10,12,4,3,0,4,0,0,1,1,0,0,0,0,796267,3152,5830468,43
115490,11,3,3040818,Pankow S�d                                                                                          ,3400826,2018,2,21,6,3,5,3,2,1,1,0,0,0,0,1,798986,4565,5832516,427
115491,11,4,4020209,Eichkamp,4200207,2018,11,18,2,3,2,6,2,0,1,0,0,0,0,1,789908,7247,5824956,188
115492,11,2,2050602,Samariterviertel,2500727,2018,9,15,7,3,5,2,0,1,1,0,0,0,0,0,802177,644,5827745,738
115493,11,9,9020601,Schnellerstra�e                                                                                     ,9200613,2018,8,12,6,3,2,3,0,1,1,0,0,0,0,1,805472,548,5822262,588
115494,11,1,1011105,N�rdlicher Landwehrkanal                                                                            ,1100102,2018,6,16,1,3,0,6,0,0,1,0,0,0,1,0,796724,7582,5826661,15
115495,11,7,7040401,Neu-Tempelhof,7400720,2018,3,22,4,3,3,6,2,0,1,0,0,1,0,0,797778,462,5823813,93
115496,11,3,3040614,Pankow Zentrum                                                                                      ,3400724,2018,7,14,1,2,3,6,0,0,1,0,1,0,0,0,800130,3163,5835060,852
115497,11,9,9020601,Schnellerstra�e                                                                                     ,9200613,2018,6,19,3,3,6,4,0,0,0,1,1,0,0,0,806265,4432,5821487,43
115498,11,2,2040701,Andreasviertel,2400521,2018,8,18,4,3,5,3,0,1,1,0,0,0,0,0,800456,2152,5827901,333
115499,11,9,9010401,Johannisthal West,9100407,2018,5,0,5,3,9,1,2,0,1,0,0,0,0,0,805288,531,5819101,276
115500,11,12,12301203,Wittenau S�d                                                                                        ,12500926,2018,4,11,5,1,6,4,0,0,1,1,0,0,0,0,793901,8028,5835378,392
115501,11,3,3010104,Lietzengraben,3100101,2018,12,15,2,3,2,6,1,0,1,0,0,0,0,0,800402,2084,5839110,99
115502,11,1,1033203,Humboldthain Nordwest                                                                               ,1300836,2018,9,15,7,3,2,6,0,0,1,0,0,0,0,0,796276,554,5830292,214
115503,11,3,3040614,Pankow Zentrum                                                                                      ,3400721,2018,9,21,7,3,2,6,2,0,1,0,1,0,0,0,798351,8008,5833475,669
115504,11,3,3050925,Komponistenviertel Wei�ensee,3500936,2018,7,18,6,2,6,4,0,0,0,1,0,0,1,0,802577,1913,5831700,967
115505,11,3,3020209,Niedersch�nhausen,3200206,2018,7,20,6,3,0,6,0,1,1,0,0,0,0,1,798035,5745,5834111,62
115506,11,2,2020202,Rathaus Yorckstra�e,2200208,2018,3,10,4,3,5,3,0,0,1,0,0,0,0,1,797856,6446,5825041,722
115507,11,3,3040513,Sch�nholz,3400620,2018,5,9,6,3,2,6,0,0,1,0,0,1,0,0,798016,8234,5833737,241
115508,11,4,4041133,G�terbahnhof Grunewald,4400725,2018,10,1,5,3,3,6,2,0,1,0,0,0,0,0,790545,659,5825195,717
115509,11,4,4030622,Richard-Wagner-Stra�e,4300621,2018,2,11,6,3,5,3,0,1,1,0,0,0,0,0,792253,8573,5826682,189
115510,11,7,7020203,Kaiser-Wilhelm-Platz,7200410,2018,11,9,6,2,0,7,0,1,0,0,0,0,0,1,795477,3537,5823815,549
115511,11,4,4030417,Schlo�stra�e,4300414,2018,9,8,2,3,5,2,0,1,1,0,0,0,0,0,791562,8522,5826544,321
115512,11,4,4041133,G�terbahnhof Grunewald,4400725,2018,8,13,7,3,2,6,0,0,1,0,0,0,0,0,790551,2361,5825186,22
115513,11,3,3061429,Greifswalder Stra�e,3601449,2018,3,8,4,2,0,1,0,0,0,0,0,0,1,1,801319,7984,5831009,203
115514,11,3,3030716,M�rchenland,3300517,2018,10,7,3,3,8,1,0,0,1,0,0,0,0,0,803421,9648,5833739,913
115515,11,1,1011303,Alexanderplatzviertel,1100310,2018,8,15,5,3,0,6,0,0,1,0,0,0,0,0,799713,1429,5828481,35
115516,11,9,9020601,Schnellerstra�e                                                                                     ,9200613,2018,4,17,7,3,2,6,0,0,1,0,0,0,0,0,806554,5693,5821199,44
115517,11,3,3071633,Th�lmannpark,3701657,2018,4,1,7,3,5,2,2,0,1,0,0,0,1,0,800135,471,5830126,47
115518,11,2,2020202,Rathaus Yorckstra�e,2200208,2018,6,7,6,2,6,4,0,0,0,1,1,0,0,0,797835,7441,5824984,935
115519,11,7,7050501,Rathausstra�e                                                                                       ,7501029,2018,12,17,6,3,3,2,1,0,1,0,0,0,1,1,797774,9782,5818925,202
115520,11,7,7020202,Volkspark (Rudolf-Wilde-Park),7200308,2018,9,22,1,3,6,4,2,0,1,1,0,0,0,0,795235,3288,5823510,512
115521,11,12,12103218,Teichstra�e,12100205,2018,9,7,3,3,5,2,0,1,1,0,1,0,0,0,794457,2678,5834356,35
115522,11,2,2050602,Samariterviertel,2500728,2018,6,8,3,3,2,6,0,0,1,0,0,0,0,0,802981,4494,5827661,936
115523,11,12,12214527,Alt-Tegel,12200515,2018,6,13,3,3,2,6,0,0,1,0,1,0,0,0,790720,8597,5834833,372
115524,11,9,9010202,K�penicker Landstra�e,9100203,2018,8,13,5,3,5,3,0,0,1,0,1,0,0,0,804106,561,5824366,79
115525,11,4,4030417,Schlo�stra�e,4300414,2018,5,13,6,3,3,6,0,0,1,0,1,0,0,0,791050,8094,5826480,921
115526,11,7,7040405,Rathaus Tempelhof,7400927,2018,4,8,5,3,2,6,0,0,1,0,0,0,0,0,798510,5261,5822090,452
115527,11,7,7020202,Volkspark (Rudolf-Wilde-Park),7200308,2018,12,19,3,3,6,2,2,0,1,1,0,0,0,0,795243,6619,5823530,625
115528,11,4,4041134,Bismarckallee,4400726,2018,9,22,7,2,8,1,2,0,0,0,1,0,0,0,790987,5014,5824646,157
115529,11,2,2050602,Samariterviertel,2500727,2018,7,20,7,3,0,1,2,0,0,0,1,0,0,1,802136,6423,5827782,615
115530,11,7,7040401,Neu-Tempelhof,7400720,2018,4,12,1,3,5,2,0,1,1,0,0,0,0,0,797773,6006,5823587,907
115531,11,4,4020208,Kranzallee,4200206,2018,7,23,7,2,0,1,2,1,0,0,0,0,0,0,787703,8627,5825926,515
115532,11,4,4010101,Jungfernheide,4100101,2018,3,14,5,2,9,1,0,0,0,0,1,0,0,0,791363,667,5830524,76
115533,11,7,7050502,Fritz-Werner-Stra�e                                                                                 ,7501133,2018,5,12,7,3,5,2,0,0,1,0,1,0,0,0,797576,5188,5818420,173
115534,11,3,3061131,Falkplatz,3601142,2018,10,11,6,3,4,6,0,1,0,0,0,0,0,0,799180,4343,5830868,28
115535,11,2,2050801,Traveplatz,2500830,2018,2,0,6,3,6,4,2,0,0,1,0,0,1,0,802162,325,5827635,241