OBJECTID,LAND,BEZ,LOR,STRASSE,LOR_ab_2021,UJAHR,UMONAT,USTUNDE,UWOCHENTAG,UKATEGORIE,UART,UTYP1,ULICHTVERH,IstRad,IstPKW,IstFuss,IstKrad,IstGkfz,IstSonstig,STRZUSTAND,LINREFX,LINREFY,XGCSWGS84,YGCSWGS84
115536,11,1,1011102,Gro�er Tiergarten,1100102,2018,11,18,7,3,1,5,2,0,1,0,0,0,1,0,794573,7072,5827073,99
115537,11,5,5040936,J�gerallee,5400943,2018,9,15,2,3,5,3,0,1,1,0,0,0,0,0,780179,7173,5822277,137
115538,11,4,4010101,Jungfernheide,4100101,2018,8,2,1,3,2,6,2,0,1,0,0,0,0,0,790598,5983,5828759,59
115539,11,7,7020202,Volkspark (Rudolf-Wilde-Park),7200308,2018,6,9,4,3,6,2,0,0,1,1,0,0,0,0,795243,9831,5823531,55
115540,11,1,1022202,Heidestra�e                                                                                         ,1200624,2018,10,10,4,3,2,1,0,0,1,0,0,0,0,0,796211,3075,5829076,741
115541,11,9,9020601,Schnellerstra�e                                                                                     ,9200613,2018,6,8,5,3,3,6,0,0,1,0,0,0,0,0,805745,9185,5821996,115
115542,11,4,4020208,Kranzallee,4200206,2018,8,15,6,2,5,7,0,0,1,0,0,0,0,0,787057,11,5825821,694
115543,11,2,2040701,Andreasviertel,2400521,2018,4,12,1,3,1,5,0,1,1,0,0,0,1,0,800285,9672,5827962,271
115544,11,9,9010101,Elsenstra�e                                                                                         ,9100101,2018,4,13,7,3,2,3,0,1,1,0,0,0,0,0,802580,9973,5825077,28
115545,11,7,7050501,Rathausstra�e                                                                                       ,7501030,2018,6,21,6,2,6,4,2,0,1,1,0,0,0,1,797913,1305,5820264,724
115546,11,1,1011303,Alexanderplatzviertel,1100310,2018,12,18,1,3,5,2,2,0,1,0,0,0,0,1,799800,6448,5828626,121
115547,11,1,1011303,Alexanderplatzviertel,1100310,2018,9,14,2,3,5,2,0,0,1,0,1,0,0,1,799571,12,5828269,929
115548,11,1,1011105,N�rdlicher Landwehrkanal                                                                            ,1100102,2018,9,11,3,3,5,3,0,1,1,0,0,0,0,0,796625,68,5826727,658
115549,11,4,4020310,Park Ruhwald,4200308,2018,6,10,4,3,5,3,0,0,1,0,0,1,0,0,790486,915,5827611,232
115550,11,5,5020524,Weinmeisterhornweg,5200528,2018,7,18,1,3,2,6,0,0,1,0,0,0,0,0,783766,1142,5826646,988
115551,11,7,7070701,Kettinger Stra�e/Schillerstra�e                                                                     ,7601442,2018,5,17,2,2,6,4,0,0,1,1,0,0,0,0,799487,445,5815763,179
115552,11,7,7030303,Grazer Platz,7300619,2018,2,5,6,3,3,3,2,0,1,0,0,0,1,1,795148,9877,5822958,525
115553,11,2,2020202,Rathaus Yorckstra�e,2200208,2018,11,14,1,3,2,6,0,0,1,0,0,0,1,0,797902,9324,5825411,126
115555,11,10,10030726,Alt-Biesdorf,10300733,2018,10,20,4,3,2,6,2,0,1,0,0,0,0,0,809468,5088,5827395,596
115556,11,3,3071639,B�tzowstra�e,3701660,2018,8,18,2,3,3,6,0,1,0,0,0,0,0,0,800477,2773,5829688,181
115557,11,3,3061332,Helmholtzplatz,3601347,2018,4,20,1,3,2,6,2,0,1,0,0,0,0,0,799235,1354,5830360,462
115558,11,3,3071633,Th�lmannpark,3701657,2018,4,9,3,3,5,3,0,0,1,0,0,0,0,1,800149,2055,5830150,165
115559,11,7,7020203,Kaiser-Wilhelm-Platz,7200411,2018,5,21,2,3,3,6,1,1,1,0,0,0,0,0,795880,3644,5824304,104
115560,11,4,4020314,Messegel�nde,4200311,2018,10,8,4,3,2,6,0,0,1,0,0,0,0,0,790421,978,5825473,851
115561,11,1,1011304,Karl-Marx-Allee,1100311,2018,2,9,6,3,0,7,0,1,0,0,0,0,0,0,800254,4093,5828002,223
115562,11,12,12103117,Letteplatz,12100101,2018,12,1,2,3,5,7,2,0,1,0,0,0,0,1,795827,7331,5832345,425
115563,11,12,12231101,Hermsdorf,12400723,2018,9,11,4,3,6,7,0,0,0,1,0,0,1,0,791934,5504,5838806,443
115564,11,4,4010101,Jungfernheide,4100101,2018,8,11,5,3,2,6,0,0,1,0,0,0,0,1,791232,3482,5829749,244
115565,11,7,7040403,Manteuffelstra�e                                                                                    ,7400824,2018,6,18,5,3,2,6,0,0,1,0,0,0,1,0,797421,6179,5822327,373
115566,11,4,4020313,K�nigin-Elisabeth-Stra�e,4200311,2018,7,16,3,3,2,6,0,0,1,0,0,1,0,0,790696,4357,5826340,26
115567,11,1,1033203,Humboldthain Nordwest                                                                               ,1300836,2018,2,12,5,3,2,6,0,0,1,0,0,0,0,0,796258,4377,5830152,105
115568,11,1,1011201,Wilhelmstra�e                                                                                       ,1100205,2018,11,17,7,3,6,4,2,1,0,1,0,0,0,0,797059,1533,5826733,893
115569,11,12,12301205,Waidmannslust,12500928,2018,6,15,6,3,5,2,0,1,1,0,0,0,0,0,792378,171,5837732,302
115570,11,1,1033203,Humboldthain Nordwest                                                                               ,1300836,2018,5,8,3,3,2,2,0,0,1,0,1,0,0,0,796186,7647,5830192,859
115571,11,12,12301204,Wittenau Nord                                                                                       ,12500927,2018,12,9,3,3,2,6,0,0,1,0,0,0,0,0,793389,7156,5836248,31
115572,11,4,4030623,Ernst-Reuter-Platz,4300622,2018,10,12,5,3,2,6,0,0,1,0,0,0,0,0,793337,6288,5826847,942
115573,11,1,1011303,Alexanderplatzviertel,1100310,2018,2,11,5,3,6,4,0,0,1,1,0,0,0,0,799200,629,5828377,73
115574,11,7,7030303,Grazer Platz,7300619,2018,7,16,2,3,3,6,0,0,1,0,0,0,0,0,795484,6342,5822745,354
115575,11,4,4020313,K�nigin-Elisabeth-Stra�e,4200311,2018,4,18,4,3,2,6,1,0,1,0,0,0,0,0,790581,2861,5827305,66
115576,11,1,1044201,Reinickendorfer Stra�e                                                                              ,1401044,2018,7,13,1,3,2,6,0,0,1,0,0,0,0,0,796164,224,5831066,58
115577,11,4,4010101,Jungfernheide,4100101,2018,3,5,5,3,2,7,1,0,1,0,0,0,0,0,791186,6502,5829531,563
115578,11,3,3050925,Komponistenviertel Wei�ensee,3500936,2018,5,13,4,2,6,4,0,0,1,1,0,0,0,0,801837,7925,5831390,197
115579,11,4,4030417,Schlo�stra�e,4300414,2018,10,12,3,3,2,6,0,0,1,0,1,0,0,1,790807,9332,5826520,337
115580,11,6,6040701,Wannsee,6400735,2018,2,11,5,3,6,4,0,0,1,1,0,0,0,0,782644,175,5815809,555
115581,11,7,7030301,Friedenau,7200308,2018,11,13,1,2,2,7,0,0,1,0,0,0,0,0,794571,8719,5823117,65
115582,11,1,1011303,Alexanderplatzviertel,1100310,2018,9,8,6,3,5,2,0,1,1,0,0,0,0,0,798786,1092,5828001,92
115583,11,11,11030721,R�digerstra�e,11300724,2018,8,11,5,3,5,2,0,1,0,0,0,0,1,0,804512,5041,5827504,926
115584,11,11,11010101,Dorf Malchow,11100101,2018,6,11,6,3,6,7,0,0,0,1,0,0,1,0,803672,2904,5835018,319
115585,11,5,5020524,Weinmeisterhornweg,5200528,2018,6,15,7,3,5,2,0,1,1,0,0,0,0,0,783506,2531,5826702,61
115586,11,9,9020601,Schnellerstra�e                                                                                     ,9200613,2018,6,8,2,3,5,2,0,1,1,0,0,0,0,0,806127,562,5821626,403
115587,11,1,1011204,Leipziger Stra�e                                                                                    ,1100207,2018,8,16,3,3,2,6,0,0,1,0,1,0,0,0,798627,6176,5827029,784
115588,11,4,4041137,Flinsberger Platz,4400727,2018,5,10,5,3,2,6,0,0,1,0,0,0,0,0,791935,907,5824007,83
115589,11,12,12302211,L�barser Stra�e,12601031,2018,4,17,4,2,5,2,0,0,0,0,1,0,1,0,793270,9396,5836665,289
115590,11,3,3061434,Anton-Saefkow-Park,3601451,2018,12,15,6,2,3,6,1,1,0,0,0,0,1,0,800744,9398,5829803,956
115591,11,3,3061434,Anton-Saefkow-Park,3601451,2018,9,10,6,3,5,2,0,1,1,0,0,0,0,0,800623,1587,5829919,632
115592,11,3,3071633,Th�lmannpark,3701657,2018,9,9,6,2,3,6,0,1,1,0,0,0,0,0,800014,4869,5830184,366
115593,11,1,1011303,Alexanderplatzviertel,1100310,2018,7,6,5,3,5,3,0,1,1,0,0,0,0,0,799696,8678,5828513,153
115594,11,4,4020209,Eichkamp,4200207,2018,7,16,5,3,2,6,0,0,1,0,0,0,0,0,789739,7337,5824727,62
115595,11,6,6030503,Zehlendorf Mitte                                                                                    ,6300526,2018,3,21,2,3,6,4,2,0,1,1,0,0,0,0,789593,9345,5817957,6
115596,11,1,1011304,Karl-Marx-Allee,1100311,2018,5,17,5,3,5,2,0,1,1,0,0,0,0,0,799980,2391,5828085,478
115597,11,7,7050502,Fritz-Werner-Stra�e                                                                                 ,7501133,2018,2,7,5,3,0,6,0,0,1,0,0,0,1,1,798273,3864,5818675,16
115598,11,2,2050602,Samariterviertel,2500728,2018,11,16,4,3,2,6,1,0,1,0,0,0,0,0,802627,9772,5827682,55
115599,11,4,4020311,Reichsstra�e,4200310,2018,9,0,1,2,5,7,2,0,1,0,0,0,0,0,789740,3379,5826253,93
115600,11,6,6010209,Feuerbachstra�e                                                                                     ,6100209,2018,8,8,7,2,2,1,0,0,0,0,1,0,1,0,793989,3095,5821092,653
115602,11,3,3040614,Pankow Zentrum                                                                                      ,3400721,2018,10,16,2,3,2,6,0,1,1,0,0,0,0,0,798130,4363,5833537,935
115603,11,12,12231101,Hermsdorf,12400723,2018,8,9,5,2,2,6,0,0,0,0,0,0,1,0,792084,3259,5838534,93
115604,11,2,2050602,Samariterviertel,2500727,2018,4,9,6,3,5,2,0,1,1,0,0,0,0,0,802177,13,5827747,695
115605,11,9,9010101,Elsenstra�e                                                                                         ,9100101,2018,4,13,6,3,5,2,0,0,1,0,0,0,0,0,802670,955,5825215,831
115606,11,7,7040403,Manteuffelstra�e                                                                                    ,7400824,2018,5,16,5,3,0,3,0,1,1,0,0,0,0,0,797846,189,5822368,397
115607,11,10,10010204,Wuhletalstra�e                                                                                      ,10100206,2018,12,17,5,3,6,2,2,0,0,1,0,0,1,1,808678,344,5832820,6
115608,11,3,3061434,Anton-Saefkow-Park,3601451,2018,9,9,1,2,0,2,0,1,1,0,0,0,0,0,800927,9635,5829707,804
115609,11,4,4030417,Schlo�stra�e,4300414,2018,9,9,2,3,3,6,0,0,1,0,0,0,0,0,791685,2392,5826564,835
115610,11,6,6010101,Fichtenberg,6100101,2018,6,17,1,3,2,6,0,0,1,0,0,0,0,1,793323,7095,5820315,108
115611,11,10,10030726,Alt-Biesdorf,10300733,2018,7,14,6,3,2,6,0,0,1,0,0,0,0,0,808336,1636,5827443,745
115612,11,1,1011102,Gro�er Tiergarten,1100102,2018,5,16,6,3,1,1,0,1,1,0,0,0,0,0,794561,709,5827071,963
115613,11,12,12304314,Ziekowstra�e/Freie Scholle,12500824,2018,2,6,5,3,5,3,2,0,1,0,0,1,0,0,790294,6929,5835661,502
115614,11,3,3061434,Anton-Saefkow-Park,3601451,2018,11,7,6,3,5,3,0,1,1,0,0,0,0,1,800657,4178,5830026,601
115616,11,7,7060601,Marienfelder Allee Nordwest,7601236,2018,10,21,3,3,4,6,2,0,1,0,0,0,0,0,796843,5939,5816320,904
115617,11,4,4020311,Reichsstra�e,4200310,2018,8,13,1,2,0,3,0,0,1,0,1,0,1,0,789685,3167,5826244,128
115618,11,3,3061434,Anton-Saefkow-Park,3601451,2018,4,15,7,3,5,3,0,1,1,0,1,0,0,0,800862,8064,5830308,839
115619,11,4,4030417,Schlo�stra�e,4300414,2018,3,14,7,3,2,6,0,0,1,0,0,0,0,1,791593,5211,5826570,784
115620,11,12,12103218,Teichstra�e,12100205,2018,5,15,1,2,5,3,0,0,1,0,1,0,0,1,794565,602,5833812,13
115621,11,1,1044201,Reinickendorfer Stra�e                                                                              ,1401044,2018,10,18,3,2,5,2,2,0,1,0,1,0,0,1,796045,6776,5831343,235
115622,11,9,9020601,Schnellerstra�e                                                                                     ,9200613,2018,1,21,4,3,5,3,2,0,1,0,0,0,0,1,806642,9342,5821094,159
115623,11,7,7020203,Kaiser-Wilhelm-Platz,7200411,2018,11,17,6,3,2,6,2,0,1,0,0,0,0,1,795884,6068,5824312,952
115624,11,12,12301203,Wittenau S�d                                                                                        ,12500930,2018,9,15,3,2,5,3,0,1,0,0,1,0,0,0,794080,7153,5835049,513
115625,11,7,7070703,John-Locke-Stra�e                                                                                   ,7601544,2018,8,13,3,3,2,6,0,0,1,0,0,0,0,0,799987,8177,5813349,703
115626,11,3,3010101,Bucher Forst,3100101,2018,6,14,4,2,2,6,0,0,1,0,0,1,0,0,800803,1941,5840847,569
115627,11,12,12231101,Hermsdorf,12400723,2018,7,14,3,3,1,5,0,0,1,0,0,0,1,0,792198,757,5838115,704
115628,11,1,1011303,Alexanderplatzviertel,1100310,2018,6,17,4,3,2,6,0,1,0,0,1,0,0,0,799783,9633,5828599,347
115629,11,9,9020601,Schnellerstra�e                                                                                     ,9200613,2018,5,18,2,3,6,4,0,0,1,1,0,0,0,0,806602,9241,5821133,392
115630,11,4,4030622,Richard-Wagner-Stra�e,4300621,2018,4,21,7,3,5,2,2,0,1,0,0,0,0,0,792740,6514,5826763,706
115631,11,2,2050601,Hausburgviertel,2500726,2018,7,7,7,3,6,4,0,1,0,1,0,0,0,0,801867,7331,5828501,891
115632,11,1,1011303,Alexanderplatzviertel,1100310,2018,5,8,7,3,2,6,0,1,1,0,0,0,0,0,799237,9532,5827884,12
115633,11,3,3071639,B�tzowstra�e,3701660,2018,1,14,4,3,1,5,0,1,1,0,0,0,0,0,800432,3519,5829615,33
115634,11,4,4041137,Flinsberger Platz,4400727,2018,11,19,6,3,2,6,2,0,1,0,0,0,0,0,791823,412,5824092,117
115636,11,10,10030726,Alt-Biesdorf,10300733,2018,10,3,4,3,8,1,2,0,0,0,1,0,0,0,809579,2344,5827360,211
115637,11,7,7030303,Grazer Platz,7300619,2018,8,15,2,3,2,2,0,0,1,0,0,0,0,0,795643,4244,5823230,766
115638,11,4,4020314,Messegel�nde,4200311,2018,4,18,1,3,2,6,0,0,1,0,0,0,0,0,790542,4081,5825429,929
115639,11,7,7070701,Kettinger Stra�e/Schillerstra�e                                                                     ,7601442,2018,4,17,1,2,0,6,0,0,1,0,1,0,0,1,799217,4852,5816357,72
115640,11,4,4030623,Ernst-Reuter-Platz,4300622,2018,5,7,2,3,5,2,0,1,0,0,0,0,1,0,793491,4512,5826890,32
115641,11,3,3061429,Greifswalder Stra�e,3601449,2018,10,17,3,3,5,2,1,0,1,0,0,0,1,1,801346,2598,5831001,241
115642,11,12,12103219,Sch�fersee,12100204,2018,1,12,4,3,6,4,0,1,0,1,0,0,0,1,795622,499,5833040,251
115643,11,4,4030622,Richard-Wagner-Stra�e,4300621,2018,12,18,7,2,6,2,2,0,1,1,0,0,0,0,792266,4468,5826684,43
115644,11,1,1011102,Gro�er Tiergarten,1100102,2018,9,11,3,3,5,3,0,1,0,0,0,0,0,0,796452,169,5827377,32
115645,11,1,1011303,Alexanderplatzviertel,1100310,2018,8,14,4,2,0,2,0,1,1,0,0,0,0,0,799571,12,5828269,929
115646,11,3,3061131,Falkplatz,3601142,2018,6,15,4,3,3,6,0,1,0,0,0,0,0,0,799163,4073,5830573,406
115647,11,3,3061429,Greifswalder Stra�e,3601449,2018,7,19,3,3,5,2,0,1,1,0,0,0,0,0,800934,3265,5830473,272
115648,11,2,2050602,Samariterviertel,2500728,2018,1,16,4,3,6,4,0,1,0,1,0,0,0,0,802939,2858,5827650,16
115649,11,2,2050602,Samariterviertel,2500728,2018,11,14,6,3,5,2,0,1,1,0,0,0,0,0,803091,936,5827650,727
115650,11,2,2020202,Rathaus Yorckstra�e,2200208,2018,6,10,5,3,1,7,0,0,1,0,1,0,0,0,797783,7862,5825472,803
115651,11,3,3040614,Pankow Zentrum                                                                                      ,3400723,2018,5,16,3,3,6,4,0,0,0,1,0,0,1,0,798381,286,5833469,14
115652,11,4,4020208,Kranzallee,4200206,2018,12,10,1,3,2,6,0,0,1,0,0,0,0,1,788474,134,5826050,803
115653,11,3,3061332,Helmholtzplatz,3701657,2018,10,21,3,3,0,1,2,0,0,0,1,0,0,1,799978,246,5830225,344
115654,11,9,9010101,Elsenstra�e                                                                                         ,9100101,2018,1,15,4,3,2,6,0,0,1,0,1,0,0,1,802615,9453,5825142,101
115655,11,4,4030622,Richard-Wagner-Stra�e,4300621,2018,7,19,2,3,3,6,0,1,0,0,0,0,0,0,791992,9921,5826637,911
115656,11,12,4010101,Jungfernheide,4100101,2018,4,17,3,3,2,6,0,0,1,0,0,0,0,0,791582,4733,5830752,351
115657,11,1,1011303,Alexanderplatzviertel,1100310,2018,7,15,5,3,5,2,0,1,0,0,0,0,1,0,798797,7303,5827985,893
115658,11,7,7040403,Manteuffelstra�e                                                                                    ,7400824,2018,3,13,4,2,3,6,0,0,1,0,0,1,0,0,797375,3875,5822340,36
115659,11,4,4030622,Richard-Wagner-Stra�e,4300621,2018,5,13,3,2,6,4,0,0,1,1,0,0,0,0,792535,15,5826729,7
115660,11,7,7050502,Fritz-Werner-Stra�e                                                                                 ,7501133,2018,10,10,2,3,5,3,0,0,1,0,0,0,0,0,797517,8794,5818161,665
115661,11,12,12214527,Alt-Tegel,12200515,2018,1,17,2,2,2,6,1,0,1,0,0,0,1,0,790688,1414,5834901,369
115662,11,1,1011102,Gro�er Tiergarten,1100102,2018,11,16,6,3,5,2,1,1,1,0,0,0,0,1,796463,914,5827392,408
115663,11,11,11041027,Tierpark,11401034,2018,9,14,6,3,3,6,0,0,1,0,0,1,0,0,807084,4945,5827397,203
115664,11,7,7020202,Volkspark (Rudolf-Wilde-Park),7200308,2018,8,16,4,3,0,1,0,0,1,0,0,0,0,0,794521,7812,5823121,624
115665,11,4,4051656,Hildegardstra�e,4501151,2018,6,15,6,3,2,6,0,0,1,0,0,0,0,0,793826,132,5822991,931
115666,11,10,10040933,Mahlsdorf S�d                                                                                       ,10400940,2018,6,13,1,2,3,6,0,0,1,0,1,0,0,0,813039,6162,5827204,868
115667,11,3,3061434,Anton-Saefkow-Park,3601451,2018,8,7,3,2,5,2,0,1,0,0,0,0,1,0,801016,413,5829646,77
115668,11,3,3061429,Greifswalder Stra�e,3601449,2018,5,9,5,3,6,7,0,1,0,1,0,0,0,0,801148,7219,5830769,208
115669,11,7,7060601,Marienfelder Allee Nordwest,7601236,2018,4,10,3,3,5,2,0,1,0,0,0,1,0,0,796607,9145,5816000,89
115670,11,7,7020203,Kaiser-Wilhelm-Platz,7200411,2018,12,13,4,3,6,7,0,0,1,1,0,0,0,0,795817,8257,5824174,46
115671,11,12,12103219,Sch�fersee,12100204,2018,9,14,5,2,5,7,0,0,1,0,1,0,0,0,795764,889,5832703,232
115672,11,11,11030721,R�digerstra�e,11300722,2018,9,8,6,3,0,1,0,1,0,0,0,0,0,0,803966,9,5827560,992
115673,11,2,2040503,Richard-Sorge-Viertel,2400522,2018,7,15,4,3,1,5,0,0,0,0,1,0,1,0,801789,5757,5827768,259
115674,11,2,2010101,Askanischer Platz,2100101,2018,7,14,4,2,5,2,0,1,1,0,0,0,0,0,797851,6842,5825505,111
115675,11,4,4020310,Park Ruhwald,4200308,2018,5,16,5,2,3,6,0,0,1,0,0,1,0,0,790458,4839,5828436,151
115676,11,1,1011105,N�rdlicher Landwehrkanal                                                                            ,1100102,2018,1,23,2,2,5,3,2,1,1,0,0,0,0,1,796615,2917,5826727,185
115677,11,11,11041027,Tierpark,11401034,2018,11,6,3,3,2,6,1,0,1,0,0,0,0,1,807158,4904,5827434,27
115678,11,5,5020524,Weinmeisterhornweg,5200528,2018,8,16,6,3,5,3,0,0,1,0,1,0,0,0,783454,87,5826646,433
115680,11,4,4020311,Reichsstra�e,4200310,2018,10,12,1,3,2,6,0,0,1,0,0,0,0,0,789163,1332,5826159,834
115681,11,1,1044201,Reinickendorfer Stra�e                                                                              ,1401044,2018,8,23,4,2,5,3,2,1,1,0,0,0,0,0,796048,8913,5831362,358
115682,11,12,12214125,Waldidyll/Flughafensee,12200414,2018,4,16,5,3,2,6,0,0,1,0,0,0,0,1,792123,9214,5831930,372
115683,11,7,7020203,Kaiser-Wilhelm-Platz,7200410,2018,4,14,5,3,0,6,0,0,1,0,1,0,0,0,795312,7991,5823646,928
115684,11,11,11041022,Rosenfelder Ring,11401032,2018,5,12,4,3,0,6,0,1,1,0,0,0,0,0,805719,8186,5827387,155
115685,11,4,4041134,Bismarckallee,4400726,2018,12,23,5,3,8,1,2,0,1,0,0,0,0,1,791158,9482,5824652,944
115686,11,11,11030721,R�digerstra�e,11300722,2018,9,7,6,2,6,4,2,0,0,1,0,0,1,0,803751,9984,5827583,523
115687,11,7,7020203,Kaiser-Wilhelm-Platz,7200410,2018,9,7,2,2,1,5,0,1,1,0,0,0,0,0,795497,3742,5823833,721
115688,11,12,12103219,Sch�fersee,12100204,2018,6,15,7,3,2,2,0,1,0,0,0,0,1,0,795766,6951,5832693,6
115689,11,7,7050502,Fritz-Werner-Stra�e                                                                                 ,7501133,2018,7,9,5,3,1,5,0,0,0,0,1,0,1,0,798085,9479,5819031,717
115690,11,12,12103115,Breitkopfbecken,12100103,2018,5,14,5,2,5,7,0,1,0,0,0,0,1,0,795349,401,5833740,217
115691,11,1,1011303,Alexanderplatzviertel,1100310,2018,1,17,2,3,2,6,0,1,0,0,0,0,1,1,799719,8122,5828492,5
115692,11,7,7070701,Kettinger Stra�e/Schillerstra�e                                                                     ,7601442,2018,11,16,4,3,6,7,0,0,1,1,0,0,0,0,799133,9248,5816556,265
115694,11,7,7020203,Kaiser-Wilhelm-Platz,7200410,2018,10,19,2,3,1,5,1,1,1,0,0,0,1,0,795673,91,5823965,276
115695,11,11,11041027,Tierpark,11401034,2018,8,0,1,2,6,4,2,0,1,1,0,0,0,0,807042,2944,5827384,128
115696,11,3,3071639,B�tzowstra�e,3701660,2018,4,15,6,3,6,7,0,0,1,1,0,0,0,0,800286,4654,5829428,769
115697,11,4,4020310,Park Ruhwald,4200308,2018,3,7,5,2,0,1,0,0,0,0,1,0,0,1,790466,8372,5828463,921
115698,11,12,12103218,Teichstra�e,12100205,2018,5,16,6,3,2,6,0,0,1,0,0,0,0,0,794559,221,5833801,228
115699,11,7,7030303,Grazer Platz,7300619,2018,10,14,2,3,5,3,0,0,1,0,0,0,1,0,796030,5885,5822743,538
115700,11,1,1011303,Alexanderplatzviertel,1100310,2018,1,13,2,1,3,6,0,0,1,0,0,0,1,0,799248,4072,5827897,889
115701,11,4,4041134,Bismarckallee,4400726,2018,11,19,5,3,2,6,2,0,1,0,0,0,0,0,790757,6606,5824877,848
115702,11,7,7050506,Birnhornweg,7501135,2018,9,21,2,2,1,1,2,0,1,0,0,0,0,0,798992,8458,5816894,236
115703,11,2,2040701,Andreasviertel,2400521,2018,8,14,2,3,5,3,0,1,1,0,0,0,0,0,800329,1295,5827943,225
115704,11,3,3050925,Komponistenviertel Wei�ensee,3500936,2018,6,17,3,2,0,1,0,0,0,0,1,0,0,0,802616,8011,5831731,223
115705,11,9,9010201,Am Treptower Park S�d,9100202,2018,7,8,3,3,5,7,0,1,1,0,0,0,0,0,803092,1496,5824570,243
115706,11,2,2020203,Viktoriapark,2200209,2018,6,15,4,3,3,6,0,0,0,0,1,0,1,0,797799,7242,5824868,433
115707,11,12,12214422,Klixstra�e                                                                                          ,12200310,2018,5,17,1,3,2,6,0,0,1,0,0,0,0,0,791726,5431,5833254,953
115708,11,1,1033203,Humboldthain Nordwest                                                                               ,1300836,2018,4,21,6,3,2,6,2,0,1,0,0,0,0,1,796187,744,5830191,845
115709,11,6,6030503,Zehlendorf Mitte                                                                                    ,6300527,2018,12,7,6,3,6,2,1,0,1,1,0,0,0,1,791055,6357,5818814,128
115710,11,3,3071639,B�tzowstra�e,3701660,2018,10,19,2,3,1,5,2,1,0,0,0,0,1,0,800497,5777,5829766,965
115711,11,2,2050602,Samariterviertel,2500729,2018,7,20,7,3,0,6,1,0,1,0,1,0,0,1,803111,774,5827648,83
115712,11,4,4020313,K�nigin-Elisabeth-Stra�e,4200311,2018,4,12,2,3,2,6,0,0,1,0,0,0,1,1,790517,778,5826393,907
115713,11,4,4030621,Spreestadt,4300620,2018,7,9,4,3,1,1,0,0,1,0,1,0,0,0,794003,2144,5826958,647
115714,11,3,3040513,Sch�nholz,3400620,2018,3,14,1,3,5,3,0,0,1,0,0,0,0,0,798042,5486,5833913,806
115715,11,7,7050506,Birnhornweg,7501135,2018,5,17,1,3,5,3,0,1,1,0,0,0,0,0,798977,7491,5816990,104
115716,11,6,6030503,Zehlendorf Mitte                                                                                    ,6300526,2018,10,18,7,3,2,6,2,0,1,0,0,0,0,1,789533,4476,5817971,401
115717,11,6,6030503,Zehlendorf Mitte                                                                                    ,6300527,2018,1,18,1,3,5,2,2,0,1,0,0,0,0,1,791031,3185,5818800,435
115718,11,3,3020209,Niedersch�nhausen,3200205,2018,11,7,2,3,6,2,0,0,1,1,0,0,0,1,798114,842,5835769,186
115719,11,2,2050602,Samariterviertel,2500729,2018,9,9,4,3,3,6,0,1,0,0,0,0,0,0,803306,1694,5827628,958
115720,11,2,2050602,Samariterviertel,2500729,2018,8,15,2,3,0,4,0,0,0,1,1,0,0,0,803531,621,5827589,189
115721,11,6,6040703,Nikolassee,6400737,2018,6,18,5,3,2,6,0,0,1,0,1,0,0,0,785994,9487,5819118,608
115722,11,2,2050602,Samariterviertel,2500728,2018,3,18,3,3,5,2,2,1,1,0,0,0,0,1,803089,8091,5827650,938
115723,11,10,10030726,Alt-Biesdorf,10300733,2018,6,15,6,3,6,3,0,0,1,1,0,0,0,0,808981,3108,5827403,114
115724,11,3,3010101,Bucher Forst,3100101,2018,8,3,1,1,8,1,2,0,1,0,0,0,1,0,800723,5501,5840869,67
115725,11,7,7070701,Kettinger Stra�e/Schillerstra�e                                                                     ,7601442,2018,5,7,4,3,1,1,0,0,1,0,1,0,1,0,799710,499,5814904,26
115726,11,1,1011102,Gro�er Tiergarten,1100102,2018,4,12,2,3,2,6,0,0,1,0,1,0,0,0,796899,2055,5827451,246
115727,11,5,5020629,B�rnicker Stra�e                                                                                    ,5200634,2018,12,17,3,3,2,6,2,0,1,0,0,0,0,1,785533,266,5826176,46
115728,11,12,12103115,Breitkopfbecken,12100103,2018,9,10,3,3,2,6,0,0,1,0,0,0,0,0,795438,3332,5833517,705
115729,11,7,7040403,Manteuffelstra�e                                                                                    ,7400824,2018,9,17,4,3,2,6,0,0,1,0,0,0,0,0,797628,9082,5822328,123
115730,11,4,4041137,Flinsberger Platz,4400727,2018,6,7,5,3,2,6,0,0,1,0,1,0,0,0,791348,1131,5824551,879
115731,11,2,2050602,Samariterviertel,2500727,2018,7,21,2,3,5,2,1,1,1,0,0,0,0,0,802179,168,5827738,493
115732,11,10,10040933,Mahlsdorf S�d                                                                                       ,10400940,2018,7,17,3,3,5,2,0,1,1,0,0,0,0,0,812858,8291,5827181,376
115733,11,3,3020209,Niedersch�nhausen,3200205,2018,5,6,3,3,5,3,0,0,1,0,1,0,0,0,798165,5109,5836120,151
115734,11,7,7030303,Grazer Platz,7300619,2018,12,17,7,3,3,6,2,0,1,0,0,0,0,1,796254,133,5822715,23
115735,11,4,4041134,Bismarckallee,4400726,2018,10,18,3,3,2,6,1,0,1,0,0,0,0,1,790691,102,5824983,514