OBJECTID,LAND,BEZ,LOR,STRASSE,LOR_ab_2021,UJAHR,UMONAT,USTUNDE,UWOCHENTAG,UKATEGORIE,UART,UTYP1,ULICHTVERH,IstRad,IstPKW,IstFuss,IstKrad,IstGkfz,IstSonstig,STRZUSTAND,LINREFX,LINREFY,XGCSWGS84,YGCSWGS84
115736,11,7,7030303,Grazer Platz,7300619,2018,1,0,7,2,6,4,2,0,1,1,0,0,0,0,795584,8501,5823272,974
115737,11,7,7040406,Germaniagarten,7400928,2018,7,2,2,1,8,1,2,0,0,0,1,0,0,0,799730,5163,5821402,184
115738,11,4,4030417,Schlo�stra�e,4300414,2018,4,7,2,2,0,1,0,1,0,0,0,0,0,0,791369,8977,5826512,988
115739,11,6,6030501,Berlepschstra�e                                                                                     ,6300524,2018,7,10,5,3,9,1,0,0,1,0,0,0,0,0,787947,525,5817567,182
115740,11,4,4020313,K�nigin-Elisabeth-Stra�e,4200311,2018,3,9,3,3,2,6,0,0,1,0,0,0,0,1,790477,139,5826368,486
115741,11,4,4020208,Kranzallee,4200206,2018,5,20,2,3,2,6,0,0,0,0,0,0,1,0,788677,6172,5826083,546
115742,11,7,7040402,Lindenhofsiedlung,7400822,2018,10,14,2,3,3,6,0,0,1,0,0,1,0,1,796420,226,5822628,215
115743,11,1,1011303,Alexanderplatzviertel,1100310,2018,1,6,6,3,2,6,2,0,1,0,0,0,0,1,799101,5691,5827684,534
115744,11,7,7040403,Manteuffelstra�e                                                                                    ,7400823,2018,11,16,4,3,2,6,2,0,1,0,0,0,0,0,796873,2898,5822397,832
115745,11,4,4051655,Babelsberger Stra�e,4501153,2018,9,18,5,3,2,6,1,0,1,0,0,0,1,1,794357,5431,5823072,547
115746,11,3,3071639,B�tzowstra�e,3701660,2018,8,15,3,3,2,2,0,1,0,0,0,0,1,0,800371,1035,5829564,209
115747,11,3,3061126,Arnimplatz,3601141,2018,6,8,6,3,6,4,0,1,0,1,0,0,0,0,799192,5258,5831359,877
115748,11,12,12103219,Sch�fersee,12100204,2018,6,18,7,3,5,3,0,0,1,0,1,0,0,0,795758,204,5832656,457
115749,11,9,9020601,Schnellerstra�e                                                                                     ,9200613,2018,8,10,2,2,6,3,0,0,1,1,0,0,0,0,806032,8378,5821702,342
115750,11,3,3061131,Falkplatz,3601142,2018,5,9,4,3,0,4,0,0,0,1,1,0,0,0,799141,6295,5830384,983
115751,11,1,1011104,K�rnerstra�e                                                                                        ,1100104,2018,4,15,3,3,2,6,0,0,1,0,0,0,0,0,796381,1659,5826167,661
115752,11,7,7020203,Kaiser-Wilhelm-Platz,7200410,2018,12,20,3,3,3,6,2,1,1,0,0,0,0,1,795662,3296,5823977,28
115753,11,12,12103219,Sch�fersee,12100204,2018,9,14,4,3,0,5,0,1,0,0,0,0,1,0,795667,1904,5832921,865
115754,11,9,9020601,Schnellerstra�e                                                                                     ,9200613,2018,9,14,5,2,3,6,0,0,1,0,0,0,0,0,806679,5721,5821058,233
115755,11,4,4020311,Reichsstra�e,4200310,2018,7,16,3,3,0,4,0,1,0,1,0,0,0,0,789940,7261,5826327,877
115756,11,3,3061131,Falkplatz,3601142,2018,7,17,3,3,0,4,0,1,0,1,0,0,0,0,799197,6344,5831039,905
115757,11,7,7050501,Rathausstra�e                                                                                       ,7501029,2018,5,8,4,3,2,2,0,0,1,0,0,0,0,0,797701,63,5818770,812
115758,11,3,3061131,Falkplatz,3601142,2018,1,5,6,2,6,4,2,0,1,1,0,0,0,1,799141,7755,5830376,319
115759,11,7,7050502,Fritz-Werner-Stra�e                                                                                 ,7501133,2018,11,6,3,3,3,6,2,1,1,0,0,0,0,1,798153,95,5819054,333
115760,11,4,4020313,K�nigin-Elisabeth-Stra�e,4200311,2018,8,9,5,3,0,2,0,1,1,0,0,0,0,0,790519,246,5826375,536
115762,11,12,12103117,Letteplatz,12100101,2018,10,12,7,3,5,3,0,0,1,0,0,0,0,0,795798,1181,5832426,534
115763,11,3,3061131,Falkplatz,3601142,2018,8,1,4,3,0,4,2,0,0,1,1,0,0,0,799165,5941,5830380,554
115764,11,12,12214125,Waldidyll/Flughafensee,12200412,2018,4,15,4,3,2,6,0,0,1,0,0,0,0,1,791039,4177,5834176,356
115765,11,7,7030303,Grazer Platz,7300619,2018,4,12,5,3,2,6,0,0,1,0,0,0,0,0,795886,9029,5822684,389
115766,11,3,3061332,Helmholtzplatz,3701657,2018,5,21,4,3,5,2,1,1,1,0,0,0,0,0,799992,9269,5830194,759
115767,11,1,1033203,Humboldthain Nordwest                                                                               ,1300836,2018,12,17,4,3,3,6,2,0,1,0,0,0,0,0,796284,706,5830338,5
115768,11,12,12302212,Rollbergesiedlung,12601032,2018,9,12,5,3,0,2,0,1,0,0,0,0,1,0,792729,7489,5837422,78
115769,11,10,10010310,Alt-Marzahn,10100313,2018,8,16,6,3,3,6,0,0,1,0,1,0,0,0,807715,268,5830593,549
115770,11,7,7030303,Grazer Platz,7300619,2018,6,16,6,3,0,7,0,0,0,0,1,0,1,1,795707,5,5823147,22
115771,11,6,6040701,Wannsee,6400735,2018,7,18,5,3,6,4,0,1,0,1,0,0,0,0,782669,6499,5815804,1
115772,11,1,1011202,Unter den Linden Nord,1100206,2018,5,14,4,3,6,7,0,1,0,1,0,0,0,0,797922,587,5827615,496
115773,11,2,2050602,Samariterviertel,2500729,2018,1,11,6,3,6,7,0,1,0,1,0,0,0,1,803550,5235,5827602,478
115774,11,6,6040701,Wannsee,6400735,2018,11,16,3,3,0,5,0,1,1,0,0,0,1,0,783563,7133,5816035,963
115775,11,6,6040701,Wannsee,6400735,2018,6,7,3,2,6,4,0,0,1,1,0,0,0,0,782839,4397,5815856,651
115776,11,1,1011105,N�rdlicher Landwehrkanal                                                                            ,1100102,2018,12,17,7,3,2,6,2,0,1,0,0,0,0,1,796823,8595,5826701,897
115777,11,4,4020314,Messegel�nde,4200311,2018,10,14,1,3,2,6,0,0,1,0,0,0,0,0,790543,1449,5825422,253
115778,11,12,12214125,Waldidyll/Flughafensee,12200414,2018,8,14,6,2,8,1,0,0,1,0,0,0,0,0,791703,2376,5831032,114
115779,11,4,4030724,Lietzensee,4300415,2018,4,13,5,2,2,6,0,0,1,0,0,0,0,0,790686,2689,5826132,758
115780,11,1,1044102,Schillerpark,1400940,2018,3,11,3,3,2,6,0,0,1,0,1,0,0,0,795866,114,5832045,8
115781,11,12,12231102,Frohnau,12400721,2018,5,8,6,2,5,3,0,1,1,0,0,0,0,0,790994,2743,5841249,75
115782,11,7,7030303,Grazer Platz,7300619,2018,10,15,6,3,2,6,0,0,1,0,0,0,1,0,795298,477,5822801,731
115783,11,3,3061435,Conrad-Blenkle-Stra�e,3601452,2018,1,17,5,3,2,6,2,0,1,0,0,0,0,0,801578,7928,5829022,68
115784,11,1,1011105,N�rdlicher Landwehrkanal                                                                            ,1100102,2018,11,14,5,3,6,7,0,1,0,1,0,0,0,0,796490,836,5826506,452
115785,11,8,8020619,Buschkrugallee Nord,8200622,2018,9,7,2,3,2,6,0,0,1,0,1,0,0,0,801953,1284,5821838,674
115786,11,3,3050925,Komponistenviertel Wei�ensee,3500936,2018,8,21,7,3,3,6,2,0,1,0,0,1,0,0,802503,399,5831664,573
115787,11,3,3040614,Pankow Zentrum                                                                                      ,3400723,2018,6,7,3,3,2,6,0,0,1,0,0,1,0,0,798362,856,5833478,33
115788,11,11,11041022,Rosenfelder Ring,11401032,2018,7,19,2,3,1,5,0,1,1,0,0,0,0,0,805798,124,5827383,981
115789,11,4,4030417,Schlo�stra�e,4300414,2018,6,17,3,3,2,6,0,0,1,0,0,0,0,0,791571,781,5826567,108
115790,11,7,7070706,Horstwalder Stra�e/Paplitzer Stra�e                                                                 ,7601547,2018,5,12,7,3,1,5,0,0,1,0,1,0,0,0,800514,55,5812371,81
115791,11,3,3040614,Pankow Zentrum                                                                                      ,3400725,2018,4,16,5,2,3,6,0,0,1,0,0,0,0,0,800389,5312,5835507,884
115792,11,11,11041027,Tierpark,11401034,2018,12,16,4,3,2,6,1,0,1,0,0,0,0,1,807455,4534,5827449,325
115793,11,7,7040401,Neu-Tempelhof,7400721,2018,9,13,1,3,6,2,0,0,1,1,0,0,0,0,797778,1489,5823488,982
115794,11,1,1044102,Schillerpark,1400940,2018,7,16,7,2,5,3,0,0,1,0,1,0,0,0,795861,8759,5832068,328
115795,11,4,4030417,Schlo�stra�e,4300414,2018,4,16,1,3,1,5,0,1,0,0,0,0,1,0,791251,3625,5826494,604
115796,11,6,6040701,Wannsee,6400735,2018,7,20,2,3,0,3,1,0,1,0,1,0,0,0,782339,5259,5815726,162
115797,11,4,4041239,Stadion Wilmersdorf,4400830,2018,3,15,6,3,2,6,0,0,1,0,0,0,0,1,792084,8492,5823813,101
115798,11,1,1011102,Gro�er Tiergarten,1100102,2018,5,13,7,3,0,6,0,1,0,0,0,0,0,0,796892,367,5827450,148
115799,11,3,3050925,Komponistenviertel Wei�ensee,3500936,2018,10,14,6,3,0,1,0,0,0,0,1,0,0,0,801792,6324,5831371,876
115800,11,4,4061757,Forst Grunewald,4200207,2018,1,17,5,3,8,1,2,0,1,0,0,0,0,0,788384,2573,5822712,661
115801,11,7,7040401,Neu-Tempelhof,7400721,2018,11,11,7,3,2,6,0,0,1,0,0,0,0,0,797819,3004,5822939,156
115802,11,7,7070701,Kettinger Stra�e/Schillerstra�e                                                                     ,7601442,2018,9,6,3,2,1,5,1,0,1,0,0,0,0,0,799734,8929,5814369,25
115803,11,7,7040401,Neu-Tempelhof,7400720,2018,8,14,1,3,2,6,0,0,1,0,0,0,0,0,797774,1814,5823883,356
115804,11,5,5020524,Weinmeisterhornweg,5200528,2018,6,13,4,3,2,6,0,0,1,0,1,0,0,0,783547,3113,5826706,911
115805,11,3,3040818,Pankow S�d                                                                                          ,3400830,2018,10,11,4,3,2,7,0,0,0,0,1,0,1,0,800030,8232,5833543,998
115806,11,3,3071633,Th�lmannpark,3701657,2018,6,6,6,3,0,7,0,1,0,0,0,0,0,0,800051,7721,5830472,915
115807,11,1,1033203,Humboldthain Nordwest                                                                               ,1300836,2018,8,15,6,3,5,2,0,1,1,0,0,0,0,0,796195,46,5830185,826
115808,11,7,7050502,Fritz-Werner-Stra�e                                                                                 ,7501133,2018,5,20,3,3,5,3,0,0,1,0,0,0,0,0,798153,95,5819054,333
115809,11,7,7050501,Rathausstra�e                                                                                       ,7501029,2018,4,16,1,3,2,6,0,0,1,0,0,0,0,0,797716,344,5818801,359
115810,11,3,3010102,Buch,3100103,2018,12,6,2,3,2,6,1,0,1,0,0,0,0,0,803636,164,5839974,675
115811,11,3,3040614,Pankow Zentrum                                                                                      ,3400721,2018,9,14,3,3,2,6,0,0,1,0,0,0,0,0,798114,948,5833549,887
115812,11,6,6040701,Wannsee,6400735,2018,9,13,3,3,0,2,0,1,1,0,0,0,0,0,783889,4801,5815953,905
115813,11,7,7020202,Volkspark (Rudolf-Wilde-Park),7200308,2018,6,16,4,3,6,4,0,0,1,1,0,0,0,0,795355,8541,5823451,319
115814,11,4,4041137,Flinsberger Platz,4400727,2018,7,9,2,3,2,6,0,0,1,0,0,0,0,0,791469,7193,5824431,969
115815,11,2,2050602,Samariterviertel,2500728,2018,5,21,2,3,1,1,1,0,1,0,0,0,0,0,802919,882,5827668,27
115816,11,12,12103218,Teichstra�e,12100205,2018,1,9,5,3,3,6,0,0,1,0,0,0,0,1,794604,9678,5833804,992
115817,11,12,12224230,Heiligensee,12400618,2018,11,16,1,3,0,1,1,0,0,0,1,0,0,1,787543,1507,5837981,363
115818,11,3,3061228,Erich-Weinert-Stra�e,3601245,2018,8,13,5,3,6,4,0,0,1,1,0,0,0,0,800224,7,5831132,111
115819,11,1,1011303,Alexanderplatzviertel,1100310,2018,3,11,7,3,5,2,0,0,1,0,0,0,0,0,799283,186,5827936,71
115821,11,3,3071633,Th�lmannpark,3701657,2018,10,8,5,2,2,6,0,0,1,0,0,0,0,0,800567,8063,5829919,98
115822,11,10,10030727,Biesdorf S�d                                                                                        ,10300734,2018,8,6,3,2,5,3,0,1,1,0,0,0,0,0,810648,9647,5827082,467
115823,11,10,10030726,Alt-Biesdorf,10300733,2018,4,7,2,3,5,2,0,0,1,0,0,1,0,0,808954,1705,5827441,349
115824,11,3,3040818,Pankow S�d                                                                                          ,3400826,2018,4,16,3,3,1,5,0,1,0,0,0,0,1,0,798700,6149,5832906,919
115825,11,7,7040402,Lindenhofsiedlung,7400822,2018,5,15,3,3,2,6,0,0,1,0,0,0,1,0,796613,7822,5822500,729
115826,11,3,3010104,Lietzengraben,3100101,2018,10,17,4,3,2,6,2,0,1,0,0,0,0,0,800865,7803,5838688,521
115827,11,3,3030716,M�rchenland,3300517,2018,12,18,2,3,6,2,2,0,0,1,0,1,0,0,803107,8909,5833467,258
115828,11,7,7020203,Kaiser-Wilhelm-Platz,7200410,2018,9,20,4,3,3,6,2,1,1,0,0,0,0,0,795626,1268,5823945,333
115829,11,1,1011204,Leipziger Stra�e                                                                                    ,1100207,2018,8,11,5,3,6,7,0,0,1,1,0,0,0,0,798866,1831,5827279,331
115830,11,1,1011303,Alexanderplatzviertel,1100310,2018,6,17,5,3,5,2,0,1,0,0,1,0,0,0,798799,3675,5828014,712
115831,11,6,6040702,D�ppel,6400736,2018,7,8,4,3,2,6,0,0,1,0,0,0,0,0,785369,378,5816015,639
115832,11,3,3050923,Wei�enseer Spitze,3500934,2018,1,16,5,3,2,6,2,0,1,0,0,0,0,1,800272,4851,5831810,467
115833,11,4,4030417,Schlo�stra�e,4300414,2018,11,7,2,3,5,2,0,1,1,0,0,0,0,0,791023,58,5826476,372
115834,11,7,7040403,Manteuffelstra�e                                                                                    ,7400824,2018,6,11,6,3,2,6,0,0,0,0,1,1,0,1,797849,503,5822287,333
115835,11,3,3061332,Helmholtzplatz,3701657,2018,5,18,3,3,5,2,0,1,1,0,0,0,0,0,799998,3416,5830219,784
115836,11,12,12214422,Klixstra�e                                                                                          ,12200310,2018,12,12,5,3,2,6,0,0,1,0,0,0,1,0,791820,3337,5832858,54
115837,11,7,7050502,Fritz-Werner-Stra�e                                                                                 ,7501133,2018,10,10,6,3,1,5,0,0,1,0,1,0,0,0,798375,6881,5818375,976
196811,11,3,3030716,M�rchenland,3300517,2018,1,18,5,2,5,2,2,1,1,0,0,0,0,1,803380,323,5833521,47
196812,11,6,6030502,Zehlendorf S�d                                                                                      ,6300525,2018,1,11,4,2,5,2,0,1,1,0,0,0,0,0,790219,231,5815055,7
196813,11,7,7020202,Volkspark (Rudolf-Wilde-Park),7200308,2018,1,18,5,3,2,2,2,1,1,0,0,0,0,1,794816,4643,5823564,137
196814,11,9,9020702,Adlershof Ost,9200717,2018,1,18,2,3,5,3,2,0,1,0,0,0,1,0,809446,9503,5820597,506
196815,11,12,12103218,Teichstra�e,12100205,2018,1,18,5,3,5,2,2,1,1,0,0,0,0,1,794554,1651,5833970,188
196816,11,9,9051901,Dammvorstadt,9501941,2018,1,17,1,3,5,3,2,0,1,0,0,0,0,0,811062,7447,5821225,79
196817,11,3,3010102,Buch,3100103,2018,1,17,5,2,6,2,2,0,1,1,0,0,0,1,804370,3269,5840425,448
196818,11,5,5010209,An der Kappe,5100211,2018,1,7,6,2,6,2,1,0,1,1,0,0,0,0,783238,3267,5830292,381
196819,11,1,1022106,Elberfelder Stra�e                                                                                  ,1200522,2018,1,17,5,3,5,3,2,0,1,0,0,0,0,1,793923,307,5827755,456
196820,11,4,4010101,Jungfernheide,4100101,2018,1,23,3,2,6,4,2,0,1,1,0,0,0,0,789474,2948,5830628,607
196821,11,11,11030618,Fennpfuhl West,11300619,2018,1,17,5,2,6,4,2,0,1,1,0,0,0,1,803852,617,5828724,988
196822,11,2,2050803,Stralauer Kiez,2500835,2018,1,16,5,3,5,2,2,0,1,0,0,0,0,1,803014,2792,5825735,625
196823,11,12,12214423,Mellerbogen,12200308,2018,1,5,2,3,1,5,2,0,1,0,0,0,1,0,792820,3768,5833870,503
196824,11,8,8010211,Flughafenstra�e,8100206,2018,1,15,5,3,2,6,1,0,1,0,0,0,0,1,800507,2522,5823746,26
196825,11,12,12214125,Waldidyll/Flughafensee,12200412,2018,1,16,5,3,2,6,0,0,1,0,0,0,1,1,788615,32,5833017,354
196826,11,8,8010118,Silbersteinstra�e,8100104,2018,1,3,7,3,6,2,2,0,0,1,0,0,1,1,800714,2551,5822327,65
196827,11,6,6020302,Komponistenviertel Lankwitz,6200312,2018,1,15,5,3,5,2,0,0,1,0,0,0,0,1,795161,7034,5818820,963
196828,11,2,2020206,Graefekiez,2200212,2018,1,20,4,3,2,6,2,1,1,0,0,0,0,1,799899,9951,5824458,39
196829,11,8,8010510,Gewerbegebiet K�llnische Heide,8100521,2018,1,15,5,3,3,6,1,0,1,0,0,1,0,1,802710,615,5822115,331
196830,11,3,3030716,M�rchenland,3300517,2018,1,16,7,2,5,2,2,0,1,0,0,0,0,0,803377,7549,5833521,805
196831,11,8,8020622,Parchimer Allee,8200727,2018,1,14,5,3,6,4,0,0,1,1,0,0,0,1,801284,6375,5819608,848
196832,11,1,1011103,L�tzowstra�e                                                                                        ,1100103,2018,1,21,5,3,2,2,2,0,1,0,0,0,1,1,795181,4863,5825911,47
196833,11,9,9052001,K�penick Nord                                                                                       ,9502043,2018,1,14,5,2,5,3,0,1,1,0,0,0,0,1,810990,5063,5821975,644
196834,11,1,1044201,Reinickendorfer Stra�e                                                                              ,1401045,2018,1,16,3,3,2,6,2,0,1,0,0,0,0,0,796955,3891,5831507,252
196835,11,4,4020311,Reichsstra�e,4200310,2018,1,14,5,2,0,7,0,0,1,0,0,0,0,0,789933,8754,5826538,845
196836,11,2,2050602,Samariterviertel,2500727,2018,1,8,2,3,1,5,0,0,1,0,0,0,1,0,802312,6278,5827984,447
196837,11,6,6030503,Zehlendorf Mitte                                                                                    ,6300526,2018,1,14,5,3,0,7,0,0,1,0,1,0,0,1,789550,9897,5817885,46
196838,11,5,5020522,Pillnitzer Weg,5200526,2018,1,13,5,2,6,4,0,0,1,1,0,0,0,0,782313,231,5827201,93
196839,11,7,7040405,Rathaus Tempelhof,7400927,2018,1,20,7,3,1,5,2,0,1,0,0,0,0,1,798014,6062,5820914,688
196840,11,11,11041022,Rosenfelder Ring,11401032,2018,1,13,5,3,5,3,0,0,1,0,0,0,0,1,806134,4215,5827351,773
196841,11,1,1011301,Charit�viertel,1100308,2018,1,17,4,3,0,1,2,0,0,0,1,0,0,1,797597,6145,5828442,105
196842,11,11,11020514,Gro�e-Leege-Stra�e,11200513,2018,1,19,5,2,5,3,2,1,1,0,0,0,0,1,804599,382,5830874,405
196843,11,8,8010510,Gewerbegebiet K�llnische Heide,8100521,2018,1,13,5,3,5,3,0,0,1,0,0,0,0,1,802483,96,5822557,773
196844,11,1,1011302,Oranienburger Stra�e                                                                                ,1100309,2018,1,12,2,3,2,6,0,0,1,0,0,1,0,0,797926,5355,5828873,753
196845,11,12,12214424,Scharnweberstra�e                                                                                   ,12200309,2018,1,11,5,3,0,5,0,0,1,0,1,0,0,1,793358,9503,5832539,285
196846,11,2,2040701,Andreasviertel,2400623,2018,1,7,3,3,5,3,1,1,1,0,0,0,0,0,801240,8753,5827686,852
196847,11,12,12301204,Wittenau Nord                                                                                       ,12500927,2018,1,10,5,3,6,4,0,0,1,1,0,0,0,1,792766,35,5836327,17
196848,11,2,2040701,Andreasviertel,2400623,2018,1,13,2,3,5,3,0,1,1,0,0,0,0,0,800366,153,5827190,941
196849,11,9,9010101,Elsenstra�e                                                                                         ,9100101,2018,1,5,5,3,5,2,2,1,1,0,0,0,0,1,802344,2627,5824750,109
196850,11,11,11010205,Falkenberg West,11100204,2018,1,5,5,3,5,3,2,1,1,0,0,0,0,1,806402,4427,5833714,861
196851,11,4,4030827,Karl-August-Platz,4300623,2018,1,2,6,3,8,1,2,0,1,0,0,0,0,1,792266,3282,5825989,985
196852,11,4,4030725,Amtsgerichtsplatz,4300416,2018,1,10,5,3,5,3,0,0,1,0,0,0,0,1,791308,5997,5826007,919
196853,11,4,4041135,Hundekehle,4400729,2018,1,12,4,3,5,3,0,0,1,0,0,0,0,0,789383,8184,5823102,9
196854,11,1,1011101,St�lerstra�e                                                                                        ,1100101,2018,1,6,5,3,6,2,2,0,1,1,0,0,0,1,795234,2243,5826609,532
196855,11,9,9020701,Adlershof West,9200715,2018,1,6,2,3,5,3,2,1,1,0,0,0,0,0,807375,957,5819049,883
196856,11,1,1011304,Karl-Marx-Allee,1100311,2018,1,6,5,3,5,3,2,1,1,0,0,0,0,1,800049,6057,5828087,257
196857,11,6,6040806,Fischtal,6400840,2018,1,13,1,3,5,2,0,1,1,0,0,0,0,0,789007,8367,5819148,411
196858,11,2,2010103,Moritzplatz,2100104,2018,1,8,5,3,5,3,0,1,1,0,0,0,0,1,799326,9124,5826235,581
196859,11,3,3061228,Erich-Weinert-Stra�e,3601245,2018,1,7,5,3,6,2,2,0,1,1,0,0,0,1,800237,983,5831183,442
196860,11,1,1033102,Gesundbrunnen,1300733,2018,1,10,2,3,2,2,0,1,1,0,0,0,0,0,797165,9025,5831885,188
196861,11,12,12214125,Waldidyll/Flughafensee,12200414,2018,1,7,5,3,6,2,2,0,1,1,0,0,0,1,791908,889,5831509,603
196862,11,1,1022206,L�neburger Stra�e                                                                                   ,1200628,2018,1,15,6,3,5,2,1,0,1,0,0,0,0,0,796260,688,5828501,841
196863,11,12,12301206,L�bars,12500929,2018,1,7,5,3,6,7,1,0,0,1,0,0,1,1,793910,1263,5838397,189
196864,11,6,6040804,Krumme Lanke,6400838,2018,1,10,4,3,3,6,0,0,1,0,0,1,0,0,787680,6825,5818211,942
196865,11,10,10040931,Mahlsdorf Nord                                                                                      ,10400938,2018,1,18,2,3,5,3,2,0,1,0,0,0,0,0,814875,2039,5830057,78
196866,11,8,8010211,Flughafenstra�e,8100206,2018,1,19,7,3,6,7,2,0,1,1,0,0,0,0,800670,688,5823596,595
196867,11,2,2050801,Traveplatz,2500831,2018,1,1,6,2,0,1,2,1,0,0,0,0,0,1,803056,4368,5827006,616
196868,11,2,2050802,Boxhagener Platz,2500834,2018,1,18,3,3,2,2,2,1,1,0,0,0,0,0,802350,728,5827081,53
196869,11,9,9010301,Baumschulenstra�e,9100305,2018,1,7,5,2,6,2,1,0,1,1,0,0,0,1,805010,3032,5822693,686
196870,11,7,7070701,Kettinger Stra�e/Schillerstra�e                                                                     ,7601442,2018,1,10,6,3,6,6,0,0,1,1,0,0,0,0,798574,9208,5815583,992
196871,11,7,7060601,Marienfelder Allee Nordwest,7601236,2018,1,18,4,3,6,7,2,0,1,1,0,0,0,1,796975,8333,5816852,556
196872,11,3,3050920,Wei�er See,3500933,2018,1,15,3,3,0,3,0,0,0,0,0,0,1,0,801535,45,5831850,23
196873,11,12,12302110,Dannenwalder Weg,12601235,2018,1,7,4,3,6,2,0,0,0,1,0,0,1,1,795287,9558,5836366,715
196874,11,7,7040406,Germaniagarten,7400928,2018,1,13,4,3,5,2,0,1,0,0,0,1,0,1,800101,7375,5821438,57
196875,11,2,2010102,Mehringplatz,2100102,2018,1,8,2,2,6,2,0,0,1,1,0,0,0,0,798440,6008,5826525,654
196876,11,1,1011305,Heine-Viertel West,1100312,2018,1,20,4,2,6,4,2,0,1,1,0,0,0,1,799660,7777,5827085,15
196877,11,3,3050925,Komponistenviertel Wei�ensee,3500936,2018,1,7,4,3,6,4,2,0,0,1,0,0,1,1,802362,1568,5831230,235
196878,11,1,1022201,Stephankiez,1200623,2018,1,14,7,3,5,7,0,0,1,0,0,0,0,0,795113,5992,5829235,332
196879,11,4,4030415,Schlo�garten,4300412,2018,1,13,4,3,5,2,0,1,1,0,0,0,0,1,790799,218,5827373,638
196880,11,1,1044202,Sparrplatz,1401047,2018,1,21,5,3,6,2,2,0,1,1,0,0,0,1,795541,6751,5830751,845
196881,11,11,11020514,Gro�e-Leege-Stra�e,11200513,2018,1,16,4,3,5,3,2,0,1,0,0,0,0,1,804671,9914,5830737,318
196882,11,1,1011204,Leipziger Stra�e                                                                                    ,1100207,2018,1,12,3,3,2,7,0,1,1,0,0,0,0,0,797857,6624,5826844,2
196883,11,7,7030302,Cecilieng�rten,7300618,2018,1,16,4,3,5,2,2,1,1,0,0,0,0,1,794550,6004,5822328,308
196884,11,10,10020622,Kaulsdorf Nord I                                                                                    ,10200629,2018,1,13,2,3,0,6,0,0,0,0,0,0,1,0,810632,31,5827984,426
196885,11,1,1033201,Brunnenstra�e                                                                                       ,1300834,2018,1,15,4,3,5,3,0,1,1,0,0,0,0,0,797566,635,5830939,618
196886,11,5,5010103,Amorbacher Weg,5100105,2018,1,15,4,3,2,6,0,0,1,0,0,0,0,1,784472,55,5831667,241
196887,11,7,7010102,Nollendorfplatz,7100102,2018,1,22,7,3,5,3,2,0,1,0,0,0,0,0,794964,4995,5825397,269
196888,11,3,3061435,Conrad-Blenkle-Stra�e,3601452,2018,1,17,4,3,5,3,1,0,1,0,0,0,0,1,801612,4812,5829356,283
196889,11,6,6010209,Feuerbachstra�e                                                                                     ,6100209,2018,1,6,2,3,0,7,2,0,1,0,0,0,0,0,794696,1546,5821668,954
196890,11,4,4030415,Schlo�garten,4300412,2018,1,17,4,2,0,4,1,0,1,1,0,0,1,1,790846,448,5827391,177
196891,11,5,5030833,Motardstra�e                                                                                        ,5300840,2018,1,18,4,3,5,3,2,0,1,0,0,0,0,1,788919,5829,5829319,622
196892,11,8,8010404,Rixdorf,8100417,2018,1,1,7,3,6,2,2,0,1,1,0,0,0,0,802579,741,5823087,928
196893,11,4,4020313,K�nigin-Elisabeth-Stra�e,4200311,2018,1,19,4,3,6,2,2,0,1,1,0,0,0,1,790466,8208,5826696,507
196894,11,6,6020409,K�nigsberger Stra�e                                                                                 ,6200421,2018,1,18,4,3,2,6,2,0,1,0,0,0,0,1,793319,1943,5816972,161
196895,11,6,6030609,Augustaplatz,6300633,2018,1,19,4,3,6,2,2,0,1,1,0,0,0,1,793211,6949,5819815,598
196896,11,4,4031032,Halensee,4500938,2018,1,11,3,3,2,7,0,0,1,0,0,0,0,0,791936,8307,5824787,646
196897,11,1,1033102,Gesundbrunnen,1300733,2018,1,20,4,3,6,2,2,0,1,1,0,0,0,1,797354,897,5831189,565
196898,11,2,2010103,Moritzplatz,2100104,2018,1,11,2,2,6,4,0,1,0,1,0,0,0,0,799236,6581,5826249,98
196899,11,1,1011101,St�lerstra�e                                                                                        ,1100101,2018,1,13,4,3,6,4,0,0,1,1,0,0,0,1,794714,8336,5826060,725
196900,11,10,10020413,Gut Hellersdorf,10200420,2018,1,16,6,3,5,3,2,1,1,0,0,0,0,0,812009,5934,5830593,713
196901,11,4,4020313,K�nigin-Elisabeth-Stra�e,4200311,2018,1,11,4,3,1,5,0,1,1,0,0,0,0,1,790442,4032,5826237,357
196902,11,1,1011304,Karl-Marx-Allee,1100311,2018,1,11,4,3,3,1,0,0,1,0,0,0,0,1,799959,6567,5827462,316
196903,11,3,3010102,Buch,3100103,2018,1,11,4,3,5,3,0,0,1,0,0,0,1,1,804019,5765,5841272,504
196904,11,7,7020201,Bayerischer Platz,7200307,2018,1,13,4,2,1,5,0,0,1,0,0,0,0,1,794930,9595,5824686,874