OBJECTID,LAND,BEZ,LOR,STRASSE,LOR_ab_2021,UJAHR,UMONAT,USTUNDE,UWOCHENTAG,UKATEGORIE,UART,UTYP1,ULICHTVERH,IstRad,IstPKW,IstFuss,IstKrad,IstGkfz,IstSonstig,STRZUSTAND,LINREFX,LINREFY,XGCSWGS84,YGCSWGS84
196905,11,2,2040701,Andreasviertel,2400623,2018,1,20,5,3,0,7,2,1,0,0,0,0,1,1,800816,9071,5826885,444
196906,11,5,5020521,D�beritzer Weg,5200524,2018,1,10,4,3,5,3,0,0,1,0,0,0,0,1,780071,7408,5827690,109
196907,11,3,3040614,Pankow Zentrum                                                                                      ,3400725,2018,1,7,2,3,5,3,0,1,0,0,0,0,0,0,798550,5687,5834878,577
196908,11,4,4030931,Breitscheidplatz,4501042,2018,1,11,4,2,6,4,0,0,1,1,0,0,0,1,794411,9289,5825876,425
196909,11,7,7020203,Kaiser-Wilhelm-Platz,7200409,2018,1,18,1,3,1,5,2,1,1,0,0,0,0,0,795476,4445,5823914,2
196910,11,5,5010313,Ackerstra�e                                                                                         ,5100315,2018,1,10,4,3,5,3,0,1,0,0,0,1,0,1,784450,6508,5830247,669
196911,11,6,6010206,Stadtpark,6100206,2018,1,14,6,3,5,2,0,1,1,0,0,0,0,0,794801,4459,5819824,82
196912,11,8,8020621,Mohriner Allee Nord,8200725,2018,1,9,4,3,5,3,0,1,1,0,0,0,0,1,800091,6985,5819160,647
196913,11,3,3061429,Greifswalder Stra�e,3601449,2018,1,8,4,3,2,7,1,0,1,0,0,0,0,0,801689,965,5830113,757
196914,11,10,10020622,Kaulsdorf Nord I                                                                                    ,10200629,2018,1,7,4,2,6,4,2,0,1,1,0,0,0,1,811215,7206,5828873,224
196915,11,10,10020415,Hellersdorfer Promenade,10200422,2018,1,17,2,3,6,4,2,0,1,1,0,0,0,0,812168,2455,5831023,388
196916,11,7,7070703,John-Locke-Stra�e                                                                                   ,7601544,2018,1,7,4,2,6,2,2,0,1,1,0,0,0,1,799764,175,5813974,807
196917,11,1,1011304,Karl-Marx-Allee,1100311,2018,1,7,4,3,3,6,1,0,1,0,0,1,0,1,799736,4798,5827544,66
196918,11,1,1033102,Gesundbrunnen,1300733,2018,1,17,7,3,6,2,2,0,1,1,0,0,0,0,797005,2222,5831477,832
196919,11,1,1033101,Soldiner Stra�e                                                                                     ,1300730,2018,1,7,4,2,6,2,2,0,1,1,0,0,0,1,796152,6954,5832262,688
196920,11,7,7020202,Volkspark (Rudolf-Wilde-Park),7200308,2018,1,18,2,3,5,3,2,1,0,0,0,0,0,0,794797,993,5823569,284
196921,11,11,11030720,Herzbergstra�e,11300721,2018,1,7,4,3,6,4,2,0,1,1,0,0,0,1,804892,1315,5829964,822
196922,11,10,10010310,Alt-Marzahn,10100315,2018,1,16,1,3,2,2,1,0,1,0,0,0,0,0,809890,7082,5831455,337
196923,11,5,5010207,Darbystra�e                                                                                         ,5100209,2018,1,7,4,2,6,4,2,0,1,1,0,0,0,1,783254,9522,5830273,22
196924,11,1,1044101,Rehberge,1400938,2018,1,7,6,3,6,2,0,0,1,1,0,0,0,0,794524,5723,5831580,309
196925,11,7,7040405,Rathaus Tempelhof,7400927,2018,1,6,4,3,5,2,2,1,1,0,0,0,0,1,798057,1166,5821022,118
196926,11,12,12214527,Alt-Tegel,12200515,2018,1,13,3,3,1,7,0,0,1,0,0,0,1,0,790234,1502,5835597,338
196927,11,2,2040701,Andreasviertel,2400623,2018,1,6,4,3,2,3,1,1,1,0,0,0,0,1,800907,4623,5827537,954
196928,11,1,1044101,Rehberge,1400937,2018,1,6,4,3,5,3,2,1,1,0,0,0,0,1,793985,8969,5831343,201
196929,11,9,9020701,Adlershof West,9200715,2018,1,7,2,3,2,6,1,0,1,0,0,0,0,2,808617,6742,5819191,55
196930,11,1,1011402,Arkonaplatz,1100416,2018,1,5,4,2,5,3,2,1,1,0,0,0,0,1,798821,163,5829761,314
196931,11,1,1011201,Wilhelmstra�e                                                                                       ,1100205,2018,1,9,4,3,6,4,0,1,0,1,0,0,0,0,797261,3601,5827363,592
196932,11,1,1011203,Unter den Linden S�d,1100206,2018,1,13,7,3,5,3,0,0,1,0,0,0,0,0,797958,7825,5827080,148
196933,11,3,3020307,Buchholz,3200308,2018,1,8,4,3,5,3,0,1,1,0,0,0,0,1,799062,7265,5837541,809
196934,11,9,9020502,Obersch�neweide Ost,9200512,2018,1,20,4,3,6,4,2,0,1,1,0,0,0,1,808004,1493,5821567,967
196935,11,3,3040614,Pankow Zentrum                                                                                      ,3400721,2018,1,8,3,3,6,4,1,1,0,1,0,0,0,0,797995,412,5833064,668
196936,11,8,8010301,Reuterkiez,8100310,2018,1,8,4,3,5,3,1,1,1,0,0,0,0,1,800569,2207,5825145,514
196937,11,2,2050802,Boxhagener Platz,2500833,2018,1,23,5,3,5,2,2,1,1,0,0,0,0,1,802065,394,5827160,95
196938,11,2,2010102,Mehringplatz,2100102,2018,1,8,4,3,5,7,0,0,1,0,0,0,1,1,798234,806,5825854,233
196939,11,10,10010207,Marzahner Promenade,10100210,2018,1,16,3,2,6,4,2,0,1,1,0,0,0,0,808696,1767,5831862,453
196940,11,4,4051656,Hildegardstra�e,4501151,2018,1,7,4,2,6,2,1,0,1,1,0,0,0,1,793435,1352,5823077,955
196941,11,4,4020310,Park Ruhwald,4200308,2018,1,15,4,3,2,6,0,0,1,0,0,1,0,1,789153,6176,5827544,719
196942,11,1,1011303,Alexanderplatzviertel,1100310,2018,1,16,2,3,2,6,1,0,1,0,0,0,1,0,799511,705,5828130,703
196943,11,10,10010308,Marzahner Chaussee,10100311,2018,1,7,4,3,6,2,1,0,1,1,0,0,0,1,806354,6946,5830182,927
196944,11,7,7020203,Kaiser-Wilhelm-Platz,7200409,2018,1,7,4,2,5,7,1,0,1,0,0,0,0,1,795582,995,5824456,872
196945,11,2,2020203,Viktoriapark,2200209,2018,1,20,7,3,5,2,2,0,1,0,0,0,0,0,797750,15,5824015,985
196946,11,4,4030726,Droysenstra�e,4500936,2018,1,8,4,2,6,4,1,0,1,1,0,0,0,1,791867,406,5825710,28
196947,11,6,6020301,Alt-Lankwitz,6200311,2018,1,17,4,3,5,3,2,0,1,0,0,0,0,0,796242,8985,5818269,599
196948,11,4,4041241,Breite Stra�e,4400832,2018,1,17,4,3,6,2,0,0,1,1,0,0,0,0,791922,127,5822367,985
196949,11,1,1011201,Wilhelmstra�e                                                                                       ,1100205,2018,1,9,2,3,3,6,0,0,1,0,1,0,0,0,797039,5432,5826580,374
196950,11,11,11020515,Landsberger Allee,11200514,2018,1,20,3,3,5,3,2,1,1,0,0,0,0,1,805030,8015,5830407,679
196951,11,2,2010102,Mehringplatz,2100103,2018,1,11,2,3,3,6,0,0,1,0,0,0,1,0,798501,7274,5825555,481
196952,11,1,1033203,Humboldthain Nordwest                                                                               ,1300836,2018,1,11,3,3,2,6,0,0,1,0,0,0,0,1,796806,2841,5830573,902
196953,11,5,5010208,Germersheimer Platz,5100210,2018,1,13,2,2,6,2,0,0,1,1,0,0,0,0,783668,9005,5829858,447
196954,11,3,3061429,Greifswalder Stra�e,3601449,2018,1,18,3,3,8,1,2,0,1,0,0,0,0,1,802014,8935,5830453,369
196955,11,6,6010101,Fichtenberg,6100101,2018,1,15,3,3,1,5,0,0,1,0,0,0,0,1,792619,563,5820877,901
196956,11,11,11040925,Victoriastadt,11400927,2018,1,14,6,2,6,2,0,0,1,1,0,0,0,0,803409,819,5826618,45
196957,11,4,4030827,Karl-August-Platz,4300623,2018,1,13,3,3,0,5,0,0,0,0,1,0,1,1,792395,6175,5826061,746
196958,11,4,4061757,Forst Grunewald,4400729,2018,1,12,4,3,5,3,0,1,1,0,0,0,0,0,788966,51,5823638,782
196959,11,5,5010314,Carl-Schurz-Stra�e                                                                                  ,5100316,2018,1,8,5,3,6,4,1,0,1,1,0,0,0,1,784114,6693,5829007,644
196960,11,9,9020701,Adlershof West,9200715,2018,1,12,3,3,5,2,0,0,1,0,0,0,0,1,807215,1543,5818289,702
196961,11,6,6030605,Botanischer Garten,6300629,2018,1,6,2,3,6,4,2,0,1,1,0,0,0,0,792664,8882,5819780,972
196962,11,9,9041501,Altstadt Kietz,9401534,2018,1,8,3,3,0,7,1,1,0,0,0,0,0,1,811113,1092,5820674,942
196963,11,8,8010212,Rollberg,8100207,2018,1,16,1,3,5,3,1,0,1,0,0,0,1,0,800974,169,5823498,204
196964,11,2,2040502,Friedenstra�e,2400521,2018,1,6,3,3,5,3,2,0,1,0,0,0,0,1,801271,4694,5827950,7
196965,11,12,12214125,Waldidyll/Flughafensee,12200412,2018,1,14,6,3,2,6,0,0,1,0,0,0,0,1,790942,2747,5833828,31
196966,11,6,6020303,Lankwitz Kirche                                                                                     ,6200313,2018,1,5,3,3,6,2,2,0,1,1,0,0,0,1,795347,5559,5818440,379
196967,11,9,9051801,Rahnsdorf/Hessenwinkel,9501838,2018,1,5,4,2,8,1,2,0,1,0,0,0,0,2,817411,3234,5823352,974
196968,11,5,5010313,Ackerstra�e                                                                                         ,5100315,2018,1,13,3,2,5,2,0,0,1,0,0,0,0,1,784672,7439,5829708,758
196969,11,12,12302107,Schorfheidestra�e                                                                                   ,12601236,2018,1,16,6,2,0,2,2,0,1,0,0,0,1,0,794414,1719,5836237,504
196970,11,8,8010404,Rixdorf,8100415,2018,1,14,3,3,3,6,0,1,0,0,0,0,1,1,801908,308,5823557,976
196971,11,5,5010313,Ackerstra�e                                                                                         ,5100315,2018,1,10,4,3,2,6,0,0,1,0,0,0,0,0,784273,5963,5830368,605
196972,11,6,6040702,D�ppel,6400736,2018,1,21,3,3,5,3,2,0,1,0,0,0,0,1,787267,4274,5816557,785
196973,11,12,12103219,Sch�fersee,12100204,2018,1,6,2,2,6,4,2,0,1,1,0,0,0,0,795608,536,5833075,371
196974,11,10,10010101,Marzahn West                                                                                        ,10100101,2018,1,17,3,2,6,4,2,0,1,1,0,0,0,1,808756,6822,5834090,52
196975,11,2,2010101,Askanischer Platz,2100101,2018,1,19,7,3,5,3,2,1,1,0,0,0,0,0,797286,722,5825586,354
196976,11,9,9010301,Baumschulenstra�e,9100304,2018,1,18,3,3,5,3,2,1,1,0,0,0,0,1,804497,9313,5821720,634
196977,11,8,8010404,Rixdorf,8100416,2018,1,22,6,3,1,5,2,0,1,0,0,0,0,1,801918,2272,5823104,974
196978,11,3,3030406,Alt-Karow,3300413,2018,1,17,3,3,3,6,2,0,1,0,0,0,1,1,803184,2825,5837985,523
196979,11,2,2020204,Urbanstra�e,2200210,2018,1,19,3,3,2,6,2,0,1,0,0,0,0,0,798309,5118,5825285,662
196980,11,7,7040405,Rathaus Tempelhof,7400927,2018,1,17,3,3,6,4,2,0,1,1,0,0,0,1,797841,3185,5820784,347
196981,11,8,8040933,Vogelviertel S�d,8401139,2018,1,17,3,3,5,3,2,0,1,0,0,0,0,1,803577,5693,5818638,586
196982,11,1,1044101,Rehberge,1400938,2018,1,16,2,3,5,3,1,1,1,0,0,0,0,0,794378,8064,5830798,291
196983,11,6,6010102,Schlo�stra�e                                                                                        ,6100102,2018,1,17,3,3,1,5,2,1,1,0,0,0,0,1,793353,6637,5820811,416
196984,11,4,4030931,Breitscheidplatz,4501042,2018,1,17,3,3,5,2,1,0,1,0,0,0,1,1,793987,2425,5826152,118
196985,11,9,9020701,Adlershof West,9200715,2018,1,17,3,3,5,2,2,0,1,0,0,0,0,1,807701,3581,5818375,174
196986,11,4,4020311,Reichsstra�e,4200309,2018,1,6,3,3,5,3,2,0,1,0,0,0,0,1,788806,5208,5827270,521
196987,11,6,6020305,Gemeindepark Lankwitz,6200315,2018,1,16,2,3,1,5,1,0,1,0,0,0,0,0,795618,1686,5817023,931
196988,11,5,5020523,Maulbeerallee,5200527,2018,1,5,2,3,1,7,2,0,0,0,0,0,1,0,783123,8234,5827372,959
196989,11,3,3050923,Wei�enseer Spitze,3500934,2018,1,0,2,3,6,4,2,0,1,1,0,0,0,1,800466,145,5831751,165
196990,11,8,8020726,Buckow West,8200831,2018,1,16,7,2,6,4,2,0,1,1,0,0,0,0,800003,5042,5816606,568
196991,11,10,10010308,Marzahner Chaussee,10100311,2018,1,0,2,2,6,7,2,0,0,1,0,0,1,1,807487,1167,5828839,2
196992,11,1,1011402,Arkonaplatz,1100416,2018,1,20,5,3,5,3,2,1,1,0,0,0,0,1,798681,8669,5829453,966
196993,11,8,8010303,Donaustra�e,8100314,2018,1,22,2,3,5,2,2,0,1,0,0,0,0,0,801016,6291,5823904,735
196994,11,9,9030901,Dorf Altglienicke,9300920,2018,1,15,3,3,5,2,1,1,1,0,0,0,0,0,807577,623,5815426,578
196995,11,6,6030609,Augustaplatz,6300633,2018,1,13,2,3,6,4,0,1,0,1,0,0,0,0,793233,1247,5819427,262
196996,11,10,10030727,Biesdorf S�d                                                                                        ,10300734,2018,1,13,2,2,5,7,0,1,1,0,0,0,0,0,808570,9674,5826236,394
196997,11,1,1011302,Oranienburger Stra�e                                                                                ,1100309,2018,1,7,2,3,5,3,1,0,1,0,0,0,0,0,798288,1081,5828776,44
196998,11,7,7030303,Grazer Platz,7300619,2018,1,6,2,3,5,3,2,0,1,0,0,0,0,1,795765,654,5823107,736
196999,11,8,8010118,Silbersteinstra�e,8100104,2018,1,22,7,3,3,6,2,0,1,0,0,0,0,0,800835,7824,5822562,409
197000,11,8,8010301,Reuterkiez,8100312,2018,1,6,2,2,6,4,2,0,1,1,0,0,0,0,801270,804,5824011,47
197001,11,1,1011302,Oranienburger Stra�e                                                                                ,1100310,2018,1,2,4,3,5,3,2,0,1,0,0,0,0,1,799101,991,5828972,572
197002,11,5,5030731,Gartenfelder Stra�e                                                                                 ,5300737,2018,1,22,5,3,3,6,2,0,1,0,0,0,0,1,788021,7017,5829366,255
197003,11,1,1011402,Arkonaplatz,1100416,2018,1,2,7,2,5,3,2,1,1,0,0,0,0,0,798233,3043,5829630,34
197004,11,6,6030610,Lichterfelde West                                                                                   ,6300634,2018,1,4,2,3,6,2,2,0,1,1,0,0,0,1,791911,2672,5818950,828
197005,11,1,1011302,Oranienburger Stra�e                                                                                ,1100309,2018,1,17,4,3,2,6,2,0,1,0,1,0,0,1,798130,3005,5828965,318
197006,11,1,1011101,St�lerstra�e                                                                                        ,1100101,2018,1,1,2,3,6,4,2,0,0,1,0,0,1,0,795234,5531,5826609,608
197007,11,5,5010206,G�tersloher Weg,5100208,2018,1,7,3,3,8,1,1,0,1,0,0,0,0,0,781566,6628,5830692,305
197008,11,7,7050501,Rathausstra�e                                                                                       ,7501029,2018,1,1,2,3,5,3,2,0,1,0,0,0,0,0,797686,5205,5818766,622
197009,11,2,2020204,Urbanstra�e,2200210,2018,1,13,2,3,5,3,0,1,1,0,0,0,0,2,798006,796,5825260,653
197010,11,1,1022205,Zillesiedlung,1200627,2018,1,0,2,3,6,4,2,0,1,1,0,0,0,0,795678,1011,5828428,55
197011,11,5,5010209,An der Kappe,5100211,2018,1,0,2,2,6,7,2,0,0,1,0,0,1,0,783195,585,5829262,72
197012,11,9,9020502,Obersch�neweide Ost,9200511,2018,1,23,6,3,5,3,2,0,1,0,0,0,0,0,806945,5837,5822301,716
197013,11,1,1011101,St�lerstra�e                                                                                        ,1100101,2018,1,14,2,3,5,2,0,0,1,0,0,0,0,0,795249,9392,5826613,296
197014,11,9,9041301,Kietzer Feld/Nachtheide                                                                             ,9401329,2018,1,12,4,3,2,6,0,0,1,0,0,0,0,1,812866,6534,5819327,401
197015,11,9,9020701,Adlershof West,9200715,2018,1,14,2,3,5,3,0,0,1,0,0,0,0,0,807658,4892,5819360,406
197016,11,3,3061435,Conrad-Blenkle-Stra�e,3601452,2018,1,20,2,3,5,3,2,0,1,0,0,0,0,0,801612,532,5829355,981
197019,11,1,1033202,Humboldthain S�d,1300835,2018,1,11,2,3,5,2,0,1,0,0,0,0,1,0,797763,3543,5829744,548
197021,11,1,1022103,Westhafen,1200517,2018,1,10,2,3,2,6,0,0,1,0,0,0,0,2,793502,1707,5829374,583
197023,11,8,8010301,Reuterkiez,8100312,2018,1,15,6,3,5,2,0,1,0,0,0,0,1,0,801553,2219,5824038,358
197025,11,2,2040701,Andreasviertel,2400623,2018,1,8,4,3,5,3,1,1,1,0,0,0,0,0,800286,7306,5827638,471
197027,11,1,1011204,Leipziger Stra�e                                                                                    ,1100207,2018,1,17,2,2,4,2,2,1,0,0,0,0,0,0,798641,957,5827121,154
197030,11,2,2040701,Andreasviertel,2400623,2018,1,17,7,2,6,4,2,0,1,1,0,0,0,0,800675,4682,5827588,712
197032,11,1,1011105,N�rdlicher Landwehrkanal                                                                            ,1100102,2018,1,16,5,3,6,2,2,0,1,1,0,0,0,1,796024,54,5826258,497
197033,11,2,2020203,Viktoriapark,2200209,2018,1,10,1,3,5,3,0,0,1,0,0,0,0,0,797112,7839,5823995,569
197035,11,5,5030731,Gartenfelder Stra�e                                                                                 ,5300737,2018,1,9,6,3,2,6,0,0,1,0,0,0,1,0,787944,5373,5830008,109
197037,11,1,1044201,Reinickendorfer Stra�e                                                                              ,1300733,2018,1,8,3,3,6,2,1,0,1,1,0,0,0,1,796983,4863,5831507,576
197040,11,4,4020311,Reichsstra�e,4200309,2018,1,10,2,2,5,2,0,1,1,0,0,0,0,0,788701,7246,5827368,719
197043,11,2,2020206,Graefekiez,2200213,2018,1,13,7,3,1,5,0,0,1,0,0,0,0,1,799909,2393,5824760,614
197046,11,7,7030302,Cecilieng�rten,7300618,2018,1,9,3,3,2,7,0,0,1,0,0,0,1,0,794934,2506,5822645,766
197048,11,12,12301203,Wittenau S�d                                                                                        ,12500926,2018,1,13,2,3,1,7,0,0,1,0,0,0,0,0,793724,4832,5835830,84
197050,11,10,10020412,Alte Hellersdorfer Stra�e,10200417,2018,1,17,3,3,5,2,2,0,1,0,0,0,0,0,811351,7459,5831958,407
197053,11,12,12302108,M�rkisches Zentrum,12601134,2018,1,16,2,3,4,7,1,0,1,0,0,0,0,1,794755,5409,5836781,843
197056,11,1,1011201,Wilhelmstra�e                                                                                       ,1100205,2018,1,1,7,3,5,3,2,0,1,0,0,0,0,0,796960,2002,5826708,294
197058,11,8,8010301,Reuterkiez,8100310,2018,1,20,4,3,5,3,2,0,1,0,0,0,0,1,801011,8407,5824858,121
197060,11,5,5030730,Zitadellenweg,5300735,2018,1,21,2,3,2,6,2,0,1,0,0,0,0,0,786415,9755,5831181,539
197062,11,2,2010103,Moritzplatz,2100105,2018,1,11,2,3,5,2,0,1,1,0,0,0,0,0,799852,1354,5825758,162
197064,11,6,6030609,Augustaplatz,6300633,2018,1,16,6,2,0,2,2,0,1,0,1,0,0,0,793202,8184,5819802,673
197067,11,1,1044103,Westliche M�llerstra�e                                                                              ,1400942,2018,1,22,7,3,5,3,2,0,1,0,0,0,0,0,794898,9995,5831078,15
197069,11,4,4051551,Brabanter Platz,4501148,2018,1,14,4,3,2,6,0,0,1,0,0,0,0,0,792909,1877,5823181,148
197070,11,10,10010309,Springpfuhl,10100312,2018,1,18,5,3,0,2,2,0,1,0,0,0,1,1,808205,6994,5829234,36
197072,11,5,5010101,Hakenfelde Nord,5100101,2018,1,7,2,3,6,2,1,0,1,1,0,0,0,0,785297,506,5832588,678
197074,11,8,8040933,Vogelviertel S�d,8401139,2018,1,17,1,3,1,5,2,1,1,0,0,0,0,0,802820,435,5818885,905
197076,11,9,9010401,Johannisthal West,9100407,2018,1,14,6,3,6,4,0,0,1,1,0,0,0,0,806041,1478,5819998,5
197077,11,10,10020413,Gut Hellersdorf,10200418,2018,1,6,4,2,6,4,2,0,0,1,0,0,1,2,811295,8139,5831289,845
197078,11,7,7050503,Eisenacher Stra�e                                                                                   ,7501031,2018,1,16,2,3,5,2,2,0,1,0,0,0,0,0,798352,9234,5820497,775
197079,11,8,8041035,Blumenviertel,8401241,2018,1,16,1,3,5,3,1,0,1,0,0,0,0,0,804753,8236,5818467,768
197080,11,5,5020524,Weinmeisterhornweg,5200528,2018,1,21,2,2,4,1,2,0,1,0,0,0,0,0,783083,1434,5826835,236
197081,11,3,3040614,Pankow Zentrum                                                                                      ,3400724,2018,1,14,1,3,5,3,0,0,1,0,0,0,0,0,799460,7612,5834649,896
197082,11,9,9020701,Adlershof West,9200715,2018,1,19,2,2,9,1,2,0,1,0,0,0,0,0,808100,149,5818639,923
197083,11,3,3061434,Anton-Saefkow-Park,3601451,2018,1,18,1,2,5,2,2,0,1,0,0,0,0,1,801478,1496,5829809,832
197084,11,1,1022206,L�neburger Stra�e                                                                                   ,1200628,2018,1,18,2,3,2,6,2,1,1,0,0,0,0,0,795688,9726,5828203,441
197085,11,8,8041036,Zittauer Stra�e,8401242,2018,1,21,1,3,1,5,2,0,1,0,0,0,0,0,804751,8896,5817436,395
197086,11,11,11020514,Gro�e-Leege-Stra�e,11200513,2018,1,17,2,3,5,2,2,1,0,0,0,0,1,0,804280,9696,5830758,524
197087,11,10,10010203,Gewerbegebiet Bitterfelder Stra�e                                                                   ,10100205,2018,1,15,1,2,8,1,0,0,1,0,0,0,0,1,808560,7981,5833406,278
197088,11,6,6040810,Dahlem,6400844,2018,1,16,2,3,5,2,2,0,1,0,0,0,0,0,790243,5108,5820076,338
197089,11,3,3061430,Volkspark Prenzlauer Berg,3601450,2018,1,18,1,2,0,1,2,1,0,0,0,0,0,1,802390,991,5829222,548
197090,11,1,1044203,Leopoldplatz,1401048,2018,1,23,7,3,2,6,2,0,1,0,0,0,0,1,795179,5844,5831302,191
197091,11,1,1044203,Leopoldplatz,1401049,2018,1,16,2,2,6,4,2,0,0,1,1,0,0,0,796343,4761,5831942,291
197092,11,8,8010301,Reuterkiez,8100310,2018,1,18,7,3,5,3,2,1,1,0,0,0,0,1,800734,7022,5825057,791
197093,11,2,2050802,Boxhagener Platz,2500834,2018,1,18,7,3,5,2,2,1,1,0,0,0,0,1,802554,365,5826728,542
197094,11,4,4051656,Hildegardstra�e,4501151,2018,1,15,2,3,5,2,0,0,1,0,1,0,0,0,793798,421,5823221,334
197095,11,12,12304313,Borsigwalde,12500825,2018,1,17,3,3,6,2,1,0,1,1,0,0,0,1,792398,7248,5835229,345
197096,11,5,5020419,Magistratsweg,5200423,2018,1,17,7,2,3,6,2,0,1,0,0,0,0,0,781840,58,5828451,124
197097,11,4,4030929,Hindemithplatz,4501040,2018,1,14,2,3,5,3,0,1,0,0,0,0,1,0,792640,9553,5825433,612
197098,11,10,10020415,Hellersdorfer Promenade,10200422,2018,1,15,7,3,6,4,0,0,1,1,0,0,0,0,812162,5674,5831051,862
197099,11,7,7040405,Rathaus Tempelhof,7400927,2018,1,14,2,3,2,2,0,0,1,0,0,0,1,0,799157,1254,5821311,651
197100,11,1,1011401,Invalidenstra�e                                                                                     ,1100415,2018,1,9,3,3,6,4,0,0,1,1,0,0,0,1,797382,9256,5829151,44
197101,11,11,11030720,Herzbergstra�e,11300721,2018,1,14,7,3,5,7,0,0,1,0,0,0,0,0,804982,6347,5828710,3
197102,11,6,6020409,K�nigsberger Stra�e                                                                                 ,6200421,2018,1,18,3,3,6,2,2,0,1,1,0,0,0,1,793303,96,5816958,94
197103,11,2,2030301,Oranienplatz,2300314,2018,1,12,2,3,1,5,0,1,1,0,0,0,0,0,799856,918,5825833,94
197104,11,3,3061228,Erich-Weinert-Stra�e,3601245,2018,1,13,7,3,6,6,0,1,0,1,0,0,0,0,800949,1031,5831199,358
197105,11,6,6020410,Oberhofer Platz,6200422,2018,1,11,2,3,5,7,0,1,1,0,0,0,0,0,794097,2633,5817425,353
197106,11,10,10020416,B�hlener Stra�e                                                                                     ,10200423,2018,1,2,7,3,6,2,2,0,0,1,0,0,1,1,813016,5886,5831214,306
197107,11,11,11030721,R�digerstra�e,11300725,2018,1,6,2,3,6,4,2,0,0,1,0,0,1,0,805702,4949,5828077,194
197108,11,12,12302212,Rollbergesiedlung,12601032,2018,1,8,7,3,2,6,0,0,1,0,0,0,0,1,792737,4928,5837440,107
197109,11,1,1033101,Soldiner Stra�e                                                                                     ,1300732,2018,1,10,7,3,5,3,0,0,1,0,0,0,0,1,797363,9148,5832422,455
197110,11,4,4031032,Halensee,4500938,2018,1,9,2,3,5,2,0,0,1,0,0,0,0,0,791636,884,5824510,591
197111,11,4,4030620,Alt-Lietzow,4300619,2018,1,17,3,3,6,2,2,0,1,1,0,0,0,1,792752,6509,5827024,13
197112,11,5,5010314,Carl-Schurz-Stra�e                                                                                  ,5100316,2018,1,11,7,3,5,7,0,0,1,0,1,0,0,1,783765,7167,5829117,481
197113,11,3,3050919,Gustav-Adolf-Stra�e,3500932,2018,1,9,2,3,5,2,0,1,1,0,0,0,0,0,801855,9848,5832885,667
197114,11,9,9010101,Elsenstra�e                                                                                         ,9100101,2018,1,11,2,3,6,4,0,0,1,1,0,0,0,0,802373,7627,5824790,792
197115,11,4,4030725,Amtsgerichtsplatz,4300416,2018,1,11,7,2,5,2,0,1,1,0,0,0,0,0,791567,681,5826516,714
197116,11,6,6020303,Lankwitz Kirche                                                                                     ,6200313,2018,1,9,2,2,6,4,0,0,1,1,0,0,0,0,795275,7313,5818596,779
197117,11,1,1011303,Alexanderplatzviertel,1100310,2018,1,12,7,3,2,6,0,0,1,0,0,0,0,1,798827,509,5827974,652
197118,11,7,7010102,Nollendorfplatz,7100102,2018,1,7,2,3,5,2,1,0,1,0,0,0,0,0,794975,6401,5825215,9
197119,11,1,1011203,Unter den Linden S�d,1100206,2018,1,12,7,3,0,1,0,1,0,0,0,0,0,0,797891,6839,5827464,496
197120,11,3,3071537,Kollwitzplatz,3701555,2018,1,7,2,3,6,4,0,1,0,1,0,0,0,0,799550,8843,5830198,244
197121,11,4,4030930,George-Grosz-Platz,4501041,2018,1,13,7,3,2,6,0,0,1,0,0,0,0,1,793177,3409,5825608,374
197122,11,8,8010211,Flughafenstra�e,8100206,2018,1,21,7,3,2,6,2,0,1,0,0,0,0,0,800449,9814,5823688,35
197123,11,1,1011402,Arkonaplatz,1100416,2018,1,7,2,3,6,4,0,1,0,1,0,0,0,0,798615,1782,5829337,664
197124,11,7,7050505,Hundsteinweg,7501134,2018,1,18,6,3,0,4,2,0,1,1,0,0,0,1,799171,529,5819063,709
197125,11,3,3061126,Arnimplatz,3601140,2018,1,7,2,3,5,3,0,1,1,0,0,0,0,0,798451,7729,5831655,541
197126,11,8,8010301,Reuterkiez,8100312,2018,1,17,6,3,1,5,2,0,1,0,0,0,0,1,800803,2539,5824305,234
197127,11,5,5030731,Gartenfelder Stra�e                                                                                 ,5300737,2018,1,9,2,3,5,3,0,1,0,0,0,1,0,0,787350,5081,5830065,382
197128,11,11,11010310,M�hlengrund,11100309,2018,1,14,6,3,6,4,0,0,1,1,0,0,0,1,805368,4524,5833127,733
197129,11,1,1011306,Heine-Viertel Ost,1100313,2018,1,9,2,3,1,5,0,1,1,0,0,0,0,0,799879,4774,5826965,751
197130,11,6,6020303,Lankwitz Kirche                                                                                     ,6200313,2018,1,14,6,3,0,4,0,0,0,1,0,0,1,1,795256,1338,5818633,963
197131,11,1,1044101,Rehberge,1400938,2018,1,13,6,3,6,4,0,0,1,1,0,0,0,0,794228,1895,5831205,961