OBJECTID,LAND,BEZ,LOR,STRASSE,LOR_ab_2021,UJAHR,UMONAT,USTUNDE,UWOCHENTAG,UKATEGORIE,UART,UTYP1,ULICHTVERH,IstRad,IstPKW,IstFuss,IstKrad,IstGkfz,IstSonstig,STRZUSTAND,LINREFX,LINREFY,XGCSWGS84,YGCSWGS84
197132,11,4,4020313,K�nigin-Elisabeth-Stra�e,4200311,2018,1,1,1,2,5,2,2,0,1,0,0,0,0,0,790464,2031,5825992,772
197133,11,9,9051701,Hirschgarten,9501736,2018,1,13,6,3,0,1,0,1,0,0,0,0,0,1,813009,9583,5821411,29
197134,11,10,10040829,Alt-Kaulsdorf,10400836,2018,1,17,1,3,6,4,2,0,1,1,0,0,0,0,811188,5197,5827850,22
197135,11,7,7040404,Marienh�he,7400826,2018,1,11,6,3,2,6,0,0,1,0,0,1,1,0,797266,3533,5820681,851
197136,11,9,9020701,Adlershof West,9200715,2018,1,7,1,2,6,2,0,0,1,1,0,0,0,0,808649,1827,5819158,731
197137,11,3,3050923,Wei�enseer Spitze,3500934,2018,1,12,1,3,5,2,0,0,1,0,0,0,0,0,800195,9199,5832136,703
197138,11,12,12301203,Wittenau S�d                                                                                        ,12500926,2018,1,14,1,3,5,3,0,0,1,0,0,0,0,0,792994,8262,5835644,402
197139,11,1,1044101,Rehberge,1400938,2018,1,15,1,3,2,6,0,0,1,0,0,0,0,0,793966,3617,5830126,796
197140,11,1,1044102,Schillerpark,1400940,2018,1,19,1,3,6,4,2,0,1,1,0,0,0,0,795733,227,5832038,68
197141,11,2,2050602,Samariterviertel,2500727,2018,1,11,6,3,1,5,0,1,1,0,0,0,0,0,802283,1558,5827991,427
197142,11,2,7040401,Neu-Tempelhof,7400720,2018,1,21,1,3,6,2,2,0,1,1,0,0,0,0,797774,5882,5824016,657
197143,11,7,7040401,Neu-Tempelhof,7400720,2018,1,10,6,3,5,2,0,1,1,0,0,0,0,0,797764,7953,5823656,343
197144,11,1,1022203,L�becker Stra�e                                                                                     ,1200625,2018,1,14,1,3,1,5,0,0,1,0,0,0,1,0,794719,2938,5828591,97
197145,11,2,2030301,Oranienplatz,2300314,2018,1,10,6,3,5,7,0,1,1,0,0,0,0,0,799876,9799,5825990,819
197146,11,6,6010101,Fichtenberg,6100101,2018,1,9,6,3,5,3,0,0,1,0,0,0,0,0,793167,7007,5820823,694
197147,11,7,7030302,Cecilieng�rten,7300618,2018,1,15,1,2,1,5,0,0,1,0,0,0,0,0,794920,1738,5822712,623
197148,11,6,6020411,Sch�tte-Lanz-Stra�e                                                                                 ,6200423,2018,1,8,6,3,0,7,0,1,0,0,0,0,0,0,795293,7802,5815710,764
197149,11,1,1011303,Alexanderplatzviertel,1100310,2018,1,8,6,3,5,3,0,1,1,0,0,0,0,0,799185,6637,5828684,877
197150,11,9,9010301,Baumschulenstra�e,9100304,2018,1,11,7,3,2,2,0,0,1,0,0,0,0,0,804415,501,5821737,346
197151,11,8,8010301,Reuterkiez,8100312,2018,1,8,3,3,5,3,0,0,1,0,0,0,0,2,801716,5302,5824243,117
197152,11,4,4051448,Schaperstra�e,4501045,2018,1,8,6,2,5,2,1,1,0,0,0,1,0,1,793923,6,5824923,688
197153,11,4,4030929,Hindemithplatz,4501040,2018,1,18,3,3,6,4,2,1,0,1,0,0,0,1,792559,8917,5825425,491
197154,11,12,12302211,L�barser Stra�e,12601031,2018,1,16,7,3,8,1,2,0,1,0,0,0,0,0,792922,2241,5837073,755
197155,11,1,1033201,Brunnenstra�e                                                                                       ,1300834,2018,1,6,6,3,2,6,2,0,1,0,0,0,0,1,797511,3129,5831016,944
197156,11,6,6040807,Zehlendorf Eiche                                                                                    ,6400841,2018,1,23,7,3,5,3,2,0,1,0,0,0,0,0,790190,4128,5818819,271
197157,11,2,2040702,Weberwiese,2400624,2018,1,3,6,3,1,5,2,0,1,0,1,0,0,1,801515,9214,5827511,95
197158,11,8,8010301,Reuterkiez,8100312,2018,1,20,7,3,2,6,2,0,1,0,0,0,0,0,801072,848,5824172,743
197159,11,6,6020303,Lankwitz Kirche                                                                                     ,6200313,2018,1,14,6,2,2,6,0,0,1,0,0,0,0,1,795296,6093,5818552,81
197160,11,6,6030610,Lichterfelde West                                                                                   ,6300527,2018,1,13,6,2,5,2,0,0,1,0,0,0,0,1,790903,9128,5817757,724
197161,11,10,10010309,Springpfuhl,10100312,2018,1,19,7,3,5,3,2,0,1,0,0,0,0,0,808090,29,5830162,729
197162,11,7,7040401,Neu-Tempelhof,7400721,2018,1,11,6,2,6,2,0,0,1,1,0,0,0,0,797734,2758,5822531,67
197163,11,5,5030832,Rohrdamm,5300841,2018,1,17,7,3,2,6,2,0,1,0,0,0,0,0,789516,8692,5829306,929
197164,11,1,1011301,Charit�viertel,1100308,2018,1,18,6,3,0,5,2,1,1,0,0,0,0,1,797067,1019,5828231,29
197165,11,1,1011305,Heine-Viertel West,1100312,2018,1,19,6,3,6,2,2,0,1,1,0,0,0,1,799213,3498,5826976,525
197166,11,6,6020409,K�nigsberger Stra�e                                                                                 ,6200421,2018,1,17,7,3,5,3,2,1,1,0,0,0,0,0,794062,6308,5818774,478
197167,11,3,3061126,Arnimplatz,3601140,2018,1,17,3,3,5,2,2,1,1,0,0,0,0,1,798443,3859,5831462,16
197168,11,2,2030302,Lausitzer Platz,2300316,2018,1,19,6,3,6,4,2,0,1,1,0,0,0,1,801176,6084,5826254,957
197169,11,12,12302212,Rollbergesiedlung,12601032,2018,1,16,7,3,6,4,0,0,1,1,0,0,0,0,793456,2804,5837676,129
197170,11,6,6040804,Krumme Lanke,6400838,2018,1,9,6,3,6,7,0,0,1,1,0,0,0,1,787574,3852,5818051,34
197171,11,1,1033201,Brunnenstra�e                                                                                       ,1300834,2018,1,15,7,3,5,2,0,0,1,0,0,0,0,0,797901,8684,5830302,79
197172,11,4,4020313,K�nigin-Elisabeth-Stra�e,4200311,2018,1,21,6,3,2,6,2,0,1,0,0,0,1,0,790443,5256,5825954,512
197173,11,2,2010103,Moritzplatz,2100104,2018,1,15,7,3,5,2,0,1,1,0,0,0,0,0,799294,5392,5826184,994
197174,11,4,4051445,Eisenzahnstra�e,4500939,2018,1,18,6,3,6,2,2,0,1,1,0,0,0,1,792475,7218,5824279,259
197175,11,8,8010214,Glasower Stra�e,8100209,2018,1,13,7,3,6,4,0,0,1,1,0,0,0,0,801804,686,5821975,752
197176,11,6,6040810,Dahlem,6400844,2018,1,17,6,2,1,5,1,0,1,0,0,0,0,1,790937,3134,5820704,683
197177,11,12,12302110,Dannenwalder Weg,12601235,2018,1,13,7,3,5,3,0,0,1,0,0,0,0,0,795523,9067,5836401,93
197178,11,6,6020305,Gemeindepark Lankwitz,6200315,2018,1,18,3,2,6,4,2,0,1,1,0,0,0,1,795586,6648,5817115,499
197179,11,2,2010101,Askanischer Platz,2100101,2018,1,17,5,3,1,5,2,1,1,0,0,0,0,1,797723,2132,5826146,889
197180,11,7,7020202,Volkspark (Rudolf-Wilde-Park),7200308,2018,1,13,7,3,5,2,0,0,1,0,0,0,0,0,794979,9814,5823145,916
197181,11,4,4041240,Messelpark,4400831,2018,1,13,7,3,5,3,0,1,1,0,0,0,0,0,790740,751,5822657,869
197182,11,6,6020409,K�nigsberger Stra�e                                                                                 ,6200421,2018,1,11,5,3,5,2,0,1,0,0,0,0,1,1,793475,8989,5817709,874
197183,11,11,11020515,Landsberger Allee,11200514,2018,1,10,7,3,2,6,0,0,1,0,0,0,0,0,805524,234,5830157,506
197184,11,10,10010308,Marzahner Chaussee,10100311,2018,1,10,5,3,6,2,0,0,0,1,0,0,1,1,807191,6585,5829151,279
197185,11,2,2020206,Graefekiez,2200212,2018,1,9,7,3,0,1,0,1,0,0,0,0,0,0,799795,8548,5824487,547
197186,11,5,5020524,Weinmeisterhornweg,5200528,2018,1,7,5,3,5,3,2,0,1,0,0,0,0,1,783274,9972,5826763,82
197187,11,4,4030621,Spreestadt,4300620,2018,1,8,7,3,3,2,0,0,1,0,0,0,0,0,793412,7662,5827391,177
197188,11,2,2040502,Friedenstra�e,2400521,2018,1,21,5,3,2,7,2,0,1,0,0,0,0,1,800890,5311,5828494,118
197189,11,1,1011202,Unter den Linden Nord,1100206,2018,1,5,7,3,0,1,2,0,0,0,1,0,0,0,798214,6729,5827816,246
197190,11,4,4020310,Park Ruhwald,4200308,2018,1,21,5,2,0,7,2,0,1,0,0,0,0,0,789734,9829,5827430,292
197191,11,4,4030417,Schlo�stra�e,4300414,2018,1,1,7,3,0,7,2,0,1,0,0,0,1,0,790951,5724,5826760,251
197192,11,7,7020202,Volkspark (Rudolf-Wilde-Park),7200308,2018,1,21,5,3,5,2,2,0,1,0,0,0,0,1,795222,8045,5823524,151
197193,11,1,1011201,Wilhelmstra�e                                                                                       ,1100207,2018,1,18,5,2,5,2,2,0,1,0,0,0,1,1,797902,4891,5826577,1
197194,11,8,8010301,Reuterkiez,8100311,2018,1,1,7,3,3,6,2,0,1,0,0,0,0,0,800592,1322,5824411,107
197195,11,5,5020417,Staakener Stra�e                                                                                    ,5200420,2018,1,10,5,3,6,4,0,0,1,1,0,0,0,0,781917,26,5828652,486
197196,11,2,2020202,Rathaus Yorckstra�e,2200208,2018,1,22,7,2,5,3,2,0,1,0,0,0,0,0,797277,877,5825540,812
197197,11,8,8010118,Silbersteinstra�e,8100105,2018,1,17,5,3,2,6,2,0,1,0,0,0,0,1,800409,6633,5821728,896
197198,11,4,4030931,Breitscheidplatz,4501042,2018,1,20,6,3,6,4,2,0,1,1,0,0,0,0,794018,4981,5826199,474
197199,11,4,4041344,R�desheimer Platz,4400835,2018,1,17,5,3,6,2,2,0,1,1,0,0,0,1,793061,2584,5822639,85
197200,11,1,1044203,Leopoldplatz,1401049,2018,1,13,6,3,5,2,0,0,1,0,0,0,0,0,796335,8689,5831819,1
197201,11,1,1033203,Humboldthain Nordwest                                                                               ,1300836,2018,1,17,5,3,5,2,2,0,1,0,0,0,1,1,796303,9563,5830595,61
197202,11,1,1022202,Heidestra�e                                                                                         ,1200624,2018,1,12,6,3,5,2,0,1,1,0,0,0,0,1,795656,5612,5829731,308
197203,11,1,1022104,Emdener Stra�e                                                                                      ,1200520,2018,1,16,5,3,5,2,2,0,0,0,1,0,1,1,794554,7124,5829088,5
197204,11,7,7010102,Nollendorfplatz,7100102,2018,1,16,5,3,5,2,1,0,1,0,0,1,0,1,794974,8412,5825214,517
197205,11,1,1011303,Alexanderplatzviertel,1100310,2018,1,11,6,3,3,6,0,1,1,0,0,0,0,1,799451,672,5828867,391
197206,11,5,5020418,Spandauer Stra�e                                                                                    ,5200421,2018,1,15,5,3,5,3,0,0,1,0,0,0,1,1,780894,4503,5828511,457
197207,11,1,1011105,N�rdlicher Landwehrkanal                                                                            ,1100102,2018,1,15,5,3,5,2,0,0,1,0,0,0,0,1,796580,2779,5826873,818
197208,11,5,5010314,Carl-Schurz-Stra�e                                                                                  ,5100316,2018,1,17,6,3,2,6,2,0,1,0,0,0,0,0,784956,2778,5828819,211
197209,11,5,5010209,An der Kappe,5100211,2018,1,16,3,2,5,2,0,0,1,0,0,0,0,1,781905,274,5829571,22
197210,11,8,8010508,Wei�e Siedlung,8100520,2018,1,14,5,3,5,3,0,0,1,0,0,0,0,1,803156,3266,5823402,168
197211,11,7,7040403,Manteuffelstra�e                                                                                    ,7400823,2018,1,23,2,2,5,3,2,0,1,0,0,0,1,0,797293,8872,5821218,639
197212,11,12,12302107,Schorfheidestra�e                                                                                   ,12601236,2018,1,13,5,3,5,2,0,0,1,0,0,0,0,1,794337,6033,5835706,978
197213,11,8,8010214,Glasower Stra�e,8100209,2018,1,9,6,3,5,3,0,0,1,0,0,0,0,1,801463,7616,5822064,646
197214,11,11,11020411,Malchower Weg,11200410,2018,1,11,3,3,5,3,0,0,1,0,0,1,0,1,806490,8853,5832270,43
197215,11,1,1011302,Oranienburger Stra�e                                                                                ,1100309,2018,1,12,5,3,4,6,0,0,0,0,0,0,1,1,797881,7832,5828529,364
197216,11,3,3061430,Volkspark Prenzlauer Berg,3601450,2018,1,7,6,3,5,2,1,1,1,0,0,0,0,1,802434,3626,5829267,37
197217,11,12,12214424,Scharnweberstra�e                                                                                   ,12200309,2018,1,12,5,3,6,7,0,0,0,1,0,0,1,1,792391,9816,5832886,343
197218,11,4,4030621,Spreestadt,4300620,2018,1,7,6,3,5,2,1,1,0,0,0,0,1,1,793405,999,5827394,749
197219,11,10,10040933,Mahlsdorf S�d                                                                                       ,10400940,2018,1,12,5,3,5,3,0,0,1,0,0,0,1,1,812361,6171,5823983,26
197220,11,5,5030731,Gartenfelder Stra�e                                                                                 ,5300737,2018,1,10,5,3,5,2,0,0,0,0,0,1,1,2,787952,9143,5830048,554
197221,11,9,9051901,Dammvorstadt,9501941,2018,1,6,6,3,2,6,2,0,1,0,0,0,0,1,811165,5581,5821198,663
197222,11,1,1022101,Huttenkiez,1200517,2018,1,10,5,2,5,3,0,0,1,0,0,0,0,1,793533,8222,5829131,576
197223,11,5,5010206,G�tersloher Weg,5100208,2018,1,17,5,2,6,2,1,0,1,1,0,0,0,1,782361,6546,5830481,698
197224,11,1,1033203,Humboldthain Nordwest                                                                               ,1300836,2018,1,5,6,3,5,2,2,1,1,0,0,0,0,0,795745,5276,5829820,986
197225,11,12,12214422,Klixstra�e                                                                                          ,12200310,2018,1,18,3,3,3,6,2,1,1,0,0,0,0,1,792207,249,5833093,911
197226,11,5,5040936,J�gerallee,5400943,2018,1,17,5,3,6,2,2,0,1,1,0,0,0,1,781550,4835,5819649,378
197227,11,7,7040403,Manteuffelstra�e                                                                                    ,7400824,2018,1,16,6,3,2,6,1,0,1,0,0,0,0,0,797860,4881,5822040,241
197228,11,5,5010339,Freiheit,5100317,2018,1,9,5,3,2,6,0,0,1,0,0,0,0,1,787093,9932,5828151,665
197229,11,5,5010312,Kurstra�e                                                                                           ,5100314,2018,1,16,6,3,2,6,1,0,1,0,0,0,0,0,785003,9174,5829993,698
197230,11,2,2030402,Wrangelkiez,2300419,2018,1,9,5,3,4,1,0,0,1,0,0,0,0,0,801765,9541,5825804,888
197231,11,4,4041239,Stadion Wilmersdorf,4400830,2018,1,15,6,3,5,3,0,0,1,0,1,0,0,0,792437,6477,5823102,788
197232,11,12,12224230,Heiligensee,12400619,2018,1,9,5,3,2,2,0,0,1,0,0,0,0,1,787309,5202,5836408,774
197233,11,10,10040933,Mahlsdorf S�d                                                                                       ,10400940,2018,1,14,6,3,5,7,0,1,1,0,0,0,0,1,812386,5854,5824434,6
197234,11,9,9020701,Adlershof West,9200715,2018,1,7,5,3,5,3,1,1,1,0,0,0,0,0,808808,9339,5819002,66
197235,11,2,2040502,Friedenstra�e,2400521,2018,1,7,5,3,5,2,1,1,1,0,0,0,0,1,800479,2602,5828231,202
197236,11,7,7060604,Marienfelde S�d,7601340,2018,1,15,6,3,5,2,1,0,1,0,0,0,0,0,796576,9452,5815866,714
197237,11,9,9010402,Johannisthal Ost,9100409,2018,1,6,5,3,6,4,2,0,1,1,0,0,0,0,805882,2629,5818960,279
197238,11,12,12301203,Wittenau S�d                                                                                        ,12500926,2018,1,19,6,3,2,2,0,0,1,0,0,0,0,0,793439,5896,5836096,494
197239,11,6,6030608,Schweizer Viertel,6300632,2018,1,17,6,2,1,5,2,0,1,0,1,0,0,0,792835,3365,5817589,555
197240,11,4,4030623,Ernst-Reuter-Platz,4300622,2018,1,5,5,3,5,3,2,1,1,0,0,0,0,1,793782,7055,5826580,999
197241,11,12,12231101,Hermsdorf,12400722,2018,1,19,6,2,6,4,2,0,0,1,1,0,0,0,791166,942,5838367,223
197242,11,6,6030503,Zehlendorf Mitte                                                                                    ,6300526,2018,1,17,5,2,6,4,2,0,1,1,0,0,0,1,789550,2508,5817881,858
197243,11,6,6030503,Zehlendorf Mitte                                                                                    ,6300526,2018,1,16,6,2,5,2,1,1,1,0,0,0,0,0,789414,9816,5817995,442
197244,11,9,9010101,Elsenstra�e                                                                                         ,9100101,2018,1,17,5,3,5,2,2,1,1,0,0,0,0,1,802109,693,5824771,637
197245,11,11,11040925,Victoriastadt,11400927,2018,1,22,6,3,0,1,2,1,0,0,0,0,0,0,803420,5001,5826630,45
197246,11,4,4020313,K�nigin-Elisabeth-Stra�e,4200311,2018,1,18,5,3,6,2,2,0,1,1,0,0,0,1,790466,7445,5826696,496
197247,11,2,2030302,Lausitzer Platz,2300315,2018,1,13,6,3,6,7,0,1,1,1,1,0,0,0,800518,4286,5825801,41
197248,11,7,7060603,Marienfelde Nordost,7601238,2018,1,18,5,2,6,4,2,0,1,1,0,0,0,1,798670,706,5816133,544
197249,11,6,6030610,Lichterfelde West                                                                                   ,6300634,2018,1,8,5,3,2,6,0,0,1,0,0,0,0,0,792028,38,5818930,289
197250,11,8,8010404,Rixdorf,8100415,2018,1,18,5,3,6,2,2,0,1,1,0,0,0,1,802017,2709,5823498,14
197251,11,1,1022104,Emdener Stra�e                                                                                      ,1200520,2018,1,7,5,2,6,2,2,0,1,1,0,0,0,1,794061,606,5828457,934
197252,11,10,10020414,Helle Mitte,10200421,2018,1,18,5,2,6,4,2,0,1,1,0,0,0,1,812265,1263,5830690,251
197253,11,6,6040805,Fischerh�ttenstra�e                                                                                 ,6400839,2018,1,14,5,3,1,5,0,0,1,0,0,0,0,1,788599,6588,5819155,341
197254,11,3,3010102,Buch,3100103,2018,1,18,5,2,6,2,2,0,1,1,0,0,0,1,804368,453,5840426,859
197255,11,6,6030504,Teltower Damm,6300528,2018,1,17,5,3,5,3,2,1,1,0,0,0,0,1,789968,6172,5816236,278
197256,11,6,6010102,Schlo�stra�e                                                                                        ,6100102,2018,1,19,5,3,6,4,2,0,1,1,0,0,0,1,793447,3598,5821027,362
197257,11,7,7010102,Nollendorfplatz,7100102,2018,1,17,5,3,5,2,1,1,0,0,0,0,1,2,794975,3599,5825273,579
197258,11,11,11040926,Weitlingstra�e,11400931,2018,1,19,5,2,6,2,2,0,1,1,0,0,0,1,806688,6347,5826892,418
197259,11,2,2050801,Traveplatz,2500832,2018,1,17,5,3,6,2,1,0,1,1,0,0,0,1,803635,7501,5827391,649
197260,11,4,4010101,Jungfernheide,4100101,2018,1,19,5,3,3,6,2,0,1,0,0,0,0,1,791262,1515,5830721,53
197261,11,9,9010101,Elsenstra�e                                                                                         ,9100101,2018,1,19,5,3,6,2,2,0,1,1,0,0,0,1,802338,4026,5825299,412
197262,11,8,8010118,Silbersteinstra�e,8100104,2018,1,21,5,3,6,2,2,0,1,1,0,0,0,1,800807,1372,5822640,407
197263,11,9,9041501,Altstadt Kietz,9401534,2018,1,19,5,2,6,7,2,0,1,1,0,0,0,1,811502,2654,5820071,288
197264,11,5,5020626,Adamstra�e                                                                                          ,5200631,2018,1,11,4,2,6,4,0,0,1,1,0,0,0,1,784664,6478,5827783,815
197265,11,8,8010211,Flughafenstra�e,8100206,2018,1,11,4,3,2,1,0,0,1,0,0,0,0,1,800982,2325,5823868,744
197266,11,1,1011103,L�tzowstra�e                                                                                        ,1100103,2018,1,15,4,2,6,4,0,0,1,1,0,0,0,1,795515,4244,5825782,978
197267,11,9,9020701,Adlershof West,9200715,2018,1,19,5,3,5,2,2,0,1,0,0,0,0,1,808979,3669,5818114,358
197268,11,4,4030931,Breitscheidplatz,4501042,2018,1,14,4,2,2,6,0,0,1,0,0,0,0,1,793799,2675,5825511,563
197269,11,3,3050920,Wei�er See,3500933,2018,1,17,4,2,6,4,2,0,1,1,0,0,0,1,802268,2447,5832653,843
197270,11,7,7020201,Bayerischer Platz,7200307,2018,1,19,5,3,5,7,2,0,1,0,0,0,0,1,794972,5754,5824182,391
197271,11,1,1011302,Oranienburger Stra�e                                                                                ,1100309,2018,1,9,3,3,0,3,0,0,1,0,1,0,0,1,797906,904,5828341,522
197272,11,1,1011201,Wilhelmstra�e                                                                                       ,1100205,2018,1,17,4,3,2,2,2,0,1,0,0,0,0,1,796966,647,5827114,927
197273,11,4,4030416,Klausenerplatz,4300413,2018,1,18,3,2,6,4,2,1,0,1,0,0,0,1,790937,9854,5826815,526
197274,11,2,2010102,Mehringplatz,2100102,2018,1,18,5,3,5,3,2,0,1,0,0,0,0,1,798214,9198,5826241,179
197275,11,6,6030607,Goerzwerke,6300631,2018,1,16,4,3,2,2,2,0,1,1,0,0,0,1,791488,762,5816163,651
197276,11,8,8040933,Vogelviertel S�d,8401139,2018,1,17,5,3,6,4,2,0,0,1,1,0,0,1,803017,6682,5819381,796
197277,11,4,4020314,Messegel�nde,4200311,2018,1,13,4,3,3,6,0,0,1,0,0,0,0,1,790137,932,5825380,797
197278,11,1,1011402,Arkonaplatz,1100416,2018,1,18,5,3,1,6,2,1,1,0,0,0,0,1,798144,783,5829871,33
197279,11,11,11030721,R�digerstra�e,11300725,2018,1,18,4,3,5,7,2,0,0,0,0,0,1,1,805185,1807,5827914,26
197280,11,11,11020515,Landsberger Allee,11200514,2018,1,18,4,3,1,5,2,1,1,0,0,0,0,1,804853,7535,5830582,7
197281,11,3,3061228,Erich-Weinert-Stra�e,3601245,2018,1,18,5,3,5,3,2,1,1,0,0,0,0,1,801159,8912,5831111,646
197282,11,11,11010103,Dorf Falkenberg,11100102,2018,1,18,3,3,2,6,2,0,1,0,0,0,0,1,808296,193,5834042,311
197283,11,3,3040512,Wilhelmsruh,3400619,2018,1,10,4,2,6,7,0,1,0,1,0,0,0,1,795738,47,5835291,877
197284,11,10,10020622,Kaulsdorf Nord I                                                                                    ,10200629,2018,1,19,5,3,5,2,2,0,1,0,0,0,1,1,810904,1022,5829239,19
197285,11,11,11030824,Frankfurter Allee S�d,11300826,2018,1,17,5,3,6,3,2,0,1,1,0,0,0,1,804743,5038,5827408,25
197286,11,6,6010205,S�dende,6100205,2018,1,16,5,2,6,4,2,0,1,1,0,0,0,1,795226,2923,5819841,937
197287,11,4,4030416,Klausenerplatz,4300413,2018,1,17,3,3,5,3,2,0,1,0,0,0,0,1,790934,1143,5826831,274
197288,11,6,6010206,Stadtpark,6100206,2018,1,9,4,3,1,5,0,1,1,0,0,0,0,2,794783,9,5819582,806
197289,11,10,10020412,Alte Hellersdorfer Stra�e,10200417,2018,1,16,5,3,6,4,2,0,1,1,0,0,0,1,811326,474,5831795,728
197290,11,1,1011202,Unter den Linden Nord,1100206,2018,1,8,4,3,5,3,0,0,1,0,1,0,0,1,797735,778,5827607,189
197291,11,9,9020802,K�llnische Vorstadt                                                                                 ,9200819,2018,1,15,5,3,5,2,1,1,0,0,0,0,1,1,810412,7726,5820341,24
197292,11,5,5020628,Graetschelsteig,5200633,2018,1,8,4,3,6,4,0,0,1,1,0,0,0,1,784740,2565,5826424,892
197293,11,10,10010207,Marzahner Promenade,10100210,2018,1,15,5,3,6,4,0,0,1,1,0,0,0,1,808386,293,5831192,403
197294,11,1,1011104,K�rnerstra�e                                                                                        ,1100104,2018,1,7,4,3,1,5,0,1,1,0,0,0,1,1,796573,2302,5825637,935
197295,11,4,4030623,Ernst-Reuter-Platz,4300622,2018,1,7,4,3,5,3,1,1,1,0,0,0,0,2,793782,8662,5826580,926
197296,11,10,10010203,Gewerbegebiet Bitterfelder Stra�e                                                                   ,10100205,2018,1,15,5,3,5,3,0,1,1,0,0,0,0,1,808477,2704,5833219,586
197297,11,11,11030721,R�digerstra�e,11300723,2018,1,6,4,2,1,5,2,1,1,0,0,0,0,1,804689,107,5828427,141
197298,11,7,7070703,John-Locke-Stra�e                                                                                   ,7601544,2018,1,15,5,3,5,3,0,1,1,0,0,0,0,1,798792,6733,5814406,163
197299,11,9,9020502,Obersch�neweide Ost,9200511,2018,1,6,4,3,5,7,1,0,1,0,0,0,1,2,807142,4354,5821883,438
197300,11,8,8010303,Donaustra�e,8100314,2018,1,14,5,3,5,3,0,1,1,0,0,0,0,1,800364,5768,5824350,2
197301,11,5,5010208,Germersheimer Platz,5100210,2018,1,19,4,2,5,3,2,0,1,0,0,0,0,1,783985,8193,5830092,477
197302,11,4,4010101,Jungfernheide,4100101,2018,1,18,4,3,5,3,2,0,1,0,0,0,0,1,791219,9166,5829730,929
197303,11,8,8020622,Parchimer Allee,8200726,2018,1,14,5,3,2,6,0,0,1,0,0,0,0,1,801530,6485,5820537,693
197304,11,4,4041344,R�desheimer Platz,4400835,2018,1,18,4,3,5,3,1,0,1,0,1,0,0,1,793363,983,5822650,501
197305,11,10,10040933,Mahlsdorf S�d                                                                                       ,10400940,2018,1,13,5,3,2,6,0,0,1,0,0,0,0,1,813080,241,5826564,514
197306,11,2,2020203,Viktoriapark,2200209,2018,1,18,4,3,0,1,2,1,0,0,0,0,0,1,797104,8449,5824389,588
197307,11,5,5010314,Carl-Schurz-Stra�e                                                                                  ,5100316,2018,1,18,5,3,8,1,2,0,1,0,0,0,0,1,783627,1373,5829145,133
197308,11,1,1044201,Reinickendorfer Stra�e                                                                              ,1401045,2018,1,18,4,3,2,6,2,0,1,0,0,0,1,1,796643,1286,5831954,836
197309,11,2,2030401,Reichenberger Stra�e,2300417,2018,1,7,5,3,6,4,2,0,0,1,0,0,1,1,800579,1696,5825702,667
197310,11,7,7020202,Volkspark (Rudolf-Wilde-Park),7200308,2018,1,18,4,3,1,5,2,0,1,0,0,0,1,1,795091,9193,5823151,275
197311,11,2,2020203,Viktoriapark,2200208,2018,1,7,5,3,6,4,1,1,0,1,0,0,0,1,797810,8511,5824934,51
197312,11,9,9041501,Altstadt Kietz,9401534,2018,1,16,3,2,6,4,1,1,0,1,0,0,0,0,811313,5287,5820195,649
197313,11,2,2050803,Stralauer Kiez,2500835,2018,1,19,3,3,6,2,2,0,1,1,0,0,0,1,802897,2472,5825964,297
197314,11,7,7010104,Dennewitzplatz,7100205,2018,1,13,5,3,5,2,0,0,1,0,0,0,1,1,796294,4854,5825310,265
197315,11,2,2010104,Wassertorplatz,2100106,2018,1,22,3,3,5,2,2,0,1,0,0,0,0,1,799071,9524,5825610,976
197316,11,12,12214527,Alt-Tegel,12200515,2018,1,13,5,3,2,1,0,0,1,0,0,0,0,1,790395,8393,5834611,276
197317,11,6,6030502,Zehlendorf S�d                                                                                      ,6300525,2018,1,12,5,3,2,1,0,0,1,0,1,0,0,1,790280,3718,5814840,95
197318,11,1,1011304,Karl-Marx-Allee,1100311,2018,1,22,3,3,3,6,2,0,1,0,0,0,0,1,799832,842,5827524,808
197319,11,4,4030828,Savignyplatz,4300624,2018,1,11,5,2,6,2,0,0,1,1,0,0,0,1,792992,9142,5826629,968
197320,11,1,1011204,Leipziger Stra�e                                                                                    ,1100207,2018,1,22,3,3,5,3,2,0,1,0,0,0,0,1,797885,9192,5826675,682