OBJECTID,LAND,BEZ,LOR,STRASSE,LOR_ab_2021,UJAHR,UMONAT,USTUNDE,UWOCHENTAG,UKATEGORIE,UART,UTYP1,ULICHTVERH,IstRad,IstPKW,IstFuss,IstKrad,IstGkfz,IstSonstig,STRZUSTAND,LINREFX,LINREFY,XGCSWGS84,YGCSWGS84
197321,11,3,3020307,Buchholz,3200308,2018,1,11,5,3,2,6,0,0,1,1,0,0,0,1,799694,7163,5837322,834
197322,11,3,3061429,Greifswalder Stra�e,3601449,2018,1,20,3,3,2,2,2,0,1,0,0,0,0,1,801332,5035,5831006,926
197323,11,1,1022104,Emdener Stra�e                                                                                      ,1200519,2018,1,19,3,3,6,6,2,1,0,1,0,0,0,1,794061,6939,5828639,329
197324,11,4,4051653,Prager Platz,4501152,2018,1,10,5,3,5,2,0,1,1,0,0,0,0,1,793949,41,5824710,633
197325,11,6,6020409,K�nigsberger Stra�e                                                                                 ,6200421,2018,1,19,3,3,5,3,2,0,1,0,0,0,0,1,793744,8963,5817613,499
197326,11,2,2010102,Mehringplatz,2100102,2018,1,19,3,3,1,5,2,1,0,0,0,0,1,1,798277,8631,5825703,691
197327,11,8,8020619,Buschkrugallee Nord,8200623,2018,1,10,5,3,5,2,1,1,1,0,0,0,0,1,801383,9382,5821172,743
197328,11,4,4051653,Prager Platz,4501152,2018,1,8,3,3,5,3,0,1,1,0,0,0,0,1,793974,9064,5824719,971
197329,11,6,6040810,Dahlem,6400844,2018,1,18,3,2,6,4,2,0,1,1,0,0,0,2,790741,2982,5820755,566
197330,11,1,1022204,Thomasiusstra�e                                                                                     ,1200626,2018,1,20,2,3,5,3,2,1,0,0,0,0,0,0,794970,298,5827981,687
197331,11,8,8010115,Hasenheide,8100102,2018,1,20,3,3,1,1,2,0,1,0,0,0,0,1,799404,5726,5823782,846
197332,11,7,7070701,Kettinger Stra�e/Schillerstra�e                                                                     ,7601442,2018,1,10,5,3,2,6,0,0,1,0,0,0,1,1,799250,3154,5816260,271
197333,11,3,3040614,Pankow Zentrum                                                                                      ,3400724,2018,1,3,3,3,9,1,2,0,0,0,0,0,1,1,799997,2019,5834946,176
197334,11,1,1011202,Unter den Linden Nord,1100206,2018,1,9,5,3,5,2,0,1,0,0,0,0,1,1,797199,138,5827496,139
197335,11,9,9020702,Adlershof Ost,9200717,2018,1,5,3,2,5,2,2,0,1,0,0,0,0,2,809358,8838,5819662,108
197336,11,5,5030832,Rohrdamm,5300841,2018,1,8,5,3,0,6,0,0,1,0,0,0,1,1,789236,8523,5829300,73
197337,11,1,1022206,L�neburger Stra�e                                                                                   ,1200628,2018,1,5,3,3,6,2,2,0,1,1,0,0,0,2,796135,2844,5828429,814
197338,11,1,1011301,Charit�viertel,1100308,2018,1,5,3,3,5,2,2,0,1,0,0,0,0,2,797551,574,5828714,479
197339,11,1,1044201,Reinickendorfer Stra�e                                                                              ,1401043,2018,1,8,5,3,5,3,0,1,1,0,0,0,0,1,796024,8704,5830975,872
197340,11,8,8020727,Buckow Mitte,8200832,2018,1,6,3,3,2,2,2,0,1,0,0,0,1,1,801613,623,5817420,242
197341,11,2,2020203,Viktoriapark,2200207,2018,1,7,3,3,6,2,0,0,1,1,0,0,0,1,797103,4821,5824721,34
197342,11,11,11040926,Weitlingstra�e,11400929,2018,1,8,5,3,1,5,0,1,1,0,0,0,0,1,805416,892,5826813,301
197343,11,9,9010302,Sp�thsfelde,9100306,2018,1,17,3,3,2,6,2,0,1,0,0,0,0,1,804937,602,5820709,612
197344,11,1,1044203,Leopoldplatz,1401049,2018,1,16,3,3,5,7,0,0,1,0,1,0,0,1,795963,4997,5831411,41
197345,11,5,5020417,Staakener Stra�e                                                                                    ,5200420,2018,1,7,5,3,6,4,0,0,1,1,0,0,0,1,781714,7677,5828589,477
197346,11,6,6040703,Nikolassee,6400737,2018,1,7,3,3,5,3,0,0,1,0,0,0,1,1,785400,1684,5817622,614
197347,11,7,7020201,Bayerischer Platz,7200307,2018,1,7,5,2,2,6,0,0,1,0,0,0,0,1,794954,1868,5824863,777
197348,11,9,9051702,B�lschestra�e,9501737,2018,1,15,3,3,5,7,0,1,1,0,0,0,0,1,813927,355,5821391,889
197349,11,8,8010117,Schillerpromenade,8100102,2018,1,7,5,3,4,5,1,1,1,0,0,0,0,1,800513,2593,5823365,654
197350,11,1,1022106,Elberfelder Stra�e                                                                                  ,1200522,2018,1,14,3,3,6,2,0,0,1,1,0,0,0,1,793701,1506,5828112,271
197351,11,2,2010102,Mehringplatz,2100102,2018,1,7,5,3,5,3,0,1,0,0,0,0,1,1,797920,1626,5826470,864
197352,11,1,1011304,Karl-Marx-Allee,1100311,2018,1,14,3,3,5,2,0,1,1,0,0,0,0,0,799900,6738,5827874,187
197353,11,3,3040614,Pankow Zentrum                                                                                      ,3400723,2018,1,9,1,2,5,3,0,0,1,0,0,0,0,0,799870,3841,5834298,963
197354,11,4,4030518,Tegeler Weg,4300517,2018,1,14,3,3,2,6,0,0,1,0,0,0,0,1,791454,2841,5828301,554
197355,11,6,6030504,Teltower Damm,6300528,2018,1,7,5,2,6,4,2,0,1,1,0,0,0,1,789970,2552,5816230,318
197356,11,7,7010102,Nollendorfplatz,7100102,2018,1,9,1,3,5,3,0,0,1,0,0,0,0,1,795492,3205,5825550,901
197357,11,12,12214423,Mellerbogen,12200308,2018,1,13,3,3,5,3,0,0,1,0,0,0,0,1,792446,8794,5833310,688
197358,11,10,10010102,Havemannstra�e                                                                                      ,10100104,2018,1,6,4,3,5,3,0,1,0,0,0,0,1,0,810002,2665,5833788,9
197359,11,1,1011303,Alexanderplatzviertel,1100310,2018,1,17,4,3,2,2,2,0,1,0,0,0,0,0,799286,718,5828484,804
197360,11,9,9020802,K�llnische Vorstadt                                                                                 ,9200819,2018,1,12,1,3,2,6,0,0,1,0,0,0,0,1,810148,8506,5819546,28
197361,11,5,5040935,Gro�-Glienicker Weg,5400942,2018,1,13,1,2,1,5,0,0,1,0,0,0,0,1,782896,836,5821152,36
197362,11,6,6030609,Augustaplatz,6300633,2018,1,13,3,3,5,3,0,0,1,0,1,0,0,1,792860,2948,5818590,702
197363,11,11,11030720,Herzbergstra�e,11300721,2018,1,18,4,3,0,5,2,1,1,0,0,0,0,1,804624,7569,5829088,923
197364,11,1,1011103,L�tzowstra�e                                                                                        ,1100103,2018,1,16,1,3,0,2,1,0,1,0,0,0,1,0,795202,4563,5825905,115
197365,11,4,4030415,Schlo�garten,4300412,2018,1,13,3,3,2,6,0,0,1,0,0,0,0,1,791679,327,5827746,321
197366,11,2,2050601,Hausburgviertel,2500726,2018,1,20,4,3,7,7,2,1,0,0,0,0,0,0,801759,615,5828928,367
197367,11,9,9051901,Dammvorstadt,9501939,2018,1,12,3,3,2,6,0,0,1,0,0,0,0,1,809958,9376,5821624,56
197368,11,9,9030901,Dorf Altglienicke,9300920,2018,1,17,4,3,5,3,2,0,1,0,0,0,0,0,807697,4206,5817813,519
197369,11,12,12214125,Waldidyll/Flughafensee,12200412,2018,1,18,4,3,5,7,2,0,1,0,0,0,0,1,789660,9868,5833669,794
197370,11,4,4030620,Alt-Lietzow,4300619,2018,1,10,6,3,2,6,0,0,1,0,0,0,0,1,792446,7322,5827189,991
197371,11,4,4030623,Ernst-Reuter-Platz,4300622,2018,2,16,5,3,5,2,1,1,1,0,0,0,0,0,793533,1723,5826062,626
197372,11,11,11030721,R�digerstra�e,11300723,2018,2,11,5,3,1,5,0,1,1,0,0,0,0,0,805212,373,5828379,878
197373,11,6,6030504,Teltower Damm,6300528,2018,1,8,6,3,6,2,0,0,1,1,0,0,0,0,788894,897,5816185,535
197374,11,1,1022104,Emdener Stra�e                                                                                      ,1200520,2018,2,15,5,3,6,7,0,1,0,1,0,0,0,0,794250,8823,5828994,81
197375,11,3,3050920,Wei�er See,3500933,2018,1,10,6,3,5,3,0,0,1,0,0,0,1,1,802406,5633,5832570,178
197376,11,1,1022103,Westhafen,1200517,2018,2,10,5,3,2,6,0,0,1,0,0,0,0,0,793517,2636,5829307,514
197377,11,1,1044101,Rehberge,1400938,2018,1,8,6,3,2,6,0,0,1,0,0,0,0,1,794022,6594,5830225,696
197378,11,1,1011102,Gro�er Tiergarten,1100102,2018,2,9,5,3,3,6,0,1,0,0,0,1,0,0,796483,227,5827512,356
197379,11,10,10040933,Mahlsdorf S�d                                                                                       ,10400940,2018,2,10,5,3,2,6,0,0,1,0,0,0,0,1,813091,8456,5826533,571
197380,11,1,1044101,Rehberge,1400938,2018,1,8,6,3,8,1,0,0,1,0,0,0,0,1,794192,4746,5830391,391
197381,11,4,4030931,Breitscheidplatz,4501042,2018,2,9,5,3,2,7,0,0,1,0,0,0,0,0,793952,506,5826175,557
197382,11,7,7050501,Rathausstra�e                                                                                       ,7501029,2018,1,7,6,3,3,6,1,1,0,0,0,0,1,1,797714,9298,5819201,758
197383,11,6,6040804,Krumme Lanke,6400838,2018,2,14,5,3,5,2,0,0,1,0,1,0,0,0,787589,221,5818049,576
197384,11,8,8010214,Glasower Stra�e,8100209,2018,1,7,6,3,6,2,1,0,1,1,0,0,0,1,801248,4392,5822208,895
197385,11,9,9020702,Adlershof Ost,9200716,2018,1,7,6,3,6,4,0,0,1,1,0,0,0,1,809197,5165,5819284,84
197386,11,2,2050803,Stralauer Kiez,2500835,2018,2,8,5,3,6,4,0,0,1,1,0,0,0,1,801989,4671,5826352,409
197387,11,10,10030724,Oberfeldstra�e                                                                                      ,10300731,2018,1,7,6,3,6,2,0,0,1,1,0,0,0,1,809509,671,5828558,464
197388,11,1,1011202,Unter den Linden Nord,1100206,2018,2,7,5,3,5,2,0,1,1,0,0,0,0,0,797199,138,5827496,139
197389,11,12,12302110,Dannenwalder Weg,12601235,2018,1,7,6,3,6,3,1,0,1,1,0,0,0,1,794892,15,5836309,55
197390,11,5,5010313,Ackerstra�e                                                                                         ,5100315,2018,1,7,6,3,6,2,2,0,1,1,0,0,0,1,784339,8669,5830012,902
197391,11,2,2010103,Moritzplatz,2100104,2018,2,14,5,3,6,2,0,0,1,1,0,0,0,0,799300,6396,5826181,583
197392,11,11,11051229,Rummelsburg,11501238,2018,1,7,6,3,5,2,2,1,1,0,0,0,0,1,804097,105,5825993,968
197393,11,9,9010202,K�penicker Landstra�e,9100203,2018,1,6,6,3,5,5,2,0,1,0,1,0,0,1,804380,8848,5823934,797
197394,11,6,6040806,Fischtal,6400840,2018,2,14,5,3,1,5,0,0,1,0,0,0,0,0,788801,884,5819575,589
197395,11,9,9051702,B�lschestra�e,9501737,2018,2,14,5,2,8,1,0,0,1,0,0,0,0,0,814047,5729,5821869,679
197396,11,3,3061227,Humannplatz,3601244,2018,1,6,6,3,5,3,2,1,1,0,0,0,0,1,800084,5899,5831660,3
197397,11,8,8020619,Buschkrugallee Nord,8200622,2018,2,13,5,3,2,6,0,0,1,0,0,0,0,0,801227,6516,5821656,746
197398,11,12,12214422,Klixstra�e                                                                                          ,12200310,2018,1,19,6,2,5,3,2,0,1,0,0,0,0,1,792342,728,5833912,824
197399,11,4,4030623,Ernst-Reuter-Platz,4300622,2018,1,18,6,3,6,7,2,0,1,1,0,0,0,1,792893,4752,5826971,428
197400,11,1,1033202,Humboldthain S�d,1300835,2018,1,18,6,3,5,3,2,0,1,0,0,0,0,1,797705,48,5829652,2
197401,11,4,4030417,Schlo�stra�e,4300414,2018,2,7,5,2,6,2,1,0,0,1,0,1,0,0,790950,6572,5826763,974
197402,11,9,9030903,K�lner Viertel,9300923,2018,1,18,6,3,6,4,2,0,1,1,0,0,0,1,808838,7795,5815674,434
197403,11,6,6030504,Teltower Damm,6300528,2018,1,17,6,2,6,4,2,0,1,1,0,0,0,1,790132,5749,5815592,5
197404,11,4,4020310,Park Ruhwald,4200308,2018,1,16,6,3,5,2,1,0,1,0,0,0,0,1,790366,2164,5827304,56
197405,11,11,11040926,Weitlingstra�e,11400931,2018,2,6,5,2,5,3,2,1,1,0,0,0,0,0,805730,7886,5827192,89
197406,11,12,12214125,Waldidyll/Flughafensee,12200412,2018,1,16,6,2,5,3,2,1,1,0,0,0,0,1,791298,3687,5834121,765
197407,11,3,3050924,Behaimstra�e,3500935,2018,2,9,5,3,6,4,0,0,0,1,0,0,1,1,801638,1212,5831637,369
197408,11,6,6030503,Zehlendorf Mitte                                                                                    ,6300526,2018,1,15,6,3,6,2,1,0,1,1,0,0,0,1,789512,6708,5817757,302
197409,11,5,5010311,Eiswerder,5100313,2018,2,6,5,3,2,6,2,0,1,0,0,0,1,0,785214,2249,5830974,275
197410,11,8,8010404,Rixdorf,8100417,2018,1,15,6,3,5,3,0,0,1,0,0,0,0,1,802489,3851,5823160,926
197411,11,8,8020619,Buschkrugallee Nord,8200623,2018,2,5,5,3,6,2,2,0,1,1,0,0,0,0,801921,2077,5820935,241
197412,11,3,3040818,Pankow S�d                                                                                          ,3400830,2018,1,14,6,3,5,3,0,0,1,0,0,0,0,1,799529,8529,5833288,203
197413,11,12,12103218,Teichstra�e,12100205,2018,2,19,5,2,6,4,2,0,1,1,0,0,0,0,794100,534,5832885,508
197414,11,2,2030301,Oranienplatz,2300314,2018,2,20,5,3,3,6,2,1,0,0,0,0,1,0,799970,4006,5826148,132
197415,11,9,9020801,Spindlersfeld,9200818,2018,1,13,6,3,2,2,0,0,1,0,0,0,0,1,809763,787,5820699,478
197416,11,12,12302110,Dannenwalder Weg,12601235,2018,2,21,5,3,5,3,2,0,1,0,0,0,0,0,795323,3485,5836068,292
197417,11,5,5030731,Gartenfelder Stra�e                                                                                 ,5300737,2018,1,12,6,3,2,6,0,0,1,0,0,1,0,1,788001,7449,5829367,328
197418,11,10,10010206,Ringkolonnaden,10100209,2018,1,21,4,3,5,3,2,0,1,0,0,0,0,1,809965,4844,5832052,628
197419,11,3,3050924,Behaimstra�e,3500935,2018,1,12,6,3,0,3,0,0,1,0,0,0,1,0,801545,7835,5831441,313
197420,11,3,3030406,Alt-Karow,3300412,2018,1,21,4,3,6,6,2,1,0,1,0,0,0,1,802887,8441,5838916,849
197421,11,2,2020204,Urbanstra�e,2200210,2018,1,6,6,3,5,3,2,1,1,0,0,0,0,1,798987,8546,5825339,135
197422,11,3,3061131,Falkplatz,3601142,2018,1,18,4,3,0,7,2,1,1,0,0,0,0,1,798454,1588,5830957,57
197423,11,1,1033102,Gesundbrunnen,1300733,2018,1,11,6,3,1,5,0,1,1,0,0,0,0,1,797128,1465,5831825,611
197424,11,1,1022106,Elberfelder Stra�e                                                                                  ,1200522,2018,1,17,4,3,2,2,2,0,1,0,0,0,0,1,793700,7551,5828112,189
197425,11,3,3040512,Wilhelmsruh,3400619,2018,1,23,4,3,8,1,2,0,1,0,0,0,0,1,795301,3711,5835087,451
197426,11,12,12231102,Frohnau,12400721,2018,1,11,6,2,5,3,0,0,1,0,0,0,0,1,790449,9707,5839900,715
197427,11,4,4051654,Wilhelmsaue,4501150,2018,1,22,4,3,2,6,2,0,1,0,0,0,0,1,793331,1171,5823638,335
197428,11,7,7020203,Kaiser-Wilhelm-Platz,7200409,2018,1,10,6,3,1,5,0,1,1,0,0,0,0,1,795294,4317,5824394,471
197429,11,3,3061430,Volkspark Prenzlauer Berg,3601450,2018,1,22,4,3,5,3,2,1,1,0,0,0,0,1,802651,8748,5829617,445
197430,11,1,1033201,Brunnenstra�e                                                                                       ,1300834,2018,1,20,6,2,6,4,2,0,0,1,0,0,1,1,797519,6137,5831001,716
197431,11,5,5020628,Graetschelsteig,5200633,2018,1,22,4,2,6,4,2,0,1,1,0,0,0,1,783970,6101,5826751,82
197432,11,1,1011105,N�rdlicher Landwehrkanal                                                                            ,1100102,2018,1,21,4,3,6,2,2,0,1,1,0,0,0,1,796126,7104,5826716,28
197433,11,1,1033102,Gesundbrunnen,1300733,2018,1,22,6,2,5,3,2,0,1,0,0,0,0,1,797286,651,5831267,399
197434,11,4,4030931,Breitscheidplatz,4501042,2018,1,21,4,3,6,4,2,0,1,1,0,0,0,1,793910,2396,5826224,53
197435,11,12,12214125,Waldidyll/Flughafensee,12200412,2018,1,20,6,3,5,2,2,0,1,0,0,0,0,1,791166,7603,5834027,57
197436,11,1,1033102,Gesundbrunnen,1300733,2018,1,20,4,3,6,2,2,0,1,1,0,0,0,1,797369,6331,5831187,607
197437,11,5,5010312,Kurstra�e                                                                                           ,5100314,2018,1,20,4,3,6,2,2,0,1,1,0,0,0,1,784769,1152,5830359,35
197438,11,8,8020728,Buckow Ost,8200833,2018,1,17,5,3,5,3,1,0,1,0,0,0,0,1,801916,4731,5816747,778
197439,11,3,3061126,Arnimplatz,3601141,2018,1,6,4,3,0,7,2,0,1,0,0,0,0,0,799226,527,5831773,6
197440,11,11,11040926,Weitlingstra�e,11400931,2018,1,17,5,3,6,2,2,0,1,1,0,0,0,1,806697,4958,5826922,238
197441,11,1,1022106,Elberfelder Stra�e                                                                                  ,1200522,2018,1,18,4,3,6,7,2,0,1,1,0,0,0,1,794469,4319,5828353,663
197442,11,5,5030832,Rohrdamm,5300839,2018,1,23,5,2,0,3,2,0,1,0,0,0,0,1,788992,9176,5830584,359
197443,11,3,3061228,Erich-Weinert-Stra�e,3601245,2018,1,23,5,3,5,2,2,0,1,0,0,0,0,1,800221,4955,5831191,365
197444,11,6,6010205,S�dende,6100205,2018,1,13,4,3,0,7,0,0,0,0,1,0,0,0,795813,11,5819914,842
197445,11,11,11020412,Hauptstra�e,11200411,2018,1,17,5,3,2,6,1,0,1,0,0,0,0,1,806016,3631,5831952,24
197446,11,5,5020417,Staakener Stra�e                                                                                    ,5200420,2018,1,14,5,3,0,2,0,1,1,0,0,0,0,1,783592,2058,5828899,32
197447,11,3,3030715,Heinersdorf,3300516,2018,1,18,4,3,2,6,2,0,1,0,0,0,0,1,800812,54,5833355,784
197448,11,8,8010404,Rixdorf,8100416,2018,1,11,4,3,5,3,0,0,1,0,0,0,0,1,801853,4544,5823063,144
197449,11,3,3061228,Erich-Weinert-Stra�e,3601245,2018,1,15,5,3,6,4,0,0,1,1,0,0,0,1,800997,9782,5831296,304
197450,11,1,1022106,Elberfelder Stra�e                                                                                  ,1200522,2018,1,11,4,2,3,2,0,0,1,0,0,1,0,1,793677,3159,5828111,192
197451,11,7,7030301,Friedenau,7300516,2018,1,14,5,3,6,7,0,0,1,1,0,0,0,1,794182,7,5821931,317
197452,11,1,1011301,Charit�viertel,1100308,2018,1,11,4,3,0,1,0,0,0,0,1,0,0,1,797484,6067,5828814,6
197453,11,4,4030827,Karl-August-Platz,4300623,2018,1,10,5,3,2,6,0,0,1,0,1,0,0,1,792702,5135,5826095,574
197454,11,8,8020619,Buschkrugallee Nord,8200623,2018,1,16,5,2,6,4,2,0,1,1,0,0,0,1,802526,5409,5820717,484
197455,11,10,10020413,Gut Hellersdorf,10200420,2018,1,18,4,3,6,2,2,0,1,1,0,0,0,1,811951,556,5830870,303
197456,11,8,8030829,Gropiusstadt Nord,8300934,2018,1,13,5,3,2,6,0,0,1,0,0,0,0,1,802718,205,5818754,893
197457,11,9,9051901,Dammvorstadt,9501941,2018,1,17,5,3,6,2,2,0,1,1,0,0,0,1,810886,6323,5821263,539
197458,11,1,1011203,Unter den Linden S�d,1100206,2018,1,8,4,3,5,2,0,1,1,0,0,0,0,0,797887,441,5827468,955
197459,11,4,4031032,Halensee,4500937,2018,1,10,5,2,6,2,0,0,1,1,0,0,0,1,791447,7687,5825081,815
197460,11,4,4010101,Jungfernheide,4100101,2018,1,8,4,2,6,4,0,0,1,1,0,0,0,1,791274,6818,5830695,58
197461,11,3,3050920,Wei�er See,3500933,2018,1,7,4,3,5,3,1,1,1,0,0,0,0,0,801993,214,5832222,156
197462,11,11,11020411,Malchower Weg,11200410,2018,1,9,5,3,6,4,0,0,1,1,0,0,0,1,805668,2682,5831947,585
197463,11,3,3071536,Teutoburger Platz,3701554,2018,1,7,4,3,6,2,0,0,1,1,0,0,0,0,799142,2366,5830323,334
197464,11,9,9051901,Dammvorstadt,9501939,2018,1,9,5,3,2,6,0,0,1,0,0,0,0,1,811047,3307,5821865,996
197465,11,6,6040810,Dahlem,6400844,2018,1,7,4,3,5,3,0,1,0,0,0,0,0,0,791020,9878,5821327,357
197466,11,1,1011201,Wilhelmstra�e                                                                                       ,1100205,2018,1,9,5,3,5,2,0,1,1,0,0,0,0,1,796970,3243,5826730,985
197467,11,9,9041301,Kietzer Feld/Nachtheide                                                                             ,9401329,2018,1,14,4,2,6,4,0,0,1,1,0,0,0,1,811692,4539,5818462,15
197468,11,6,6030610,Lichterfelde West                                                                                   ,6300634,2018,1,9,5,2,5,2,0,0,1,0,0,0,0,0,792765,2093,5817961,76
197469,11,4,4041240,Messelpark,4400831,2018,1,15,4,3,1,5,0,1,1,0,0,0,0,0,790853,6849,5822521,611
197470,11,1,1011203,Unter den Linden S�d,1100206,2018,1,6,3,3,6,7,2,1,0,1,0,0,0,0,798372,3873,5827669,723
197471,11,7,7040403,Manteuffelstra�e                                                                                    ,7400823,2018,1,8,5,3,5,3,0,0,1,0,0,0,0,0,797257,861,5820955,441
197472,11,4,4030931,Breitscheidplatz,4501042,2018,1,17,3,3,0,4,1,0,0,1,0,0,1,0,793997,8279,5826180,298
197473,11,2,2010102,Mehringplatz,2100103,2018,1,8,5,3,5,2,0,1,1,0,0,0,0,0,798538,7022,5826501,204
197474,11,1,1011303,Alexanderplatzviertel,1100310,2018,1,8,5,3,0,2,1,0,1,0,0,0,1,0,799345,7757,5828615,108
197475,11,9,9010402,Johannisthal Ost,9100408,2018,1,11,3,3,6,7,0,0,1,1,0,0,0,0,806176,9865,5820165,989
197476,11,1,1044103,Westliche M�llerstra�e                                                                              ,1400942,2018,1,11,3,3,0,2,0,0,1,0,0,0,1,0,795464,1779,5830807,356
197477,11,9,9020501,Obersch�neweide West,9200510,2018,1,7,5,2,6,4,1,0,0,1,0,0,1,1,806734,9884,5823021,302
197478,11,1,1033203,Humboldthain Nordwest                                                                               ,1300836,2018,1,9,3,3,1,5,0,0,1,0,1,0,0,0,796650,6141,5830470,63
197479,11,8,8010211,Flughafenstra�e,8100206,2018,1,21,5,3,2,6,2,1,1,0,0,0,0,1,800878,486,5823842,13
197480,11,7,7050503,Eisenacher Stra�e                                                                                   ,7501031,2018,1,9,3,3,5,2,0,1,1,0,0,0,0,0,799476,944,5820508,821
197481,11,12,12301206,L�bars,12500929,2018,1,20,5,3,8,1,2,0,1,0,0,0,0,1,794598,7539,5838466,395
197482,11,9,9031202,Schm�ckwitz/Rauchfangswerder,9301228,2018,1,8,3,3,2,6,0,0,1,0,0,0,0,0,816105,7585,5813296,868
197483,11,6,6040808,H�ttenweg,6400842,2018,1,20,5,2,5,2,2,0,0,0,1,0,1,1,789599,6599,5820490,542
197484,11,5,5040935,Gro�-Glienicker Weg,5400942,2018,1,6,3,3,2,6,2,0,1,0,0,0,0,1,783062,7783,5821396,605
197485,11,7,7030301,Friedenau,7300517,2018,1,20,5,3,6,2,2,0,1,1,0,0,0,1,793992,8,5822275,47
197486,11,8,8010510,Gewerbegebiet K�llnische Heide,8100521,2018,1,17,3,2,3,6,2,1,0,0,0,0,1,0,803775,4459,5821596,469
197487,11,1,1011201,Wilhelmstra�e                                                                                       ,1100205,2018,1,20,5,3,5,3,2,0,1,0,0,0,0,1,797001,4538,5826609,19
197488,11,1,1022204,Thomasiusstra�e                                                                                     ,1200626,2018,1,19,5,2,5,3,2,1,1,0,0,0,0,1,795042,4407,5828277,97
197489,11,5,5030731,Gartenfelder Stra�e                                                                                 ,5300737,2018,1,17,3,3,2,2,2,0,1,0,0,0,0,0,786952,1467,5829442,155
197490,11,6,6040809,Thielallee,6400843,2018,1,19,5,2,6,2,2,0,1,1,0,0,0,1,792322,9565,5820751,873
197491,11,4,4010101,Jungfernheide,4100101,2018,1,16,3,3,2,6,0,0,1,0,0,1,0,0,791177,9846,5829437,362
197492,11,6,6040810,Dahlem,6400844,2018,1,19,5,3,5,3,2,1,1,0,0,0,0,1,790399,6606,5820843,781
197493,11,3,3040513,Sch�nholz,3400620,2018,1,14,3,3,5,3,0,1,1,0,0,0,0,0,797412,8251,5833971,234
197494,11,5,5030832,Rohrdamm,5300841,2018,1,12,3,2,6,4,0,0,1,1,0,0,0,0,789878,2789,5829239,496
197495,11,11,11051229,Rummelsburg,11501238,2018,1,19,5,3,6,2,2,0,1,1,0,0,0,1,804090,1839,5825979,883
197496,11,7,7050501,Rathausstra�e                                                                                       ,7501030,2018,1,12,3,3,2,2,0,0,1,0,0,0,0,0,797943,2921,5820058,191
197497,11,1,1011401,Invalidenstra�e                                                                                     ,1100415,2018,1,18,5,2,0,7,2,0,1,0,0,0,1,1,797294,7096,5829106,282
197498,11,3,3051017,Rennbahnstra�e,3501038,2018,1,12,3,3,6,4,0,0,1,1,0,0,0,0,803646,1271,5832030,624
197499,11,2,2030402,Wrangelkiez,2300419,2018,1,17,5,3,1,5,2,1,1,0,0,0,0,1,801676,1219,5825877,819
197500,11,3,3061227,Humannplatz,3601243,2018,1,18,4,3,2,6,2,0,1,0,0,0,0,0,799860,7757,5831698,998
197501,11,1,1011302,Oranienburger Stra�e                                                                                ,1100309,2018,1,9,3,2,3,6,0,1,0,0,0,0,1,0,797671,17,5828597,899
197502,11,1,1011102,Gro�er Tiergarten,1100102,2018,1,17,4,3,3,6,0,0,1,0,1,0,0,0,795219,505,5826719,739
197503,11,4,4020313,K�nigin-Elisabeth-Stra�e,4200311,2018,1,21,3,2,5,3,2,0,1,0,0,0,0,0,790468,208,5825988,623
197504,11,9,9051901,Dammvorstadt,9501939,2018,1,19,3,3,5,2,2,1,1,0,0,0,0,0,810641,6398,5820998,46
197505,11,1,1011302,Oranienburger Stra�e                                                                                ,1100309,2018,1,20,4,3,5,3,2,1,1,0,0,0,0,1,798233,278,5828923,858
197506,11,6,6030609,Augustaplatz,6300633,2018,1,10,4,3,6,4,0,1,0,1,0,0,0,0,793280,6091,5818959,283
197507,11,11,11030618,Fennpfuhl West,11300618,2018,1,18,3,3,5,2,0,1,1,0,0,0,0,0,802401,3661,5829007,193
197508,11,1,1011302,Oranienburger Stra�e                                                                                ,1100309,2018,1,7,4,3,6,7,1,1,0,1,0,0,0,1,797973,4406,5828892,824
197509,11,4,4020313,K�nigin-Elisabeth-Stra�e,4200311,2018,1,18,3,3,2,6,2,0,1,0,1,0,0,0,790177,1608,5826057,318
197510,11,7,7010104,Dennewitzplatz,7100205,2018,1,17,3,3,6,2,0,0,1,1,0,0,0,0,795996,2234,5824957,293
197511,11,9,9020701,Adlershof West,9200715,2018,1,7,4,3,5,2,1,0,1,0,0,0,1,1,807697,8896,5818374,66
197512,11,7,7030301,Friedenau,7300516,2018,1,17,3,3,6,7,2,0,1,1,0,0,0,0,793870,9682,5821565,59
197513,11,12,12214422,Klixstra�e                                                                                          ,12200310,2018,1,15,4,3,6,4,0,0,1,1,0,0,0,0,792225,5277,5833768,35
197514,11,1,1022103,Westhafen,1200517,2018,1,19,2,3,5,7,2,0,1,0,0,0,0,1,793615,52,5829139,26
197515,11,5,5030731,Gartenfelder Stra�e                                                                                 ,5300737,2018,1,16,4,3,6,4,0,0,1,1,0,0,0,0,787436,481,5830110,201
197516,11,10,10040933,Mahlsdorf S�d                                                                                       ,10400940,2018,1,16,4,2,5,3,1,1,0,0,0,0,1,1,812630,1622,5825282,528