OBJECTID,LAND,BEZ,LOR,STRASSE,LOR_ab_2021,UJAHR,UMONAT,USTUNDE,UWOCHENTAG,UKATEGORIE,UART,UTYP1,ULICHTVERH,IstRad,IstPKW,IstFuss,IstKrad,IstGkfz,IstSonstig,STRZUSTAND,LINREFX,LINREFY,XGCSWGS84,YGCSWGS84
197517,11,6,6010206,Stadtpark,6100206,2018,1,18,2,3,1,7,2,0,1,0,0,0,0,1,794751,1733,5819877,792
197518,11,3,3010102,Buch,3100103,2018,1,16,4,2,6,4,1,0,1,1,0,0,0,0,804224,994,5840153,337
197519,11,4,4030828,Savignyplatz,4300624,2018,1,9,2,3,3,6,0,1,1,0,0,0,0,0,793163,2209,5826420,548
197520,11,3,3050925,Komponistenviertel Wei�ensee,3500936,2018,1,16,2,3,0,6,0,1,1,0,0,0,0,1,802428,5628,5831069,276
197521,11,2,2040702,Weberwiese,2400624,2018,1,17,4,2,6,4,2,0,1,1,0,0,0,1,801387,1332,5827734,318
197522,11,5,5020524,Weinmeisterhornweg,5200528,2018,1,21,2,3,1,5,2,0,1,0,0,0,1,1,783656,2968,5825318,435
197523,11,8,8020727,Buckow Mitte,8200832,2018,1,13,4,3,0,2,0,0,1,0,1,0,0,1,801027,5404,5817066,146
197524,11,2,2040701,Andreasviertel,2400623,2018,1,20,2,3,5,3,2,0,1,0,0,0,1,1,800325,4238,5827623,373
197525,11,7,7010104,Dennewitzplatz,7100206,2018,1,19,2,3,6,4,2,0,0,1,0,0,1,1,796686,4704,5824747,412
197526,11,1,7010101,Wittenbergplatz/Viktoria-Luise-Platz,7100101,2018,1,18,4,3,5,3,2,1,1,0,0,0,0,0,794805,1793,5825990,537
197527,11,12,12214125,Waldidyll/Flughafensee,12200412,2018,1,19,2,3,5,2,2,0,1,0,0,0,0,1,791167,5206,5834021,323
197528,11,9,9051901,Dammvorstadt,9501939,2018,1,12,4,3,5,7,0,0,1,0,0,0,1,0,810708,1165,5820948,351
197529,11,1,1011302,Oranienburger Stra�e                                                                                ,1100309,2018,1,18,2,3,0,6,2,0,1,0,1,0,0,1,798164,5762,5828981,525
197530,11,6,6020409,K�nigsberger Stra�e                                                                                 ,6200421,2018,1,11,4,3,0,7,0,0,1,0,1,0,0,1,793826,486,5818504,911
197531,11,4,4041136,Hagenplatz,4400728,2018,1,11,4,3,5,7,0,1,1,0,0,0,0,1,790043,7195,5823218,144
197532,11,1,1022101,Huttenkiez,1200517,2018,1,18,2,3,6,4,2,0,1,1,0,0,0,1,793108,3652,5828297,606
197533,11,1,1033102,Gesundbrunnen,1300733,2018,1,17,2,2,1,5,2,1,1,0,0,0,0,1,797995,33,5831374,685
197534,11,1,1011203,Unter den Linden S�d,1100206,2018,1,9,4,3,5,3,0,0,1,0,0,0,0,1,797468,6883,5827297,965
197535,11,11,11040926,Weitlingstra�e,11400930,2018,1,22,2,3,5,3,1,0,1,0,0,0,0,1,806122,1314,5826839,914
197536,11,4,4030620,Alt-Lietzow,4300619,2018,1,18,4,3,2,6,2,0,1,0,0,0,0,0,792733,6955,5827060,869
197537,11,1,1011204,Leipziger Stra�e                                                                                    ,1100207,2018,1,10,2,3,3,7,0,1,1,0,0,0,0,1,798798,6465,5827455,207
197538,11,6,6030504,Teltower Damm,6300528,2018,1,8,4,3,2,6,0,0,1,0,0,0,0,1,789135,3306,5816946,324
197539,11,4,4030417,Schlo�stra�e,4300414,2018,1,17,2,3,0,6,2,1,0,0,1,0,0,1,791562,8169,5826624,324
197540,11,4,4030519,Kaiserin-Augusta-Allee,4300518,2018,1,18,4,3,5,2,2,1,1,0,0,0,0,0,792578,4865,5827979,41
197541,11,9,9041501,Altstadt Kietz,9401534,2018,1,7,4,2,6,2,1,0,1,1,0,0,0,1,811360,9905,5820171,267
197542,11,3,3030715,Heinersdorf,3300516,2018,1,17,2,3,6,2,2,0,1,1,0,0,0,1,800825,5567,5833485,859
197543,11,8,8010212,Rollberg,8100207,2018,1,7,4,3,1,5,1,1,1,0,0,0,0,1,801028,1689,5823299,126
197544,11,12,12302211,L�barser Stra�e,12601031,2018,1,17,2,3,6,2,1,0,1,1,0,0,0,1,792919,7879,5837067,385
197545,11,3,3061430,Volkspark Prenzlauer Berg,3601450,2018,1,16,2,3,2,6,2,0,1,0,0,0,0,0,801944,5345,5829763,528
197546,11,4,4030417,Schlo�stra�e,4300414,2018,1,7,4,3,6,2,1,0,1,1,0,0,0,1,790944,366,5826751,215
197547,11,5,5010314,Carl-Schurz-Stra�e                                                                                  ,5100316,2018,1,17,2,3,5,2,2,1,0,0,0,0,1,1,783646,5128,5829307,304
197548,11,1,1022103,Westhafen,1200517,2018,1,7,4,3,0,6,1,0,1,0,1,0,0,1,793502,9783,5829342,294
197549,11,1,1044203,Leopoldplatz,1401049,2018,1,17,2,2,2,6,2,0,1,0,0,0,1,0,796357,7981,5831941,342
197550,11,11,11030720,Herzbergstra�e,11300721,2018,1,5,4,3,0,1,2,0,1,0,1,0,0,1,805431,8419,5830040,856
197551,11,4,4010101,Jungfernheide,4100101,2018,1,16,2,3,0,1,2,1,0,0,0,0,0,1,790964,531,5829472,106
197552,11,10,10010207,Marzahner Promenade,10100210,2018,1,15,2,3,5,3,0,1,1,0,0,0,0,0,808429,8958,5831397,726
197553,11,1,1011103,L�tzowstra�e                                                                                        ,1100103,2018,1,13,4,3,5,3,0,1,1,0,0,0,0,1,795839,6645,5826058,821
197554,11,1,1022104,Emdener Stra�e                                                                                      ,1200520,2018,1,14,2,3,5,2,0,0,1,0,0,0,0,0,794548,499,5829058,187
197555,11,3,3020209,Niedersch�nhausen,3200205,2018,1,6,3,2,0,5,2,0,1,0,0,0,0,0,798044,613,5836351,99
197556,11,10,10010308,Marzahner Chaussee,10100311,2018,1,14,2,2,3,6,0,0,1,0,0,1,0,0,807179,6588,5830525,327
197557,11,1,1011301,Charit�viertel,1100308,2018,1,14,2,3,5,2,0,1,0,0,0,0,1,0,797014,274,5828942,21
197558,11,7,7020201,Bayerischer Platz,7200307,2018,1,23,3,3,5,2,2,1,1,0,0,0,0,1,794738,997,5824474,594
197559,11,11,11030721,R�digerstra�e,11300724,2018,1,14,2,3,3,2,0,0,1,0,0,1,0,0,804756,2552,5827453,552
197560,11,7,7020201,Bayerischer Platz,7200307,2018,1,7,3,3,6,4,0,0,1,1,0,0,0,0,794657,538,5824231,683
197561,11,8,8040933,Vogelviertel S�d,8401139,2018,1,9,3,3,2,6,0,0,1,0,0,0,1,1,803184,7346,5818451,768
197562,11,3,3061430,Volkspark Prenzlauer Berg,3601450,2018,1,9,2,3,5,2,0,0,1,0,0,0,0,1,802328,5426,5829195,893
197563,11,4,4030620,Alt-Lietzow,4300619,2018,1,12,3,3,5,2,0,1,1,0,0,0,0,0,792136,2959,5827461,277
197564,11,4,4010102,Pl�tzensee,4100101,2018,1,10,3,3,5,2,0,0,1,0,0,0,0,0,793354,575,5829674,619
197565,11,5,5010206,G�tersloher Weg,5100208,2018,1,7,2,3,2,6,0,0,1,0,0,0,0,1,781517,9087,5830315,155
197566,11,1,1011306,Heine-Viertel Ost,1100313,2018,1,9,2,2,6,4,0,0,1,1,0,0,0,1,799817,1641,5826988,201
197567,11,8,8010404,Rixdorf,8100415,2018,1,9,3,3,5,3,0,0,1,0,0,0,0,0,801386,9501,5823740,53
197568,11,12,12304313,Borsigwalde,12500930,2018,1,9,2,3,5,2,0,0,1,0,0,0,1,1,792353,9654,5834071,965
197569,11,2,2030401,Reichenberger Stra�e,2300417,2018,1,7,3,3,1,5,0,1,0,0,0,1,0,1,800755,3018,5825620,31
197570,11,9,9020701,Adlershof West,9200715,2018,1,7,3,3,5,3,1,0,1,0,0,0,0,1,808293,9937,5818607,111
197571,11,7,7050505,Hundsteinweg,7501134,2018,1,10,3,3,1,5,0,0,1,0,0,0,1,0,798884,9068,5818904,544
197572,11,9,9020701,Adlershof West,9200715,2018,1,8,2,3,3,6,0,0,1,0,0,1,0,0,808618,9256,5819210,724
197573,11,1,1044202,Sparrplatz,1401046,2018,1,6,3,3,6,4,2,0,1,1,0,0,0,0,794744,4793,5830010,81
197574,11,12,12103115,Breitkopfbecken,12100103,2018,1,6,3,2,6,2,2,0,1,1,0,0,0,1,795349,4134,5833841,39
197575,11,4,4051446,Preu�enpark,4501043,2018,1,8,2,3,5,3,0,1,1,0,0,0,0,1,793118,8,5825217,139
197576,11,11,11010309,Zingster Stra�e West,11100308,2018,1,10,3,3,2,6,0,0,1,0,0,0,1,1,804948,1604,5833636,31
197577,11,9,9020801,Spindlersfeld,9200818,2018,1,5,3,3,3,6,2,0,1,0,0,0,1,1,809769,3076,5820529,182
197578,11,5,5020625,Borkumer Stra�e                                                                                     ,5200629,2018,1,7,2,2,3,6,0,0,1,0,1,0,0,1,784659,8551,5828460,298
197579,11,11,11010310,M�hlengrund,11100309,2018,1,17,3,3,5,2,2,1,1,0,0,0,0,1,805453,9593,5833346,991
197580,11,9,9020701,Adlershof West,9200715,2018,1,7,2,3,2,6,0,0,1,0,0,0,1,0,809442,8369,5818408,516
197581,11,1,1022205,Zillesiedlung,1200627,2018,1,7,2,3,5,3,1,1,1,0,0,0,0,1,795984,5511,5828712,859
197582,11,2,2040702,Weberwiese,2400624,2018,1,18,3,3,1,5,2,1,0,0,0,0,1,1,801463,1366,5827602,937
197583,11,8,8010214,Glasower Stra�e,8100209,2018,1,7,2,3,2,7,0,0,1,0,0,0,0,0,801803,875,5821976,923
197584,11,6,6010205,S�dende,6100205,2018,1,18,3,2,6,4,2,0,1,1,0,0,0,0,796042,234,5819875,926
197585,11,6,6040810,Dahlem,6400844,2018,1,7,2,3,5,2,1,1,1,0,0,0,0,1,790378,4838,5820849,39
197586,11,7,7070701,Kettinger Stra�e/Schillerstra�e                                                                     ,7601442,2018,1,17,3,3,6,2,2,0,1,1,0,0,0,0,798716,8982,5816012,576
197587,11,7,7050501,Rathausstra�e                                                                                       ,7501029,2018,1,7,2,3,5,2,2,1,1,0,0,0,0,0,797752,8477,5819072,115
197588,11,3,3061430,Volkspark Prenzlauer Berg,3601450,2018,1,16,3,3,5,3,1,1,1,0,0,0,0,1,802259,9076,5829464,863
197589,11,12,12214424,Scharnweberstra�e                                                                                   ,12200309,2018,1,7,2,3,6,4,2,0,1,1,0,0,0,1,792357,6096,5832897,555
197590,11,2,2030301,Oranienplatz,2300314,2018,1,6,2,3,6,4,1,0,1,1,0,0,0,0,800134,1415,5825743,78
197591,11,10,10020517,Adele-Sandrock-Stra�e                                                                               ,10200524,2018,1,16,3,3,6,4,1,0,1,1,0,0,0,1,813398,8634,5830236,79
197592,11,5,5010209,An der Kappe,5100211,2018,1,6,2,2,6,4,2,0,1,1,0,0,0,1,783060,2977,5829309,333
197593,11,4,4041134,Bismarckallee,4400726,2018,1,12,1,3,0,1,0,0,0,0,1,0,0,1,790851,8478,5824743,845
197594,11,1,1033102,Gesundbrunnen,1300733,2018,1,16,3,3,0,7,0,0,1,0,0,0,0,1,797157,9544,5831411,847
197595,11,7,7050504,Imbrosweg,7501032,2018,1,10,1,3,6,4,0,0,1,1,0,0,0,0,799833,4417,5819653,506
197596,11,11,11040926,Weitlingstra�e,11400928,2018,1,15,3,2,5,3,0,1,1,0,0,0,0,1,804479,9398,5826349,71
197597,11,11,11030721,R�digerstra�e,11300722,2018,1,17,1,3,2,7,2,1,1,0,0,0,0,0,803808,5135,5827746,643
197598,11,7,7040401,Neu-Tempelhof,7400720,2018,1,15,3,3,1,5,0,1,1,0,0,0,0,1,796872,6231,5823861,57
197599,11,2,2030402,Wrangelkiez,2300419,2018,1,15,1,3,6,4,0,0,0,1,0,0,1,0,801072,3669,5825681,93
197600,11,1,1022204,Thomasiusstra�e                                                                                     ,1200626,2018,1,15,3,3,6,2,0,0,1,1,0,0,0,1,795221,549,5828240,137
197601,11,3,3071536,Teutoburger Platz,3701554,2018,1,14,1,3,5,2,0,1,1,0,0,0,0,1,799206,4887,5829282,669
197602,11,1,1011306,Heine-Viertel Ost,1100313,2018,1,8,3,3,5,2,0,1,1,0,0,0,0,0,800332,3572,5826537,222
197603,11,5,5010314,Carl-Schurz-Stra�e                                                                                  ,5100316,2018,1,13,1,2,6,4,0,0,1,1,0,0,0,1,783649,7541,5829387,653
197604,11,1,1011306,Heine-Viertel Ost,1100313,2018,1,12,3,3,0,2,0,1,0,0,0,0,1,0,799980,9345,5826937,928
197605,11,9,9010401,Johannisthal West,9100407,2018,1,22,1,3,8,1,2,0,1,0,0,0,0,1,805206,9958,5821480,699
197606,11,9,9030901,Dorf Altglienicke,9300920,2018,1,20,3,3,1,5,2,0,1,0,0,0,0,1,808519,1956,5816739,436
197607,11,1,1033203,Humboldthain Nordwest                                                                               ,1300836,2018,1,8,1,3,2,6,0,0,1,0,0,0,0,1,796524,8204,5829890,81
197608,11,4,4041136,Hagenplatz,4400728,2018,1,9,3,1,1,5,0,1,0,0,0,1,0,1,790253,3142,5823801,669
197609,11,8,8010118,Silbersteinstra�e,8100105,2018,1,19,1,3,3,6,2,0,1,0,0,0,0,1,801088,92,5821954,627
197610,11,3,3071633,Th�lmannpark,3701657,2018,1,11,2,3,0,5,0,0,1,0,0,0,1,0,800301,5038,5830535,669
197611,11,5,5030730,Zitadellenweg,5300735,2018,1,19,1,3,6,4,2,0,0,1,0,0,1,1,786546,2636,5830540,67
197612,11,4,4051448,Schaperstra�e,4501045,2018,1,18,1,3,6,4,2,1,0,1,0,0,0,1,793623,8687,5824833,489
197613,11,12,12301204,Wittenau Nord                                                                                       ,12500927,2018,1,19,2,3,5,2,2,0,1,0,0,0,0,1,792826,7686,5836798,599
197614,11,4,4030931,Breitscheidplatz,4501042,2018,1,18,1,3,3,6,2,1,1,0,0,0,0,0,794069,2592,5826279,704
197615,11,1,1033101,Soldiner Stra�e                                                                                     ,1300732,2018,1,19,2,3,0,7,2,0,0,0,1,0,0,1,797357,2094,5832406,314
197616,11,1,1011204,Leipziger Stra�e                                                                                    ,1100207,2018,1,15,7,3,6,4,0,0,0,1,0,0,1,0,797854,4397,5826962,802
197617,11,3,3061126,Arnimplatz,3601141,2018,1,18,2,2,2,2,2,1,1,0,0,0,0,1,798832,9612,5831796,859
197618,11,8,8010508,Wei�e Siedlung,8100520,2018,1,16,2,3,3,6,0,0,1,0,0,0,1,0,803192,2312,5822703,547
197619,11,8,8020726,Buckow West,8200831,2018,1,14,7,3,2,6,0,0,1,0,0,0,0,0,799318,207,5816278,173
197620,11,7,7060603,Marienfelde Nordost,7601238,2018,1,13,2,3,1,5,0,1,1,0,0,0,0,0,797599,7925,5817325,76
197621,11,9,9031001,Bohnsdorf,9301025,2018,1,14,7,3,5,3,0,0,1,0,0,0,0,0,810546,1314,5815204,923
197622,11,4,4020311,Reichsstra�e,4200310,2018,1,13,7,3,5,2,0,1,1,0,0,0,0,0,790159,8636,5826653,84
197623,11,8,8010214,Glasower Stra�e,8100209,2018,1,13,2,3,5,2,0,0,1,0,0,0,0,0,801668,6822,5822405,658
197624,11,1,1011204,Leipziger Stra�e                                                                                    ,1100207,2018,1,11,7,3,5,3,0,0,1,0,0,0,0,0,797991,1796,5826785,881
197625,11,2,2020203,Viktoriapark,2200207,2018,2,9,6,3,2,6,0,0,1,0,0,0,0,0,797074,4175,5824719,89
197626,11,7,7030301,Friedenau,7300517,2018,1,11,2,3,0,6,0,0,1,0,1,0,0,1,793990,771,5822300,652
197627,11,10,10010309,Springpfuhl,10100312,2018,1,7,7,3,5,2,2,1,1,0,0,0,0,1,807934,6073,5829198,169
197628,11,2,2020203,Viktoriapark,2200209,2018,2,6,6,3,9,1,1,0,0,0,1,0,0,0,797304,134,5824004,735
197629,11,7,7040405,Rathaus Tempelhof,7400927,2018,1,10,2,3,5,3,0,0,1,0,0,0,0,1,798622,8753,5820654,37
197630,11,1,1011305,Heine-Viertel West,1100312,2018,1,2,7,3,6,4,2,0,1,1,0,0,0,0,799665,2589,5827104,58
197631,11,10,10040931,Mahlsdorf Nord                                                                                      ,10400938,2018,2,6,6,3,0,1,1,1,0,0,0,0,0,2,813672,635,5828259,984
197632,11,4,4030724,Lietzensee,4300415,2018,2,13,5,3,0,6,0,1,0,0,0,0,1,0,790653,4357,5825990,351
197633,11,2,2020205,Chamissokiez,2200211,2018,1,10,2,3,6,4,0,1,0,1,0,0,0,0,797922,4228,5824577,788
197634,11,2,2020204,Urbanstra�e,2200210,2018,2,9,5,3,5,7,0,1,1,0,0,0,0,0,798436,626,5824867,492
197635,11,2,2040502,Friedenstra�e,2400521,2018,1,15,7,3,2,2,0,0,1,0,0,0,0,0,801249,2608,5827830,727
197636,11,6,6030610,Lichterfelde West                                                                                   ,6300634,2018,2,10,5,2,6,7,0,1,0,1,0,0,0,0,792199,6206,5818705,654
197637,11,7,7040403,Manteuffelstra�e                                                                                    ,7400824,2018,1,10,2,3,5,2,0,0,1,0,0,0,0,0,797842,3687,5822205,153
197638,11,2,2040702,Weberwiese,2400624,2018,1,9,2,3,2,7,0,1,0,0,0,0,1,0,801384,7916,5827529,375
197639,11,1,1044101,Rehberge,1400938,2018,1,9,7,3,5,3,0,0,1,0,0,0,0,0,794527,871,5831557,896
197640,11,3,3051017,Rennbahnstra�e,3501037,2018,2,10,5,2,5,3,0,1,0,0,0,0,0,0,801700,9573,5833068,822
197641,11,1,1011105,N�rdlicher Landwehrkanal                                                                            ,1100102,2018,1,8,2,3,2,6,0,0,1,0,0,0,1,1,795807,259,5826685,948
197642,11,3,3050920,Wei�er See,3500933,2018,1,16,7,3,8,1,0,0,1,0,0,0,0,0,802224,5582,5832679,798
197643,11,8,8010404,Rixdorf,8100416,2018,1,23,7,3,5,7,2,1,1,0,0,0,0,0,801563,787,5823373,615
197644,11,4,4030929,Hindemithplatz,4501040,2018,2,19,5,3,2,6,2,0,1,0,0,0,0,0,792495,7586,5825428,734
197645,11,3,3030715,Heinersdorf,3300516,2018,1,8,2,2,9,1,0,0,1,0,0,0,0,1,801095,9686,5834868,42
197646,11,1,1044201,Reinickendorfer Stra�e                                                                              ,1401043,2018,2,19,5,3,6,7,2,0,1,1,0,0,0,0,795687,841,5830686,134
197647,11,6,6010209,Feuerbachstra�e                                                                                     ,6100209,2018,1,7,2,3,0,1,1,0,0,0,1,0,0,1,794708,312,5821539,143
197648,11,4,4030931,Breitscheidplatz,4501042,2018,2,19,5,3,2,6,2,1,1,0,0,0,0,0,793910,1053,5825883,134
197649,11,3,3071639,B�tzowstra�e,3701660,2018,1,7,2,2,0,3,0,1,0,0,0,0,0,0,800893,4012,5829203,325
197650,11,1,1011301,Charit�viertel,1100308,2018,2,12,5,3,6,4,0,0,0,1,0,0,1,0,797045,34,5828365,791
197651,11,9,9020702,Adlershof Ost,9200717,2018,1,22,7,3,5,3,2,0,1,0,0,0,0,0,809362,2816,5819658,4
197652,11,2,2040701,Andreasviertel,2400623,2018,2,19,5,3,5,7,2,1,1,0,0,0,0,0,801010,6196,5826995,718
197653,11,6,6040807,Zehlendorf Eiche                                                                                    ,6400841,2018,1,7,2,3,5,3,0,0,1,0,0,0,0,0,789706,4252,5818448,812
197654,11,1,1033101,Soldiner Stra�e                                                                                     ,1300731,2018,1,20,7,3,6,4,2,0,0,1,0,0,1,1,797264,2772,5832229,75
197655,11,1,1011303,Alexanderplatzviertel,1100310,2018,2,18,5,3,5,2,2,1,1,0,0,0,0,0,799466,1002,5828808,989
197656,11,5,5040936,J�gerallee,5400943,2018,1,7,2,3,5,2,0,1,1,0,0,0,0,0,781489,3023,5819685,589
197657,11,3,3040512,Wilhelmsruh,3400619,2018,1,7,2,2,6,4,0,0,1,1,0,0,0,0,797060,695,5835839,345
197658,11,8,8041040,Waltersdorfer Chaussee Ost,8401246,2018,1,19,7,2,6,4,2,0,1,1,0,0,0,1,807167,3836,5817582,332
197659,11,1,1033101,Soldiner Stra�e                                                                                     ,1300730,2018,1,17,7,3,5,2,1,0,1,0,0,0,0,0,796261,4246,5832165,574
197660,11,2,2010103,Moritzplatz,2100104,2018,2,17,5,2,6,4,2,0,1,1,0,0,0,0,799104,3717,5826243,496
197661,11,1,2030301,Oranienplatz,2300314,2018,1,18,1,3,6,7,2,0,1,1,0,0,0,0,799574,8599,5826330,241
197662,11,11,11051331,Karlshorst Nord,11501340,2018,1,11,6,3,4,6,0,1,0,0,0,0,1,0,807709,4612,5825341,88
197663,11,2,2010103,Moritzplatz,2100104,2018,2,17,5,3,2,6,2,0,1,0,0,0,0,0,799348,525,5826289,82
197664,11,2,2030301,Oranienplatz,2300314,2018,1,3,1,2,6,4,2,0,1,1,0,0,0,1,799950,2695,5825726,902
197665,11,1,1033203,Humboldthain Nordwest                                                                               ,1300836,2018,2,11,5,3,6,4,0,0,1,1,0,0,0,0,796477,1015,5829935,325
197666,11,3,3051017,Rennbahnstra�e,3501038,2018,1,4,1,2,5,7,2,0,1,0,0,0,1,1,804100,1718,5832396,753
197667,11,1,1011103,L�tzowstra�e                                                                                        ,1100103,2018,2,20,7,3,6,2,2,0,1,1,0,0,0,0,796040,8711,5825591,49
197668,11,8,8030829,Gropiusstadt Nord,8300934,2018,2,17,4,3,2,6,2,0,1,0,0,0,0,0,802866,4197,5818243,6
197669,11,1,1033101,Soldiner Stra�e                                                                                     ,1300732,2018,2,19,7,3,4,1,2,0,1,0,1,0,0,0,797425,326,5832538,121
197670,11,7,7070703,John-Locke-Stra�e                                                                                   ,7601544,2018,2,18,3,2,6,2,2,0,1,1,0,0,0,0,799159,8558,5814185,684
197671,11,7,7050501,Rathausstra�e                                                                                       ,7501030,2018,2,20,7,3,2,2,2,0,1,0,0,0,0,0,798092,9205,5819271,575
197672,11,7,7040402,Lindenhofsiedlung,7400822,2018,2,18,7,3,2,6,2,0,1,0,0,0,0,0,796790,2067,5821977,151
197673,11,11,11030720,Herzbergstra�e,11300721,2018,2,16,7,3,6,4,1,0,1,1,0,0,0,0,805548,925,5830059,578
197674,11,3,3040614,Pankow Zentrum                                                                                      ,3400724,2018,2,7,4,3,5,2,0,1,1,0,0,0,0,1,798629,151,5834004,297
197675,11,1,1011305,Heine-Viertel West,1100312,2018,2,15,7,3,2,2,0,0,1,0,1,0,0,0,799424,9268,5826482,156
197676,11,11,11030721,R�digerstra�e,11300725,2018,2,9,3,3,5,3,0,0,1,0,0,0,0,1,805225,141,5828189,993
197677,11,12,12302109,Treuenbrietzener Stra�e                                                                             ,12601133,2018,2,14,7,3,6,7,0,0,1,1,0,0,0,1,794967,1213,5836439,732
197678,11,5,5010314,Carl-Schurz-Stra�e                                                                                  ,5100316,2018,2,12,7,3,2,6,0,0,1,0,0,0,0,0,785320,4823,5829278,556
197679,11,6,6030609,Augustaplatz,6300633,2018,2,1,7,3,4,6,2,1,0,0,0,0,1,2,792706,343,5819073,566
197680,11,4,4051446,Preu�enpark,4501043,2018,2,12,3,3,5,2,0,1,1,0,0,0,0,1,792919,9595,5825024,166
197681,11,8,8020619,Buschkrugallee Nord,8200622,2018,2,19,7,1,6,4,2,0,1,1,0,0,0,0,801207,51,5821725,649
197682,11,1,1022203,L�becker Stra�e                                                                                     ,1200625,2018,2,11,6,3,5,7,0,1,1,0,0,0,0,0,794736,4966,5828456,651
197683,11,1,1011303,Alexanderplatzviertel,1100310,2018,2,10,2,3,6,7,0,1,0,1,0,0,0,0,798754,8684,5828243,92
197684,11,12,12214424,Scharnweberstra�e                                                                                   ,12200309,2018,2,19,6,3,3,6,2,0,1,0,0,0,0,0,793338,8614,5832401,589
197685,11,2,2010104,Wassertorplatz,2100106,2018,2,6,2,3,5,3,1,1,0,0,0,0,0,1,798988,53,5825403,46
197686,11,10,10010311,Landsberger Tor,10100316,2018,2,17,6,3,2,2,2,0,1,0,0,0,0,0,809968,2804,5831642,107
197687,11,9,9020701,Adlershof West,9200715,2018,2,14,6,3,5,2,0,0,1,0,0,0,0,0,808328,923,5818868,144
197688,11,4,4031032,Halensee,4500938,2018,2,10,4,3,2,6,0,0,1,0,0,0,0,0,791573,7543,5824655,8
197689,11,4,4020314,Messegel�nde,4200311,2018,2,14,6,3,2,6,0,0,1,0,0,0,0,0,790396,725,5825609,559
197690,11,2,2040703,Wriezener Bahnhof/Entwicklungsgebiet,2400625,2018,2,6,3,3,0,1,1,0,0,0,1,0,0,2,801532,683,5826352,721
197691,11,8,8030831,Gropiusstadt Ost,8301037,2018,2,13,6,3,2,6,0,0,1,0,0,0,1,0,804584,9084,5817816,273
197692,11,2,2020203,Viktoriapark,2200207,2018,2,13,6,3,5,2,0,0,1,0,0,0,0,0,797090,825,5824722,285
197693,11,1,1011302,Oranienburger Stra�e                                                                                ,1100309,2018,2,13,6,3,6,4,0,0,1,1,0,0,0,0,797925,7258,5828433,764
197694,11,5,5030833,Motardstra�e                                                                                        ,5300840,2018,2,21,4,3,1,1,2,0,1,0,0,0,1,2,789526,5681,5828896,207
197695,11,4,4051445,Eisenzahnstra�e,4500939,2018,2,12,6,3,2,2,0,0,1,0,0,0,0,0,791954,6922,5824024,459
197696,11,3,3051022,Hansastra�e,3501038,2018,2,11,6,3,1,5,0,0,1,0,0,0,0,0,803459,9565,5831757,464
197697,11,8,8020622,Parchimer Allee,8200726,2018,2,1,3,3,0,5,2,0,1,0,0,0,1,1,802006,2498,5819918,431
197698,11,1,1011303,Alexanderplatzviertel,1100310,2018,2,15,6,3,5,3,0,1,1,0,0,0,0,0,799366,7852,5828605,999
197699,11,11,11020412,Hauptstra�e,11200411,2018,2,7,6,3,5,2,1,1,1,0,0,0,0,0,806149,497,5831393,524
197700,11,8,8010212,Rollberg,8100207,2018,2,13,4,3,6,2,0,0,1,1,0,0,0,0,801329,9522,5823575,939
197701,11,8,8010117,Schillerpromenade,8100102,2018,2,7,6,3,5,3,1,0,1,0,0,0,0,0,800393,5403,5823324,61
197702,11,4,4031032,Halensee,4500938,2018,2,14,2,3,1,5,0,1,1,0,0,0,0,0,791351,8395,5824941,682
197703,11,1,1011402,Arkonaplatz,1100416,2018,2,22,6,2,0,1,2,1,0,0,0,0,0,0,798638,7075,5829383,284
197704,11,2,2040701,Andreasviertel,2400623,2018,2,21,6,2,0,1,2,1,0,0,0,0,0,2,800716,2,5826977,33
197705,11,4,4020311,Reichsstra�e,4200309,2018,2,19,4,3,6,4,2,0,1,1,0,0,0,0,788826,9292,5826990,455
197706,11,3,3061227,Humannplatz,3601243,2018,2,19,6,2,6,4,2,0,1,1,0,0,0,0,799906,1045,5831663,464
197707,11,1,1044202,Sparrplatz,1401046,2018,2,14,3,3,5,2,0,0,1,0,0,0,0,0,794901,6436,5830226,855
197708,11,5,5020625,Borkumer Stra�e                                                                                     ,5200629,2018,2,4,6,3,1,1,2,0,1,0,0,0,0,0,783715,6853,5828678,691
197709,11,9,9030901,Dorf Altglienicke,9300920,2018,2,5,6,3,2,6,2,0,1,0,0,0,0,0,808501,8483,5817262,97
197710,11,3,3040513,Sch�nholz,3400620,2018,2,16,2,3,2,6,1,0,1,0,0,0,0,1,796635,292,5833993,813
197711,11,9,9041501,Altstadt Kietz,9401534,2018,2,6,6,3,2,6,2,1,1,0,0,0,0,0,811556,7464,5820041,807
197712,11,2,2010102,Mehringplatz,2100102,2018,2,12,5,3,6,7,0,0,1,1,0,0,0,0,797974,2877,5826124,946
197713,11,11,11010207,Wartenberg Nord,11100206,2018,2,17,2,3,5,3,1,0,1,0,1,0,0,0,805270,5115,5834586,926
197714,11,8,8020619,Buschkrugallee Nord,8200623,2018,2,17,4,3,1,5,2,0,1,0,0,0,1,0,801508,9881,5820786,523
197715,11,3,3020307,Buchholz,3200310,2018,2,9,5,3,5,3,0,1,1,0,0,0,0,0,799536,526,5837800,14
197716,11,11,11010310,M�hlengrund,11100309,2018,2,19,3,3,6,4,2,0,1,1,0,0,0,0,805339,2576,5833267,141