OBJECTID,LAND,BEZ,LOR,STRASSE,LOR_ab_2021,UJAHR,UMONAT,USTUNDE,UWOCHENTAG,UKATEGORIE,UART,UTYP1,ULICHTVERH,IstRad,IstPKW,IstFuss,IstKrad,IstGkfz,IstSonstig,STRZUSTAND,LINREFX,LINREFY,XGCSWGS84,YGCSWGS84
197717,11,1,1011402,Arkonaplatz,1100416,2018,2,8,5,3,5,3,0,1,1,0,0,0,0,0,798679,2511,5829462,136
197718,11,9,9031001,Bohnsdorf,9301025,2018,2,8,2,3,6,4,0,0,0,1,0,0,1,0,808646,918,5814905,847
197719,11,3,3050923,Wei�enseer Spitze,3500934,2018,2,7,2,3,5,2,1,1,1,0,0,0,0,1,800765,6488,5831993,708
197720,11,1,1044103,Westliche M�llerstra�e                                                                              ,1400942,2018,2,8,5,3,5,2,0,0,1,0,0,0,0,0,794481,2772,5830672,284
197721,11,4,4030725,Amtsgerichtsplatz,4300416,2018,2,9,5,2,5,3,0,0,1,0,0,0,0,0,791878,9215,5826436,968
197722,11,3,3030711,Blankenburg,3300514,2018,2,8,4,3,2,7,0,0,1,0,0,0,0,1,801693,6958,5836355,203
197723,11,5,5020523,Maulbeerallee,5200527,2018,2,12,2,3,5,3,0,1,1,0,0,0,0,0,783335,9934,5827661,616
197724,11,1,1011305,Heine-Viertel West,1100312,2018,2,9,5,3,0,1,0,1,0,0,0,0,0,2,799717,313,5827376,533
197725,11,7,7010102,Nollendorfplatz,7100102,2018,2,14,5,3,3,6,0,0,1,0,0,0,0,0,794983,1576,5825188,757
197726,11,10,10040828,Kaulsdorf Nord                                                                                      ,10400835,2018,2,15,4,2,6,4,0,0,1,1,0,0,0,0,811295,4863,5827936,163
197727,11,4,4051654,Wilhelmsaue,4501150,2018,2,14,5,3,0,6,0,0,1,0,0,0,1,0,793432,1193,5823740,766
197728,11,1,1011101,St�lerstra�e                                                                                        ,1100101,2018,2,10,3,3,1,5,0,0,1,0,0,0,0,1,794682,7703,5826043,6
197729,11,11,11041023,Gensinger Stra�e,11401033,2018,2,15,5,3,1,5,0,0,1,0,0,0,1,0,807169,3798,5827806,544
197730,11,11,11020513,Orankesee,11200512,2018,2,15,5,3,5,3,0,1,1,0,0,0,0,0,804453,9374,5830938,401
197731,11,7,7050506,Birnhornweg,7501135,2018,2,8,2,3,5,2,0,1,1,0,0,0,0,1,799055,7535,5816810,723
197732,11,2,2040701,Andreasviertel,2400623,2018,2,18,5,3,2,6,2,0,1,0,0,0,0,0,800139,9719,5827324,944
197733,11,9,9051901,Dammvorstadt,9501941,2018,2,18,5,3,0,3,2,0,1,0,0,0,1,0,812051,313,5821276,2
197734,11,1,1011201,Wilhelmstra�e                                                                                       ,1100205,2018,2,18,5,3,0,3,2,0,0,0,1,0,1,0,797757,6477,5826735,31
197735,11,1,1011203,Unter den Linden S�d,1100206,2018,2,10,4,3,5,3,0,0,1,0,0,0,0,1,797621,4654,5827032,587
197736,11,12,12301205,Waidmannslust,12500928,2018,2,19,5,2,1,5,2,0,0,0,1,0,1,0,791487,1118,5836632,635
197737,11,7,7030301,Friedenau,7300516,2018,2,6,3,3,1,5,1,1,1,0,0,0,0,1,793927,8197,5822009,862
197738,11,8,8020727,Buckow Mitte,8200832,2018,2,20,5,3,6,2,2,0,1,1,0,0,0,0,800320,4,5816736,846
197739,11,4,4041342,Schlangenbader Stra�e,4400833,2018,2,20,5,3,1,5,2,0,1,0,0,0,0,0,792561,463,5822131,945
197740,11,10,10010308,Marzahner Chaussee,10100311,2018,2,7,3,3,2,6,0,0,1,0,0,0,0,2,806773,8793,5829472,73
197741,11,9,9010302,Sp�thsfelde,9100306,2018,2,23,5,3,5,2,2,1,1,0,0,0,0,0,804940,517,5820715,102
197742,11,4,4030931,Breitscheidplatz,4501042,2018,2,21,4,3,6,7,2,0,1,1,0,0,0,0,794396,7895,5825720,482
197743,11,4,4030620,Alt-Lietzow,4300619,2018,2,19,4,3,2,6,2,1,1,0,0,0,0,0,792430,4018,5827166,312
197744,11,3,3071536,Teutoburger Platz,3701554,2018,2,23,5,2,4,4,2,1,1,1,0,0,0,1,798931,7093,5829948,355
197745,11,5,5020629,B�rnicker Stra�e                                                                                    ,5200634,2018,2,18,6,2,6,7,2,0,1,1,0,0,0,1,784771,8843,5826336,67
197746,11,2,2010103,Moritzplatz,2100105,2018,2,18,4,3,5,3,2,1,1,0,0,0,0,0,799143,494,5825792,697
197747,11,9,9020802,K�llnische Vorstadt                                                                                 ,9200819,2018,2,10,4,2,0,1,0,0,0,0,1,0,0,0,810675,13,5819661,663
197748,11,12,12214527,Alt-Tegel,12200515,2018,2,8,4,3,1,5,0,0,1,0,0,0,0,0,790176,1817,5835156,633
197749,11,8,8010301,Reuterkiez,8100311,2018,2,16,2,3,5,3,0,0,1,0,0,0,0,0,800548,7741,5824778,713
197750,11,1,1033101,Soldiner Stra�e                                                                                     ,1300731,2018,2,17,2,3,2,6,2,0,1,0,0,0,0,1,796838,9801,5832392,954
197751,11,9,9051901,Dammvorstadt,9501939,2018,2,15,2,3,6,4,0,0,1,1,0,0,0,0,811024,6174,5821818,211
197752,11,9,9020501,Obersch�neweide West,9200510,2018,2,17,4,2,5,2,1,1,1,0,0,0,0,0,806555,1432,5822317,856
197753,11,5,5010314,Carl-Schurz-Stra�e                                                                                  ,5100316,2018,2,16,4,3,2,6,0,0,0,0,0,0,1,0,784844,1514,5829219,701
197754,11,7,7040405,Rathaus Tempelhof,7400927,2018,2,18,4,3,0,5,2,0,1,0,1,0,0,1,799427,169,5821784,9
197755,11,2,2020204,Urbanstra�e,2200210,2018,2,16,4,2,6,4,0,0,1,1,0,0,0,0,798764,107,5824849,898
197756,11,1,1022106,Elberfelder Stra�e                                                                                  ,1200522,2018,2,16,4,3,5,3,0,0,1,0,0,0,0,0,794028,7575,5828246,366
197757,11,1,1011302,Oranienburger Stra�e                                                                                ,1100309,2018,2,16,4,3,3,6,0,1,1,0,0,0,0,0,799013,7631,5828995,812
197758,11,5,5010206,G�tersloher Weg,5100208,2018,2,15,4,3,5,7,0,0,1,0,0,0,0,0,781541,7036,5830646,898
197759,11,2,2030301,Oranienplatz,2300314,2018,2,14,4,3,5,7,0,0,1,0,0,0,0,0,800281,6768,5826091,143
197760,11,8,8010404,Rixdorf,8100417,2018,2,5,3,3,6,4,2,0,0,1,0,0,1,0,802350,4616,5822762,481
197761,11,4,4030827,Karl-August-Platz,4300623,2018,2,13,4,2,2,6,0,0,1,0,0,0,1,0,792746,18,5826654,756
197762,11,9,9041501,Altstadt Kietz,9401534,2018,2,16,2,3,2,6,0,0,1,0,0,0,0,0,811408,9644,5820145,951
197763,11,1,1033102,Gesundbrunnen,1300733,2018,2,17,2,3,2,6,2,0,1,0,0,0,0,1,797158,6555,5831885,172
197764,11,7,7060603,Marienfelde Nordost,7601238,2018,2,12,4,3,2,6,0,0,1,0,0,0,0,0,798663,701,5816222,601
197765,11,6,6030608,Schweizer Viertel,6300632,2018,2,11,4,2,1,5,0,0,1,0,0,0,1,0,792309,1887,5816746,902
197766,11,3,3030405,Karow Nord                                                                                          ,3300411,2018,2,5,2,3,5,2,2,0,1,0,0,0,0,1,803740,4724,5839250,376
197767,11,8,8030829,Gropiusstadt Nord,8300934,2018,2,16,4,2,5,2,0,0,1,0,0,0,0,0,802874,6123,5818249,217
197768,11,1,1022204,Thomasiusstra�e                                                                                     ,1200626,2018,2,9,4,3,0,7,0,0,1,0,1,0,0,1,795133,1594,5828346,395
197769,11,7,7040401,Neu-Tempelhof,7400721,2018,2,12,3,3,5,3,0,0,1,0,0,0,0,0,797106,4201,5823452,445
197770,11,5,5010103,Amorbacher Weg,5100105,2018,2,18,2,3,5,2,2,1,1,0,0,0,0,0,784559,4653,5831098,895
197771,11,2,2040703,Wriezener Bahnhof/Entwicklungsgebiet,2400625,2018,2,9,4,3,2,6,0,0,1,0,0,0,0,0,801598,6035,5826332,577
197772,11,12,12214424,Scharnweberstra�e                                                                                   ,12200309,2018,2,8,4,3,5,3,0,1,1,0,0,0,0,0,792378,1053,5832890,864
197773,11,12,12224230,Heiligensee,12400618,2018,2,15,3,3,5,2,0,1,1,0,0,0,0,0,786808,2664,5838457,695
197774,11,8,8041037,Alt-Rudow,8401243,2018,2,13,3,3,5,3,0,1,1,0,0,0,0,0,805678,5034,5817014,826
197775,11,5,5010314,Carl-Schurz-Stra�e                                                                                  ,5100316,2018,2,18,2,2,6,4,2,0,1,1,0,0,0,1,784801,1167,5828808,12
197776,11,5,5020628,Graetschelsteig,5200633,2018,2,12,3,3,0,6,0,0,1,0,0,0,0,0,784014,2985,5827147,88
197777,11,1,1044201,Reinickendorfer Stra�e                                                                              ,1401045,2018,2,13,3,2,0,2,0,0,1,0,0,0,1,0,796672,375,5831935,253
197778,11,1,1044101,Rehberge,1400938,2018,2,6,4,2,5,3,2,1,1,0,0,0,0,0,794534,756,5831578,636
197779,11,3,3050923,Wei�enseer Spitze,3500934,2018,2,20,3,3,5,2,2,1,0,0,0,0,1,0,800386,2073,5831946,714
197780,11,11,11051332,Karlshorst S�d,11501341,2018,2,9,3,3,2,6,0,0,1,0,0,1,0,0,807238,8602,5824064,66
197781,11,3,3020307,Buchholz,3200308,2018,2,18,2,3,5,3,2,1,1,0,0,0,0,0,799063,7321,5837540,873
197782,11,8,8010117,Schillerpromenade,8100102,2018,2,12,3,3,2,6,0,0,1,0,0,0,0,0,800381,319,5823701,691
197783,11,1,1044101,Rehberge,1400938,2018,2,18,3,3,5,2,2,0,1,0,1,0,0,0,794528,9811,5831576,768
197784,11,4,4051448,Schaperstra�e,4501045,2018,2,18,2,3,5,7,2,0,1,0,0,0,0,1,793508,9626,5825383,858
197785,11,7,7060603,Marienfelde Nordost,7601238,2018,2,19,3,2,6,2,2,0,1,1,0,0,0,0,798516,8413,5816830,252
197786,11,5,5010314,Carl-Schurz-Stra�e                                                                                  ,5100316,2018,2,17,6,3,5,2,2,1,1,0,0,0,0,0,784654,677,5829299,74
197787,11,1,1011303,Alexanderplatzviertel,1100310,2018,2,23,3,3,5,3,2,1,1,0,0,0,0,0,799332,5684,5828611,435
197788,11,2,2030302,Lausitzer Platz,2300315,2018,2,16,3,3,1,5,0,1,1,0,0,0,1,0,801065,2701,5825900,58
197789,11,1,1011201,Wilhelmstra�e                                                                                       ,1100205,2018,2,15,3,3,5,3,0,1,0,0,0,0,1,0,797157,6352,5826452,467
197790,11,3,3061227,Humannplatz,3601244,2018,2,14,3,3,5,3,0,1,1,0,0,0,0,0,800108,645,5831705,72
197791,11,7,7040401,Neu-Tempelhof,7400720,2018,2,9,4,3,6,4,0,0,1,1,0,0,0,0,797672,81,5823858,76
197792,11,9,9020501,Obersch�neweide West,9200510,2018,2,13,3,3,6,4,0,0,1,1,0,0,0,0,806553,2739,5822297,767
197793,11,11,11051331,Karlshorst Nord,11501340,2018,2,7,3,3,5,3,0,0,1,0,0,0,0,2,807677,743,5824534,939
197794,11,2,2010101,Askanischer Platz,2100101,2018,2,19,2,3,1,5,2,1,1,0,0,0,1,0,797709,5588,5826181,569
197795,11,10,10020414,Helle Mitte,10200421,2018,2,6,3,3,5,3,1,1,1,0,0,0,0,0,812064,8642,5830625,497
197796,11,10,10030724,Oberfeldstra�e                                                                                      ,10300731,2018,2,13,3,2,1,5,0,1,1,0,0,0,0,0,808946,833,5829188,614
197797,11,12,12302107,Schorfheidestra�e                                                                                   ,12601236,2018,2,12,3,3,2,6,0,0,1,0,0,0,0,0,793850,9385,5836169,163
197798,11,1,1044201,Reinickendorfer Stra�e                                                                              ,1401045,2018,2,8,4,2,6,4,0,1,0,1,0,0,0,0,797139,3138,5831886,819
197799,11,3,3050920,Wei�er See,3500933,2018,2,6,6,3,6,2,2,0,1,1,0,0,0,0,802416,7593,5832564,77
197800,11,6,6030609,Augustaplatz,6300633,2018,2,10,3,3,2,6,0,0,1,0,0,0,0,0,793157,5551,5818229,412
197801,11,1,1044101,Rehberge,1400937,2018,2,7,3,3,6,7,0,1,0,1,0,0,0,0,793848,2222,5831655,402
197802,11,7,7040405,Rathaus Tempelhof,7400927,2018,2,10,3,2,5,3,0,0,1,0,0,0,0,0,798024,4305,5821034,25
197803,11,4,4051652,Nikolsburger Platz,4501150,2018,2,16,2,3,6,4,1,0,1,1,0,0,0,1,793546,1492,5823961,538
197804,11,4,4030930,George-Grosz-Platz,4501041,2018,2,12,4,3,2,6,0,0,1,0,0,0,0,0,792834,2869,5825517,135
197805,11,3,3061227,Humannplatz,3601244,2018,2,9,3,3,5,3,0,1,1,0,0,0,0,0,800110,3812,5831695,729
197806,11,8,8030829,Gropiusstadt Nord,8300934,2018,2,15,2,3,2,2,0,1,1,0,0,0,0,0,803180,2275,5818116,934
197807,11,7,7030301,Friedenau,7300516,2018,2,19,2,3,6,4,2,0,1,1,0,0,0,0,793978,2895,5821583,14
197808,11,1,1011202,Unter den Linden Nord,1100206,2018,2,18,2,3,2,6,2,0,1,0,0,0,0,1,797648,2331,5828133,161
197809,11,3,3050923,Wei�enseer Spitze,3500934,2018,2,16,2,3,0,3,0,0,1,0,0,0,1,0,800434,6717,5831725,521
197810,11,12,12103219,Sch�fersee,12100204,2018,2,19,4,3,5,2,2,0,1,0,0,0,0,0,795067,7668,5832467,671
197811,11,5,5010206,G�tersloher Weg,5100208,2018,2,21,2,3,6,2,2,0,1,1,0,0,0,0,782372,4679,5830489,444
197812,11,7,7050505,Hundsteinweg,7501134,2018,2,18,2,3,6,2,2,0,1,1,0,0,0,0,798480,1438,5819046,995
197813,11,5,5020625,Borkumer Stra�e                                                                                     ,5200629,2018,2,14,3,3,6,4,0,0,1,1,0,0,0,0,784345,5112,5828383,82
197814,11,11,11020515,Landsberger Allee,11200514,2018,2,18,2,3,5,3,2,0,1,0,0,0,0,0,805032,3833,5830417,533
197815,11,5,5010209,An der Kappe,5100211,2018,2,20,2,3,5,2,2,0,1,0,0,0,0,1,781905,886,5829565,831
197816,11,4,4051446,Preu�enpark,4501043,2018,2,17,2,3,5,2,2,0,1,0,0,0,0,0,792921,7142,5824388,633
197817,11,5,5020523,Maulbeerallee,5200527,2018,2,17,2,2,6,4,1,0,1,1,0,0,0,0,783120,2864,5827035,489
197818,11,6,6010205,S�dende,6100205,2018,2,20,2,3,6,4,2,0,1,1,0,0,0,0,795320,407,5819964,955
197819,11,3,3010104,Lietzengraben,3100101,2018,2,16,2,3,5,3,0,1,1,0,0,0,0,0,800111,5111,5840245,248
197820,11,4,4030725,Amtsgerichtsplatz,4300416,2018,2,16,2,3,5,7,0,1,1,0,0,0,0,0,791623,3701,5826463,634
197821,11,1,1011304,Karl-Marx-Allee,1100311,2018,2,17,4,3,5,3,1,0,1,0,0,0,0,1,799880,5603,5827501,447
197822,11,3,3020307,Buchholz,3200308,2018,2,15,2,3,6,4,0,0,1,1,0,0,0,0,799243,1721,5837657,134
197823,11,4,4051655,Babelsberger Stra�e,4501153,2018,2,16,3,2,5,2,0,1,1,0,0,0,0,2,794192,3679,5823115,527
197824,11,1,1033101,Soldiner Stra�e                                                                                     ,1300731,2018,2,19,2,2,0,1,2,0,0,0,1,0,0,2,796937,1512,5832532,331
197825,11,7,7060603,Marienfelde Nordost,7601238,2018,2,15,2,3,5,2,0,1,1,0,0,0,0,0,798093,309,5817039,404
197826,11,9,9020601,Schnellerstra�e                                                                                     ,9200613,2018,2,22,1,3,1,7,2,0,1,0,0,0,0,1,806579,3766,5821616,14
197827,11,4,4031032,Halensee,4500938,2018,2,12,2,3,5,3,0,0,1,0,0,0,0,0,791627,476,5824506,308
197828,11,6,6020303,Lankwitz Kirche                                                                                     ,6200313,2018,2,14,2,3,6,4,0,1,0,1,0,0,0,0,795228,4393,5818687,319
197829,11,7,7040404,Marienh�he,7400826,2018,2,11,2,3,0,3,0,1,0,0,0,0,1,0,796519,7729,5819859,773
197830,11,4,4051653,Prager Platz,4501152,2018,2,7,4,3,5,2,0,0,1,0,0,0,0,1,793970,3742,5824712,307
197831,11,12,12301203,Wittenau S�d                                                                                        ,12500926,2018,2,15,2,2,5,2,0,1,0,0,0,1,0,0,793009,1334,5835695,25
197832,11,4,4041137,Flinsberger Platz,4400727,2018,2,8,3,3,6,4,0,0,1,1,0,0,0,1,791212,5305,5823631,661
197833,11,9,9020802,K�llnische Vorstadt                                                                                 ,9200819,2018,2,21,1,3,9,1,2,0,1,0,0,0,0,1,810048,9875,5819426,526
197834,11,6,6020409,K�nigsberger Stra�e                                                                                 ,6200421,2018,2,15,4,3,3,6,0,0,1,0,0,0,1,0,793775,4848,5817589,699
197835,11,6,6030607,Goerzwerke,6300631,2018,2,15,2,3,2,6,0,0,1,0,0,0,0,0,790634,4632,5815230,139
197836,11,7,7040402,Lindenhofsiedlung,7400822,2018,2,11,3,3,5,3,0,1,1,0,0,0,0,0,796608,6909,5821154,31
197837,11,9,9020502,Obersch�neweide Ost,9200512,2018,2,21,1,3,5,2,2,0,1,0,0,0,1,0,809389,9627,5821483,2
197838,11,4,4041134,Bismarckallee,4400726,2018,2,14,2,2,5,3,0,0,1,0,0,0,0,0,790854,5723,5823647,353
197839,11,8,8030830,Gropiusstadt S�d,8300935,2018,2,14,2,3,0,7,0,0,1,0,0,0,0,0,802270,6815,5817831,629
197840,11,1,1044101,Rehberge,1400937,2018,2,20,1,3,5,3,2,0,1,0,0,0,0,1,794243,9902,5831425,921
197841,11,7,7040405,Rathaus Tempelhof,7400927,2018,2,13,2,3,5,3,0,0,1,0,0,1,0,0,799072,455,5821704,628
197842,11,7,7040402,Lindenhofsiedlung,7400822,2018,2,12,2,3,2,6,0,0,1,0,0,1,0,0,796539,653,5822580,456
197843,11,1,1022106,Elberfelder Stra�e                                                                                  ,1200522,2018,2,11,2,3,6,4,0,0,0,1,0,1,0,0,794480,6082,5828352,264
197844,11,6,6010205,S�dende,6100205,2018,2,10,4,3,5,7,0,0,1,0,0,0,0,0,796182,2709,5819598,835
197845,11,2,2030401,Reichenberger Stra�e,2300418,2018,2,15,2,3,5,3,0,1,1,0,0,0,0,0,801410,741,5825303,2
197846,11,9,9051702,B�lschestra�e,9501737,2018,2,10,2,2,6,4,0,0,1,1,0,0,0,0,814202,6249,5821324,171
197847,11,1,1011303,Alexanderplatzviertel,1100310,2018,2,6,3,3,5,2,0,0,1,0,0,0,1,2,799238,9303,5828468,114
197848,11,1,1022106,Elberfelder Stra�e                                                                                  ,1200522,2018,2,17,1,3,5,2,2,0,1,0,1,0,0,1,793684,4844,5828112,196
197849,11,8,8010214,Glasower Stra�e,8100209,2018,2,10,2,3,5,2,0,0,1,0,0,0,0,0,801751,3014,5822053,404
197850,11,2,2020204,Urbanstra�e,2200210,2018,2,10,2,3,5,3,0,1,1,0,0,0,0,1,799003,4867,5825343,557
197851,11,2,2010104,Wassertorplatz,2100106,2018,2,14,1,3,0,1,0,1,0,0,0,0,0,1,799791,517,5825718,286
197852,11,10,10010310,Alt-Marzahn,10100313,2018,2,8,2,3,2,6,0,0,1,0,0,0,0,0,809255,412,5831412,68
197853,11,8,8010301,Reuterkiez,8100311,2018,2,21,4,3,5,3,2,0,1,0,0,0,0,1,800548,5137,5824780,226
197854,11,6,6010205,S�dende,6100205,2018,2,6,2,3,5,2,2,0,1,0,0,0,1,1,795338,8894,5819980,391
197855,11,5,5020625,Borkumer Stra�e                                                                                     ,5200629,2018,2,6,2,3,5,2,2,1,1,0,0,0,0,1,784666,818,5828463,934
197856,11,8,8010508,Wei�e Siedlung,8100520,2018,2,6,2,3,6,2,2,0,1,1,0,0,0,1,803180,8171,5822713,716
197857,11,10,10040933,Mahlsdorf S�d                                                                                       ,10400941,2018,2,12,1,3,5,3,0,0,1,0,0,0,0,0,812984,2714,5824208,353
197858,11,2,2010102,Mehringplatz,2100102,2018,2,6,2,3,2,1,2,0,1,0,0,0,0,2,798108,8944,5825501,953
197859,11,12,12214424,Scharnweberstra�e                                                                                   ,12200411,2018,2,12,5,3,5,2,0,1,1,0,0,0,0,0,793181,4888,5832322,732
197860,11,1,1022207,Hansaviertel,1200629,2018,2,7,6,3,5,3,1,1,1,0,0,0,0,1,794497,1827,5827802,117
197861,11,6,6020409,K�nigsberger Stra�e                                                                                 ,6200421,2018,2,3,2,3,5,3,2,0,1,0,0,1,0,1,793232,7855,5817261,297
197862,11,11,11010205,Falkenberg West,11100204,2018,2,14,4,2,6,4,0,0,0,1,0,0,1,0,806148,8384,5833816,434
197863,11,6,6010205,S�dende,6100205,2018,2,18,2,1,6,4,2,0,0,1,0,0,1,0,795165,5445,5820001,901
197864,11,8,8010404,Rixdorf,8100415,2018,2,18,2,3,3,6,2,1,1,0,0,0,0,1,801595,7153,5823798,447
197865,11,10,10020517,Adele-Sandrock-Stra�e                                                                               ,10200524,2018,2,11,1,2,6,4,0,0,1,1,0,0,0,1,813269,5521,5830953,773
197866,11,7,7040405,Rathaus Tempelhof,7400927,2018,2,22,1,3,5,3,2,0,1,0,0,0,0,1,798015,7469,5821025,79
197867,11,11,11030720,Herzbergstra�e,11300721,2018,2,18,1,3,0,3,2,0,0,0,1,0,1,1,805202,6834,5828754,951
197868,11,11,11030720,Herzbergstra�e,11300721,2018,2,17,4,3,1,5,2,0,1,0,0,1,0,0,804561,129,5828698,379
197869,11,3,3020307,Buchholz,3200308,2018,2,17,1,3,6,2,2,0,1,1,0,0,0,1,799258,414,5837640,174
197870,11,3,3040513,Sch�nholz,3400620,2018,2,14,3,3,6,4,0,0,1,1,0,0,0,0,798045,5941,5833593,267
197871,11,1,2010101,Askanischer Platz,2100101,2018,2,16,1,3,2,6,2,0,1,0,0,0,0,1,797586,6656,5826501,381
197872,11,4,4041241,Breite Stra�e,4400832,2018,2,16,3,3,6,7,0,1,0,1,0,0,0,0,791561,1004,5822222,953
197873,11,12,12304314,Ziekowstra�e/Freie Scholle,12500824,2018,2,16,1,3,2,6,1,0,1,0,0,0,0,1,791294,9391,5836465,616
197874,11,1,1011306,Heine-Viertel Ost,1100313,2018,2,16,2,3,3,6,1,0,1,0,1,0,0,0,800379,3347,5826748,49
197875,11,8,8010404,Rixdorf,8100415,2018,2,3,1,3,2,7,2,0,1,0,0,0,1,1,801664,9642,5823749,101
197876,11,5,5010101,Hakenfelde Nord,5100104,2018,2,14,1,3,0,7,0,0,1,0,0,0,0,0,785188,4462,5831147,714
197877,11,6,6020409,K�nigsberger Stra�e                                                                                 ,6200421,2018,2,14,1,2,0,1,0,0,1,1,0,0,0,0,793242,5088,5816854,338
197878,11,4,4041344,R�desheimer Platz,4400835,2018,2,17,2,2,5,3,1,0,1,0,0,0,0,1,793379,7,5821960,236
197879,11,4,4030623,Ernst-Reuter-Platz,4300622,2018,2,17,4,3,5,2,1,0,1,0,0,0,1,0,793511,9938,5826481,816
197880,11,4,4041344,R�desheimer Platz,4400835,2018,2,13,1,3,6,2,0,0,1,1,0,0,0,0,792805,5317,5821859,2
197881,11,12,12304314,Ziekowstra�e/Freie Scholle,12500824,2018,2,15,3,2,2,6,0,0,1,0,0,0,0,0,790205,4279,5835860,456
197882,11,10,10040931,Mahlsdorf Nord                                                                                      ,10400938,2018,2,22,7,3,9,1,2,0,1,0,0,0,0,1,812899,928,5828290,349
197883,11,4,4051654,Wilhelmsaue,4501150,2018,2,9,1,3,5,2,0,1,1,0,0,0,0,0,793455,2291,5823943,215
197884,11,5,5020521,D�beritzer Weg,5200524,2018,2,20,7,3,5,3,2,0,1,0,0,0,0,0,780013,7124,5827865,468
197885,11,2,2020204,Urbanstra�e,2200210,2018,2,1,1,3,5,3,2,0,1,0,0,0,0,0,798789,754,5824945,822
197886,11,3,3071639,B�tzowstra�e,3701660,2018,2,19,7,3,6,2,2,0,1,1,0,0,0,1,800477,3822,5829086,672
197887,11,2,2020206,Graefekiez,2200213,2018,2,18,7,3,6,4,2,1,0,1,0,0,0,0,799673,1957,5824852,736
197888,11,11,11030720,Herzbergstra�e,11300721,2018,2,11,7,3,5,7,0,0,1,0,0,0,0,0,804977,826,5829610,163
197889,11,1,1011104,K�rnerstra�e                                                                                        ,1100104,2018,2,14,4,3,6,2,0,0,0,1,0,1,0,0,796077,3106,5825576,569
197890,11,2,2040502,Friedenstra�e,2400521,2018,2,11,7,3,5,2,0,0,1,0,0,0,0,0,801248,5731,5827824,566
197891,11,5,5040937,Kladower Damm,5400944,2018,2,8,3,2,6,6,0,0,1,1,0,0,0,0,781602,2498,5819456,925
197892,11,1,1011203,Unter den Linden S�d,1100206,2018,2,12,7,3,5,5,0,1,1,0,0,0,0,1,797484,1397,5827277,894
197893,11,7,7070701,Kettinger Stra�e/Schillerstra�e                                                                     ,7601442,2018,2,13,7,3,2,6,0,0,1,0,0,0,0,0,799239,879,5816242,168
197894,11,2,2020206,Graefekiez,2200212,2018,2,16,7,2,2,7,1,0,1,0,0,0,0,0,799912,5443,5824470,169
197895,11,9,9010101,Elsenstra�e                                                                                         ,9100101,2018,2,9,6,3,5,2,0,1,0,0,0,1,0,0,802342,4575,5824747,594
197896,11,5,5030832,Rohrdamm,5300839,2018,2,17,7,2,1,5,1,0,1,0,1,0,0,0,788877,2489,5830135,357
197897,11,4,4030828,Savignyplatz,4300624,2018,2,10,4,3,2,6,0,0,1,0,0,0,1,1,793263,1363,5826123,88
197898,11,9,9031101,Gr�nau,9301126,2018,2,18,7,3,2,6,2,0,1,0,0,0,0,1,811054,8482,5818036,907
197899,11,1,1011204,Leipziger Stra�e                                                                                    ,1100207,2018,2,18,7,3,5,2,2,1,1,0,0,0,0,0,798616,2254,5827001,398
197900,11,8,8010118,Silbersteinstra�e,8100104,2018,2,8,4,3,2,6,0,0,1,0,0,0,0,1,800916,5059,5822365,203
197901,11,5,5010339,Freiheit,5100317,2018,2,18,7,3,2,6,2,0,1,0,0,0,0,0,787965,155,5827901,696
197902,11,10,10040931,Mahlsdorf Nord                                                                                      ,10400938,2018,2,7,3,3,5,3,0,0,1,0,0,0,0,1,813155,6548,5828806,932
197903,11,2,2030301,Oranienplatz,2300314,2018,2,16,6,3,1,5,0,1,1,0,0,0,0,0,799862,7167,5825851,659
197904,11,3,3071638,Winsstra�e,3701658,2018,2,20,6,3,0,7,1,1,1,0,0,0,0,1,800283,2846,5829804,818
197905,11,5,5010204,Griesingerstra�e                                                                                    ,5100206,2018,2,15,6,3,5,3,0,0,1,0,0,0,0,0,781769,9273,5831530,959
197906,11,11,11030721,R�digerstra�e,11300724,2018,2,22,5,2,5,3,2,1,1,0,0,0,0,1,804606,9609,5827499,79
197907,11,6,6020302,Komponistenviertel Lankwitz,6200312,2018,2,18,6,3,5,3,2,0,1,0,0,0,0,1,795155,7137,5818820,271
197908,11,8,8010303,Donaustra�e,8100314,2018,2,13,6,3,5,2,0,0,0,0,1,0,1,0,800858,756,5824011,63
197909,11,3,3071537,Kollwitzplatz,3701556,2018,2,14,3,3,6,4,0,0,1,1,0,0,0,1,799778,7468,5829591,179
197910,11,5,5010312,Kurstra�e                                                                                           ,5100314,2018,2,11,6,3,6,4,0,0,1,1,0,0,0,0,785269,31,5829967,729
197911,11,10,10040830,Kaulsdorf S�d                                                                                       ,10400837,2018,2,16,2,3,5,3,0,0,1,0,0,0,0,0,810516,2791,5824945,24
197912,11,10,10010206,Ringkolonnaden,10100209,2018,2,12,2,3,2,6,0,0,1,0,0,0,0,0,809971,9185,5832039,151
197913,11,8,8010214,Glasower Stra�e,8100209,2018,2,11,6,3,6,4,0,0,1,1,0,0,0,0,801949,5356,5822407,552