OBJECTID,LAND,BEZ,LOR,STRASSE,LOR_ab_2021,UJAHR,UMONAT,USTUNDE,UWOCHENTAG,UKATEGORIE,UART,UTYP1,ULICHTVERH,IstRad,IstPKW,IstFuss,IstKrad,IstGkfz,IstSonstig,STRZUSTAND,LINREFX,LINREFY,XGCSWGS84,YGCSWGS84
197914,11,12,12302110,Dannenwalder Weg,12601235,2018,2,19,2,3,2,6,2,0,1,0,0,0,0,1,795049,4399,5836331,77
197915,11,10,10040933,Mahlsdorf S�d                                                                                       ,10400940,2018,2,10,6,3,5,3,0,0,1,0,0,0,1,0,812390,8067,5824673,282
197916,11,11,11030617,Hohensch�nhausener Stra�e,11300616,2018,2,20,6,3,6,4,2,0,1,1,0,0,0,0,802965,5253,5829821,122
197917,11,7,7040401,Neu-Tempelhof,7400721,2018,2,0,4,3,0,1,2,1,0,0,0,0,0,0,798355,8882,5823947,81
197918,11,10,10010308,Marzahner Chaussee,10100311,2018,2,9,6,3,5,2,0,1,0,0,0,0,1,0,806458,6452,5829889,248
197919,11,7,7010104,Dennewitzplatz,7100205,2018,2,19,6,3,5,3,2,1,1,0,0,0,0,1,796340,7328,5825088,388
197920,11,4,4030827,Karl-August-Platz,4300623,2018,2,15,3,3,6,2,0,0,1,1,0,0,0,1,792716,1959,5826095,195
197921,11,1,1022104,Emdener Stra�e                                                                                      ,1200520,2018,2,19,6,3,5,2,2,1,1,0,0,0,0,1,794563,6239,5828438,649
197922,11,4,4030519,Kaiserin-Augusta-Allee,4300518,2018,2,8,6,3,2,6,0,0,1,0,0,0,1,1,791324,4476,5828733,737
197923,11,8,8010510,Gewerbegebiet K�llnische Heide,8100521,2018,2,16,2,3,2,6,1,0,1,0,0,0,0,0,802444,181,5822614,475
197924,11,10,10030725,Buckower Ring,10300732,2018,2,16,4,3,5,3,0,1,1,0,0,0,0,0,809691,4218,5829701,347
197925,11,2,2010103,Moritzplatz,2100105,2018,2,9,6,3,5,3,0,1,1,0,0,0,0,0,799385,6761,5825908,573
197926,11,11,11020514,Gro�e-Leege-Stra�e,11200513,2018,2,15,5,3,0,2,0,1,0,0,0,0,1,0,803850,9014,5830391,989
197927,11,3,3040512,Wilhelmsruh,3400619,2018,2,10,2,2,1,7,0,0,1,0,0,0,0,1,795686,8514,5835632,959
197928,11,8,8010214,Glasower Stra�e,8100209,2018,2,16,5,3,5,2,0,1,1,0,0,0,0,0,801753,564,5822049,587
197929,11,9,9020502,Obersch�neweide Ost,9200511,2018,2,6,2,2,5,3,0,0,1,0,0,0,0,2,806945,4378,5822301,753
197930,11,10,10030725,Buckower Ring,10300732,2018,2,17,5,3,5,3,1,1,1,0,0,0,0,0,809907,39,5829669,767
197931,11,1,1044203,Leopoldplatz,1401049,2018,2,16,7,3,5,3,0,0,1,0,0,0,0,0,795933,1686,5831391,176
197932,11,7,7020204,Sch�neberger Insel,7200413,2018,2,19,5,3,2,6,2,0,1,0,0,0,0,0,796469,1372,5823547,89
197933,11,3,3050923,Wei�enseer Spitze,3500934,2018,2,14,6,2,6,4,0,0,1,1,0,0,0,0,800707,1751,5831946,745
197934,11,3,3050923,Wei�enseer Spitze,3500934,2018,2,16,4,3,1,6,0,0,1,0,0,0,0,0,800366,3122,5831670,528
197935,11,1,1011302,Oranienburger Stra�e                                                                                ,1100309,2018,2,14,4,3,5,7,0,0,1,0,0,0,1,0,797877,9096,5828530,64
197936,11,4,4030622,Richard-Wagner-Stra�e,4300621,2018,2,8,4,3,2,6,0,1,0,0,0,0,0,0,792180,5374,5827025,72
197937,11,6,6020410,Oberhofer Platz,6200422,2018,2,8,2,3,5,3,0,1,1,0,0,0,0,2,794571,4754,5817030,267
197938,11,12,12103218,Teichstra�e,12100205,2018,2,15,4,3,5,2,0,0,1,0,0,0,0,0,794542,2357,5833150,372
197939,11,10,10010308,Marzahner Chaussee,10100311,2018,2,12,7,2,5,2,0,0,1,0,0,0,1,0,806703,1825,5829146,22
197940,11,2,2050602,Samariterviertel,2500727,2018,2,14,4,3,5,2,0,1,1,0,0,0,0,0,802041,2099,5828020,207
197941,11,10,10020415,Hellersdorfer Promenade,10200422,2018,2,16,4,3,6,4,0,0,1,1,0,0,0,0,812168,8534,5831020,34
197942,11,8,8010404,Rixdorf,8100415,2018,2,22,4,2,6,4,2,0,1,1,0,0,0,0,801725,816,5823688,417
197943,11,9,9031202,Schm�ckwitz/Rauchfangswerder,9301228,2018,2,17,7,3,8,1,1,0,1,0,0,0,0,0,815953,818,5813157,985
197944,11,2,2020206,Graefekiez,2200212,2018,2,19,4,3,2,6,2,0,1,0,0,0,0,0,799434,9616,5824528,67
197945,11,1,1011204,Leipziger Stra�e                                                                                    ,1100207,2018,2,23,6,3,2,6,2,0,1,0,0,0,0,0,797854,7655,5826861,54
197946,11,5,5010314,Carl-Schurz-Stra�e                                                                                  ,5100316,2018,2,19,4,3,2,6,2,0,1,0,0,0,0,0,785259,2961,5829307,686
197947,11,4,4030623,Ernst-Reuter-Platz,4300622,2018,2,13,5,3,5,2,0,1,1,0,0,0,0,0,793680,1855,5826378,253
197948,11,5,5030730,Zitadellenweg,5300736,2018,2,7,4,3,2,6,0,0,1,0,0,0,0,0,786924,9167,5829409,68
197949,11,7,7020202,Volkspark (Rudolf-Wilde-Park),7200308,2018,2,13,3,3,6,2,0,0,1,1,0,0,0,0,794945,467,5823156,48
197950,11,9,9052001,K�penick Nord                                                                                       ,9502043,2018,2,8,4,2,5,3,0,0,1,0,1,0,0,0,809221,2547,5823025,606
197951,11,11,11051229,Rummelsburg,11501238,2018,2,9,4,3,2,6,0,0,1,0,1,0,0,0,804324,77,5825843,13
197952,11,2,2050803,Stralauer Kiez,2500835,2018,2,13,1,3,5,2,0,1,1,0,0,0,0,0,803080,2117,5826030,155
197953,11,8,8040933,Vogelviertel S�d,8401139,2018,2,6,4,3,5,3,1,1,1,0,0,0,0,0,803027,1194,5819381,506
197954,11,1,1044102,Schillerpark,1400939,2018,2,14,6,3,6,2,0,0,1,1,0,0,1,0,794711,8885,5831777,489
197955,11,2,2050602,Samariterviertel,2500727,2018,2,11,4,3,1,5,0,1,0,0,0,1,0,0,802183,6694,5828102,914
197956,11,10,10020517,Adele-Sandrock-Stra�e                                                                               ,10200524,2018,2,12,4,3,6,4,0,0,1,1,0,0,1,0,813436,2315,5830085,577
197957,11,5,5010208,Germersheimer Platz,5100210,2018,2,17,4,3,6,2,1,0,1,1,0,0,0,0,783691,743,5829861,65
197958,11,9,9010101,Elsenstra�e                                                                                         ,9100101,2018,2,7,3,3,1,5,0,1,1,0,0,0,0,0,802026,5134,5824664,93
197959,11,1,1011302,Oranienburger Stra�e                                                                                ,1100309,2018,2,9,4,3,5,2,0,1,1,0,0,0,0,0,798621,424,5828992,3
197960,11,4,4030930,George-Grosz-Platz,4501041,2018,2,15,2,3,6,7,0,0,1,1,0,0,0,0,793133,8405,5825601,707
197961,11,3,3040614,Pankow Zentrum                                                                                      ,3400725,2018,2,17,4,3,0,7,2,1,0,0,0,0,0,0,798864,569,5834867,804
197962,11,1,1011305,Heine-Viertel West,1100312,2018,2,15,3,3,5,2,0,1,1,0,0,0,0,0,798859,618,5826649,156
197963,11,1,1011305,Heine-Viertel West,1100312,2018,2,16,4,3,6,4,0,1,0,1,0,0,0,0,799016,4491,5827062,15
197964,11,10,10020517,Adele-Sandrock-Stra�e                                                                               ,10200524,2018,2,16,4,2,6,4,0,0,1,1,0,0,0,0,813243,7972,5831047,17
197965,11,7,7020201,Bayerischer Platz,7200307,2018,2,14,1,2,0,7,0,0,1,0,0,0,0,0,794935,8147,5824320,672
197966,11,2,2050801,Traveplatz,2500832,2018,2,14,4,3,2,6,0,1,0,0,0,0,0,0,803296,5792,5826762,44
197967,11,7,7010104,Dennewitzplatz,7100205,2018,2,13,6,3,6,7,0,0,1,1,0,0,0,0,796297,9453,5824918,963
197968,11,8,8010214,Glasower Stra�e,8100209,2018,2,14,4,3,2,6,0,1,1,0,0,0,0,0,801569,6322,5822303,204
197969,11,8,8020625,Handwerker-Siedlung,8200730,2018,2,12,3,3,0,2,0,0,0,0,0,0,1,0,802266,152,5818950,596
197970,11,5,5010339,Freiheit,5100317,2018,2,14,4,3,6,2,0,0,1,1,0,0,0,0,787067,8795,5828157,236
197971,11,11,11040925,Victoriastadt,11400927,2018,2,14,2,3,2,6,0,0,1,0,0,0,0,0,803513,2316,5826456,946
197972,11,1,1011203,Unter den Linden S�d,1100206,2018,2,14,4,3,2,7,0,0,1,0,0,0,0,0,797763,4679,5827448,472
197973,11,10,10030727,Biesdorf S�d                                                                                        ,10300734,2018,2,15,7,3,2,6,0,0,1,0,0,0,0,0,809582,4655,5824721,766
197974,11,8,8010404,Rixdorf,8100415,2018,2,13,4,3,2,6,0,0,1,0,0,0,0,0,801997,2926,5823494,307
197975,11,4,4010101,Jungfernheide,4100101,2018,2,15,1,3,5,3,0,0,1,0,0,0,0,0,790184,5995,5829813,996
197976,11,7,7030301,Friedenau,7300517,2018,2,11,4,2,5,3,0,1,1,0,0,0,0,0,794203,5852,5822747,64
197977,11,6,6040810,Dahlem,6400844,2018,2,10,6,3,2,2,0,0,0,0,0,1,1,0,792367,6337,5820956,54
197978,11,4,4010102,Pl�tzensee,4100101,2018,2,5,4,3,2,2,2,0,1,0,0,0,0,0,792855,956,5830509,484
197979,11,5,5020417,Staakener Stra�e                                                                                    ,5200420,2018,2,15,3,3,2,2,0,0,1,0,0,0,0,0,783417,6282,5828638,56
197980,11,4,4051551,Brabanter Platz,4501148,2018,2,12,5,3,2,2,0,0,1,0,0,0,0,0,792827,5985,5823232,113
197981,11,8,8041035,Blumenviertel,8401241,2018,2,17,2,3,5,3,1,1,1,0,0,0,0,0,804356,3043,5818319,574
197982,11,6,6010209,Feuerbachstra�e                                                                                     ,6100209,2018,2,20,3,3,5,2,2,0,1,0,0,0,0,0,794768,1005,5820917,511
197983,11,2,2020202,Rathaus Yorckstra�e,2200208,2018,2,10,2,3,0,6,0,0,1,0,1,0,0,0,797547,635,5825062,796
197984,11,4,4030828,Savignyplatz,4300624,2018,2,14,3,3,0,5,0,0,1,0,0,0,1,0,792946,9101,5826087,875
197985,11,8,8010214,Glasower Stra�e,8100209,2018,2,16,7,3,5,5,0,0,1,0,0,0,0,0,801817,2502,5821957,557
197986,11,2,2010102,Mehringplatz,2100102,2018,2,22,6,2,2,6,2,0,1,0,0,0,0,0,798439,914,5826523,757
197987,11,1,1011102,Gro�er Tiergarten,1100102,2018,2,11,5,3,5,3,0,0,1,0,0,0,0,0,795167,843,5827098,5
197988,11,7,7030303,Grazer Platz,7300619,2018,2,13,3,3,5,2,0,1,0,0,0,0,1,0,796191,4301,5822784,925
197989,11,8,8010117,Schillerpromenade,8100103,2018,2,18,3,3,2,6,2,0,1,0,0,0,0,0,800687,9407,5822947,891
197990,11,11,11030721,R�digerstra�e,11300722,2018,2,14,3,3,5,3,0,0,1,0,0,0,0,0,804261,4109,5828605,551
197991,11,3,3061228,Erich-Weinert-Stra�e,3601245,2018,2,17,6,3,5,3,2,0,1,0,0,0,0,0,800305,1604,5831588,836
197992,11,8,8010212,Rollberg,8100207,2018,2,15,3,3,2,6,0,0,1,0,0,0,0,0,800613,7655,5823398,531
197993,11,6,6030610,Lichterfelde West                                                                                   ,6300634,2018,2,1,6,3,2,7,2,0,1,0,0,0,0,0,791940,5969,5819047,277
197994,11,5,5020524,Weinmeisterhornweg,5200528,2018,2,16,4,3,0,6,0,0,1,0,0,0,1,0,783638,702,5825870,377
197995,11,6,6030504,Teltower Damm,6300528,2018,2,21,3,3,6,4,2,0,1,1,0,0,0,0,790088,2765,5815771,9
197996,11,2,2050803,Stralauer Kiez,2500835,2018,2,18,3,3,0,6,2,0,1,0,0,0,1,0,803111,118,5826127,667
197997,11,5,5020626,Adamstra�e                                                                                          ,5200630,2018,2,9,2,3,1,5,0,1,1,0,0,0,0,0,784511,2641,5827117,425
197998,11,5,5010206,G�tersloher Weg,5100208,2018,2,18,3,3,1,5,2,0,1,0,0,0,1,0,781988,8554,5830588,438
197999,11,2,2040503,Richard-Sorge-Viertel,2400522,2018,2,13,7,3,2,2,0,0,1,0,0,0,0,0,801315,885,5828683,632
198000,11,1,1022207,Hansaviertel,1200629,2018,2,17,3,3,5,5,1,0,1,0,1,0,0,0,794853,1302,5827787,841
198001,11,12,12301203,Wittenau S�d                                                                                        ,12500926,2018,2,14,5,3,5,2,0,1,1,0,0,0,0,0,793413,891,5836084,821
198002,11,4,4030620,Alt-Lietzow,4300619,2018,2,17,3,3,6,4,1,0,0,1,1,0,0,0,792340,8408,5827412,617
198003,11,6,6030503,Zehlendorf Mitte                                                                                    ,6300526,2018,2,16,3,3,5,3,0,0,1,0,0,0,0,0,788970,4184,5817726,994
198004,11,1,1011402,Arkonaplatz,1100416,2018,2,18,3,3,5,3,2,1,1,0,0,0,0,0,798287,1562,5830079,42
198005,11,9,9020802,K�llnische Vorstadt                                                                                 ,9200819,2018,2,13,3,2,6,4,0,0,0,1,0,0,1,0,810429,9001,5820336,885
198006,11,1,1011302,Oranienburger Stra�e                                                                                ,1100310,2018,2,11,3,3,2,6,0,0,1,0,0,0,0,0,799073,2287,5828999,35
198007,11,6,6040703,Nikolassee,6400737,2018,2,12,1,3,5,3,0,0,1,0,0,0,0,0,785886,5932,5817772,64
198008,11,12,12301203,Wittenau S�d                                                                                        ,12500926,2018,2,10,3,3,2,6,0,0,1,0,0,0,0,0,792967,1066,5835551,673
198009,11,2,2010103,Moritzplatz,2100104,2018,2,0,3,2,5,3,2,1,1,0,0,0,0,0,799281,2641,5826219,832
198010,11,5,5010103,Amorbacher Weg,5100105,2018,2,7,2,3,5,3,0,0,1,0,0,0,1,1,784276,2798,5831383,631
198011,11,4,4041135,Hundekehle,4400729,2018,2,2,3,3,2,6,2,0,1,0,0,0,0,0,790556,1806,5821887,409
198012,11,4,4030827,Karl-August-Platz,4300623,2018,2,9,7,2,0,7,0,1,0,0,0,0,0,0,792256,9036,5826004,443
198013,11,11,11020513,Orankesee,11200512,2018,2,6,3,3,2,6,1,0,1,0,0,0,1,0,803320,8714,5830097,61
198014,11,10,10010309,Springpfuhl,10100312,2018,2,7,3,2,6,7,0,0,1,1,0,0,0,0,808196,6516,5829256,917
198015,11,10,10040830,Kaulsdorf S�d                                                                                       ,10400837,2018,2,8,3,3,5,3,0,1,1,0,0,0,0,0,810863,59,5826875,804
198016,11,6,6030609,Augustaplatz,6300633,2018,2,14,3,3,5,2,0,1,1,0,0,0,0,0,793263,557,5819084,257
198017,11,2,2010101,Askanischer Platz,2100101,2018,2,9,3,3,5,3,0,1,1,0,0,0,0,0,797383,5916,5825854,735
198018,11,2,2020204,Urbanstra�e,2200210,2018,2,10,3,3,5,2,0,1,1,0,0,0,0,0,798045,2033,5824879,783
198019,11,8,8010301,Reuterkiez,8100311,2018,2,19,1,3,6,4,2,0,1,1,0,0,0,0,800771,329,5824364,908
198020,11,9,9010301,Baumschulenstra�e,9100304,2018,2,9,5,3,2,6,0,0,1,0,0,0,0,0,804336,6216,5821652,915
198021,11,8,8010118,Silbersteinstra�e,8100105,2018,2,19,6,3,2,6,2,0,1,0,0,0,0,0,801072,2483,5821992,93
198022,11,4,4030930,George-Grosz-Platz,4501041,2018,2,12,3,3,5,2,0,0,1,0,0,0,0,0,792837,3276,5825500,316
198023,11,11,11030619,Fennpfuhl Ost,11300620,2018,2,11,6,3,2,6,0,0,1,0,0,0,0,0,804211,8711,5829097,577
198024,11,10,10010102,Havemannstra�e                                                                                      ,10100102,2018,2,19,2,3,0,5,2,0,1,0,0,0,1,0,809818,778,5834146,938
198025,11,1,1044101,Rehberge,1400937,2018,2,15,6,3,5,2,0,0,1,0,0,0,0,0,793965,8206,5832015,82
198026,11,1,1011303,Alexanderplatzviertel,1100310,2018,2,2,2,2,9,1,2,0,1,1,0,0,0,0,799501,792,5828137,331
198027,11,11,11020515,Landsberger Allee,11200514,2018,2,20,2,3,6,7,2,0,1,1,0,0,0,0,805129,4405,5830026,475
198028,11,2,2010103,Moritzplatz,2100104,2018,2,20,2,3,5,3,2,1,1,0,0,0,0,0,799281,7464,5826219,656
198029,11,8,8030829,Gropiusstadt Nord,8300934,2018,2,9,3,3,6,4,0,0,1,1,0,0,0,0,803508,3936,5818192,684
198030,11,3,3040614,Pankow Zentrum                                                                                      ,3400725,2018,2,17,2,2,2,6,1,1,1,0,0,0,0,0,798681,9195,5834909,426
198031,11,6,6020409,K�nigsberger Stra�e                                                                                 ,6200421,2018,2,14,2,3,4,1,0,0,1,0,0,0,0,0,793521,3841,5817197,404
198032,11,4,4030931,Breitscheidplatz,4501042,2018,2,18,2,3,3,6,2,1,1,0,0,0,0,0,794234,9317,5825969,125
198033,11,2,2020206,Graefekiez,2200213,2018,2,2,1,3,5,7,2,0,1,0,0,0,0,1,799980,923,5824732,58
198034,11,3,3071537,Kollwitzplatz,3701556,2018,2,16,5,3,0,2,0,1,1,0,0,0,0,0,799744,625,5829358,478
198035,11,3,3030405,Karow Nord                                                                                          ,3300411,2018,2,17,2,3,2,7,1,0,1,0,0,0,1,0,803545,8302,5839599,494
198036,11,6,6040810,Dahlem,6400844,2018,2,3,6,3,5,3,2,0,1,0,0,0,0,0,792668,975,5821776,962
198037,11,5,5020417,Staakener Stra�e                                                                                    ,5200420,2018,2,21,4,3,0,1,2,0,1,0,0,0,0,0,781885,1369,5829144,553
198038,11,4,4010103,Paul-Hertz-Siedlung,4100102,2018,2,16,2,3,2,6,0,0,1,0,0,1,0,0,791325,9521,5829214,588
198039,11,12,12304314,Ziekowstra�e/Freie Scholle,12500824,2018,2,14,5,3,2,2,0,0,1,0,0,0,0,0,790945,196,5836172,22
198040,11,1,1044101,Rehberge,1400938,2018,2,16,2,3,2,6,0,0,1,0,0,0,0,0,793938,9032,5830104,9
198041,11,1,1011303,Alexanderplatzviertel,1100310,2018,2,8,2,3,1,5,0,1,1,0,0,0,0,0,799133,6827,5828551,19
198042,11,1,1033201,Brunnenstra�e                                                                                       ,1300834,2018,2,23,5,2,5,2,2,0,1,0,0,0,0,0,798080,6267,5829993,696
198043,11,2,2020203,Viktoriapark,2200208,2018,2,14,2,3,5,3,0,1,0,0,0,0,1,0,797804,931,5824909,685
198044,11,4,4030931,Breitscheidplatz,4501042,2018,2,21,7,3,0,1,2,0,0,0,1,0,0,0,793528,4739,5825909,191
198045,11,1,1022204,Thomasiusstra�e                                                                                     ,1200626,2018,2,9,2,3,3,6,0,0,1,0,0,0,0,0,795141,5673,5828263,9
198046,11,1,1044201,Reinickendorfer Stra�e                                                                              ,1401043,2018,2,14,2,3,5,2,0,1,1,0,0,0,0,0,795681,1,5830935,6
198047,11,3,3061434,Anton-Saefkow-Park,3601451,2018,2,6,2,3,5,3,2,0,1,0,0,0,0,1,801321,1262,5829649,433
198048,11,6,6030609,Augustaplatz,6300633,2018,2,14,2,3,6,2,0,0,1,1,0,0,0,0,793263,5473,5819084,328
198049,11,1,1033102,Gesundbrunnen,1300733,2018,2,16,7,3,6,4,0,0,1,1,0,0,0,0,797352,4086,5831202,463
198050,11,7,7020202,Volkspark (Rudolf-Wilde-Park),7200308,2018,2,20,5,3,5,7,2,0,1,0,0,0,0,0,795224,3058,5823517,338
198051,11,1,1033102,Gesundbrunnen,1300733,2018,2,14,2,3,1,5,0,0,1,0,0,0,1,0,797612,94,5831788,392
198052,11,10,10010102,Havemannstra�e                                                                                      ,10100103,2018,2,13,6,3,6,4,0,0,1,1,0,0,0,0,809725,3178,5833730,976
198053,11,5,5030833,Motardstra�e                                                                                        ,5300840,2018,2,16,4,3,5,7,0,0,1,0,0,0,0,0,789202,3075,5829285,452
198054,11,12,12214527,Alt-Tegel,12200515,2018,2,14,2,3,5,3,0,0,1,0,0,0,0,0,789892,3449,5834748,24
198055,11,10,10010203,Gewerbegebiet Bitterfelder Stra�e                                                                   ,10100205,2018,2,14,2,2,5,3,0,1,1,0,0,0,0,0,808292,8654,5832807,906
198056,11,4,4020313,K�nigin-Elisabeth-Stra�e,4200311,2018,2,8,2,3,2,6,0,0,1,0,0,0,0,2,790590,9394,5826702,95
198057,11,5,5020626,Adamstra�e                                                                                          ,5200630,2018,2,7,5,3,6,2,0,0,1,1,0,0,0,0,784545,1338,5828017,309
198058,11,2,2050802,Boxhagener Platz,2500833,2018,2,10,2,3,5,3,0,0,1,0,0,0,0,0,802760,9849,5827129,541
198059,11,1,1033203,Humboldthain Nordwest                                                                               ,1300836,2018,2,13,7,3,1,5,0,1,1,0,0,0,0,0,796576,2927,5830887,573
198060,11,4,4051550,Leon-Jessel-Platz,4501147,2018,2,9,2,3,5,5,0,1,1,0,0,0,0,0,793015,5561,5824347,768
198061,11,12,12304313,Borsigwalde,12500825,2018,2,9,5,3,6,7,0,0,1,1,0,0,0,0,791908,7137,5834092,363
198062,11,3,3050923,Wei�enseer Spitze,3500934,2018,2,7,2,3,6,7,0,0,1,1,0,0,0,0,800644,5064,5831839,966
198063,11,8,8020620,Tempelhofer Weg,8200624,2018,2,6,2,3,6,2,2,0,1,1,0,0,0,0,801013,8193,5821492,821
198064,11,7,7040403,Manteuffelstra�e                                                                                    ,7400823,2018,2,16,3,3,6,4,0,0,1,1,0,0,0,0,797225,4102,5821223,864
198065,11,6,6010209,Feuerbachstra�e                                                                                     ,6100209,2018,2,20,2,3,1,5,2,1,1,0,0,0,0,0,794500,8923,5821451,78
198066,11,11,11030721,R�digerstra�e,11300722,2018,2,14,2,2,5,3,0,1,1,0,0,0,0,0,803447,9878,5828360,392
198067,11,6,6020409,K�nigsberger Stra�e                                                                                 ,6200421,2018,2,16,2,2,5,3,0,1,1,0,0,0,0,0,793824,1955,5817784,161
198068,11,3,3050923,Wei�enseer Spitze,3500934,2018,2,15,3,3,5,3,0,0,1,0,0,0,0,0,800726,4541,5831667,57
198069,11,9,9010301,Baumschulenstra�e,9100304,2018,2,18,2,2,5,2,2,0,1,0,1,0,0,0,804751,1768,5822290,82
198070,11,2,2010104,Wassertorplatz,2100106,2018,2,10,2,1,6,2,0,0,0,1,0,1,0,0,799881,673,5825710,802
198071,11,6,6040703,Nikolassee,6400737,2018,2,1,1,2,1,5,2,1,1,0,0,0,0,1,786550,7113,5817576,966
198072,11,12,12224230,Heiligensee,12400617,2018,2,8,5,3,5,3,0,1,1,0,0,0,0,0,785681,4385,5838024,787
198073,11,5,5010339,Freiheit,5100317,2018,2,2,1,3,6,4,2,0,1,1,0,0,0,0,786057,729,5828491,723
198074,11,2,2030302,Lausitzer Platz,2300315,2018,2,0,7,3,0,1,2,1,0,0,0,0,0,0,800432,602,5825770,445
198075,11,8,8020619,Buschkrugallee Nord,8200622,2018,2,20,1,3,1,5,2,0,1,0,0,0,0,0,801246,4181,5821589,473
198076,11,3,3061126,Arnimplatz,3601141,2018,2,18,1,3,2,6,2,0,1,0,0,0,0,0,799238,463,5831771,993
198077,11,11,11040926,Weitlingstra�e,11400931,2018,2,16,1,2,6,4,1,0,1,1,0,0,0,0,806137,9819,5827281,604
198078,11,8,8020727,Buckow Mitte,8200832,2018,2,5,3,2,5,3,2,0,1,0,1,0,1,0,801389,8267,5817508,283
198079,11,3,3030406,Alt-Karow,3300412,2018,2,15,1,3,6,4,0,0,1,1,0,0,0,0,802542,6468,5838746,902
198080,11,5,5010314,Carl-Schurz-Stra�e                                                                                  ,5100316,2018,2,15,2,3,2,6,0,0,1,0,0,0,1,0,784423,3643,5828892,219
198081,11,6,6020411,Sch�tte-Lanz-Stra�e                                                                                 ,6200423,2018,2,9,1,2,5,3,0,1,1,0,0,0,0,0,794753,898,5815618,55
198082,11,1,1011301,Charit�viertel,1100308,2018,2,16,1,3,2,6,0,0,1,0,0,0,0,0,797606,2711,5828388,654
198083,11,2,2020205,Chamissokiez,2200211,2018,2,8,1,3,6,7,0,0,0,1,0,0,1,0,798755,3247,5823991,272
198084,11,4,4030519,Kaiserin-Augusta-Allee,4300518,2018,2,13,1,2,5,2,0,0,1,0,0,0,0,0,792061,3003,5828235,179
198085,11,3,3040818,Pankow S�d                                                                                          ,3400828,2018,2,8,5,3,5,3,0,0,1,0,0,0,0,0,799708,6612,5832506,182
198086,11,2,2050801,Traveplatz,2500831,2018,2,6,1,3,5,3,2,0,1,0,0,0,1,0,803117,725,5827109,68
198087,11,1,1033202,Humboldthain S�d,1300835,2018,2,6,6,3,0,2,2,0,1,0,1,0,0,0,797408,1172,5830525,524
198088,11,3,3020307,Buchholz,3200310,2018,2,2,1,3,0,1,2,1,0,0,0,0,0,0,799574,8644,5837789,187
198089,11,1,1011203,Unter den Linden S�d,1100206,2018,2,5,1,3,5,3,2,0,1,0,0,0,0,0,797949,7656,5827078,719
198090,11,11,11010310,M�hlengrund,11100309,2018,2,10,3,3,6,4,0,0,1,1,0,0,0,0,805445,1351,5833340,76
198091,11,8,8010404,Rixdorf,8100415,2018,2,20,7,3,6,7,2,0,1,1,0,0,0,0,801206,1462,5823701,651
198092,11,6,6030609,Augustaplatz,6300633,2018,2,12,2,3,5,3,0,0,1,0,0,0,0,0,792381,2404,5818486,4
198093,11,7,7040403,Manteuffelstra�e                                                                                    ,7400825,2018,2,0,7,3,2,3,2,0,1,0,0,0,0,0,797810,976,5820777,551
198094,11,8,8020622,Parchimer Allee,8200727,2018,2,13,7,3,2,6,0,0,1,0,0,0,0,0,801375,893,5819353,802
198095,11,3,3051017,Rennbahnstra�e,3501038,2018,2,5,5,3,5,3,2,1,1,0,0,0,0,0,803457,568,5832810,98
198096,11,11,11030619,Fennpfuhl Ost,11300620,2018,2,12,7,2,5,2,0,0,1,0,0,0,0,0,803550,9262,5829753,19
198097,11,1,1033201,Brunnenstra�e                                                                                       ,1300834,2018,2,10,6,2,5,3,0,0,1,0,0,0,0,0,798072,456,5829993,791
198098,11,4,4030828,Savignyplatz,4300624,2018,2,18,4,2,0,5,2,1,1,0,0,0,0,0,793222,5862,5826094,599
198099,11,11,11041022,Rosenfelder Ring,11401032,2018,2,12,7,3,5,3,0,0,1,0,0,0,0,0,806594,6699,5827752,872
198100,11,7,7060604,Marienfelde S�d,7601341,2018,2,6,5,3,0,5,2,0,1,0,0,0,0,0,796331,574,5814525,632
198101,11,1,1011101,St�lerstra�e                                                                                        ,1100101,2018,2,12,7,3,6,6,0,1,0,1,0,0,0,0,794536,6379,5826105,855
198102,11,3,3040614,Pankow Zentrum                                                                                      ,3400724,2018,2,11,6,3,6,4,0,0,0,1,0,0,1,0,799983,5308,5835089,802
198103,11,4,4030929,Hindemithplatz,4501040,2018,2,6,7,3,5,3,1,0,1,0,0,0,0,0,792707,6433,5825465,847
198104,11,7,7030301,Friedenau,7300516,2018,2,16,2,2,5,3,0,1,1,0,0,0,0,0,794143,3633,5822090,575
198105,11,9,9051901,Dammvorstadt,9501941,2018,2,9,7,3,0,1,0,0,0,0,1,0,0,1,812054,6273,5821189,34
198106,11,12,12301204,Wittenau Nord                                                                                       ,12500927,2018,2,11,2,2,2,6,0,0,1,0,0,0,1,0,792829,1733,5836801,749
198107,11,10,10040828,Kaulsdorf Nord                                                                                      ,10400835,2018,2,7,5,3,1,5,0,1,1,0,0,0,1,0,811420,9335,5828080,336