OBJECTID,LAND,BEZ,LOR,STRASSE,LOR_ab_2021,UJAHR,UMONAT,USTUNDE,UWOCHENTAG,UKATEGORIE,UART,UTYP1,ULICHTVERH,IstRad,IstPKW,IstFuss,IstKrad,IstGkfz,IstSonstig,STRZUSTAND,LINREFX,LINREFY,XGCSWGS84,YGCSWGS84
198500,11,4,4030931,Breitscheidplatz,4501042,2018,3,23,4,3,6,4,2,0,1,1,0,0,0,0,794329,7816,5825923,49
198501,11,3,3050920,Wei�er See,3500933,2018,2,14,4,2,6,4,0,0,1,1,0,0,0,0,801851,5468,5831732,304
198502,11,11,11040926,Weitlingstra�e,11400931,2018,2,13,4,3,6,2,0,0,1,1,0,0,0,0,806685,4875,5826904,989
198503,11,3,3061228,Erich-Weinert-Stra�e,3601245,2018,3,21,4,2,1,1,2,0,1,0,0,0,0,1,800314,5759,5830853,412
198504,11,11,11030720,Herzbergstra�e,11300721,2018,2,13,4,3,2,2,0,0,1,0,0,0,0,0,805193,439,5828716,425
198505,11,6,6010205,S�dende,6100205,2018,3,15,2,3,2,6,0,0,1,0,0,0,0,0,795838,7005,5819911,319
198506,11,2,2040701,Andreasviertel,2400623,2018,3,18,4,3,2,6,2,0,1,0,0,0,0,1,800552,7361,5827030,57
198507,11,9,9031001,Bohnsdorf,9301025,2018,3,18,4,2,5,3,2,1,1,0,0,0,0,1,811342,6311,5815638,713
198508,11,3,3020209,Niedersch�nhausen,3200206,2018,2,12,4,3,5,2,0,1,1,0,0,0,0,0,798471,2258,5834861,62
198509,11,4,4041342,Schlangenbader Stra�e,4400833,2018,3,18,4,2,5,2,1,0,1,0,0,0,0,1,792526,423,5822919,654
198510,11,5,5020626,Adamstra�e                                                                                          ,5200631,2018,2,12,4,3,6,2,0,0,1,1,0,0,0,0,784751,5613,5827277,353
198511,11,4,4051652,Nikolsburger Platz,4501149,2018,3,17,4,3,7,7,0,1,0,0,0,0,0,1,793816,2476,5824455,66
198512,11,2,2010101,Askanischer Platz,2100101,2018,2,11,4,3,2,6,0,0,1,0,0,0,1,0,797745,9835,5826089,29
198513,11,7,7010102,Nollendorfplatz,7100103,2018,3,17,3,2,5,3,1,1,1,0,0,0,0,1,795696,9649,5825430,926
198514,11,10,10020622,Kaulsdorf Nord I                                                                                    ,10200629,2018,2,11,4,3,5,3,0,0,1,0,0,0,0,0,811144,9669,5829167,778
198515,11,4,4010101,Jungfernheide,4100101,2018,2,11,4,3,2,6,0,0,1,0,0,0,1,0,789809,3735,5830642,492
198516,11,6,6010101,Fichtenberg,6100101,2018,3,15,4,3,2,2,0,0,1,0,0,1,1,1,793517,2002,5820625,29
198517,11,2,2030301,Oranienplatz,2300314,2018,2,20,4,3,6,2,2,0,1,1,0,0,0,0,799675,5088,5826049,653
198518,11,9,9010402,Johannisthal Ost,9100409,2018,3,10,3,3,5,2,0,0,1,0,0,0,0,1,806938,6018,5820089,112
198519,11,1,1033201,Brunnenstra�e                                                                                       ,1300834,2018,3,13,2,3,5,2,0,0,1,0,0,0,0,1,798080,3604,5829991,674
198520,11,10,10020413,Gut Hellersdorf,10200418,2018,3,19,3,3,5,2,2,0,1,0,0,0,0,0,811288,9002,5831562,788
198521,11,8,8010404,Rixdorf,8100415,2018,3,14,2,3,5,3,0,0,1,0,0,0,1,0,801392,3304,5823742,315
198522,11,1,1011201,Wilhelmstra�e                                                                                       ,1100205,2018,3,19,3,3,5,3,2,1,1,0,0,0,0,0,797157,6352,5826452,467
198523,11,11,11030721,R�digerstra�e,11300722,2018,3,16,2,3,6,4,0,0,0,1,0,0,1,0,803883,644,5827879,384
198524,11,3,3061126,Arnimplatz,3601140,2018,3,16,2,3,5,2,0,1,1,0,0,0,0,0,798521,212,5831495,16
198525,11,11,11051330,Karlshorst West,11501339,2018,3,19,3,2,6,4,2,0,1,1,0,0,0,1,807191,8148,5824818,696
198526,11,8,8020727,Buckow Mitte,8200832,2018,3,13,2,3,6,4,0,0,0,1,0,1,0,0,801530,4229,5817558,422
198527,11,4,4051549,Rathaus Wilmersdorf,4501146,2018,3,7,2,3,6,4,1,1,0,1,0,0,0,0,792856,3865,5823935,763
198528,11,11,11041023,Gensinger Stra�e,11401033,2018,3,13,2,2,6,4,0,0,0,1,1,0,0,1,807525,7893,5827568,668
198529,11,8,8010303,Donaustra�e,8100314,2018,3,18,3,3,0,6,1,0,1,0,1,0,0,0,800371,1388,5824365,399
198530,11,10,10010102,Havemannstra�e                                                                                      ,10100102,2018,3,16,2,2,5,2,0,0,1,0,1,0,0,0,809550,8222,5834189,182
198531,11,10,10020413,Gut Hellersdorf,10200420,2018,3,18,3,3,5,3,2,0,1,0,0,0,0,1,811981,4669,5830701,162
198532,11,7,7070702,Alt-Lichtenrade/T�pchiner Weg,7601443,2018,3,4,2,3,6,6,2,0,1,1,0,0,0,0,800074,2201,5815301,902
198533,11,1,1022101,Huttenkiez,1200517,2018,3,18,3,3,2,2,2,0,1,0,0,0,0,0,793527,7323,5828170,364
198534,11,10,10010204,Wuhletalstra�e                                                                                      ,10100206,2018,3,16,3,2,6,4,0,0,1,1,0,0,0,0,808869,768,5832752,368
198535,11,6,6020305,Gemeindepark Lankwitz,6200316,2018,3,15,2,3,2,2,0,1,1,0,0,0,0,0,795869,3534,5818139,551
198536,11,12,12214423,Mellerbogen,12200308,2018,3,16,3,3,2,6,0,1,1,0,0,0,0,1,792748,5968,5833255,697
198537,11,3,3061228,Erich-Weinert-Stra�e,3601245,2018,3,14,2,3,3,6,0,0,1,0,0,0,0,0,800550,6593,5831450,661
198538,11,4,4051550,Leon-Jessel-Platz,4501147,2018,3,15,3,3,0,5,0,1,1,0,0,0,0,0,793428,4153,5824504,54
198539,11,12,12103219,Sch�fersee,12100204,2018,3,14,3,3,5,3,0,0,1,0,0,0,0,0,795377,9968,5833169,867
198540,11,7,7030303,Grazer Platz,7300619,2018,3,15,2,3,5,3,0,0,1,0,0,0,0,0,795990,4123,5822766,732
198541,11,1,1011101,St�lerstra�e                                                                                        ,1100101,2018,3,5,3,3,5,7,2,0,1,0,1,0,0,0,795243,2688,5826601,764
198542,11,9,9052001,K�penick Nord                                                                                       ,9502043,2018,3,7,3,3,5,2,0,1,1,0,0,0,0,0,811156,4825,5822077,211
198543,11,4,4020314,Messegel�nde,4200311,2018,3,14,2,2,5,3,0,0,1,0,0,0,0,1,790027,2189,5825235,2
198544,11,5,5020524,Weinmeisterhornweg,5200528,2018,3,7,3,3,5,2,0,0,1,0,0,0,0,1,783895,4334,5826614,693
198545,11,1,4030931,Breitscheidplatz,4501042,2018,3,13,2,3,0,1,0,1,0,0,0,0,0,1,794587,3233,5826052,391
198546,11,8,8010118,Silbersteinstra�e,8100104,2018,3,8,3,3,5,2,0,1,1,0,0,0,0,1,800232,6437,5822346,817
198547,11,1,1033201,Brunnenstra�e                                                                                       ,1300834,2018,3,18,2,3,3,6,0,0,1,0,0,0,0,0,797603,8294,5830871,518
198548,11,12,12224230,Heiligensee,12400618,2018,3,9,3,3,4,6,0,0,1,0,0,0,0,2,786700,6589,5838840,967
198549,11,12,12214422,Klixstra�e                                                                                          ,12200310,2018,3,11,3,3,6,2,0,0,1,1,0,0,0,1,792235,9825,5833340,575
198550,11,7,7060603,Marienfelde Nordost,7601238,2018,3,18,2,3,2,6,0,0,1,0,0,0,0,0,798326,2356,5815894,124
198551,11,6,6020303,Lankwitz Kirche                                                                                     ,6200313,2018,3,11,3,3,2,6,0,0,0,0,0,1,0,1,795185,6328,5818772,843
198552,11,1,1011301,Charit�viertel,1100308,2018,3,18,2,3,5,3,0,1,1,0,0,0,0,0,796671,2434,5828260,205
198553,11,1,1033203,Humboldthain Nordwest                                                                               ,1300836,2018,3,13,3,3,2,6,0,0,1,0,0,0,1,1,796789,2823,5830549,423
198554,11,1,1011302,Oranienburger Stra�e                                                                                ,1100309,2018,3,17,2,3,5,2,0,1,1,0,0,0,0,0,798542,3195,5828983,613
198555,11,1,1022206,L�neburger Stra�e                                                                                   ,1200628,2018,3,5,2,3,6,4,2,0,1,1,0,0,0,0,796302,4811,5828495,516
198556,11,1,1044201,Reinickendorfer Stra�e                                                                              ,1401043,2018,3,16,2,3,4,6,0,0,1,0,0,0,0,0,795844,2474,5830866,48
198557,11,12,12224230,Heiligensee,12400617,2018,3,17,2,3,5,3,0,0,1,0,0,0,0,0,785507,2064,5837376,226
198558,11,12,12103116,Hausotterplatz,12100102,2018,3,16,2,2,4,2,0,0,1,0,0,0,0,0,796277,641,5833314,421
198559,11,1,1011302,Oranienburger Stra�e                                                                                ,1100309,2018,3,15,2,3,3,6,0,1,1,0,0,0,0,0,798239,3188,5829016,867
198560,11,2,2020204,Urbanstra�e,2200210,2018,3,16,2,3,2,6,0,0,1,0,1,0,0,0,798474,1195,5825220,336
198561,11,3,3071537,Kollwitzplatz,3701555,2018,3,18,1,3,5,5,1,0,1,0,1,0,0,0,799819,1517,5829818,583
198562,11,6,6040807,Zehlendorf Eiche                                                                                    ,6400841,2018,3,15,2,3,5,2,0,1,0,0,0,0,1,0,789692,4871,5818445,269
198563,11,9,9020801,Spindlersfeld,9200818,2018,3,17,1,3,2,6,0,0,1,0,0,0,0,0,809787,1565,5820524,15
198564,11,9,9051901,Dammvorstadt,9501939,2018,3,15,2,3,2,6,0,0,1,0,0,0,0,0,810655,7632,5821077,542
198565,11,1,1044203,Leopoldplatz,1401049,2018,3,17,1,3,2,6,0,0,1,0,0,0,0,0,795915,1225,5831967,769
198566,11,8,8010301,Reuterkiez,8100312,2018,3,15,2,3,5,2,0,0,1,0,0,0,0,0,801152,357,5824100,759
198567,11,2,2050801,Traveplatz,2500832,2018,3,14,1,3,6,2,0,0,1,1,0,0,0,0,803211,6414,5826810,421
198568,11,3,3071638,Winsstra�e,3701658,2018,3,15,1,3,1,5,0,1,1,0,0,0,0,0,800260,974,5829816,176
198569,11,4,4051445,Eisenzahnstra�e,4500939,2018,3,9,2,3,5,3,0,1,1,0,0,0,0,0,792029,9289,5824073,344
198570,11,10,10010308,Marzahner Chaussee,10100311,2018,3,12,1,3,5,2,0,0,1,0,0,0,0,0,806306,9025,5830188,751
198571,11,4,4041134,Bismarckallee,4400726,2018,3,12,1,3,5,7,0,0,1,0,0,0,0,0,790690,4982,5824207,662
198572,11,3,3050924,Behaimstra�e,3500935,2018,3,16,2,3,6,7,0,0,1,1,0,0,0,0,801633,6029,5831291,149
198573,11,5,5010312,Kurstra�e                                                                                           ,5100314,2018,3,11,1,3,2,7,0,0,1,0,0,0,0,0,785191,6682,5829502,343
198574,11,4,4051551,Brabanter Platz,4501148,2018,3,12,1,2,5,7,0,0,1,0,1,0,0,0,793344,5504,5823122,262
198575,11,2,2050802,Boxhagener Platz,2500833,2018,3,8,2,3,2,6,0,0,1,0,0,0,1,0,802845,5092,5827211,166
198576,11,12,12301203,Wittenau S�d                                                                                        ,12500930,2018,3,17,1,2,5,3,0,0,1,0,0,0,0,0,793602,6575,5835194,658
198577,11,7,7060604,Marienfelde S�d,7601341,2018,3,8,2,3,2,6,0,0,1,0,0,0,0,0,796987,817,5815667,896
198578,11,1,1011402,Arkonaplatz,1100416,2018,3,15,1,3,0,1,0,1,0,0,0,0,0,0,798605,1409,5829318,112
198579,11,1,1033203,Humboldthain Nordwest                                                                               ,1300836,2018,3,15,2,3,6,4,0,0,1,1,0,0,0,0,796039,109,5830339,43
198580,11,1,1011302,Oranienburger Stra�e                                                                                ,1100309,2018,3,23,1,3,6,4,2,0,1,1,0,0,0,0,798419,8907,5828954,267
198581,11,11,11030720,Herzbergstra�e,11300721,2018,3,20,1,3,2,6,2,0,1,0,1,0,0,0,806103,6221,5830140,2
198582,11,2,2050801,Traveplatz,2500832,2018,3,7,2,3,5,3,0,1,1,0,0,0,0,0,803179,3066,5826845,942
198583,11,1,1022101,Huttenkiez,1200517,2018,3,20,1,3,8,1,2,0,1,0,0,0,0,0,793446,5887,5828205,392
198584,11,5,5010209,An der Kappe,5100211,2018,3,14,2,3,5,3,0,0,1,0,0,0,0,0,782657,172,5829427,935
198585,11,1,1022103,Westhafen,1200517,2018,3,14,2,3,2,6,0,0,1,0,0,0,0,0,794388,298,5829409,668
198586,11,1,1033201,Brunnenstra�e                                                                                       ,1300834,2018,3,19,1,3,6,2,2,0,1,1,0,0,0,0,798090,861,5829998,821
198587,11,3,3061332,Helmholtzplatz,3601346,2018,3,13,1,3,5,2,0,1,1,0,0,0,0,0,799357,5596,5830719,511
198588,11,4,4041239,Stadion Wilmersdorf,4400830,2018,3,14,2,3,5,2,0,1,1,0,0,0,0,0,792229,429,5823140,683
198589,11,7,7010103,Barbarossaplatz,7100204,2018,3,14,2,3,1,5,0,0,1,0,1,0,0,0,795500,5654,5824474,719
198590,11,11,11020412,Hauptstra�e,11200411,2018,3,10,1,2,8,1,0,0,1,0,0,0,0,0,805599,1312,5831289,789
198591,11,7,7060604,Marienfelde S�d,7601341,2018,3,14,2,3,2,6,0,0,1,0,0,0,0,0,797281,3617,5815558,56
198592,11,5,5010314,Carl-Schurz-Stra�e                                                                                  ,5100316,2018,3,10,1,3,1,5,0,0,1,0,0,0,0,0,784947,7173,5829119,22
198593,11,5,5010209,An der Kappe,5100211,2018,3,16,2,3,6,4,0,1,0,1,0,0,0,0,783182,7908,5830306,68
198594,11,7,7040401,Neu-Tempelhof,7400721,2018,3,8,1,3,6,7,0,0,0,1,0,0,1,0,798238,8759,5823960,258
198595,11,1,1033102,Gesundbrunnen,1300733,2018,3,13,2,3,5,3,0,0,1,0,0,0,0,0,797325,3283,5831644,137
198596,11,3,3061131,Falkplatz,3601142,2018,3,11,2,3,2,2,0,0,1,0,0,0,0,0,799183,505,5831223,966
198597,11,5,5010339,Freiheit,5100317,2018,3,8,1,2,5,3,0,0,1,0,0,0,1,0,787367,3173,5828329,624
198598,11,7,7060602,Kirchstra�e                                                                                         ,7601237,2018,3,15,2,3,5,3,0,0,1,0,0,0,0,0,797299,158,5816718,653
198599,11,4,4030518,Tegeler Weg,4300517,2018,3,16,2,3,6,7,0,0,1,1,0,0,0,0,791723,339,5827928,355
198600,11,9,9051801,Rahnsdorf/Hessenwinkel,9501838,2018,3,7,1,2,9,1,0,0,1,0,0,0,0,0,821089,2639,5819466,223
198601,11,1,1033203,Humboldthain Nordwest                                                                               ,1300836,2018,3,17,2,2,5,2,0,1,1,0,0,0,0,0,796907,2404,5830719,383
198602,11,9,9041301,Kietzer Feld/Nachtheide                                                                             ,9401329,2018,3,17,2,3,2,7,1,0,1,0,0,0,0,0,814394,8611,5818352,973
198603,11,1,1011303,Alexanderplatzviertel,1100310,2018,3,3,1,3,5,3,2,0,1,0,0,0,0,0,799243,994,5828468,693
198604,11,7,7050501,Rathausstra�e                                                                                       ,7501029,2018,3,9,2,3,2,6,0,0,1,0,0,0,1,0,797701,8732,5819246,233
198605,11,5,5010314,Carl-Schurz-Stra�e                                                                                  ,5100316,2018,3,20,7,3,2,2,2,0,1,0,0,0,0,0,784773,6795,5828811,84
198606,11,11,11010310,M�hlengrund,11100309,2018,3,18,2,3,6,4,1,0,1,1,0,0,0,0,805340,6657,5833268,113
198607,11,10,10020413,Gut Hellersdorf,10200420,2018,3,20,7,3,2,6,2,0,1,0,0,0,0,0,811833,4322,5830478,129
198608,11,6,6010101,Fichtenberg,6100101,2018,3,20,2,3,5,2,2,1,1,0,0,0,0,0,793313,5345,5820741,663
198609,11,5,5020625,Borkumer Stra�e                                                                                     ,5200629,2018,3,13,2,3,0,6,0,0,1,0,0,0,1,0,784730,359,5828642,709
198610,11,11,11020513,Orankesee,11200512,2018,3,20,7,2,0,1,2,1,0,0,0,0,0,0,804664,384,5831484,542
198611,11,4,4030620,Alt-Lietzow,4300619,2018,3,20,2,3,5,2,2,0,1,0,0,0,0,0,792764,8593,5827047,51
198612,11,8,8020727,Buckow Mitte,8200832,2018,3,18,2,3,2,6,1,0,1,0,0,0,0,0,801521,762,5817584,911
198613,11,9,9030901,Dorf Altglienicke,9300920,2018,3,19,7,2,9,1,2,0,0,0,1,0,0,0,807283,263,5817773,428
198614,11,3,3061228,Erich-Weinert-Stra�e,3601245,2018,3,18,7,3,5,2,1,0,1,0,1,0,0,0,801277,8102,5831038,741
198615,11,5,5010101,Hakenfelde Nord,5100104,2018,3,5,2,3,5,3,0,0,1,0,0,0,0,0,785500,5808,5831794,466
198616,11,8,8010118,Silbersteinstra�e,8100105,2018,3,17,7,3,3,6,0,0,1,0,0,0,0,0,801074,563,5821961,12
198617,11,1,1033202,Humboldthain S�d,1300835,2018,3,5,2,3,0,2,2,0,1,0,0,0,1,0,796971,5411,5830138,633
198618,11,2,2040702,Weberwiese,2400624,2018,3,16,7,3,5,2,0,1,1,0,0,0,0,0,801749,6141,5827411,871
198619,11,4,4051445,Eisenzahnstra�e,4500939,2018,3,12,1,3,5,2,0,0,1,0,0,0,0,0,792204,9294,5824068,755
198620,11,3,3061332,Helmholtzplatz,3601346,2018,3,16,7,2,5,7,0,0,0,0,1,0,1,0,799223,3981,5830466,277
198621,11,4,4030930,George-Grosz-Platz,4501041,2018,3,17,1,3,0,6,1,0,1,0,1,0,0,0,793426,7619,5825687,384
198622,11,8,8041035,Blumenviertel,8401241,2018,3,15,1,3,5,3,0,0,1,0,0,0,1,0,804755,8678,5818461,191
198623,11,3,3020209,Niedersch�nhausen,3200205,2018,3,14,7,3,2,2,0,0,1,0,1,0,0,0,797875,1566,5836022,57
198624,11,1,1011302,Oranienburger Stra�e                                                                                ,1100309,2018,3,20,1,3,1,5,2,1,1,0,0,0,1,0,798663,5962,5828360,262
198625,11,1,1011202,Unter den Linden Nord,1100206,2018,3,13,7,2,6,4,0,1,0,1,0,0,0,0,797672,4638,5827988,177
198626,11,5,5010101,Hakenfelde Nord,5100104,2018,3,16,1,3,2,4,0,0,1,1,0,0,0,0,785196,8819,5831560,43
198627,11,8,8020726,Buckow West,8200831,2018,3,12,7,3,6,7,0,0,1,1,0,0,0,0,799847,7492,5816527,296
198628,11,6,6030607,Goerzwerke,6300631,2018,3,11,7,3,6,4,0,0,1,1,0,0,0,0,792207,2885,5816633,524
198629,11,1,1033101,Soldiner Stra�e                                                                                     ,1300732,2018,3,8,1,3,6,2,0,0,1,1,0,0,0,0,797713,3393,5832891,935
198630,11,11,11020515,Landsberger Allee,11200514,2018,3,10,7,3,1,7,0,0,1,0,0,0,0,0,804613,9061,5830174,759
198631,11,9,9020802,K�llnische Vorstadt                                                                                 ,9200819,2018,3,10,7,3,2,6,0,0,1,0,0,0,0,0,810384,3219,5819645,74
198632,11,8,8041038,Wa�mannsdorfer Chaussee,8401244,2018,3,9,1,3,2,6,0,0,1,0,0,0,1,0,805278,1764,5815046,617
198633,11,4,4030621,Spreestadt,4300620,2018,3,5,1,2,8,1,2,0,1,0,1,0,0,0,793201,2081,5827785,941
198634,11,8,8010303,Donaustra�e,8100314,2018,3,9,7,3,5,3,0,0,1,0,0,0,1,0,800672,8169,5824166,325
198635,11,5,5010208,Germersheimer Platz,5100210,2018,3,12,1,3,2,6,0,0,1,0,0,0,0,0,783921,4568,5830122,805
198636,11,7,7030301,Friedenau,7300516,2018,3,0,7,3,5,2,2,0,1,0,0,0,1,0,793993,1634,5821579,48
198637,11,9,9010401,Johannisthal West,9100407,2018,3,3,7,2,8,1,2,0,1,0,0,0,0,0,805576,4622,5821463,999
198638,11,7,7060604,Marienfelde S�d,7601339,2018,3,6,1,3,1,1,0,0,1,0,0,0,0,0,795791,7587,5815938,136
198639,11,5,5010313,Ackerstra�e                                                                                         ,5100315,2018,3,18,6,3,5,3,2,0,1,0,0,0,0,0,784426,4517,5829931,933
198640,11,1,1044101,Rehberge,1400937,2018,3,13,1,2,9,1,0,0,1,0,0,0,0,0,793701,2903,5832239,396
198641,11,2,2020205,Chamissokiez,2200211,2018,3,17,6,3,3,6,0,1,1,0,0,0,0,0,798163,6372,5824758,766
198642,11,11,11040926,Weitlingstra�e,11400931,2018,3,9,6,3,6,7,0,0,0,1,0,0,1,0,806441,93,5826869,472
198643,11,8,8010117,Schillerpromenade,8100102,2018,3,21,7,3,6,4,2,0,1,1,0,0,0,0,800561,96,5823297,918
198644,11,3,3061131,Falkplatz,3601142,2018,3,5,6,3,5,3,1,0,1,0,0,0,0,1,798941,2492,5831055,956
198645,11,4,4020311,Reichsstra�e,4200309,2018,3,23,6,2,1,7,2,0,1,0,0,0,0,0,788972,1891,5826985,405
198646,11,1,1011103,L�tzowstra�e                                                                                        ,1100103,2018,3,2,7,3,7,7,2,0,0,0,1,0,0,0,795681,3844,5825727,988
198647,11,1,1022206,L�neburger Stra�e                                                                                   ,1200628,2018,3,3,7,2,8,1,2,0,1,0,0,0,0,0,796288,5294,5828329,905
198648,11,2,2020204,Urbanstra�e,2200210,2018,3,9,6,3,5,3,0,1,1,0,0,0,0,0,798622,1359,5825119,703
198649,11,2,2040701,Andreasviertel,2400623,2018,3,9,7,3,0,4,0,0,0,1,0,0,1,0,801062,5684,5827097,427
198650,11,1,1033203,Humboldthain Nordwest                                                                               ,1300836,2018,3,16,6,3,5,2,0,0,1,0,0,0,0,0,796291,1551,5830599,599
198651,11,9,9051702,B�lschestra�e,9501737,2018,3,11,7,3,2,6,0,0,1,0,0,0,0,0,814243,9569,5820801,826
198652,11,1,1022202,Heidestra�e                                                                                         ,1200624,2018,3,14,6,3,2,6,0,0,1,0,0,0,0,1,795499,72,5829595,249
198653,11,1,1033203,Humboldthain Nordwest                                                                               ,1300836,2018,3,12,7,3,2,6,0,0,1,0,0,0,0,0,796936,8631,5830172,637
198654,11,9,9010301,Baumschulenstra�e,9100304,2018,3,0,7,2,1,1,2,0,1,0,0,0,0,1,804182,9858,5821825,88
198655,11,10,10040931,Mahlsdorf Nord                                                                                      ,10400938,2018,3,14,6,3,2,6,0,0,1,0,0,0,0,0,813045,6366,5828584,831
198656,11,9,9020702,Adlershof Ost,9200717,2018,3,0,7,3,5,3,2,0,1,0,0,0,0,2,809363,4505,5819667,143
198657,11,12,12302108,M�rkisches Zentrum,12601134,2018,3,15,7,3,5,3,0,1,1,0,0,0,0,0,794115,5351,5836504,53
198658,11,1,1011402,Arkonaplatz,1100416,2018,3,13,6,3,1,5,0,0,1,0,0,0,0,1,798539,2294,5829477,982
198659,11,2,2010103,Moritzplatz,2100105,2018,3,15,7,3,5,3,0,0,1,0,0,0,0,0,799147,7807,5825786,398
198660,11,3,3030406,Alt-Karow,3300413,2018,3,17,6,3,5,2,0,0,1,0,0,0,1,0,802957,6028,5837664,196
198661,11,6,6020410,Oberhofer Platz,6200422,2018,3,15,7,3,1,5,0,0,1,0,0,0,0,0,794156,6759,5816946,511
198662,11,12,12301203,Wittenau S�d                                                                                        ,12500926,2018,3,16,7,3,0,2,0,0,0,0,0,0,1,0,793522,9935,5836114,565
198663,11,11,11040926,Weitlingstra�e,11400928,2018,3,17,6,3,5,2,0,1,1,0,0,0,0,0,804467,7231,5826384,264
198664,11,7,7050501,Rathausstra�e                                                                                       ,7501030,2018,3,17,6,3,2,2,1,0,1,0,0,0,0,2,797970,889,5819922,13
198665,11,4,4051447,Ludwigkirchplatz,4501044,2018,3,17,6,3,2,6,0,0,1,0,0,0,0,0,793444,848,5824710,5
198666,11,3,3040614,Pankow Zentrum                                                                                      ,3400723,2018,3,13,6,3,6,4,0,0,1,1,0,0,0,0,798911,9187,5833273,116
198667,11,7,7030301,Friedenau,7300516,2018,3,17,6,3,2,6,1,0,1,0,0,0,0,0,793792,2432,5822050,337
198668,11,10,10010207,Marzahner Promenade,10100210,2018,3,14,6,3,5,3,0,1,0,0,0,0,1,0,808779,4769,5831663,415
198669,11,2,2030401,Reichenberger Stra�e,2300417,2018,3,21,6,2,6,4,2,0,0,1,0,0,1,2,800697,304,5825393,8
198670,11,1,1011302,Oranienburger Stra�e                                                                                ,1100309,2018,3,19,6,3,3,6,2,1,1,0,0,0,0,0,798735,2177,5829076,887
198671,11,8,8010508,Wei�e Siedlung,8100520,2018,3,19,6,3,2,6,2,0,1,0,0,0,0,2,802728,8526,5822971,252
198672,11,2,2020206,Graefekiez,2200212,2018,3,21,6,3,2,6,2,0,1,0,0,0,0,0,799691,9997,5824489,112
198673,11,6,6020408,Lichterfelde S�d                                                                                    ,6200420,2018,3,18,6,3,1,1,2,0,1,0,1,0,0,2,792581,1095,5816411,398
198674,11,4,4020314,Messegel�nde,4200311,2018,3,5,6,3,5,2,2,0,1,0,0,0,0,1,790381,5625,5825664,345
198675,11,6,6040701,Wannsee,6400735,2018,3,13,6,3,8,1,0,0,1,0,0,0,0,1,783945,426,5816056,124
198676,11,1,1033201,Brunnenstra�e                                                                                       ,1300834,2018,3,7,6,3,2,6,0,0,1,0,0,0,1,1,798099,3628,5830003,786
198677,11,9,9020701,Adlershof West,9200715,2018,3,8,6,2,2,6,0,1,1,0,0,0,0,1,808009,4674,5818574,25
198678,11,7,7010102,Nollendorfplatz,7100102,2018,3,10,6,3,6,2,0,0,1,1,0,0,0,0,795501,553,5825488,256
198679,11,8,8010301,Reuterkiez,8100312,2018,3,8,6,3,2,6,0,0,1,0,0,0,0,1,801420,2001,5823923,503
198680,11,3,3071536,Teutoburger Platz,3701554,2018,3,8,6,3,6,7,0,1,0,1,0,0,0,1,799193,8332,5829455,45
198681,11,7,7040403,Manteuffelstra�e                                                                                    ,7400823,2018,3,15,6,3,2,6,0,0,1,0,0,0,0,1,797336,4448,5821828,333
198682,11,11,11040926,Weitlingstra�e,11400929,2018,3,15,6,3,3,6,0,1,1,0,0,0,0,1,805158,336,5827125,278
198683,11,5,5020523,Maulbeerallee,5200527,2018,3,10,6,3,5,2,0,0,1,0,0,0,0,1,782362,4913,5827218,219
198684,11,6,6020306,Lankwitz S�d                                                                                        ,6200317,2018,3,16,6,3,1,5,0,0,1,0,0,0,0,1,795936,54,5816522,26
198685,11,1,1011305,Heine-Viertel West,1100312,2018,3,11,6,3,5,2,0,1,0,0,1,0,0,1,799459,4993,5826567,636
198686,11,2,2020206,Graefekiez,2200212,2018,3,16,6,3,6,2,0,0,1,1,0,0,0,1,799209,1808,5824544,513
198687,11,8,8010303,Donaustra�e,8100314,2018,3,13,6,3,6,4,0,1,0,1,0,0,0,1,801042,3665,5823862,355
198688,11,4,4030725,Amtsgerichtsplatz,4300416,2018,3,13,6,2,3,6,0,1,0,0,0,1,0,0,791731,612,5826074,153
198689,11,9,9051801,Rahnsdorf/Hessenwinkel,9501838,2018,3,17,6,3,2,7,1,0,1,0,0,1,0,1,820701,7742,5819508,696
198690,11,9,9041601,M�ggelheim,9401635,2018,3,13,6,3,4,6,0,1,0,0,1,0,0,0,817280,3916,5816912,15
198691,11,1,1022206,L�neburger Stra�e                                                                                   ,1200628,2018,3,20,6,1,9,1,2,0,0,0,1,0,0,0,796402,493,5828207,371
198692,11,8,8041036,Zittauer Stra�e,8401242,2018,3,18,6,3,2,2,2,0,1,0,0,0,0,1,804426,527,5816857,325
198693,11,4,4041240,Messelpark,4400831,2018,3,15,5,3,2,6,0,0,1,0,0,0,0,1,791272,5179,5822049,421