OBJECTID,LAND,BEZ,LOR,STRASSE,LOR_ab_2021,UJAHR,UMONAT,USTUNDE,UWOCHENTAG,UKATEGORIE,UART,UTYP1,ULICHTVERH,IstRad,IstPKW,IstFuss,IstKrad,IstGkfz,IstSonstig,STRZUSTAND,LINREFX,LINREFY,XGCSWGS84,YGCSWGS84
198694,11,6,6010209,Feuerbachstra�e                                                                                     ,6100209,2018,3,12,3,3,1,3,0,1,1,0,0,0,0,0,794500,1907,5820874,161
198695,11,1,1011201,Wilhelmstra�e                                                                                       ,1100205,2018,3,8,5,3,6,7,0,0,1,1,0,0,0,0,797131,6786,5827316,458
198696,11,7,7040405,Rathaus Tempelhof,7400927,2018,3,20,5,3,6,2,2,0,1,1,0,0,0,0,798439,8223,5821061,825
198697,11,2,2030302,Lausitzer Platz,2300315,2018,3,19,5,3,0,7,2,0,0,1,0,0,1,0,800681,7719,5826151,295
198698,11,9,9051901,Dammvorstadt,9501941,2018,3,18,5,3,2,6,2,0,1,0,0,0,1,1,812086,318,5821038,359
198699,11,9,9052001,K�penick Nord                                                                                       ,9502043,2018,3,18,5,3,5,2,1,0,1,0,0,0,0,0,810956,3442,5822200,399
198700,11,2,2030301,Oranienplatz,2300314,2018,3,18,5,3,0,6,2,0,1,0,1,0,0,1,800025,435,5825734,499
198701,11,11,11051229,Rummelsburg,11501238,2018,3,13,3,3,2,6,0,0,1,0,0,0,1,0,805609,6061,5824290,582
198702,11,8,8010116,Wissmannstra�e,8100101,2018,3,14,5,3,6,7,0,0,1,1,0,0,0,0,800277,1142,5824290,238
198703,11,8,8020726,Buckow West,8200831,2018,3,18,5,3,5,3,2,0,1,0,0,0,0,1,799907,8711,5816245,15
198704,11,5,5020521,D�beritzer Weg,5200524,2018,3,18,5,3,5,3,2,0,1,0,0,0,0,0,780019,579,5827865,49
198705,11,11,11020412,Hauptstra�e,11200411,2018,3,12,3,3,5,7,0,0,1,0,0,0,0,0,805724,2369,5831819,57
198706,11,1,1033203,Humboldthain Nordwest                                                                               ,1300836,2018,3,19,5,2,5,3,2,0,1,0,0,0,0,0,796578,713,5830509,35
198707,11,4,4010101,Jungfernheide,4100101,2018,3,17,5,3,5,3,0,1,1,0,0,0,0,1,789943,1521,5829512,94
198708,11,2,2010104,Wassertorplatz,2100106,2018,3,17,5,3,6,2,1,0,1,1,0,0,0,1,799075,5281,5825620,165
198709,11,11,11030618,Fennpfuhl West,11300617,2018,3,18,5,3,5,2,1,0,1,0,0,0,0,0,803069,7499,5829534,261
198710,11,3,3040614,Pankow Zentrum                                                                                      ,3400725,2018,3,20,5,3,2,2,2,0,1,0,0,0,0,0,799735,9316,5835469,71
198711,11,8,8041038,Wa�mannsdorfer Chaussee,8401244,2018,3,16,5,3,2,6,0,0,1,0,0,0,0,1,805450,1715,5816553,124
198712,11,1,1044202,Sparrplatz,1401047,2018,3,12,3,3,6,2,0,0,1,1,0,0,0,0,795408,3709,5830269,482
198713,11,2,2050601,Hausburgviertel,2500726,2018,3,8,5,3,5,2,0,1,0,0,0,0,1,0,801893,5331,5828456,1
198714,11,1,1044201,Reinickendorfer Stra�e                                                                              ,1401043,2018,3,15,5,3,1,5,0,0,1,0,0,0,0,1,795731,7793,5830848,545
198715,11,3,3050923,Wei�enseer Spitze,3500934,2018,3,12,3,2,5,2,0,1,0,0,0,0,1,0,800225,871,5832094,504
198716,11,3,3061126,Arnimplatz,3601141,2018,3,10,5,3,2,6,0,0,1,0,0,0,0,0,799192,8829,5831774,949
198717,11,12,12103115,Breitkopfbecken,12100103,2018,3,15,5,3,5,3,0,1,1,0,0,0,0,1,796310,1657,5833949,302
198718,11,2,2010103,Moritzplatz,2100104,2018,3,10,5,3,5,2,0,1,1,0,0,0,0,0,799491,7645,5826136,71
198719,11,10,10010206,Ringkolonnaden,10100208,2018,3,14,5,3,1,7,0,0,1,0,0,0,0,1,809004,545,5831921,86
198720,11,6,6010206,Stadtpark,6100206,2018,3,11,3,3,5,2,0,0,1,0,0,0,0,0,794730,442,5820061,7
198721,11,12,12214424,Scharnweberstra�e                                                                                   ,12200309,2018,3,7,5,2,6,4,0,0,1,1,0,0,0,0,793318,3219,5832718,871
198722,11,11,11051332,Karlshorst S�d,11501341,2018,3,7,5,3,2,6,0,0,1,0,0,0,0,0,807219,883,5823914,427
198723,11,1,1011305,Heine-Viertel West,1100312,2018,3,14,5,3,5,2,0,1,1,0,0,0,0,1,799306,2982,5827222,402
198724,11,9,9051702,B�lschestra�e,9501737,2018,3,10,5,2,6,7,0,0,1,1,0,0,0,0,813742,1759,5821735,524
198725,11,11,11020514,Gro�e-Leege-Stra�e,11200513,2018,3,11,5,3,5,3,0,1,1,0,0,0,0,0,804043,5819,5830515,931
198726,11,8,8010405,Hertzbergplatz,8100418,2018,3,12,5,3,5,3,0,0,1,0,0,0,0,1,801929,936,5823784,179
198727,11,5,5010314,Carl-Schurz-Stra�e                                                                                  ,5100316,2018,3,18,2,3,0,4,1,0,0,1,1,0,0,0,784209,8655,5828955,873
198728,11,10,10040931,Mahlsdorf Nord                                                                                      ,10400938,2018,3,11,5,3,5,3,0,0,1,0,0,0,0,0,814987,3095,5829184,12
198729,11,1,1011101,St�lerstra�e                                                                                        ,1100101,2018,3,19,5,3,6,2,2,0,1,1,0,0,0,1,795322,6539,5826275,51
198730,11,7,7030302,Cecilieng�rten,7300618,2018,3,12,5,3,1,5,0,1,0,0,0,0,1,1,795000,231,5822853,17
198731,11,1,1033102,Gesundbrunnen,1300733,2018,3,20,5,2,5,2,2,1,0,0,0,0,1,1,797448,9298,5831267,603
198732,11,1,1033201,Brunnenstra�e                                                                                       ,1300834,2018,3,23,2,2,6,4,2,0,1,1,0,0,0,0,797792,267,5830503,347
198733,11,1,1044203,Leopoldplatz,1401048,2018,3,12,5,3,1,7,0,0,1,1,0,0,0,0,795068,5397,5831195,648
198734,11,4,4051445,Eisenzahnstra�e,4500939,2018,3,13,5,3,2,6,0,0,1,0,0,0,0,0,792089,2651,5824074,854
198735,11,1,1022106,Elberfelder Stra�e                                                                                  ,1200522,2018,3,14,5,3,6,4,0,0,1,1,0,0,0,0,793785,5173,5828141,932
198736,11,1,1011301,Charit�viertel,1100308,2018,3,12,5,3,2,6,0,0,1,0,0,0,0,1,797002,835,5828944,464
198737,11,12,12302211,L�barser Stra�e,12601031,2018,3,13,5,3,3,6,0,0,1,0,0,0,1,0,793427,4049,5836674,323
198738,11,2,2010102,Mehringplatz,2100102,2018,3,12,5,3,6,4,0,0,1,1,0,0,0,1,797909,7727,5826461,577
198739,11,6,6030610,Lichterfelde West                                                                                   ,6300634,2018,3,14,2,3,5,2,0,1,1,0,0,0,0,0,792099,5657,5818837,235
198740,11,4,4010101,Jungfernheide,4100101,2018,3,15,5,3,2,6,0,0,1,0,0,0,0,0,790386,697,5829031,703
198741,11,10,10010310,Alt-Marzahn,10100313,2018,3,16,5,2,5,3,0,0,0,0,1,0,1,0,808509,9483,5831175,864
198742,11,4,4030930,George-Grosz-Platz,4501041,2018,3,12,5,3,1,5,0,1,1,0,0,0,0,1,792959,9086,5825644,126
198743,11,1,1022203,L�becker Stra�e                                                                                     ,1200625,2018,3,16,5,3,0,7,1,0,0,0,1,0,1,0,795340,8505,5828522,269
198744,11,8,8010211,Flughafenstra�e,8100206,2018,3,18,4,3,3,6,1,1,1,0,0,0,0,0,800529,6346,5823753,761
198745,11,10,10010308,Marzahner Chaussee,10100311,2018,3,11,5,3,6,4,0,0,0,1,0,0,1,1,806530,5487,5829115,921
198746,11,9,9010301,Baumschulenstra�e,9100305,2018,3,7,5,2,5,3,0,1,1,0,0,0,0,1,804973,875,5822616,78
198747,11,7,7010101,Wittenbergplatz/Viktoria-Luise-Platz,7100101,2018,3,11,2,3,6,7,0,0,1,1,0,0,0,0,794699,6791,5825900,729
198748,11,7,7040403,Manteuffelstra�e                                                                                    ,7400823,2018,3,14,4,2,5,7,0,1,1,0,0,0,0,0,796909,1405,5822294,22
198749,11,12,12214125,Waldidyll/Flughafensee,12200412,2018,3,7,5,3,5,2,0,0,1,0,0,0,0,1,791112,9146,5834239,284
198750,11,11,11051330,Karlshorst West,11501339,2018,3,10,4,3,5,3,0,1,1,0,0,0,0,0,807271,6828,5825406,111
198751,11,10,10030727,Biesdorf S�d                                                                                        ,10300734,2018,3,8,5,3,6,4,0,0,1,1,0,0,0,1,809416,574,5825360,462
198752,11,4,4031032,Halensee,4500937,2018,3,7,4,3,5,3,0,1,1,0,0,0,0,1,791588,4328,5825315,99
198753,11,6,6030503,Zehlendorf Mitte                                                                                    ,6300526,2018,3,8,5,3,2,7,0,0,1,0,0,0,1,1,789269,424,5818018,792
198754,11,2,2020205,Chamissokiez,2200211,2018,3,8,5,3,5,2,0,1,1,0,0,0,0,1,798508,8,5824511,188
198755,11,12,12224230,Heiligensee,12400619,2018,3,6,4,3,2,6,0,0,1,0,0,0,0,1,786428,4955,5837342,785
198756,11,1,1011201,Wilhelmstra�e                                                                                       ,1100205,2018,3,10,5,2,6,4,0,0,1,1,0,0,0,1,797230,5335,5826903,207
198757,11,1,1011303,Alexanderplatzviertel,1100310,2018,3,8,4,3,2,6,0,0,1,0,0,1,0,1,799452,549,5828827,691
198758,11,1,1011101,St�lerstra�e                                                                                        ,1100101,2018,3,10,5,3,5,2,0,1,1,0,0,0,0,1,795258,56,5826615,301
198759,11,4,4010102,Pl�tzensee,4100101,2018,3,11,5,2,5,2,0,0,1,0,0,0,0,1,793341,3273,5829716,685
198760,11,1,1011303,Alexanderplatzviertel,1100310,2018,3,11,2,3,5,3,0,1,1,0,0,0,0,0,799158,3451,5827808,446
198761,11,6,6030503,Zehlendorf Mitte                                                                                    ,6300526,2018,3,18,4,3,5,2,2,0,1,0,0,0,0,0,788915,121,5817911,583
198762,11,6,6030504,Teltower Damm,6300528,2018,3,11,5,3,5,3,0,0,1,0,0,0,0,1,788966,9835,5816398,83
198763,11,2,2050801,Traveplatz,2500832,2018,3,14,4,3,2,6,0,0,1,0,0,0,0,0,803505,832,5827090,442
198764,11,7,7020203,Kaiser-Wilhelm-Platz,7200411,2018,3,19,4,3,1,5,2,1,1,0,0,0,0,0,795967,9546,5824084,882
198765,11,4,4030519,Kaiserin-Augusta-Allee,4300518,2018,3,8,4,3,4,2,0,1,1,0,0,0,0,0,792005,3181,5828910,619
198766,11,1,1033102,Gesundbrunnen,1300733,2018,3,20,4,3,6,7,2,0,1,1,0,0,0,0,797158,9046,5831369,177
198767,11,4,4020312,Branitzer Platz,4200308,2018,3,17,4,3,5,3,0,0,1,0,0,0,0,0,789530,3499,5826964,277
198768,11,4,4041136,Hagenplatz,4400728,2018,3,12,2,3,5,7,0,0,1,0,0,0,0,0,790670,9995,5822822,259
198769,11,9,9051901,Dammvorstadt,9501939,2018,3,15,4,3,6,4,0,0,1,1,0,0,0,0,810965,7158,5821676,272
198770,11,7,7070703,John-Locke-Stra�e                                                                                   ,7601544,2018,3,17,4,2,5,2,0,1,1,0,0,0,0,0,799854,5212,5813188,907
198771,11,7,7070703,John-Locke-Stra�e                                                                                   ,7601544,2018,3,17,4,3,5,3,0,0,1,0,0,0,0,0,799775,2723,5813975,579
198772,11,12,12214424,Scharnweberstra�e                                                                                   ,12200309,2018,3,13,2,3,6,4,0,0,1,1,0,0,0,0,793405,9664,5832482,107
198773,11,2,2050601,Hausburgviertel,2500726,2018,3,17,4,3,6,4,0,0,1,1,0,0,0,0,802120,4688,5828439,9
198774,11,1,1011202,Unter den Linden Nord,1100206,2018,3,17,4,3,5,2,0,1,1,0,0,0,0,0,797199,138,5827496,139
198775,11,2,2050601,Hausburgviertel,2500726,2018,3,16,4,3,5,2,0,0,1,0,1,0,0,0,801883,2354,5828451,57
198776,11,1,1011301,Charit�viertel,1100308,2018,3,16,4,3,5,2,0,1,1,0,0,0,0,0,797075,6027,5828178,422
198777,11,12,12301203,Wittenau S�d                                                                                        ,12500926,2018,3,15,4,3,6,4,0,0,1,1,0,0,0,0,793433,8473,5836094,56
198778,11,1,1011105,N�rdlicher Landwehrkanal                                                                            ,1100102,2018,3,15,4,3,0,7,0,1,0,0,0,0,0,0,795483,5946,5826342,707
198779,11,2,2040503,Richard-Sorge-Viertel,2400522,2018,3,15,4,3,2,6,0,1,0,0,0,0,0,0,801640,7482,5828333,532
198780,11,2,2040701,Andreasviertel,2400623,2018,3,15,4,2,6,4,0,0,1,1,0,0,0,1,801132,3033,5827520,608
198781,11,8,8010303,Donaustra�e,8100314,2018,3,14,4,3,1,5,0,1,1,0,0,0,0,1,801423,5327,5823868,285
198782,11,9,9020701,Adlershof West,9200715,2018,3,15,4,3,1,5,0,0,0,0,1,0,1,0,807712,2015,5818226,328
198783,11,1,1033203,Humboldthain Nordwest                                                                               ,1300836,2018,3,13,4,2,6,4,0,0,1,1,0,0,0,1,796827,257,5831283,485
198784,11,4,4020314,Messegel�nde,4200311,2018,3,18,4,3,2,6,2,0,1,0,0,0,0,0,790563,5288,5825416,538
198785,11,4,4051551,Brabanter Platz,4501148,2018,3,13,4,3,5,2,0,0,1,0,0,0,0,0,792824,7275,5823221,308
198786,11,3,3040614,Pankow Zentrum                                                                                      ,3400722,2018,3,19,4,3,1,7,2,1,1,0,0,0,0,0,798676,3458,5833844,749
198787,11,10,10020414,Helle Mitte,10200421,2018,3,12,4,3,0,4,0,0,0,1,0,0,1,1,812233,8858,5830802,58
198788,11,8,8020727,Buckow Mitte,8200832,2018,3,11,4,2,6,4,0,0,1,1,0,0,0,1,800964,5414,5816267,15
198789,11,6,6040810,Dahlem,6400844,2018,3,15,4,2,6,2,0,0,1,1,0,0,0,0,790148,336,5819783,737
198790,11,11,11020412,Hauptstra�e,11200411,2018,3,12,4,3,5,3,0,1,1,0,0,0,0,1,805842,3369,5831853,577
198791,11,5,5010314,Carl-Schurz-Stra�e                                                                                  ,5100316,2018,3,10,4,3,2,6,0,0,1,0,0,0,0,0,784467,9663,5828879,634
198792,11,5,5010206,G�tersloher Weg,5100208,2018,3,14,4,3,5,2,0,1,1,0,0,0,0,0,782364,715,5830494,274
198793,11,9,9020501,Obersch�neweide West,9200510,2018,3,17,3,3,5,3,1,0,1,0,0,0,1,1,806607,163,5822762,808
198794,11,1,1011103,L�tzowstra�e                                                                                        ,1100103,2018,3,18,3,3,2,6,1,0,1,0,0,0,0,0,795264,1925,5826017,49
198795,11,1,1044103,Westliche M�llerstra�e                                                                              ,1400942,2018,3,14,4,3,3,6,0,0,1,0,0,0,0,0,794773,3329,5830362,43
198796,11,11,11020515,Landsberger Allee,11200514,2018,3,12,3,2,3,6,0,0,1,0,0,0,0,0,803402,335,5829999,897
198797,11,7,7040401,Neu-Tempelhof,7400721,2018,3,14,4,3,5,3,0,1,1,0,0,0,0,0,797311,1156,5823515,212
198798,11,6,6010206,Stadtpark,6100206,2018,3,18,3,2,6,4,2,1,0,1,0,0,0,2,794785,7468,5819841,501
198799,11,11,11030720,Herzbergstra�e,11300721,2018,3,13,4,3,5,3,0,1,1,0,0,0,0,0,804919,1845,5829940,732
198800,11,7,7040403,Manteuffelstra�e                                                                                    ,7400825,2018,3,13,3,3,3,6,0,1,1,0,0,0,0,0,797830,557,5820780,504
198801,11,9,9020501,Obersch�neweide West,9200510,2018,3,10,3,3,0,7,0,1,0,0,0,0,0,0,806946,4711,5823355,609
198802,11,1,1011303,Alexanderplatzviertel,1100310,2018,3,13,4,3,2,6,0,0,1,0,0,0,1,0,799043,128,5827583,914
198803,11,6,6030503,Zehlendorf Mitte                                                                                    ,6300526,2018,3,14,3,3,6,4,0,0,1,1,0,0,0,1,789539,9931,5817433,259
198804,11,6,6040810,Dahlem,6400844,2018,3,15,3,3,5,2,0,0,1,0,0,0,0,0,790160,9051,5819783,408
198805,11,10,10040828,Kaulsdorf Nord                                                                                      ,10400835,2018,3,12,4,3,2,2,0,0,1,0,0,0,0,0,812323,9847,5829699,343
198806,11,6,6010101,Fichtenberg,6100101,2018,3,8,4,3,1,5,0,1,1,0,0,0,1,0,793173,5311,5820501,54
198807,11,3,3050923,Wei�enseer Spitze,3500934,2018,3,13,3,3,6,4,0,0,1,1,0,0,0,1,800740,9757,5831698,866
198808,11,11,11051331,Karlshorst Nord,11501340,2018,3,6,4,3,5,2,0,1,1,0,0,0,0,0,807314,8842,5824798,191
198809,11,8,8041036,Zittauer Stra�e,8401242,2018,3,7,4,3,5,3,0,0,1,0,0,0,0,1,805276,6919,5817240,458
198810,11,7,7020201,Bayerischer Platz,7200307,2018,3,16,3,3,1,5,0,1,1,0,0,0,0,0,794647,6419,5824659,14
198811,11,2,2030402,Wrangelkiez,2300419,2018,3,7,4,3,5,3,0,1,1,0,0,0,0,0,801989,4605,5825599,604
198812,11,2,2010102,Mehringplatz,2100102,2018,3,7,4,3,1,5,0,0,1,0,0,0,1,0,798171,3468,5825848,856
198813,11,12,12301203,Wittenau S�d                                                                                        ,12500930,2018,3,16,3,3,5,2,0,1,1,0,0,0,0,0,792846,5597,5835131,477
198814,11,4,4051448,Schaperstra�e,4501045,2018,3,10,3,2,5,2,0,1,1,0,0,0,0,0,793965,8941,5824966,37
198815,11,6,6020408,Lichterfelde S�d                                                                                    ,6200420,2018,3,7,4,3,0,5,0,0,1,0,0,0,1,0,792872,9614,5815412,654
198816,11,4,4051551,Brabanter Platz,4501148,2018,3,16,3,3,5,2,0,0,1,0,0,0,0,0,792824,1975,5823221,775
198817,11,7,7020203,Kaiser-Wilhelm-Platz,7200410,2018,3,7,4,3,5,2,0,1,1,0,0,0,0,0,795523,9284,5823860,297
198818,11,3,3040614,Pankow Zentrum                                                                                      ,3400721,2018,3,8,3,3,5,3,0,0,1,0,0,0,0,0,798256,399,5832668,421
198819,11,3,3061429,Greifswalder Stra�e,3601449,2018,3,8,4,3,5,3,0,1,1,0,0,0,0,0,801940,1956,5830653,944
198820,11,1,1011204,Leipziger Stra�e                                                                                    ,1100207,2018,3,9,4,3,5,2,0,0,1,0,1,0,0,0,798698,7787,5827084,181
198821,11,1,1011203,Unter den Linden S�d,1100206,2018,3,9,4,3,0,7,0,0,1,0,0,0,0,0,797523,8734,5827209,731
198822,11,6,6030609,Augustaplatz,6300633,2018,3,8,4,3,2,6,0,0,1,0,0,0,1,1,792319,972,5819290,433
198823,11,1,1011204,Leipziger Stra�e                                                                                    ,1100207,2018,3,8,3,3,5,7,0,1,0,0,0,1,0,1,798320,8556,5827444,14
198824,11,12,12304314,Ziekowstra�e/Freie Scholle,12500824,2018,4,14,2,3,5,3,0,0,1,0,0,0,0,0,790887,3002,5835434,326
198825,11,4,4051446,Preu�enpark,4501043,2018,4,16,2,3,9,7,0,0,1,0,0,0,0,0,792753,7303,5824448,573
198826,11,1,1011204,Leipziger Stra�e                                                                                    ,1100207,2018,4,9,3,3,2,6,0,0,1,0,1,0,0,1,798397,208,5826961,213
198827,11,1,1011402,Arkonaplatz,1100416,2018,4,9,2,3,1,5,0,1,1,0,0,0,0,0,798533,7777,5829163,401
198828,11,7,7040401,Neu-Tempelhof,7400721,2018,4,9,3,3,6,2,0,0,1,1,0,0,0,1,798343,1357,5823947,435
198829,11,2,2020206,Graefekiez,2200213,2018,4,15,2,3,5,2,0,1,1,0,0,0,0,0,799568,4071,5824909,705
198830,11,8,8010213,K�rnerpark,8100208,2018,4,8,3,2,2,7,0,0,1,0,0,0,1,1,801582,8247,5822854,258
198831,11,12,12224230,Heiligensee,12400619,2018,4,8,3,3,5,3,0,0,1,0,0,0,0,1,786748,879,5837683,116
198832,11,5,5010208,Germersheimer Platz,5100210,2018,4,9,2,3,1,5,0,0,1,0,1,0,0,0,783577,2004,5829617,241
198833,11,6,6030605,Botanischer Garten,6300629,2018,4,7,3,3,2,6,0,0,1,0,0,0,0,1,791765,344,5819277,35
198834,11,7,7040405,Rathaus Tempelhof,7400927,2018,4,7,3,3,5,3,0,0,1,0,0,0,0,1,798635,743,5820659,994
198835,11,12,12301203,Wittenau S�d                                                                                        ,12500930,2018,4,15,2,2,4,7,0,0,1,0,0,0,0,0,793405,612,5834803,287
198836,11,8,8020727,Buckow Mitte,8200832,2018,4,6,3,3,5,2,0,1,1,0,0,0,0,1,800314,6767,5816750,647
198837,11,7,7010104,Dennewitzplatz,7100206,2018,4,12,2,3,5,2,0,1,1,0,0,0,0,0,796029,863,5824492,97
198838,11,1,1011102,Gro�er Tiergarten,1100102,2018,4,6,3,3,5,3,1,0,1,0,0,0,0,1,795049,3638,5827191,76
198839,11,2,2010103,Moritzplatz,2100105,2018,4,9,2,3,2,2,0,0,1,0,0,0,0,0,799445,543,5825670,491
198840,11,2,2020203,Viktoriapark,2200208,2018,4,0,3,3,5,5,2,0,1,0,0,0,0,0,797586,4393,5824990,661
198841,11,11,11030720,Herzbergstra�e,11300721,2018,4,10,2,3,6,7,0,0,1,1,0,0,1,0,804925,856,5829900,934
198842,11,10,10010308,Marzahner Chaussee,10100311,2018,4,10,2,3,5,2,0,0,1,0,1,0,0,0,806495,3017,5829454,646
198843,11,12,12231102,Frohnau,12400721,2018,4,9,3,3,5,3,0,1,1,0,0,0,0,0,791309,8867,5840598,956
198844,11,3,3061228,Erich-Weinert-Stra�e,3601245,2018,4,7,2,2,5,3,0,1,1,0,0,0,0,0,800164,5079,5830949,156
198845,11,5,5030833,Motardstra�e                                                                                        ,5300840,2018,4,7,2,3,2,2,0,0,1,0,0,0,0,0,788595,5048,5829322,45
198846,11,3,3061332,Helmholtzplatz,3601348,2018,4,8,3,3,1,5,0,0,1,0,1,0,0,0,799849,9178,5830825,118
198847,11,7,7060604,Marienfelde S�d,7601341,2018,4,5,2,2,5,3,1,1,0,0,0,1,0,0,798093,4291,5814982,731
198848,11,5,5010101,Hakenfelde Nord,5100101,2018,4,14,2,3,1,5,0,0,1,0,1,0,0,0,785188,634,5832346,449
198849,11,3,3061430,Volkspark Prenzlauer Berg,3601450,2018,4,7,2,3,1,5,0,1,0,0,0,0,1,0,802271,2468,5829285,98
198850,11,11,11040926,Weitlingstra�e,11400931,2018,4,11,3,2,0,2,0,0,0,0,1,0,1,1,805934,8176,5827104,349
198851,11,6,6030504,Teltower Damm,6300528,2018,4,8,2,2,9,1,0,0,1,0,0,0,0,0,789970,139,5816231,196
198852,11,12,12302110,Dannenwalder Weg,12601235,2018,4,20,2,3,5,3,2,0,1,0,0,0,0,0,794826,2593,5836298,614
198853,11,4,4030623,Ernst-Reuter-Platz,4300622,2018,4,12,2,3,0,1,0,0,0,0,1,0,0,0,793559,8472,5826083,856
198854,11,3,3061429,Greifswalder Stra�e,3601449,2018,4,19,2,3,0,3,1,1,1,0,0,0,0,0,801181,2045,5830698,636
198855,11,1,1022206,L�neburger Stra�e                                                                                   ,1200628,2018,4,15,2,3,0,7,0,1,0,0,0,0,0,0,796129,5007,5828135,447
198856,11,10,10030727,Biesdorf S�d                                                                                        ,10300734,2018,4,18,2,3,2,1,0,0,1,0,0,0,0,0,808807,5611,5826349,914
198857,11,2,2030302,Lausitzer Platz,2300315,2018,4,16,1,3,3,6,0,1,1,0,0,0,0,0,800406,1456,5825795,736
198858,11,12,12231101,Hermsdorf,12400722,2018,4,15,2,3,5,2,0,1,1,0,0,0,0,0,791128,658,5838280,716
198859,11,9,9051901,Dammvorstadt,9501939,2018,4,17,1,3,2,6,0,0,1,0,0,0,0,0,809659,6682,5821487,61
198860,11,4,4030930,George-Grosz-Platz,4501041,2018,4,7,1,3,8,1,0,0,1,0,0,0,0,0,792969,6683,5825362,909
198861,11,11,11010205,Falkenberg West,11100204,2018,4,13,3,3,0,3,0,0,1,0,0,0,1,0,806685,1136,5833405,647
198862,11,8,8010118,Silbersteinstra�e,8100105,2018,4,15,2,3,2,6,0,0,1,0,0,0,0,0,801057,2633,5822031,349
198863,11,12,12214125,Waldidyll/Flughafensee,12200412,2018,4,13,1,3,1,5,0,0,1,0,0,0,0,0,790780,5561,5833708,96
198864,11,3,3010104,Lietzengraben,3100101,2018,4,14,2,3,5,3,0,1,1,0,0,0,0,0,800112,6,5840244,839
198865,11,2,2030401,Reichenberger Stra�e,2300417,2018,4,12,1,3,5,3,0,1,1,0,0,0,0,0,800597,6012,5825201,757
198866,11,7,7040404,Marienh�he,7400826,2018,4,15,3,2,5,2,0,0,1,0,1,0,0,0,796643,6066,5819974,659
198867,11,5,5020626,Adamstra�e                                                                                          ,5200630,2018,4,12,2,2,2,6,0,0,1,0,1,0,0,0,783342,2393,5827666,83
198868,11,6,6040806,Fischtal,6400840,2018,4,3,1,3,1,1,2,1,1,0,0,0,0,0,789378,5008,5819198,948
198869,11,2,2010102,Mehringplatz,2100102,2018,4,22,1,3,5,3,2,0,1,0,0,0,0,0,798332,9857,5825619,395
198870,11,6,6020303,Lankwitz Kirche                                                                                     ,6200313,2018,4,17,2,3,2,6,0,0,1,0,0,0,0,0,795196,955,5818751,793
198871,11,10,10030727,Biesdorf S�d                                                                                        ,10300734,2018,4,12,2,3,2,6,0,0,1,0,0,0,0,0,809585,7188,5824200,58
198872,11,4,4030724,Lietzensee,4300415,2018,4,21,1,3,1,5,2,0,1,0,0,0,0,0,790865,4294,5826014,783
198873,11,10,10030727,Biesdorf S�d                                                                                        ,10300734,2018,4,11,2,3,2,6,0,0,1,0,0,0,0,0,809542,913,5827048,986
198874,11,5,5020625,Borkumer Stra�e                                                                                     ,5200629,2018,4,15,2,3,8,1,0,0,1,0,0,0,0,0,784761,68,5828734,599
198875,11,3,3020209,Niedersch�nhausen,3200206,2018,4,18,1,2,6,2,0,0,1,1,0,0,0,0,798343,935,5834830,5
198876,11,7,7040403,Manteuffelstra�e                                                                                    ,7400823,2018,4,17,3,3,9,1,0,0,1,0,0,0,0,0,797285,266,5821316,624
198877,11,8,8030829,Gropiusstadt Nord,8300934,2018,4,21,2,3,5,3,2,0,1,0,0,0,0,0,802978,1495,5818314,796
198878,11,2,2020206,Graefekiez,2200213,2018,4,15,1,3,5,2,0,1,1,0,0,0,0,0,799560,4764,5824887,924
198879,11,12,12224230,Heiligensee,12400619,2018,4,21,2,3,0,1,2,0,0,0,1,0,0,0,787081,912,5836454,217
198880,11,2,2030302,Lausitzer Platz,2300315,2018,4,14,1,3,6,4,0,0,1,1,0,0,0,0,800557,1239,5825806,656
198881,11,10,10020622,Kaulsdorf Nord I                                                                                    ,10200629,2018,4,22,1,3,5,3,2,0,1,0,0,0,0,1,810901,3159,5828135,809
198882,11,2,2020204,Urbanstra�e,2200210,2018,4,20,1,2,5,2,2,1,1,0,0,0,0,1,798311,3362,5825327,503
198883,11,2,2030301,Oranienplatz,2300314,2018,4,14,1,3,5,2,0,0,1,0,0,0,0,0,799721,118,5826051,275
198884,11,3,3040512,Wilhelmsruh,3400619,2018,4,19,1,2,1,7,1,0,1,0,0,0,0,1,796704,5433,5835802,362