OBJECTID,LAND,BEZ,LOR,STRASSE,LOR_ab_2021,UJAHR,UMONAT,USTUNDE,UWOCHENTAG,UKATEGORIE,UART,UTYP1,ULICHTVERH,IstRad,IstPKW,IstFuss,IstKrad,IstGkfz,IstSonstig,STRZUSTAND,LINREFX,LINREFY,XGCSWGS84,YGCSWGS84
198885,11,2,2040701,Andreasviertel,2400521,2018,4,16,1,3,5,3,0,0,1,0,0,0,0,1,800718,275,5827875,502
198886,11,1,1011301,Charit�viertel,1100308,2018,4,13,1,3,5,3,0,1,1,0,0,0,0,0,796954,644,5828917,376
198887,11,9,9010401,Johannisthal West,9100407,2018,4,22,1,3,8,1,2,0,1,0,0,0,0,1,805153,427,5821478,44
198888,11,3,3010104,Lietzengraben,3100101,2018,4,14,1,2,5,7,0,0,1,0,0,0,0,1,800858,6433,5838764,141
198889,11,9,9041601,M�ggelheim,9401635,2018,4,13,1,3,5,3,0,0,1,0,1,0,0,0,816989,3432,5817124,74
198890,11,8,8020727,Buckow Mitte,8200832,2018,4,7,2,3,6,2,0,0,1,1,0,0,0,0,800321,6358,5816737,598
198891,11,9,9020701,Adlershof West,9200715,2018,4,16,2,3,5,2,0,0,1,0,1,0,0,0,807713,6256,5818112,781
198892,11,1,1033101,Soldiner Stra�e                                                                                     ,1300730,2018,4,14,1,3,0,5,0,0,1,0,0,0,1,1,796638,2421,5832336,272
198893,11,10,10020622,Kaulsdorf Nord I                                                                                    ,10200629,2018,4,12,1,3,5,2,0,1,1,0,0,0,0,0,810542,7851,5827967,297
198894,11,2,2040502,Friedenstra�e,2400521,2018,4,13,1,3,2,2,0,0,1,0,0,0,0,1,801249,38,5827831,795
198895,11,10,10020622,Kaulsdorf Nord I                                                                                    ,10200629,2018,4,10,1,3,5,7,0,0,1,0,0,0,0,0,810378,5507,5827950,447
198896,11,5,5010206,G�tersloher Weg,5100208,2018,4,10,1,3,5,2,0,0,1,0,0,0,0,1,782366,3126,5830500,679
198897,11,6,6030610,Lichterfelde West                                                                                   ,6300634,2018,4,14,2,2,5,2,0,0,1,0,1,0,0,0,792290,1989,5818588,935
198898,11,9,9010402,Johannisthal Ost,9100409,2018,4,6,1,3,9,1,2,0,1,0,0,0,0,1,806771,4429,5818378,497
198899,11,11,11040926,Weitlingstra�e,11400929,2018,4,9,2,3,2,2,0,0,1,0,0,0,0,0,805355,1297,5827377,365
198900,11,4,4010101,Jungfernheide,4100101,2018,4,16,1,3,0,6,0,0,1,0,0,0,1,0,790446,255,5829039,885
198901,11,7,8020726,Buckow West,8200831,2018,4,1,1,3,3,6,2,0,1,0,0,0,0,1,799301,3272,5816285,89
198902,11,4,4030828,Savignyplatz,4300624,2018,4,7,1,3,2,7,0,0,1,0,0,0,0,0,792861,107,5826158,884
198903,11,6,6020306,Lankwitz S�d                                                                                        ,6200317,2018,4,22,2,2,5,2,2,0,1,0,1,0,0,0,796364,8605,5816702,848
198904,11,4,4031032,Halensee,4500937,2018,4,14,2,2,5,2,0,0,1,0,1,0,0,0,790966,3484,5824814,821
198905,11,1,1011302,Oranienburger Stra�e                                                                                ,1100309,2018,4,17,1,3,0,1,0,1,0,0,0,0,0,0,798546,7328,5828973,138
198906,11,8,8041035,Blumenviertel,8401241,2018,4,1,1,3,6,7,2,0,1,1,0,0,0,1,804776,9215,5817859,986
198907,11,3,3050924,Behaimstra�e,3500935,2018,3,18,7,3,0,3,1,1,1,0,0,0,0,0,801622,1429,5831634,158
198908,11,6,6040810,Dahlem,6400844,2018,4,14,1,1,0,3,0,1,1,0,0,0,0,0,790970,3213,5820710,827
198909,11,2,2030302,Lausitzer Platz,2300316,2018,4,18,2,3,5,5,0,0,1,0,1,0,0,0,801075,9438,5826322,584
198910,11,6,6020409,K�nigsberger Stra�e                                                                                 ,6200421,2018,4,19,1,3,2,6,0,0,1,0,1,0,0,0,793452,3658,5817170,27
198911,11,9,9051701,Hirschgarten,9501736,2018,3,12,7,3,5,3,0,1,1,0,0,0,0,0,813655,7793,5821708,426
198912,11,5,5010312,Kurstra�e                                                                                           ,5100314,2018,4,12,1,2,5,3,0,1,1,0,0,0,0,0,784907,8337,5830123,697
198913,11,1,1011204,Leipziger Stra�e                                                                                    ,1100207,2018,3,12,7,3,2,6,0,0,1,0,0,0,0,1,798634,6925,5827038,47
198914,11,11,11020514,Gro�e-Leege-Stra�e,11200513,2018,4,19,7,3,5,3,2,1,1,0,0,0,0,0,804727,3301,5831202,269
198915,11,12,12231102,Frohnau,12400721,2018,4,7,2,3,5,3,0,1,1,0,0,0,0,0,790284,49,5840138,419
198916,11,5,5010314,Carl-Schurz-Stra�e                                                                                  ,5100316,2018,3,20,7,3,6,4,2,0,1,1,0,0,0,1,784700,2213,5828828,126
198917,11,5,5040934,Alt-Gatow,5400942,2018,4,14,7,3,2,6,0,0,1,0,0,0,0,0,783458,4417,5821965,7
198918,11,10,10010308,Marzahner Chaussee,10100311,2018,4,18,7,3,0,6,0,0,1,0,1,0,0,0,806852,6989,5830359,308
198919,11,12,12214424,Scharnweberstra�e                                                                                   ,12200309,2018,3,19,7,3,1,5,2,0,1,0,0,0,0,1,793132,2645,5832632,986
198920,11,8,8041036,Zittauer Stra�e,8401242,2018,4,13,7,3,5,2,0,1,1,0,0,0,0,0,804732,1084,5816209,545
198921,11,4,4041344,R�desheimer Platz,4400835,2018,4,13,7,3,6,4,0,1,0,1,0,0,0,0,793059,2271,5822025,435
198922,11,7,7010102,Nollendorfplatz,7100102,2018,3,19,7,3,2,6,2,0,1,0,0,0,0,1,794977,2537,5824945,543
198923,11,2,2050802,Boxhagener Platz,2500833,2018,4,13,7,2,6,2,0,0,1,1,0,0,0,0,802796,3271,5827218,496
198924,11,9,9020701,Adlershof West,9200715,2018,4,12,7,2,3,6,0,0,1,0,1,0,0,0,809178,958,5818319,534
198925,11,1,1011105,N�rdlicher Landwehrkanal                                                                            ,1100102,2018,3,18,7,3,0,6,0,0,1,0,1,0,0,1,796474,9293,5826312,39
198926,11,2,2010102,Mehringplatz,2100103,2018,4,12,7,3,3,6,0,1,0,0,0,0,0,0,798519,5603,5826508,368
198927,11,7,7010104,Dennewitzplatz,7100205,2018,3,17,7,3,6,2,0,0,1,1,0,0,0,1,796275,8397,5825315,411
198928,11,1,1022206,L�neburger Stra�e                                                                                   ,1200628,2018,4,9,7,3,5,2,0,1,0,0,0,0,1,0,796125,6247,5828422,674
198929,11,9,9051901,Dammvorstadt,9501941,2018,3,16,7,3,2,6,0,0,1,0,0,0,0,1,812096,2172,5820981,872
198930,11,5,5020419,Magistratsweg,5200423,2018,4,8,7,3,5,2,0,0,1,0,0,1,0,0,780873,764,5828322,241
198931,11,9,9020701,Adlershof West,9200715,2018,4,8,7,3,5,3,0,0,1,0,0,0,0,0,808294,7906,5818596,372
198932,11,6,6030502,Zehlendorf S�d                                                                                      ,6300525,2018,4,15,3,2,5,3,0,0,1,0,1,0,0,0,789105,2604,5815563,47
198933,11,9,9010402,Johannisthal Ost,9100409,2018,3,15,7,3,5,3,0,0,1,0,0,0,0,1,806796,4981,5818225,175
198934,11,2,2010103,Moritzplatz,2100104,2018,4,16,7,3,5,2,0,1,1,0,0,0,0,0,799268,4386,5826094,626
198935,11,9,9041501,Altstadt Kietz,9401534,2018,4,17,7,3,1,5,0,1,1,0,0,0,1,0,811062,7869,5820281,723
198936,11,8,8010301,Reuterkiez,8100312,2018,3,15,7,3,1,5,0,0,1,0,0,0,0,1,800796,3773,5824308,734
198937,11,5,5020523,Maulbeerallee,5200527,2018,3,15,7,3,5,2,0,0,1,0,0,0,0,1,782295,107,5827414,699
198938,11,1,1044203,Leopoldplatz,1401048,2018,4,21,4,3,3,6,2,0,1,0,0,1,0,0,795423,3553,5831584,183
198939,11,1,1011302,Oranienburger Stra�e                                                                                ,1100309,2018,4,13,2,3,5,3,0,1,1,0,0,0,0,0,797992,9492,5828907,572
198940,11,9,9030901,Dorf Altglienicke,9300921,2018,4,17,7,3,2,6,0,0,1,0,1,0,0,0,809844,9578,5816535,143
198941,11,4,4030519,Kaiserin-Augusta-Allee,4300518,2018,3,15,7,3,5,7,0,0,1,0,1,0,0,1,792076,6029,5828583,589
198942,11,12,12214424,Scharnweberstra�e                                                                                   ,12200411,2018,4,17,7,3,2,6,0,0,1,0,0,0,0,0,793173,3562,5832274,525
198943,11,3,3050923,Wei�enseer Spitze,3500934,2018,4,16,2,3,4,6,0,1,0,0,0,1,0,0,800467,63,5832015,969
198944,11,1,1044103,Westliche M�llerstra�e                                                                              ,1400942,2018,3,14,7,3,6,4,0,0,1,1,0,0,0,1,795045,3508,5830934,42
198945,11,9,9031101,Gr�nau,9301126,2018,4,16,7,3,0,1,0,0,0,0,1,0,0,0,811037,2288,5816925,273
198946,11,2,2020204,Urbanstra�e,2200210,2018,3,14,7,3,2,3,0,0,1,0,0,0,0,1,798005,1205,5825276,462
198947,11,6,6010101,Fichtenberg,6100101,2018,4,16,7,2,1,1,0,0,1,0,0,0,0,0,792833,2007,5820944,31
198948,11,6,6010209,Feuerbachstra�e                                                                                     ,6100209,2018,4,16,7,3,1,5,0,1,1,0,0,0,0,0,794110,57,5821499,698
198949,11,12,12214422,Klixstra�e                                                                                          ,12200310,2018,4,12,3,3,6,2,0,0,1,1,0,0,0,0,792159,432,5833347,963
198950,11,3,3030406,Alt-Karow,3300413,2018,3,13,7,3,2,2,0,0,1,0,0,0,0,1,803576,4077,5838866,322
198951,11,3,3051022,Hansastra�e,3501038,2018,4,16,7,3,2,6,0,0,1,0,0,0,0,0,803629,3542,5831990,563
198952,11,4,4030417,Schlo�stra�e,4300414,2018,3,12,7,3,2,5,0,0,1,0,0,0,0,1,791814,942,5826917,2
198953,11,9,9041501,Altstadt Kietz,9401534,2018,4,16,7,3,5,2,0,1,0,0,0,0,1,0,811359,494,5820147,27
198954,11,7,7010102,Nollendorfplatz,7100103,2018,3,11,7,2,6,2,0,0,1,1,0,0,0,1,795700,7376,5825467,169
198955,11,8,8030831,Gropiusstadt Ost,8301036,2018,3,10,7,3,5,2,0,1,1,0,0,0,0,1,803731,2971,5817998,38
198956,11,1,1011202,Unter den Linden Nord,1100206,2018,4,23,3,3,9,1,2,0,0,0,1,0,0,0,796932,7332,5827448,352
198957,11,3,3030405,Karow Nord                                                                                          ,3300411,2018,4,16,7,3,5,3,0,0,1,0,1,0,0,0,803641,6331,5839002,528
198958,11,5,5010314,Carl-Schurz-Stra�e                                                                                  ,5100316,2018,3,7,7,3,5,2,0,0,1,0,0,0,0,0,784783,5254,5828807,13
198959,11,8,8041035,Blumenviertel,8401241,2018,3,3,7,3,0,7,2,0,1,0,0,0,0,1,804302,8932,5819675,436
198960,11,6,6040701,Wannsee,6400735,2018,4,15,7,3,5,3,0,0,1,0,1,0,0,0,779429,8281,5815041,346
198961,11,2,2020204,Urbanstra�e,2200210,2018,4,9,2,3,2,6,0,0,1,0,0,0,0,0,798062,702,5824871,258
198962,11,6,6030608,Schweizer Viertel,6300632,2018,4,17,2,3,5,3,0,1,0,0,1,0,0,0,790936,8174,5817056,995
198963,11,12,12301206,L�bars,12500929,2018,4,14,7,3,5,3,0,1,1,0,0,0,0,0,794039,5254,5838143,789
198964,11,5,5010209,An der Kappe,5100211,2018,3,21,7,3,8,7,2,0,1,0,0,0,1,1,783247,1931,5830274,956
198965,11,4,4030930,George-Grosz-Platz,4501041,2018,4,19,3,3,6,7,1,0,1,1,0,0,0,0,793144,5228,5825391,302
198966,11,1,1011401,Invalidenstra�e                                                                                     ,1100415,2018,4,21,7,3,0,1,2,1,0,0,0,0,0,0,798298,1359,5829370,479
198967,11,11,11020516,Wei�e Taube,11200515,2018,3,13,6,3,2,6,0,0,1,0,0,0,0,0,806243,2447,5830307,389
198968,11,4,4030620,Alt-Lietzow,4300619,2018,3,13,6,3,2,6,0,0,1,0,0,0,0,0,792447,9654,5827189,433
198969,11,10,10020414,Helle Mitte,10200421,2018,4,16,7,3,2,2,0,0,1,0,0,0,0,0,812187,8513,5830927,647
198970,11,2,2020204,Urbanstra�e,2200210,2018,3,22,6,3,5,2,2,0,1,0,0,0,0,0,798310,916,5825308,671
198971,11,4,4030930,George-Grosz-Platz,4501041,2018,4,14,6,3,2,6,0,0,1,0,0,0,0,0,793274,317,5825746,176
198972,11,7,7070705,Franziusweg/Rohrbachstra�e                                                                          ,7601546,2018,3,19,6,3,1,1,1,0,1,0,1,0,0,0,799137,7552,5812938,989
198973,11,2,2030402,Wrangelkiez,2300419,2018,3,18,6,2,0,1,1,1,0,0,0,0,0,0,801256,4907,5825665,389
198974,11,12,12301203,Wittenau S�d                                                                                        ,12500930,2018,4,19,3,3,5,2,0,0,1,0,0,0,0,0,792867,8903,5835178,81
198975,11,12,12214125,Waldidyll/Flughafensee,12200412,2018,4,17,6,3,5,7,0,0,1,0,0,0,0,0,790922,1,5833917,825
198976,11,4,4030725,Amtsgerichtsplatz,4300416,2018,3,16,6,2,5,3,0,1,1,0,0,0,0,0,791865,8813,5826237,21
198977,11,5,5030731,Gartenfelder Stra�e                                                                                 ,5300737,2018,3,15,6,3,5,3,0,0,1,0,1,0,0,0,787461,3631,5829582,949
198978,11,1,1022202,Heidestra�e                                                                                         ,1200624,2018,4,15,6,3,0,6,0,0,1,0,1,0,0,0,795547,5682,5829637,13
198979,11,3,3061430,Volkspark Prenzlauer Berg,3601450,2018,4,20,2,3,5,2,1,1,1,0,0,0,0,0,802424,607,5829262,776
198980,11,4,4030931,Breitscheidplatz,4501042,2018,4,9,6,3,3,6,0,0,1,0,0,1,0,0,793518,3979,5825441,323
198981,11,8,8010405,Hertzbergplatz,8100418,2018,3,15,6,3,1,1,0,0,1,0,1,0,0,0,802247,3148,5823839,281
198982,11,4,4030931,Breitscheidplatz,4501042,2018,4,19,3,3,3,6,0,1,0,0,0,0,1,0,793722,4718,5825820,711
198983,11,10,10010102,Havemannstra�e                                                                                      ,10100104,2018,4,9,6,3,5,3,0,0,1,0,0,0,0,0,810262,1857,5833860,205
198984,11,7,7040401,Neu-Tempelhof,7400720,2018,3,14,6,3,5,2,0,1,1,0,0,0,0,0,797765,31,5823656,347
198985,11,3,3010102,Buch,3100102,2018,4,18,6,2,5,2,0,1,1,0,0,0,0,0,804654,38,5841363,3
198986,11,11,11030720,Herzbergstra�e,11300721,2018,3,13,6,3,2,6,0,0,1,0,0,0,0,0,805555,8108,5830060,888
198987,11,12,12103115,Breitkopfbecken,12100103,2018,4,18,3,3,5,2,0,0,1,0,0,0,0,0,795391,2878,5833996,924
198988,11,4,4041343,Binger Stra�e,4400834,2018,4,11,6,3,0,6,0,0,1,0,0,0,0,0,792635,726,5823022,723
198989,11,1,1044202,Sparrplatz,1401046,2018,4,23,6,3,5,2,2,0,1,0,0,0,0,0,794898,1069,5830243,84
198990,11,4,4030415,Schlo�garten,4300412,2018,4,15,3,3,3,6,0,0,1,0,1,0,0,0,791338,6704,5827467,609
198991,11,8,8030829,Gropiusstadt Nord,8300934,2018,3,11,6,3,2,2,0,0,0,0,1,0,1,0,803666,8036,5818058,755
198992,11,1,1011102,Gro�er Tiergarten,1100102,2018,4,19,6,3,2,6,1,0,1,0,0,0,0,0,795014,8197,5827225,277
198993,11,7,7040403,Manteuffelstra�e                                                                                    ,7400824,2018,4,18,6,3,2,6,1,0,1,0,0,0,0,0,797844,8969,5822041,925
198994,11,11,11010309,Zingster Stra�e West,11100308,2018,3,10,6,3,5,2,0,1,1,0,0,0,0,0,804418,2644,5833388,613
198995,11,12,12301206,L�bars,12500929,2018,4,18,6,3,6,4,0,0,1,1,0,0,0,0,795409,5614,5837493,127
198996,11,1,1011102,Gro�er Tiergarten,1100102,2018,3,22,6,2,0,7,2,0,0,0,0,0,1,0,796445,8536,5827808,282
198997,11,7,7040403,Manteuffelstra�e                                                                                    ,7400825,2018,4,18,6,3,6,4,0,1,0,1,0,0,0,0,797830,5846,5820780,685
198998,11,11,11051331,Karlshorst Nord,11501340,2018,4,19,2,3,6,4,1,0,1,1,0,0,0,0,807252,1538,5824395,134
198999,11,11,11030618,Fennpfuhl West,11300617,2018,4,17,6,3,8,1,0,0,1,0,0,0,0,0,803369,776,5829660,31
199000,11,9,9020601,Schnellerstra�e                                                                                     ,9200613,2018,3,12,5,3,2,6,0,0,1,0,0,1,0,1,806032,958,5821929,887
199001,11,1,1011304,Karl-Marx-Allee,1100311,2018,4,18,3,3,5,2,0,1,1,0,0,0,0,0,799740,8942,5827579,982
199002,11,8,8010406,Treptower Stra�e Nord,8100419,2018,4,17,6,3,5,2,0,1,1,0,0,0,0,0,802526,2376,5824230,147
199003,11,5,5020523,Maulbeerallee,5200527,2018,3,9,5,3,2,6,0,0,1,0,0,0,0,0,783321,3814,5827684,776
199004,11,1,1044203,Leopoldplatz,1401049,2018,4,17,6,3,5,2,0,1,1,0,0,0,0,0,795900,6302,5831965,256
199005,11,5,5010314,Carl-Schurz-Stra�e                                                                                  ,5100316,2018,3,20,5,3,5,2,2,0,1,0,1,0,0,0,784848,755,5829233,978
199006,11,7,7050503,Eisenacher Stra�e                                                                                   ,7501031,2018,4,16,6,3,2,6,0,0,1,0,0,0,0,0,798942,38,5819562,405
199007,11,4,4041342,Schlangenbader Stra�e,4400833,2018,4,17,6,2,5,3,0,0,1,0,0,0,0,0,792054,925,5822463,378
199008,11,4,4020310,Park Ruhwald,4200308,2018,4,14,3,2,5,2,0,0,1,0,1,0,0,0,789835,8862,5827385,457
199009,11,1,1011306,Heine-Viertel Ost,1100313,2018,3,20,5,3,3,6,2,1,1,0,0,0,0,0,800274,4838,5826811,133
199010,11,3,3061227,Humannplatz,3601243,2018,4,17,6,3,1,5,0,1,1,0,0,0,0,0,799613,183,5831283,754
199011,11,3,3071536,Teutoburger Platz,3701554,2018,3,19,5,3,5,7,1,0,1,0,1,0,0,0,798991,1662,5829569,581
199012,11,4,4041241,Breite Stra�e,4400832,2018,4,16,6,3,0,2,0,1,1,0,0,0,0,0,791720,2956,5822410,465
199013,11,12,12302110,Dannenwalder Weg,12601235,2018,3,18,5,3,0,2,1,1,1,0,0,0,0,0,795344,3425,5836375,99
199014,11,12,12301203,Wittenau S�d                                                                                        ,12500930,2018,4,16,6,3,5,2,0,1,1,0,0,0,0,0,792850,6731,5835170,72
199015,11,1,1044202,Sparrplatz,1401046,2018,3,18,5,3,5,3,0,1,1,0,0,0,0,0,794623,9514,5829871,501
199016,11,12,12214424,Scharnweberstra�e                                                                                   ,12200411,2018,3,17,5,3,2,2,0,0,1,0,0,0,0,0,793089,5269,5832225,158
199017,11,4,4010102,Pl�tzensee,4100101,2018,4,17,3,3,5,2,0,0,1,0,0,0,1,0,793341,1861,5829717,405
199018,11,11,11030618,Fennpfuhl West,11300617,2018,4,15,6,3,2,6,0,0,1,0,0,0,0,0,803313,6388,5829635,48
199019,11,8,8041035,Blumenviertel,8401241,2018,3,16,5,3,5,2,0,0,1,0,0,0,1,0,804062,841,5818546,232
199020,11,10,10010102,Havemannstra�e                                                                                      ,10100102,2018,3,16,5,3,5,3,0,0,1,0,0,0,0,0,809552,7556,5834188,28
199021,11,1,1011303,Alexanderplatzviertel,1100310,2018,4,15,6,3,0,1,0,0,1,0,1,0,0,0,799218,5625,5828935,472
199022,11,11,11030618,Fennpfuhl West,11300617,2018,4,15,6,3,3,2,0,0,1,0,0,0,0,0,803069,5219,5829534,924
199023,11,9,9020601,Schnellerstra�e                                                                                     ,9200613,2018,4,11,3,3,5,3,0,1,1,0,0,0,0,0,805825,6059,5821877,402
199024,11,8,8010214,Glasower Stra�e,8100209,2018,3,15,5,3,2,6,0,0,1,0,0,0,0,0,801751,9234,5822052,355
199025,11,8,8020620,Tempelhofer Weg,8200624,2018,4,15,6,2,6,4,0,0,1,1,0,0,0,0,800954,4218,5820982,967
199026,11,4,4051549,Rathaus Wilmersdorf,4501146,2018,3,15,5,3,5,2,0,1,1,0,0,0,0,0,792853,135,5823935,6
199027,11,1,1033201,Brunnenstra�e                                                                                       ,1300834,2018,4,15,6,2,6,4,0,0,1,1,0,0,0,0,797800,1871,5830488,799
199028,11,11,11041128,Sewanstra�e,11401136,2018,3,14,5,3,5,3,0,0,1,0,0,0,1,0,805977,8237,5826274,451
199029,11,12,12103116,Hausotterplatz,12100102,2018,3,14,5,3,6,4,0,0,1,1,0,0,0,0,796281,8597,5833224,179
199030,11,3,3020307,Buchholz,3200308,2018,4,16,3,3,0,3,0,0,1,0,1,0,0,0,799695,8009,5837331,421
199031,11,11,11020412,Hauptstra�e,11200411,2018,4,13,6,3,0,6,0,1,0,0,0,0,0,0,804968,7587,5831424,134
199032,11,6,6020303,Lankwitz Kirche                                                                                     ,6200313,2018,3,13,5,3,0,2,0,0,1,0,0,0,0,0,795203,723,5818287,256
199033,11,9,9051801,Rahnsdorf/Hessenwinkel,9501838,2018,3,13,5,3,5,3,0,0,1,0,0,0,0,0,818393,5421,5820637,964
199034,11,1,1011203,Unter den Linden S�d,1100206,2018,4,12,6,3,5,3,0,0,1,0,0,0,0,0,797608,2681,5827116,436
199035,11,1,1011202,Unter den Linden Nord,1100206,2018,3,12,5,3,3,6,0,1,0,0,0,0,1,0,797176,6814,5827592,211
199036,11,1,1022103,Westhafen,1200517,2018,4,14,3,2,0,7,0,0,1,1,0,1,0,0,795634,7339,5829752,764
199037,11,4,4030518,Tegeler Weg,4300517,2018,4,12,6,3,5,2,0,1,1,0,0,0,0,0,791486,7058,5828169,474
199038,11,12,12214422,Klixstra�e                                                                                          ,12200310,2018,3,12,5,3,2,6,0,0,1,0,0,0,0,0,792113,2542,5832942,968
199039,11,3,3040512,Wilhelmsruh,3400619,2018,4,11,6,2,5,2,0,1,1,0,0,0,0,0,795628,498,5835625,105
199040,11,4,4030519,Kaiserin-Augusta-Allee,4300518,2018,4,22,2,3,3,6,2,0,1,0,0,0,0,0,791248,403,5828969,7
199041,11,9,9052001,K�penick Nord                                                                                       ,9502043,2018,3,11,5,3,6,3,0,0,1,1,0,0,0,1,810546,5406,5823192,359
199042,11,10,10030726,Alt-Biesdorf,10300733,2018,4,11,6,3,0,3,0,0,1,0,1,0,0,0,809036,8321,5827223,526
199043,11,7,7010102,Nollendorfplatz,7100102,2018,3,11,5,3,5,3,0,1,1,0,0,0,0,1,795390,5757,5825193,18
199044,11,1,1011301,Charit�viertel,1100308,2018,4,13,3,3,2,6,0,0,0,0,1,1,0,0,797160,1463,5828795,7
199045,11,8,8010213,K�rnerpark,8100208,2018,4,9,6,3,6,2,0,0,1,1,0,0,0,0,801442,5584,5822512,335
199046,11,1,1011204,Leipziger Stra�e                                                                                    ,1100207,2018,3,10,5,3,2,6,0,0,1,0,0,1,0,1,798695,5783,5827086,662
199047,11,4,4041344,R�desheimer Platz,4400835,2018,3,10,5,3,1,5,0,1,1,0,0,0,0,1,793160,663,5822104,622
199048,11,5,5010313,Ackerstra�e                                                                                         ,5100315,2018,4,12,3,3,6,7,0,0,1,1,0,0,0,0,784998,221,5829853,288
199049,11,10,10010308,Marzahner Chaussee,10100311,2018,4,14,2,3,5,2,0,0,1,0,0,0,0,0,806448,158,5829905,74
199050,11,10,10040931,Mahlsdorf Nord                                                                                      ,10400938,2018,4,8,6,3,5,3,0,1,1,0,0,0,0,0,812864,5453,5828233,892
199051,11,11,11030720,Herzbergstra�e,11300721,2018,3,9,5,3,6,4,0,0,1,1,0,0,0,1,805800,2405,5830087,467
199052,11,10,10010308,Marzahner Chaussee,10100311,2018,3,9,5,3,2,6,0,0,1,0,0,0,1,1,806660,8686,5830248,292
199053,11,7,7040401,Neu-Tempelhof,7400720,2018,4,9,6,3,5,7,0,0,1,0,0,0,0,0,797611,6292,5823662,94
199054,11,1,1044201,Reinickendorfer Stra�e                                                                              ,1401044,2018,4,20,2,2,6,4,2,1,0,1,0,0,0,0,796448,842,5831651,399
199055,11,4,4030827,Karl-August-Platz,4300623,2018,4,10,6,3,0,7,0,0,1,0,0,0,0,0,792015,7308,5826108,858
199056,11,2,2040503,Richard-Sorge-Viertel,2400522,2018,3,8,5,3,3,6,0,1,1,0,0,0,0,0,801372,821,5827936,777
199057,11,4,4041134,Bismarckallee,4400726,2018,4,12,3,3,2,6,0,0,1,0,0,0,0,0,790857,3346,5824365,23
199058,11,5,5010102,Goltzstra�e,5100103,2018,4,17,2,3,2,6,0,1,1,0,0,0,0,0,785342,5717,5831883,268
199059,11,6,6020303,Lankwitz Kirche                                                                                     ,6200313,2018,4,9,6,3,8,1,0,0,0,0,1,0,0,0,795405,3545,5818412,92
199060,11,8,8041036,Zittauer Stra�e,8401242,2018,3,8,5,2,5,7,0,0,1,0,0,0,0,1,805217,6358,5817318,114
199061,11,5,5040938,Kafkastra�e                                                                                         ,5400945,2018,4,17,3,3,8,1,0,0,0,0,1,0,0,0,780802,8141,5819245,345
199062,11,6,6010206,Stadtpark,6100206,2018,4,20,6,3,2,6,2,0,1,0,0,0,0,0,794754,8146,5820066,24
199063,11,7,7060601,Marienfelder Allee Nordwest,7601236,2018,3,8,5,3,0,5,0,0,0,0,0,0,1,1,795943,4505,5816259,988
199064,11,10,10040933,Mahlsdorf S�d                                                                                       ,10400941,2018,4,12,5,3,5,3,0,1,1,0,0,0,0,0,812684,5141,5825384,1
199065,11,11,11041128,Sewanstra�e,11401137,2018,3,1,5,2,5,2,2,0,1,0,0,0,1,1,806861,6842,5826379,547
199066,11,1,1011304,Karl-Marx-Allee,1100311,2018,4,12,3,3,5,3,0,0,1,0,1,0,0,0,799670,9716,5827885,6
199067,11,1,1011401,Invalidenstra�e                                                                                     ,1100415,2018,4,17,5,3,5,7,0,0,1,0,1,0,0,0,798436,3474,5829161,559
199068,11,1,1011105,N�rdlicher Landwehrkanal                                                                            ,1100102,2018,4,16,5,3,2,6,0,0,1,0,0,0,0,1,795277,5994,5826627,955
199069,11,1,1044102,Schillerpark,1400939,2018,3,12,5,3,5,3,0,1,1,0,0,0,0,0,795281,7658,5831729,387
199070,11,11,11051332,Karlshorst S�d,11501341,2018,4,16,5,3,0,1,0,1,1,0,0,0,0,0,806277,446,5824457,837
199071,11,4,4010101,Jungfernheide,4100101,2018,4,18,2,2,0,1,0,0,0,0,0,0,1,0,791136,1746,5829463,334
199072,11,1,1011304,Karl-Marx-Allee,1100311,2018,4,12,5,3,5,2,0,1,1,0,0,0,0,0,799708,21,5827833,7
199073,11,12,12214527,Alt-Tegel,12200515,2018,3,9,4,3,0,3,0,1,0,0,0,0,1,0,790001,703,5834727,279
199074,11,2,2040503,Richard-Sorge-Viertel,2400522,2018,4,12,3,3,5,7,0,0,1,0,0,0,1,0,801405,9945,5828737,233
199075,11,11,11020514,Gro�e-Leege-Stra�e,11200513,2018,4,15,5,3,0,4,0,0,0,1,0,0,1,0,804183,4062,5830662,954