OBJECTID,LAND,BEZ,LOR,STRASSE,LOR_ab_2021,UJAHR,UMONAT,USTUNDE,UWOCHENTAG,UKATEGORIE,UART,UTYP1,ULICHTVERH,IstRad,IstPKW,IstFuss,IstKrad,IstGkfz,IstSonstig,STRZUSTAND,LINREFX,LINREFY,XGCSWGS84,YGCSWGS84
199076,11,6,6010209,Feuerbachstra�e                                                                                     ,6100209,2018,3,16,4,3,2,2,0,0,1,0,0,0,0,0,794776,241,5820910,729
199077,11,8,8030829,Gropiusstadt Nord,8300934,2018,4,14,5,3,0,3,0,0,1,0,0,0,1,0,802771,5966,5818732,627
199078,11,4,4041241,Breite Stra�e,4400832,2018,3,11,4,3,6,2,0,0,1,1,0,0,0,1,791351,6897,5822548,85
199079,11,4,4030726,Droysenstra�e,4500936,2018,4,11,3,3,0,6,0,0,1,0,0,0,1,0,792243,3118,5825361,319
199080,11,4,4030931,Breitscheidplatz,4501042,2018,4,14,5,3,6,4,0,0,1,1,0,0,0,0,794373,1826,5826078,214
199081,11,4,4051448,Schaperstra�e,4501045,2018,4,7,5,3,5,3,0,1,1,0,0,0,0,1,794184,8645,5825305,875
199082,11,3,3020209,Niedersch�nhausen,3200205,2018,4,10,5,2,5,3,0,0,1,0,0,0,0,0,797870,4566,5836018,731
199083,11,12,12214125,Waldidyll/Flughafensee,12200412,2018,3,13,4,2,2,6,0,0,1,0,0,0,0,1,790194,443,5833688,186
199084,11,4,4051551,Brabanter Platz,4501148,2018,4,13,5,3,2,6,0,0,1,0,0,0,0,0,792849,2634,5823255,223
199085,11,7,7040403,Manteuffelstra�e                                                                                    ,7400823,2018,3,14,4,3,2,6,0,0,1,0,0,0,0,1,797354,8936,5821943,639
199086,11,4,4051445,Eisenzahnstra�e,4500939,2018,4,11,3,3,5,3,0,1,1,0,0,0,0,1,792203,8417,5824086,625
199087,11,4,4051448,Schaperstra�e,4501045,2018,4,12,5,3,2,6,0,0,1,0,0,0,0,0,793491,9594,5825112,828
199088,11,9,9020802,K�llnische Vorstadt                                                                                 ,9200819,2018,4,11,5,3,2,6,0,0,1,0,0,0,0,0,810697,2265,5819274,983
199089,11,7,7020203,Kaiser-Wilhelm-Platz,7200409,2018,4,15,3,3,1,5,0,0,1,0,1,0,0,0,795384,4157,5824162,926
199090,11,11,11030721,R�digerstra�e,11300723,2018,3,15,4,3,5,3,0,0,1,0,0,0,0,1,804567,238,5828423,38
199091,11,6,6020409,K�nigsberger Stra�e                                                                                 ,6200421,2018,4,10,5,3,5,2,0,0,1,0,0,0,0,0,793168,83,5817667,383
199092,11,4,4051445,Eisenzahnstra�e,4500939,2018,4,9,5,3,2,6,0,0,1,0,0,0,0,0,792684,7266,5824230,901
199093,11,1,1011203,Unter den Linden S�d,1100206,2018,3,15,4,3,5,3,0,0,1,0,0,0,0,1,797581,1461,5827219,212
199094,11,3,3040614,Pankow Zentrum                                                                                      ,3400722,2018,3,15,4,3,5,3,0,1,1,0,0,0,0,1,798544,8568,5834193,96
199095,11,2,2030302,Lausitzer Platz,2300315,2018,4,11,3,3,5,2,0,0,1,0,0,0,0,0,800453,243,5825772,899
199096,11,2,2040502,Friedenstra�e,2400521,2018,4,8,5,3,5,2,0,0,1,0,0,0,1,0,801248,424,5827823,23
199097,11,9,9020502,Obersch�neweide Ost,9200511,2018,3,15,4,2,5,7,0,0,1,0,0,0,1,1,807300,9986,5821786,951
199098,11,10,10020413,Gut Hellersdorf,10200420,2018,4,7,5,2,5,2,0,1,1,0,0,0,0,0,811832,556,5830491,528
199099,11,1,1011401,Invalidenstra�e                                                                                     ,1100415,2018,4,13,3,2,0,1,0,1,0,0,0,0,0,0,798406,3301,5829212,945
199100,11,12,12301203,Wittenau S�d                                                                                        ,12500930,2018,3,14,4,3,3,6,0,0,1,0,0,0,0,1,794342,31,5834565,822
199101,11,5,5020419,Magistratsweg,5200423,2018,4,5,5,3,5,7,1,0,1,0,1,0,0,0,781749,873,5828426,308
199102,11,12,12103117,Letteplatz,12100101,2018,3,13,4,2,5,3,0,0,1,0,1,0,1,1,796692,1792,5832949,632
199103,11,10,10030727,Biesdorf S�d                                                                                        ,10300734,2018,4,13,3,3,2,6,0,0,1,0,0,0,0,0,809616,1542,5825701,871
199104,11,4,4010102,Pl�tzensee,4100101,2018,3,10,4,3,5,3,0,0,1,0,0,0,0,1,793340,7321,5829720,216
199105,11,4,4010101,Jungfernheide,4100101,2018,4,22,5,3,9,1,2,0,1,0,0,0,0,1,791321,4785,5830671,499
199106,11,9,9010401,Johannisthal West,9100407,2018,3,9,4,3,2,6,0,0,1,0,0,0,0,1,806298,418,5820765,362
199107,11,3,3040818,Pankow S�d                                                                                          ,3500934,2018,4,5,5,3,8,1,2,0,1,0,0,0,0,1,800195,567,5832154,36
199108,11,1,1022106,Elberfelder Stra�e                                                                                  ,1200522,2018,3,9,4,3,5,2,0,1,1,0,0,0,0,1,793701,9835,5828112,444
199109,11,8,8041035,Blumenviertel,8401241,2018,3,8,4,3,2,2,0,1,1,0,0,0,0,1,804755,4647,5818461,475
199110,11,8,8010214,Glasower Stra�e,8100209,2018,4,11,3,3,2,6,0,0,1,0,0,0,0,0,801835,6602,5822380,518
199111,11,3,3071536,Teutoburger Platz,3701554,2018,4,0,5,3,0,1,2,1,0,0,0,0,0,1,798864,4302,5829828,353
199112,11,1,1022206,L�neburger Stra�e                                                                                   ,1200628,2018,3,8,4,3,5,2,0,1,1,0,0,0,0,1,795949,208,5828151,908
199113,11,5,5040936,J�gerallee,5400943,2018,3,20,4,3,5,3,2,0,1,0,0,0,0,0,780247,9861,5821102,42
199114,11,3,3061228,Erich-Weinert-Stra�e,3601245,2018,4,13,5,3,5,3,0,0,1,0,0,0,0,0,800678,2654,5830666,138
199115,11,10,10010310,Alt-Marzahn,10100315,2018,4,16,2,3,2,2,0,0,1,0,0,0,0,0,809481,6904,5831213,538
199116,11,6,6030502,Zehlendorf S�d                                                                                      ,6300525,2018,3,20,4,3,5,3,2,1,1,0,0,0,0,1,789082,6379,5815765,322
199117,11,3,3030711,Blankenburg,3300514,2018,4,16,5,3,0,3,0,1,1,0,0,0,0,0,800850,8757,5836048,468
199118,11,7,7040406,Germaniagarten,7400928,2018,3,20,4,2,5,7,2,0,1,0,0,0,0,1,800259,9219,5821588,834
199119,11,5,5030731,Gartenfelder Stra�e                                                                                 ,5300737,2018,4,10,3,3,2,6,0,0,1,0,0,0,1,0,787575,8245,5829404,148
199120,11,1,2010103,Moritzplatz,2100104,2018,4,18,4,3,6,4,0,0,0,1,0,0,1,0,799365,1966,5826333,809
199121,11,12,12301203,Wittenau S�d                                                                                        ,12500926,2018,3,17,4,3,0,6,0,0,1,0,1,0,0,1,793583,5809,5836123,697
199122,11,8,8041037,Alt-Rudow,8401243,2018,3,17,4,3,5,3,0,0,1,0,0,0,0,1,806080,7039,5817826,699
199123,11,4,4041134,Bismarckallee,4400726,2018,4,9,3,3,5,3,0,1,1,0,0,0,0,1,790854,3307,5823647,52
199124,11,4,4051448,Schaperstra�e,4501045,2018,4,18,4,3,5,2,0,1,1,0,0,0,0,0,793912,596,5825449,117
199125,11,10,10030725,Buckower Ring,10300732,2018,4,17,4,3,2,6,0,0,1,0,0,0,0,0,810204,2665,5829505,878
199126,11,1,1033102,Gesundbrunnen,1300733,2018,3,16,4,3,5,5,0,1,1,0,0,0,0,1,797537,447,5831284,353
199127,11,7,7040405,Rathaus Tempelhof,7400927,2018,3,16,4,3,5,3,0,0,1,0,0,0,0,1,798024,2551,5821031,906
199128,11,2,2030302,Lausitzer Platz,2300316,2018,4,20,4,2,5,2,1,0,1,0,1,0,0,0,800946,8271,5826400,42
199129,11,4,4030620,Alt-Lietzow,4300619,2018,3,16,4,3,5,2,0,1,0,0,0,0,1,1,792646,16,5827105,147
199130,11,1,1011304,Karl-Marx-Allee,1100311,2018,3,8,3,3,0,6,0,1,1,0,0,0,0,0,799633,1108,5828276,663
199131,11,9,9051701,Hirschgarten,9501736,2018,4,17,4,3,0,6,0,0,1,0,1,0,0,0,812396,4034,5821325,708
199132,11,1,1011303,Alexanderplatzviertel,1100310,2018,4,19,2,3,3,6,1,1,0,0,0,0,0,0,799248,351,5828469,191
199133,11,2,2050803,Stralauer Kiez,2500835,2018,4,17,4,3,5,3,0,1,1,0,0,0,0,0,802560,1159,5825955,98
199134,11,6,6020410,Oberhofer Platz,6200422,2018,3,23,3,3,5,2,2,0,1,0,0,0,1,0,794099,717,5817409,96
199135,11,1,1011201,Wilhelmstra�e                                                                                       ,1100205,2018,4,15,4,3,1,5,0,1,0,0,0,0,1,0,797063,3981,5827142,483
199136,11,1,1011105,N�rdlicher Landwehrkanal                                                                            ,1100102,2018,3,21,3,3,5,2,2,0,0,0,1,0,1,0,796641,944,5826645,407
199137,11,8,8030831,Gropiusstadt Ost,8301036,2018,4,16,4,3,5,3,0,0,1,0,0,0,0,0,803734,767,5818012,587
199138,11,5,5010101,Hakenfelde Nord,5100104,2018,3,21,3,3,3,6,2,1,1,0,0,0,0,0,785186,1663,5831172,625
199139,11,9,9031001,Bohnsdorf,9301025,2018,4,15,4,3,2,6,0,0,1,0,0,0,1,0,808808,634,5814872,82
199140,11,4,4051446,Preu�enpark,4501043,2018,4,15,4,3,1,5,0,0,1,0,0,0,0,0,792600,8835,5825066,554
199141,11,7,7040406,Germaniagarten,7400928,2018,4,7,3,2,5,3,0,0,1,0,0,0,0,0,800049,673,5821920,739
199142,11,8,8010303,Donaustra�e,8100314,2018,3,20,3,3,2,7,2,1,1,0,0,0,0,0,800985,4631,5823918,535
199143,11,3,3051017,Rennbahnstra�e,3501037,2018,4,15,4,3,2,6,0,0,1,0,0,0,1,0,802101,4,5832825,651
199144,11,1,1044101,Rehberge,1400938,2018,4,14,4,3,2,6,0,0,1,0,0,0,0,0,793965,3986,5830125,997
199145,11,7,7070702,Alt-Lichtenrade/T�pchiner Weg,7601443,2018,3,19,3,3,5,3,2,0,1,0,0,0,0,0,800086,4713,5814860,493
199146,11,2,2050601,Hausburgviertel,2500726,2018,4,14,4,2,5,3,0,1,0,0,0,0,0,0,801881,7433,5828963,287
199147,11,4,4010102,Pl�tzensee,4100101,2018,4,23,2,3,5,3,2,0,1,0,0,0,0,0,793340,632,5829720,932
199148,11,4,4030931,Breitscheidplatz,4501042,2018,4,14,4,3,1,7,0,0,0,0,1,0,0,0,793975,1376,5825792,276
199149,11,4,4020314,Messegel�nde,4200311,2018,3,19,3,2,5,7,2,0,1,0,1,0,0,0,789443,4842,5825661,935
199150,11,9,9010402,Johannisthal Ost,9100408,2018,4,14,4,3,2,6,0,0,1,0,1,0,0,0,806705,112,5820308,58
199151,11,4,4020207,Flatowallee,4200205,2018,3,19,3,3,1,5,2,1,1,0,0,0,1,0,787762,9006,5826269,633
199152,11,1,1022102,Beusselkiez,1200518,2018,4,14,4,2,1,5,0,1,1,0,0,0,0,0,793491,6167,5828518,541
199153,11,8,8010301,Reuterkiez,8100312,2018,3,19,3,3,1,5,1,1,1,0,0,0,1,0,801168,6867,5824124,815
199154,11,12,12103219,Sch�fersee,12100204,2018,4,14,4,3,5,2,0,0,1,0,0,0,0,0,795062,6573,5832467,533
199155,11,1,1011304,Karl-Marx-Allee,1100311,2018,4,13,4,3,9,1,0,0,1,0,0,0,0,0,799590,1205,5828014,593
199156,11,11,11020514,Gro�e-Leege-Stra�e,11200513,2018,4,15,3,3,2,6,0,0,1,0,0,0,0,0,804721,4561,5831184,106
199157,11,1,1022205,Zillesiedlung,1200627,2018,3,18,3,3,6,4,0,1,0,1,0,0,0,0,796071,8452,5828482,8
199158,11,8,8041035,Blumenviertel,8401241,2018,4,11,4,3,1,5,0,0,1,0,0,0,0,0,804031,4083,5819183,361
199159,11,12,12231101,Hermsdorf,12400722,2018,4,10,4,3,1,5,0,0,1,0,0,0,0,0,790552,5533,5839331,654
199160,11,4,4030827,Karl-August-Platz,4300623,2018,3,18,3,3,5,2,0,0,1,0,1,0,0,0,792742,4936,5826546,796
199161,11,7,7010101,Wittenbergplatz/Viktoria-Luise-Platz,7100101,2018,3,9,3,3,2,6,0,0,1,0,1,0,0,0,794576,6124,5825485,916
199162,11,6,6010207,Mittelstra�e                                                                                        ,6100207,2018,4,13,2,3,6,4,0,0,1,1,0,0,0,0,794021,727,5819740,317
199163,11,12,12214424,Scharnweberstra�e                                                                                   ,12200309,2018,4,8,4,2,1,5,0,0,1,0,0,0,0,0,792648,2402,5832801,677
199164,11,11,11020514,Gro�e-Leege-Stra�e,11200513,2018,3,9,3,3,5,3,0,0,1,0,0,0,0,0,804685,4913,5830720,41
199165,11,12,12103117,Letteplatz,12100101,2018,3,4,3,3,8,1,2,0,1,0,0,0,0,0,795853,524,5832611,2
199166,11,2,2020202,Rathaus Yorckstra�e,2200208,2018,4,9,4,3,5,2,0,1,1,0,0,0,0,0,797938,672,5825259,618
199167,11,8,8010117,Schillerpromenade,8100102,2018,3,1,3,3,1,5,2,1,1,0,0,0,0,0,800498,894,5823505,486
199168,11,3,3071537,Kollwitzplatz,3701556,2018,3,15,3,3,2,2,0,0,1,0,0,0,1,0,799688,422,5829229,762
199169,11,1,1011303,Alexanderplatzviertel,1100310,2018,4,8,4,3,2,6,0,0,1,0,1,0,0,0,799079,7669,5828471,65
199170,11,9,9051701,Hirschgarten,9501736,2018,4,8,4,2,6,4,0,0,1,1,0,0,0,0,812496,4168,5821262,883
199171,11,1,1011402,Arkonaplatz,1100416,2018,4,12,3,3,0,6,0,0,1,0,1,0,0,0,798604,3713,5829316,603
199172,11,1,1044103,Westliche M�llerstra�e                                                                              ,1400942,2018,3,15,3,3,5,3,0,0,1,0,0,0,0,0,794650,4296,5830525,734
199173,11,2,2050802,Boxhagener Platz,2500834,2018,4,20,4,3,0,7,2,1,0,0,0,0,0,0,802072,6548,5826905,376
199174,11,8,8020622,Parchimer Allee,8200726,2018,3,15,3,3,6,4,0,0,1,1,0,0,0,0,801456,6139,5820337,681
199175,11,12,12214424,Scharnweberstra�e                                                                                   ,12200309,2018,4,21,4,3,5,2,2,0,1,0,0,0,0,1,793488,377,5832428,457
199176,11,2,2050802,Boxhagener Platz,2500834,2018,3,14,3,3,5,2,0,1,1,0,0,0,0,0,802551,4271,5826715,848
199177,11,10,10040830,Kaulsdorf S�d                                                                                       ,10400837,2018,3,13,3,3,5,3,0,1,1,0,0,0,0,0,810595,2784,5825277,375
199178,11,7,7070704,Nahariyastra�e                                                                                      ,7601545,2018,3,12,3,3,0,4,0,0,0,1,0,0,1,0,800671,6672,5814009,961
199179,11,9,9020601,Schnellerstra�e                                                                                     ,9200613,2018,3,13,3,3,5,3,0,0,1,0,0,0,0,0,807019,9748,5821146,37
199180,11,6,6020408,Lichterfelde S�d                                                                                    ,6200420,2018,4,17,2,3,5,7,0,0,1,0,1,0,0,0,792800,3347,5816421,109
199181,11,5,5030730,Zitadellenweg,5300736,2018,4,11,4,3,5,2,0,1,0,0,0,0,1,0,786902,3862,5829316,653
199182,11,4,4030931,Breitscheidplatz,4501042,2018,4,14,1,3,1,5,0,1,1,0,0,0,0,0,794275,641,5825503,14
199183,11,1,1011202,Unter den Linden Nord,1100206,2018,4,14,7,3,0,1,0,1,0,0,0,0,0,1,797749,773,5828090,233
199184,11,7,7010102,Nollendorfplatz,7100102,2018,4,21,3,3,1,5,2,1,1,0,0,0,0,0,795539,3064,5825278,902
199185,11,4,4030518,Tegeler Weg,4300517,2018,4,22,7,2,0,1,2,1,0,0,0,0,0,0,791669,6563,5827895,533
199186,11,12,12301205,Waidmannslust,12500928,2018,4,16,2,3,2,6,0,1,1,0,0,0,0,0,791761,6002,5836871,4
199187,11,10,10040933,Mahlsdorf S�d                                                                                       ,10400941,2018,4,17,6,3,1,5,0,1,1,0,0,0,0,0,812561,1309,5824578,589
199188,11,3,3050924,Behaimstra�e,3500935,2018,4,1,6,3,0,7,2,0,0,1,0,0,1,1,801719,7068,5831350,964
199189,11,9,9020802,K�llnische Vorstadt                                                                                 ,9200819,2018,4,20,1,3,2,6,2,0,1,0,0,0,1,0,810508,7898,5820318,877
199190,11,7,7050502,Fritz-Werner-Stra�e                                                                                 ,7501133,2018,4,15,6,2,5,2,0,0,1,0,0,0,0,0,798362,3149,5818413,642
199191,11,1,1044203,Leopoldplatz,1401049,2018,4,14,6,2,5,7,0,0,1,0,0,0,1,0,796139,4744,5831975,875
199192,11,10,10010308,Marzahner Chaussee,10100311,2018,4,7,4,3,5,2,0,1,0,0,1,0,0,0,806693,3665,5829143,356
199193,11,2,2010104,Wassertorplatz,2100106,2018,4,14,1,3,0,2,0,0,1,0,1,0,0,0,799577,1368,5825656,803
199194,11,12,12301203,Wittenau S�d                                                                                        ,12500930,2018,4,17,3,3,5,2,0,0,1,0,0,0,0,0,793946,253,5835296,26
199195,11,12,12301204,Wittenau Nord                                                                                       ,12500927,2018,4,14,6,2,1,5,0,0,1,0,0,0,0,0,791799,2574,5835470,539
199196,11,9,9010402,Johannisthal Ost,9100408,2018,4,16,2,2,5,3,0,0,1,0,0,0,0,1,806254,2593,5819257,61
199197,11,7,7050501,Rathausstra�e                                                                                       ,7501030,2018,4,14,6,3,6,4,0,0,1,1,0,0,0,0,797637,3571,5819588,741
199198,11,1,1011201,Wilhelmstra�e                                                                                       ,1100205,2018,4,14,6,3,6,4,0,0,0,1,0,0,1,0,796958,2,5826843,13
199199,11,3,3010101,Bucher Forst,3100101,2018,4,18,2,3,2,6,0,0,1,0,0,0,1,1,803988,5907,5842050,777
199200,11,2,2030401,Reichenberger Stra�e,2300418,2018,4,14,6,3,0,3,0,0,1,0,0,0,1,0,801186,5947,5825187,925
199201,11,1,1011306,Heine-Viertel Ost,1100313,2018,4,14,6,3,5,3,0,0,1,0,0,0,0,0,800062,3355,5826417,58
199202,11,3,3040513,Sch�nholz,3400620,2018,4,15,1,3,5,3,0,1,1,0,0,0,0,0,797691,9849,5833807,519
199203,11,3,3071638,Winsstra�e,3701658,2018,4,13,6,3,2,6,0,0,1,0,0,0,1,0,800265,3913,5829609,238
199204,11,9,9020702,Adlershof Ost,9200717,2018,4,7,3,3,4,2,0,1,1,0,0,0,0,0,809577,2394,5819561,644
199205,11,3,3071536,Teutoburger Platz,3701554,2018,4,13,1,3,0,7,0,1,1,0,0,0,0,1,799232,3289,5829268,872
199206,11,8,8010510,Gewerbegebiet K�llnische Heide,8100521,2018,4,16,3,3,5,7,0,1,1,0,0,0,0,0,803647,3238,5821885,59
199207,11,12,12214125,Waldidyll/Flughafensee,12200412,2018,4,13,6,3,5,3,0,1,1,0,0,0,0,0,791381,661,5833134,436
199208,11,7,7010104,Dennewitzplatz,7100205,2018,4,14,2,3,6,4,0,1,0,1,0,0,0,0,796038,1633,5825375,795
199209,11,12,12103218,Teichstra�e,12100205,2018,4,13,6,3,2,6,0,0,1,0,0,0,1,1,794044,599,5835341,953
199210,11,11,11040926,Weitlingstra�e,11400931,2018,4,12,6,3,2,6,0,0,1,0,0,0,1,1,806598,2703,5827327,277
199211,11,3,3030716,M�rchenland,3300517,2018,4,0,4,2,5,3,2,0,1,0,0,0,1,0,803373,534,5833513,606
199212,11,5,5020625,Borkumer Stra�e                                                                                     ,5200629,2018,4,13,1,3,2,6,0,0,1,0,0,0,0,0,784756,9504,5828595,875
199213,11,4,4031032,Halensee,4500937,2018,4,11,6,3,2,6,0,0,1,0,0,0,0,1,791282,885,5825019,973
199214,11,4,4020314,Messegel�nde,4200311,2018,4,8,3,3,5,2,0,0,1,0,0,0,0,0,789513,7301,5825461,973
199215,11,2,2040703,Wriezener Bahnhof/Entwicklungsgebiet,2400625,2018,4,11,6,2,6,4,0,0,1,1,0,0,0,1,800925,6141,5826866,866
199216,11,4,4030827,Karl-August-Platz,4300623,2018,4,16,4,3,6,4,0,0,1,1,0,0,0,0,792397,7384,5826593,877
199217,11,1,1011302,Oranienburger Stra�e                                                                                ,1100309,2018,4,13,1,2,5,3,0,1,0,0,0,0,1,0,798789,2835,5829045,812
199218,11,7,7060604,Marienfelde S�d,7601341,2018,4,11,6,2,5,3,0,0,1,0,0,1,0,1,797743,9306,5815399,615
199219,11,1,1011303,Alexanderplatzviertel,1100310,2018,4,10,3,3,1,5,0,1,1,0,0,0,1,0,799389,9971,5828874,713
199220,11,8,8020625,Handwerker-Siedlung,8200730,2018,4,14,3,3,5,7,0,0,1,0,1,0,0,0,801456,549,5818357,119
199221,11,2,2030401,Reichenberger Stra�e,2300418,2018,4,10,6,3,5,2,0,1,1,0,0,0,0,1,801291,1903,5825361,171
199222,11,7,7030301,Friedenau,7300517,2018,4,9,6,3,5,3,0,1,1,0,0,0,0,1,793974,785,5822407,874
199223,11,8,8020625,Handwerker-Siedlung,8200730,2018,4,14,2,2,0,6,0,0,1,0,1,0,0,0,801490,2271,5817789,299
199224,11,11,11020514,Gro�e-Leege-Stra�e,11200513,2018,4,9,6,3,5,3,0,0,1,0,0,0,0,1,804655,862,5831000,269
199225,11,4,4051446,Preu�enpark,4501043,2018,4,9,6,3,0,2,0,1,0,0,0,0,1,1,792948,8045,5825312,346
199226,11,12,12301203,Wittenau S�d                                                                                        ,12500930,2018,4,13,4,3,5,2,0,0,1,0,1,0,0,0,792851,525,5835170,65
199227,11,9,9041601,M�ggelheim,9401635,2018,4,11,1,3,5,3,0,1,1,0,0,0,0,0,817195,215,5816983,676
199228,11,4,4051551,Brabanter Platz,4501148,2018,4,8,6,3,2,6,0,0,1,0,0,0,0,1,793323,1847,5823067,923
199229,11,5,5020418,Spandauer Stra�e                                                                                    ,5200421,2018,4,16,3,3,1,7,0,0,1,0,0,0,0,0,780760,874,5828516,872
199230,11,12,12214125,Waldidyll/Flughafensee,12200412,2018,4,8,6,3,4,7,0,0,1,0,0,0,1,0,789040,3689,5833645,998
199231,11,11,11010309,Zingster Stra�e West,11100308,2018,4,20,2,3,9,1,1,0,1,0,0,0,0,1,804425,1571,5833385,7
199232,11,10,10020517,Adele-Sandrock-Stra�e                                                                               ,10200524,2018,4,7,6,3,5,3,0,1,1,0,0,0,0,1,812429,9807,5830414,134
199233,11,7,7010102,Nollendorfplatz,7100102,2018,4,7,6,3,5,3,0,1,1,0,0,0,0,0,795554,2266,5825250,521
199234,11,10,10010308,Marzahner Chaussee,10100311,2018,4,13,3,3,5,3,0,1,1,0,0,0,0,0,806484,9039,5829673,894
199235,11,1,1033201,Brunnenstra�e                                                                                       ,1300834,2018,4,20,6,3,5,3,2,0,1,0,0,0,0,1,797967,6027,5830528,193
199236,11,7,7050504,Imbrosweg,7501032,2018,4,18,6,3,6,4,0,0,1,1,0,0,0,0,799850,771,5819653,497
199237,11,8,8010301,Reuterkiez,8100311,2018,4,10,2,2,5,3,0,1,1,0,0,0,0,1,800654,6697,5824583,235
199238,11,4,4020310,Park Ruhwald,4200308,2018,4,17,6,3,6,4,0,0,1,1,0,0,0,0,790343,8215,5827318,555
199239,11,4,4030931,Breitscheidplatz,4501042,2018,4,17,6,3,5,3,0,0,1,0,0,0,0,0,793918,7262,5825637,853
199240,11,1,1011105,N�rdlicher Landwehrkanal                                                                            ,1100102,2018,4,9,4,3,2,2,0,0,1,0,0,0,0,0,796852,4094,5826967,905
199241,11,6,6020303,Lankwitz Kirche                                                                                     ,6200313,2018,4,9,1,3,6,7,0,0,0,1,0,0,1,0,795418,213,5818348,164
199242,11,7,7010104,Dennewitzplatz,7100205,2018,4,16,6,3,5,3,0,1,1,0,0,0,0,0,796223,6594,5825329,446
199243,11,1,1011203,Unter den Linden S�d,1100206,2018,4,19,3,3,1,5,0,1,1,0,0,0,0,0,797833,4139,5827460,34
199244,11,1,1011305,Heine-Viertel West,1100312,2018,4,15,6,3,6,7,0,0,1,1,0,0,0,0,798940,583,5827305,334
199245,11,5,5010314,Carl-Schurz-Stra�e                                                                                  ,5100316,2018,4,21,2,3,1,5,1,0,1,0,0,0,0,0,784794,1879,5828861,42
199246,11,5,5010314,Carl-Schurz-Stra�e                                                                                  ,5100316,2018,4,22,6,2,5,2,2,1,1,0,0,0,0,1,785045,7667,5829397,578
199247,11,1,1033102,Gesundbrunnen,1300733,2018,4,16,6,3,2,6,0,1,1,0,0,0,0,0,797172,5131,5831377,48
199248,11,5,5010101,Hakenfelde Nord,5100104,2018,4,16,1,3,0,1,0,0,0,0,1,0,0,0,785958,2189,5831711,44
199249,11,6,6030502,Zehlendorf S�d                                                                                      ,6300525,2018,4,15,6,2,4,7,0,0,1,0,0,0,0,0,789431,3326,5815834,607
199250,11,3,3030405,Karow Nord                                                                                          ,3300411,2018,4,9,4,1,6,2,0,0,1,1,0,0,0,0,803734,8507,5839243,581
199251,11,3,3061228,Erich-Weinert-Stra�e,3601245,2018,4,4,1,3,5,3,2,0,1,0,0,0,0,0,800321,5012,5831579,564
199252,11,6,6040805,Fischerh�ttenstra�e                                                                                 ,6400839,2018,4,12,2,3,0,1,0,0,0,0,1,0,0,1,789424,513,5818031,986
199253,11,12,12103219,Sch�fersee,12100204,2018,4,17,6,3,5,2,0,0,1,0,0,0,1,0,795064,768,5832467,59
199254,11,7,7060601,Marienfelder Allee Nordwest,7601236,2018,4,17,6,3,5,2,0,0,1,0,0,0,1,0,797287,82,5817297,32
199255,11,7,7040403,Manteuffelstra�e                                                                                    ,7400824,2018,4,8,4,3,1,5,0,1,1,0,0,0,0,0,797408,5276,5821883,772
199256,11,8,8020625,Handwerker-Siedlung,8200730,2018,4,4,1,3,1,5,2,0,1,0,0,0,0,0,801824,828,5819035,37
199257,11,7,7070705,Franziusweg/Rohrbachstra�e                                                                          ,7601546,2018,4,18,3,2,2,6,0,0,1,0,1,0,0,0,798695,8885,5814064,112
199258,11,6,6010205,S�dende,6100205,2018,4,19,5,3,5,2,1,0,1,0,1,0,0,0,795228,301,5819844,628
199259,11,2,2030401,Reichenberger Stra�e,2300417,2018,4,16,2,3,6,4,0,0,1,1,0,0,0,0,800305,7328,5825546,433
199260,11,1,1011301,Charit�viertel,1100308,2018,4,9,5,3,6,7,0,1,0,1,0,0,0,0,796990,6188,5828811,851
199261,11,12,12214527,Alt-Tegel,12200515,2018,4,16,5,3,3,6,0,1,0,0,0,0,0,0,790456,844,5834742,121
199262,11,9,9051701,Hirschgarten,9501736,2018,4,21,5,3,5,3,2,0,1,0,0,0,0,0,813510,8964,5821643,683
199263,11,4,4030931,Breitscheidplatz,4501042,2018,4,9,3,3,2,6,0,1,1,0,0,0,0,0,794488,9324,5825894,827
199264,11,6,6030605,Botanischer Garten,6300629,2018,4,15,3,3,2,6,0,1,0,0,0,0,1,0,791819,2616,5819205,989
199265,11,12,12302110,Dannenwalder Weg,12601235,2018,4,20,5,3,6,4,2,0,1,1,0,0,0,0,794747,4621,5835812,399
199266,11,5,5010314,Carl-Schurz-Stra�e                                                                                  ,5100316,2018,4,13,3,3,6,4,0,1,0,1,0,0,0,0,784819,2003,5829042,478
199267,11,6,6040806,Fischtal,6400840,2018,4,18,5,3,5,3,0,0,1,0,0,0,0,0,789115,696,5819586,328
199268,11,7,7040403,Manteuffelstra�e                                                                                    ,7400823,2018,4,16,2,3,6,4,0,0,1,1,0,0,0,1,797249,666,5820829,66