OBJECTID,LAND,BEZ,LOR,STRASSE,LOR_ab_2021,UJAHR,UMONAT,USTUNDE,UWOCHENTAG,UKATEGORIE,UART,UTYP1,ULICHTVERH,IstRad,IstPKW,IstFuss,IstKrad,IstGkfz,IstSonstig,STRZUSTAND,LINREFX,LINREFY,XGCSWGS84,YGCSWGS84
199269,11,1,1044202,Sparrplatz,1401046,2018,4,18,5,2,5,7,0,0,1,0,1,0,0,0,795112,3818,5830356,311
199270,11,4,4020312,Branitzer Platz,4200308,2018,4,18,5,3,5,3,0,0,1,0,0,0,0,0,789729,1745,5826928,73
199271,11,2,2020203,Viktoriapark,2200209,2018,4,16,4,3,6,4,0,1,0,1,0,0,0,0,797116,4128,5824121,389
199272,11,1,1022206,L�neburger Stra�e                                                                                   ,1200628,2018,4,17,1,3,0,1,1,0,0,0,1,0,0,0,796233,9604,5828513,802
199273,11,4,4030415,Schlo�garten,4300412,2018,4,18,5,3,3,6,0,0,1,0,0,0,0,0,791627,6311,5827513,117
199274,11,8,8010404,Rixdorf,8100415,2018,4,9,3,3,0,3,0,1,0,0,1,0,0,0,801556,6384,5823835,608
199275,11,4,4051448,Schaperstra�e,4501045,2018,4,14,3,3,2,6,0,0,1,0,1,0,0,0,793937,5697,5824961,42
199276,11,4,4041344,R�desheimer Platz,4400835,2018,4,18,5,3,0,1,0,1,0,0,0,0,0,0,793355,2836,5822860,12
199277,11,10,10020414,Helle Mitte,10200421,2018,4,17,5,3,5,3,0,0,1,0,0,0,0,0,812071,5109,5830619,557
199278,11,9,9020701,Adlershof West,9200715,2018,4,13,2,3,2,6,0,0,1,0,0,0,0,0,809357,5856,5818490,527
199279,11,12,12302110,Dannenwalder Weg,12601235,2018,4,17,5,3,5,2,0,0,1,0,0,0,1,0,795279,5748,5836363,174
199280,11,4,4051446,Preu�enpark,4501043,2018,4,11,4,3,2,6,0,1,1,0,0,0,0,0,792700,653,5825367,299
199281,11,4,4051446,Preu�enpark,4501043,2018,4,19,7,2,3,6,0,1,1,0,0,0,0,0,792362,9924,5825172,68
199282,11,9,9010101,Elsenstra�e                                                                                         ,9100101,2018,4,15,2,2,5,3,0,1,1,0,0,0,0,0,801825,1081,5825010,17
199283,11,3,3050925,Komponistenviertel Wei�ensee,3500936,2018,4,17,5,3,6,4,0,0,1,1,0,0,0,0,801937,4658,5831295,906
199284,11,7,7030301,Friedenau,7300517,2018,4,17,5,2,6,4,0,1,0,1,0,0,0,0,793903,5327,5822952,418
199285,11,1,1011201,Wilhelmstra�e                                                                                       ,1100205,2018,4,14,4,3,6,4,0,0,0,1,1,0,0,0,797149,165,5826889,25
199286,11,5,5020626,Adamstra�e                                                                                          ,5200631,2018,4,19,7,2,6,4,0,0,1,1,0,0,0,0,784763,6196,5827183,707
199287,11,9,9051901,Dammvorstadt,9501939,2018,4,17,5,3,4,6,0,1,0,0,0,0,0,0,810167,5082,5821569,165
199288,11,4,4041137,Flinsberger Platz,4400727,2018,4,7,3,3,0,2,0,0,1,0,1,0,0,0,791110,4528,5823160,95
199289,11,7,7070703,John-Locke-Stra�e                                                                                   ,7601544,2018,4,16,5,3,1,5,0,1,1,0,0,0,0,0,799872,4781,5813190,113
199290,11,1,1011301,Charit�viertel,1100308,2018,4,11,3,3,1,5,0,1,1,0,0,0,0,0,797169,9768,5828214,356
199291,11,12,12214424,Scharnweberstra�e                                                                                   ,12200309,2018,4,16,5,2,2,7,0,0,1,0,1,0,1,0,793529,9861,5832379,803
199292,11,5,5010314,Carl-Schurz-Stra�e                                                                                  ,5100316,2018,4,12,5,3,5,2,0,1,1,0,0,0,0,0,784778,4513,5828793,967
199293,11,3,3061430,Volkspark Prenzlauer Berg,3601450,2018,4,7,2,3,5,3,0,1,0,0,0,0,1,1,801964,369,5829734,637
199294,11,1,1022104,Emdener Stra�e                                                                                      ,1200519,2018,4,12,5,3,5,3,0,0,1,0,1,0,0,0,794051,1089,5828503,225
199295,11,5,5010314,Carl-Schurz-Stra�e                                                                                  ,5100316,2018,4,12,5,2,2,7,0,1,1,0,0,0,0,0,784910,3378,5829050,999
199296,11,4,4031032,Halensee,4500937,2018,4,8,4,3,2,6,0,1,1,0,0,0,0,0,791306,8259,5825009,314
199297,11,7,7050503,Eisenacher Stra�e                                                                                   ,7501031,2018,4,19,7,3,5,2,0,0,1,0,0,0,0,0,799469,5861,5820514,242
199298,11,11,11040926,Weitlingstra�e,11400929,2018,4,18,3,3,5,3,0,1,1,0,0,0,0,0,805040,3948,5826231,48
199299,11,4,4041137,Flinsberger Platz,4400727,2018,4,11,5,3,6,2,0,0,1,1,0,0,0,0,790950,4366,5823018,28
199300,11,12,12214424,Scharnweberstra�e                                                                                   ,12200309,2018,4,18,2,3,0,2,0,0,1,0,1,0,0,0,793419,487,5832489,704
199301,11,6,6030504,Teltower Damm,6300528,2018,4,11,5,2,5,3,0,0,1,0,0,0,0,0,790093,6791,5817310,827
199302,11,10,10010308,Marzahner Chaussee,10100311,2018,4,10,5,2,5,2,0,0,1,0,0,0,0,0,806443,3416,5829904,499
199303,11,1,1011202,Unter den Linden Nord,1100206,2018,4,21,3,3,5,2,2,0,0,0,1,0,1,0,797158,2356,5827698,906
199304,11,4,4051446,Preu�enpark,4501043,2018,4,10,5,2,5,2,0,1,1,0,0,0,0,0,792835,7668,5824337,92
199305,11,8,8030831,Gropiusstadt Ost,8301036,2018,4,10,2,3,1,5,0,1,1,0,0,0,0,1,803407,7547,5817383,53
199306,11,9,9051702,B�lschestra�e,9501737,2018,4,10,5,2,5,2,0,0,1,0,1,0,0,0,814241,479,5822305,135
199307,11,11,11030720,Herzbergstra�e,11300721,2018,4,14,5,3,3,6,0,0,1,0,1,0,0,0,805087,508,5829969,316
199308,11,4,4010101,Jungfernheide,4100101,2018,4,21,1,3,2,6,2,0,1,0,0,0,0,0,789724,998,5829693,564
199309,11,4,4051448,Schaperstra�e,4501045,2018,4,9,5,3,3,6,0,1,1,0,0,0,0,0,793979,543,5824936,691
199310,11,3,3020209,Niedersch�nhausen,3200205,2018,4,15,5,2,2,2,0,0,1,0,1,0,0,0,798125,578,5835605,58
199311,11,8,8020619,Buschkrugallee Nord,8200623,2018,4,7,4,3,1,5,0,1,1,0,0,0,0,0,801926,9572,5820904,62
199312,11,7,7040405,Rathaus Tempelhof,7400927,2018,4,16,7,2,0,6,0,0,1,0,1,0,0,1,798888,9317,5820760,397
199313,11,9,9010302,Sp�thsfelde,9100306,2018,4,17,3,3,5,7,0,0,1,0,1,0,0,0,804216,5815,5821057,854
199314,11,3,3061430,Volkspark Prenzlauer Berg,3601450,2018,4,8,5,3,2,6,0,0,0,0,1,0,1,0,802366,471,5829239,26
199315,11,4,4020312,Branitzer Platz,4200308,2018,4,16,2,3,5,3,0,1,1,0,0,0,0,0,789981,9517,5826972,6
199316,11,6,6040805,Fischerh�ttenstra�e                                                                                 ,6400839,2018,4,8,5,3,1,5,0,1,1,0,0,0,0,0,787771,9908,5818248,968
199317,11,5,5010339,Freiheit,5100317,2018,4,13,5,2,0,7,0,0,1,0,0,0,0,0,786014,75,5828214,61
199318,11,1,1011204,Leipziger Stra�e                                                                                    ,1100207,2018,4,15,7,3,5,2,0,1,1,0,0,0,0,0,798549,679,5826818,624
199319,11,4,4051446,Preu�enpark,4501043,2018,4,7,5,3,6,4,0,0,1,1,0,0,0,0,792581,2772,5825299,666
199320,11,12,12304313,Borsigwalde,12500930,2018,4,8,5,3,5,2,0,1,1,0,0,0,0,0,792343,9059,5834060,608
199321,11,7,7010102,Nollendorfplatz,7100102,2018,4,18,1,3,2,2,0,0,1,0,0,0,0,0,794958,6331,5825672,698
199322,11,4,4051447,Ludwigkirchplatz,4501044,2018,4,7,5,3,1,5,0,1,1,0,0,0,0,0,793099,1693,5824500,98
199323,11,7,7010104,Dennewitzplatz,7100206,2018,4,11,3,3,1,7,0,0,1,0,0,0,0,0,796273,1869,5824599,1
199324,11,4,4041343,Binger Stra�e,4400834,2018,4,15,7,3,5,2,0,1,1,0,0,0,0,1,792615,4604,5823018,688
199325,11,4,4030931,Breitscheidplatz,4501042,2018,4,16,3,3,5,7,0,0,1,0,1,0,0,0,794031,5047,5826056,1
199326,11,4,4030417,Schlo�stra�e,4300414,2018,4,7,5,3,2,6,0,0,1,0,0,0,0,0,790931,6122,5826749,141
199327,11,1,1011401,Invalidenstra�e                                                                                     ,1100415,2018,4,21,5,2,4,1,2,1,0,0,0,0,1,0,797808,942,5829268,67
199328,11,7,7010102,Nollendorfplatz,7100102,2018,4,16,2,3,2,6,0,0,1,0,1,0,0,1,794974,3303,5825100,972
199329,11,4,4030827,Karl-August-Platz,4300623,2018,4,12,5,3,8,1,0,0,1,0,0,0,0,0,792639,6705,5826097,316
199330,11,12,12224230,Heiligensee,12400619,2018,4,15,5,3,5,2,0,1,1,0,0,0,0,0,786547,648,5837973,846
199331,11,1,1011302,Oranienburger Stra�e                                                                                ,1100309,2018,4,9,5,3,0,1,0,1,0,0,0,0,0,0,797988,1396,5828493,639
199332,11,7,7020203,Kaiser-Wilhelm-Platz,7200409,2018,4,15,5,3,2,6,0,1,1,0,0,0,0,0,795607,4899,5824463,286
199333,11,11,11010103,Dorf Falkenberg,11100102,2018,4,16,4,3,5,2,0,1,1,0,0,0,0,0,808262,1168,5834026,798
199334,11,1,1011204,Leipziger Stra�e                                                                                    ,1100207,2018,4,15,5,2,5,3,0,0,1,0,1,0,0,0,798482,412,5826666,364
199335,11,4,4041342,Schlangenbader Stra�e,4400833,2018,4,13,7,3,5,2,0,0,1,0,0,0,0,1,792526,423,5822919,654
199336,11,2,2040701,Andreasviertel,2400623,2018,4,18,4,3,3,2,0,1,1,0,0,0,0,0,800587,4919,5827031,833
199337,11,1,1022206,L�neburger Stra�e                                                                                   ,1200628,2018,4,20,5,3,6,4,2,0,1,1,0,0,0,0,796400,9834,5828321,837
199338,11,1,1033201,Brunnenstra�e                                                                                       ,1300834,2018,4,9,3,2,6,4,0,0,1,1,0,0,0,0,798143,1726,5830027,236
199339,11,1,1011304,Karl-Marx-Allee,1100311,2018,4,16,4,3,5,2,1,1,1,0,0,0,0,0,799852,7324,5827489,492
199340,11,5,5020626,Adamstra�e                                                                                          ,5200631,2018,4,20,5,2,1,5,2,1,1,0,0,0,0,0,784733,7161,5827516,267
199341,11,10,10040933,Mahlsdorf S�d                                                                                       ,10400940,2018,4,13,3,3,5,2,0,0,1,0,0,0,1,0,812380,7792,5824278,564
199342,11,7,7020201,Bayerischer Platz,7200307,2018,4,18,4,2,6,4,1,0,1,1,0,0,0,0,794790,9191,5824666,88
199343,11,7,7010102,Nollendorfplatz,7100102,2018,4,10,3,2,5,2,0,0,1,0,1,0,0,0,795455,5078,5825666,85
199344,11,7,7070705,Franziusweg/Rohrbachstra�e                                                                          ,7601546,2018,4,15,5,3,6,2,0,0,1,1,0,0,0,0,798544,137,5814420,75
199345,11,9,9020701,Adlershof West,9200715,2018,4,14,3,3,5,3,0,1,1,0,0,0,0,0,808986,4038,5818104,456
199346,11,10,10040932,Alt-Mahlsdorf,10400939,2018,4,16,4,3,6,6,0,1,0,1,0,0,0,0,813561,8386,5827368,996
199347,11,1,1011301,Charit�viertel,1100308,2018,4,7,4,3,0,1,0,0,0,0,1,0,0,1,797055,2747,5828170,355
199348,11,10,10040933,Mahlsdorf S�d                                                                                       ,10400941,2018,4,15,5,2,5,3,0,0,1,0,0,0,1,0,813101,817,5824207,55
199349,11,9,9031101,Gr�nau,9301126,2018,4,15,2,3,6,4,0,0,1,1,0,0,0,0,811244,9503,5817657,28
199350,11,6,6020409,K�nigsberger Stra�e                                                                                 ,6200421,2018,4,14,4,2,0,3,0,1,0,0,0,1,0,0,793131,2633,5817598,46
199351,11,1,1033101,Soldiner Stra�e                                                                                     ,1300732,2018,4,15,4,3,1,5,0,1,1,0,0,0,0,0,797319,832,5832317,784
199352,11,9,9051801,Rahnsdorf/Hessenwinkel,9501838,2018,4,14,5,3,5,2,0,1,1,0,0,0,0,0,818984,755,5820198,555
199353,11,9,9010301,Baumschulenstra�e,9100304,2018,4,6,4,3,5,2,0,0,1,0,1,0,0,0,804476,715,5821868,971
199354,11,2,2010101,Askanischer Platz,2100101,2018,4,13,5,3,3,6,0,1,1,0,0,0,0,0,797592,1818,5825950,19
199355,11,9,9031001,Bohnsdorf,9301025,2018,4,11,7,3,5,3,0,0,0,0,1,0,1,0,809493,4173,5815226,359
199356,11,5,5030833,Motardstra�e                                                                                        ,5300840,2018,4,15,4,3,2,6,0,0,1,0,1,0,0,0,789413,5266,5828654,652
199357,11,8,8010211,Flughafenstra�e,8100206,2018,4,19,5,3,1,5,0,1,1,0,0,0,0,0,800427,8414,5823790,892
199358,11,8,8010214,Glasower Stra�e,8100209,2018,4,14,3,3,5,3,0,1,1,0,0,0,0,0,801199,7523,5822135,74
199359,11,8,8010508,Wei�e Siedlung,8100520,2018,4,15,4,3,6,4,0,0,0,1,0,0,1,0,803216,8695,5822727,56
199360,11,1,1011302,Oranienburger Stra�e                                                                                ,1100309,2018,4,19,5,3,5,7,0,0,1,0,1,0,0,0,798132,5883,5828446,57
199361,11,2,2020206,Graefekiez,2200212,2018,4,8,2,3,5,3,0,1,1,0,0,0,0,0,799222,3477,5824585,69
199362,11,9,9020701,Adlershof West,9200715,2018,4,16,4,3,3,6,0,0,1,0,1,0,0,0,807943,6138,5819089,35
199363,11,4,4010102,Pl�tzensee,4100101,2018,4,16,4,3,0,2,0,0,1,0,0,0,1,0,791679,1767,5830692,694
199364,11,6,6030502,Zehlendorf S�d                                                                                      ,6300525,2018,4,19,5,2,5,2,0,1,1,0,0,0,0,0,790224,944,5815099,114
199365,11,1,1011105,N�rdlicher Landwehrkanal                                                                            ,1100102,2018,4,6,2,2,5,3,0,1,1,0,0,0,0,0,796566,8556,5826869,613
199366,11,8,8030829,Gropiusstadt Nord,8300934,2018,4,14,4,3,5,2,0,0,1,0,0,0,0,0,803156,773,5818431,928
199367,11,4,4030931,Breitscheidplatz,4501042,2018,4,14,4,2,3,6,0,0,1,0,1,0,0,0,793877,239,5825510,73
199368,11,7,7050501,Rathausstra�e                                                                                       ,7501030,2018,4,18,5,3,6,2,0,0,1,1,0,0,0,0,797901,2779,5820051,854
199369,11,12,12214125,Waldidyll/Flughafensee,12200414,2018,4,8,4,3,3,6,0,0,1,0,1,0,0,0,791923,8478,5831469,789
199370,11,8,8010404,Rixdorf,8100417,2018,4,13,4,3,5,3,0,0,1,0,0,0,0,0,801741,2618,5822667,104
199371,11,4,4030620,Alt-Lietzow,4300619,2018,4,18,5,3,6,4,0,0,0,1,0,0,1,0,791834,8288,5827464,118
199372,11,9,9010401,Johannisthal West,9100407,2018,4,12,2,3,6,7,0,0,1,1,0,0,0,1,805681,59,5819291,583
199373,11,5,5030731,Gartenfelder Stra�e                                                                                 ,5300737,2018,4,13,4,3,5,2,0,0,1,0,0,0,1,0,788032,5992,5829370,155
199374,11,5,5010314,Carl-Schurz-Stra�e                                                                                  ,5100316,2018,4,13,5,3,6,7,0,1,0,1,0,0,0,0,785154,8694,5829169,12
199375,11,4,4041342,Schlangenbader Stra�e,4400833,2018,4,10,4,2,5,2,0,0,1,0,0,0,0,0,792410,528,5822794,892
199376,11,7,7020203,Kaiser-Wilhelm-Platz,7200409,2018,4,9,7,3,1,5,0,1,1,0,0,0,0,1,795871,4835,5824524,11
199377,11,1,1011306,Heine-Viertel Ost,1100313,2018,4,13,4,3,5,3,0,1,1,0,0,0,0,0,800375,554,5826506,906
199378,11,12,12231101,Hermsdorf,12400722,2018,4,12,5,3,8,1,0,0,1,0,0,0,0,0,791263,14,5838662,487
199379,11,1,1022101,Huttenkiez,1200517,2018,4,18,3,3,5,2,0,1,1,0,0,0,0,0,792738,6561,5828278,975
199380,11,5,5010314,Carl-Schurz-Stra�e                                                                                  ,5100316,2018,4,12,4,2,3,6,0,0,1,0,1,0,0,0,784207,639,5828957,14
199381,11,3,3061228,Erich-Weinert-Stra�e,3601245,2018,4,17,5,3,6,4,0,0,1,1,0,0,0,0,800625,1873,5830992,37
199382,11,1,1011204,Leipziger Stra�e                                                                                    ,1100207,2018,4,23,2,3,1,5,2,1,1,0,0,0,0,0,797827,9426,5827029,395
199383,11,1,1022106,Elberfelder Stra�e                                                                                  ,1200522,2018,4,11,4,3,2,6,0,0,1,0,0,0,0,0,793713,5705,5828115,405
199384,11,5,5020418,Spandauer Stra�e                                                                                    ,5200421,2018,4,10,4,3,1,5,0,0,1,0,0,0,0,0,781391,9085,5828665,861
199385,11,6,6030503,Zehlendorf Mitte                                                                                    ,6300527,2018,4,12,5,3,5,2,0,1,0,0,1,0,0,0,790497,4445,5818066,172
199386,11,8,8010214,Glasower Stra�e,8100209,2018,4,19,1,3,6,7,0,0,1,1,0,0,0,0,801215,6521,5822114,293
199387,11,10,10010309,Springpfuhl,10100312,2018,4,9,4,2,6,4,0,0,1,1,0,0,0,0,807691,9536,5830166,915
199388,11,6,6010102,Schlo�stra�e                                                                                        ,6100102,2018,4,9,4,3,0,5,0,1,1,0,0,0,0,0,793060,6799,5821405,145
199389,11,2,2030302,Lausitzer Platz,2300316,2018,4,17,5,3,3,2,0,0,0,0,1,1,0,0,800625,7693,5826266,423
199390,11,2,2030301,Oranienplatz,2300314,2018,4,21,4,3,1,5,2,1,1,0,0,0,0,0,799931,9157,5826039,987
199391,11,2,2050801,Traveplatz,2500832,2018,4,21,7,3,5,2,2,1,1,0,0,0,0,0,803612,5881,5827324,947
199392,11,11,11010309,Zingster Stra�e West,11100308,2018,4,12,5,3,1,5,0,0,1,0,0,0,0,0,804874,2229,5833198,1
199393,11,9,9041301,Kietzer Feld/Nachtheide                                                                             ,9401329,2018,4,17,3,3,5,7,0,0,0,0,1,0,1,0,811809,583,5819902,541
199394,11,12,12103219,Sch�fersee,12100204,2018,4,9,4,3,5,2,0,1,1,0,0,0,0,0,795629,237,5833003,774
199395,11,8,8010301,Reuterkiez,8100310,2018,4,22,7,3,5,2,2,1,1,0,0,0,0,0,801052,9749,5824919,229
199396,11,9,9020501,Obersch�neweide West,9200510,2018,4,12,5,3,0,4,0,1,0,1,0,0,0,0,806604,8919,5822036,884
199397,11,4,4041134,Bismarckallee,4400726,2018,4,18,3,3,5,3,0,1,1,0,0,0,0,0,790854,8414,5823647,167
199398,11,8,8020625,Handwerker-Siedlung,8200730,2018,4,8,4,3,0,1,0,0,1,0,1,0,0,0,802164,2751,5818938,335
199399,11,10,10030727,Biesdorf S�d                                                                                        ,10300734,2018,4,16,5,3,5,2,0,0,1,0,1,0,0,0,809633,6444,5825752,953
199400,11,11,11030720,Herzbergstra�e,11300721,2018,4,17,2,3,5,2,0,1,1,0,0,0,0,1,805200,8399,5828716,663
199401,11,3,3020210,Herthaplatz,3200207,2018,4,8,4,3,0,1,0,0,0,0,1,0,0,1,798357,1189,5835857,539
199402,11,9,9041301,Kietzer Feld/Nachtheide                                                                             ,9401329,2018,4,12,5,3,1,5,0,0,1,0,0,0,0,0,811520,2959,5819059,65
199403,11,9,9010302,Sp�thsfelde,9100306,2018,4,8,4,3,2,6,0,0,1,0,0,0,0,0,804172,4768,5821398,913
199404,11,10,10010309,Springpfuhl,10100312,2018,4,16,5,3,5,3,0,0,1,0,0,0,0,0,807828,4208,5829085,607
199405,11,11,11030618,Fennpfuhl West,11300618,2018,4,11,5,2,1,5,0,0,1,0,0,0,0,0,802402,2816,5829004,372
199406,11,4,4020209,Eichkamp,4200207,2018,4,14,1,3,0,1,0,1,1,0,0,0,0,0,789715,1991,5824754,887
199407,11,6,6030503,Zehlendorf Mitte                                                                                    ,6300527,2018,4,7,4,3,6,2,0,0,1,1,0,0,0,0,790373,7835,5818254,269
199408,11,1,1011303,Alexanderplatzviertel,1100310,2018,4,16,5,3,1,5,0,1,0,0,0,0,1,0,799723,3592,5827458,739
199409,11,11,11040925,Victoriastadt,11400927,2018,4,17,3,3,5,2,0,1,0,0,0,0,1,0,803707,3897,5826284,868
199410,11,10,10030727,Biesdorf S�d                                                                                        ,10300734,2018,4,11,5,3,5,3,0,1,1,0,0,0,0,0,809586,1447,5824152,62
199411,11,5,5020625,Borkumer Stra�e                                                                                     ,5200629,2018,4,15,3,2,6,2,0,0,1,1,0,0,0,0,784517,8652,5828661,948
199412,11,7,7010102,Nollendorfplatz,7100102,2018,4,23,4,3,5,2,2,0,1,0,0,0,0,0,794960,1981,5825648,757
199413,11,4,4041342,Schlangenbader Stra�e,4400833,2018,4,16,5,3,1,5,0,0,1,0,1,0,0,0,792374,3806,5822758,285
199414,11,10,10010309,Springpfuhl,10100312,2018,4,16,2,3,2,2,0,0,1,0,0,0,1,0,807839,5891,5829090,173
199415,11,9,9020702,Adlershof Ost,9200717,2018,4,7,4,2,5,2,0,0,1,0,1,0,0,1,809358,5987,5819663,976
199416,11,3,3040818,Pankow S�d                                                                                          ,3400828,2018,4,11,5,3,5,3,0,1,1,0,0,0,0,0,800057,3283,5832600,827
199417,11,1,1044202,Sparrplatz,1401047,2018,4,7,4,3,5,3,0,0,1,0,0,0,0,0,795527,7465,5830475,402
199418,11,4,4030931,Breitscheidplatz,4501042,2018,4,11,5,3,3,6,0,0,1,0,1,0,0,0,794278,6765,5825951,529
199419,11,10,10020412,Alte Hellersdorfer Stra�e,10200417,2018,4,15,4,3,6,7,0,1,0,1,0,0,0,0,811329,919,5831818,516
199420,11,10,10040931,Mahlsdorf Nord                                                                                      ,10400938,2018,4,16,5,3,0,1,0,0,0,0,1,0,0,0,812891,3015,5828272,954
199421,11,4,4031032,Halensee,4500937,2018,4,11,5,2,3,6,0,0,1,0,0,0,1,0,791140,3349,5824963,832
199422,11,6,6040701,Wannsee,6400735,2018,4,16,2,3,8,1,0,0,1,0,0,0,0,1,784468,9432,5816444,344
199423,11,1,1011301,Charit�viertel,1100308,2018,4,21,4,3,5,2,2,1,1,0,0,0,0,0,797255,1051,5829081,759
199424,11,3,3030715,Heinersdorf,3300516,2018,4,11,5,2,1,5,0,0,1,0,1,0,0,0,800241,1648,5833814,189
199425,11,4,4010101,Jungfernheide,4100101,2018,4,4,4,3,5,3,2,0,1,0,0,0,1,0,791248,2425,5829724,766
199426,11,3,3050923,Wei�enseer Spitze,3500934,2018,4,11,5,3,5,3,0,1,1,0,0,0,0,0,801107,7081,5831516,832
199427,11,10,10010206,Ringkolonnaden,10100209,2018,4,16,4,3,5,2,0,1,1,0,0,0,0,0,809972,4161,5832042,471
199428,11,10,10010309,Springpfuhl,10100312,2018,4,10,5,2,6,4,0,0,1,1,0,0,0,0,807818,8302,5830174,225
199429,11,6,6040703,Nikolassee,6400737,2018,4,16,7,2,0,3,0,1,0,0,0,0,1,0,786867,2267,5817441,451
199430,11,10,10010310,Alt-Marzahn,10100315,2018,4,20,4,3,5,3,2,0,1,0,0,1,0,0,809930,5242,5831618,592
199431,11,8,8010301,Reuterkiez,8100312,2018,4,9,5,3,0,1,0,1,0,0,0,0,0,0,801268,4224,5824595,79
199432,11,6,6020409,K�nigsberger Stra�e                                                                                 ,6200421,2018,4,9,3,3,5,3,0,0,1,0,0,0,0,0,793655,7671,5817425,651
199433,11,2,2040701,Andreasviertel,2400623,2018,4,9,5,3,5,2,0,1,0,0,0,0,1,0,800360,6424,5827181,603
199434,11,2,2030302,Lausitzer Platz,2300315,2018,4,14,3,2,5,7,0,0,1,0,1,0,0,0,800451,1559,5825763,468
199435,11,4,4031032,Halensee,4500937,2018,4,18,4,3,3,6,0,1,1,0,0,0,0,0,791398,2203,5825038,242
199436,11,3,3020209,Niedersch�nhausen,3200205,2018,4,18,4,2,6,7,0,0,1,1,0,0,0,0,797802,6277,5836096,108
199437,11,6,6040702,D�ppel,6400736,2018,4,9,5,3,2,6,0,1,1,0,0,0,0,0,787499,1117,5816814,301
199438,11,7,7010102,Nollendorfplatz,7100102,2018,4,13,2,3,0,5,0,1,0,0,0,0,1,0,795500,4638,5824982,111
199439,11,4,4030415,Schlo�garten,4300412,2018,4,18,4,3,2,2,0,0,1,0,0,0,0,0,791673,1958,5827539,929
199440,11,3,3071537,Kollwitzplatz,3701556,2018,4,8,5,3,5,7,0,0,1,0,1,0,0,0,799516,7248,5829421,478
199441,11,12,12224229,Konradsh�he/Tegelort,12400616,2018,4,11,4,2,1,5,0,0,1,0,1,0,0,0,786319,2819,5834404,422
199442,11,1,1022104,Emdener Stra�e                                                                                      ,1200520,2018,4,9,7,2,2,6,0,0,1,0,0,0,0,1,794284,2277,5828437,911
199443,11,2,2030301,Oranienplatz,2300314,2018,4,18,4,3,5,2,0,1,0,0,0,0,1,0,800137,2311,5825743,355
199444,11,7,7050503,Eisenacher Stra�e                                                                                   ,7501031,2018,4,8,5,3,5,2,0,0,1,0,0,0,1,0,799475,2868,5820508,901
199445,11,2,2050803,Stralauer Kiez,2500835,2018,4,23,3,3,2,6,2,1,1,0,0,0,1,0,802438,4538,5826240,479
199446,11,12,12214527,Alt-Tegel,12200515,2018,4,18,4,3,5,2,0,0,1,0,0,0,0,0,790135,382,5835786,8
199447,11,1,1044202,Sparrplatz,1401047,2018,4,22,7,3,2,2,2,1,1,0,0,0,0,0,795702,7219,5830592,92
199448,11,8,8010301,Reuterkiez,8100310,2018,4,17,4,3,5,2,0,1,1,0,0,0,0,0,801006,66,5824825,736
199449,11,3,3061227,Humannplatz,3601243,2018,4,8,5,2,5,2,0,0,1,0,1,0,0,0,799542,5002,5831336,759
199450,11,3,3050923,Wei�enseer Spitze,3500934,2018,4,8,3,3,2,6,0,0,1,0,0,1,0,0,800220,2833,5832170,212
199451,11,2,2040502,Friedenstra�e,2400521,2018,4,17,4,3,5,2,0,1,1,0,0,0,0,0,800478,633,5828221,427
199452,11,1,1011302,Oranienburger Stra�e                                                                                ,1100309,2018,4,8,5,3,6,4,0,0,1,1,0,0,0,0,797619,6461,5828748,169
199453,11,12,12103219,Sch�fersee,12100204,2018,4,12,3,3,2,6,0,0,1,0,0,0,0,0,795672,1116,5832527,408
199454,11,9,9020701,Adlershof West,9200715,2018,4,17,4,3,5,2,0,1,1,0,0,0,0,0,809056,5156,5818762,242
199455,11,11,11020514,Gro�e-Leege-Stra�e,11200513,2018,4,16,4,3,2,6,0,0,1,0,1,0,0,0,804855,3076,5830907,967
199456,11,7,7010104,Dennewitzplatz,7100206,2018,4,8,5,2,0,3,0,1,0,0,0,0,0,0,796667,2303,5824306,507
199457,11,11,11010205,Falkenberg West,11100204,2018,4,9,2,3,5,2,0,1,0,0,0,0,1,1,806625,2338,5832929,447
199458,11,1,1011105,N�rdlicher Landwehrkanal                                                                            ,1100102,2018,4,7,3,3,0,2,0,1,1,0,0,0,0,0,796643,1118,5826640,961
199459,11,11,11010309,Zingster Stra�e West,11100308,2018,4,19,3,3,5,3,1,0,1,0,0,0,0,0,804439,8397,5833568,441