OBJECTID,LAND,BEZ,LOR,STRASSE,LOR_ab_2021,UJAHR,UMONAT,USTUNDE,UWOCHENTAG,UKATEGORIE,UART,UTYP1,ULICHTVERH,IstRad,IstPKW,IstFuss,IstKrad,IstGkfz,IstSonstig,STRZUSTAND,LINREFX,LINREFY,XGCSWGS84,YGCSWGS84
199460,11,3,3050923,Wei�enseer Spitze,3500934,2018,4,7,5,3,5,2,0,1,1,0,0,0,0,0,801062,4179,5831433,242
199461,11,6,6040810,Dahlem,6400844,2018,4,8,4,3,5,3,0,1,1,0,0,0,0,0,792416,7733,5821433,659
199462,11,12,12304314,Ziekowstra�e/Freie Scholle,12500824,2018,4,8,7,3,0,5,0,0,1,0,1,0,0,0,790992,9717,5836213,398
199463,11,4,4030415,Schlo�garten,4300412,2018,4,18,3,3,3,6,0,0,1,0,0,1,0,0,791674,2154,5827729,765
199464,11,1,1022104,Emdener Stra�e                                                                                      ,1200519,2018,4,7,5,3,2,3,0,0,1,0,0,0,0,0,793627,2304,5829124,671
199465,11,3,3061430,Volkspark Prenzlauer Berg,3601450,2018,4,19,3,3,1,5,0,1,1,0,0,0,1,0,802076,6545,5829570,644
199466,11,11,11010310,M�hlengrund,11100309,2018,4,18,3,3,0,2,0,1,1,0,0,0,0,0,805488,2767,5833371,737
199467,11,3,3020209,Niedersch�nhausen,3200206,2018,4,7,5,3,2,5,0,1,1,0,0,0,0,0,797621,882,5834802,844
199468,11,3,3030715,Heinersdorf,3300516,2018,4,21,2,2,9,1,2,0,1,0,0,0,0,0,801109,4566,5834201,36
199469,11,1,1011303,Alexanderplatzviertel,1100310,2018,4,18,3,3,1,5,0,1,1,0,0,0,0,0,799597,371,5828491,569
199470,11,5,5020524,Weinmeisterhornweg,5200528,2018,4,18,3,3,5,2,0,0,1,0,1,0,0,0,783795,437,5826305,999
199471,11,1,1044203,Leopoldplatz,1401048,2018,4,7,5,3,2,6,0,0,1,0,0,0,0,0,795094,63,5831220,137
199472,11,12,12301206,L�bars,12500929,2018,4,18,1,3,5,7,0,0,1,0,0,0,0,0,794207,6964,5838281,614
199473,11,4,4031032,Halensee,4500938,2018,4,22,5,3,5,3,2,0,1,0,0,0,0,0,791837,344,5824679,392
199474,11,2,2020205,Chamissokiez,2200211,2018,4,8,2,3,0,2,0,1,1,0,0,0,0,1,798475,3481,5824382,481
199475,11,8,8010301,Reuterkiez,8100312,2018,4,19,3,3,5,3,0,0,1,0,1,0,0,0,801446,6744,5823887,234
199476,11,4,4030518,Tegeler Weg,4300517,2018,4,15,3,3,2,6,0,0,1,0,0,0,0,0,791452,7385,5828307,639
199477,11,1,1011202,Unter den Linden Nord,1100206,2018,4,16,4,3,2,6,0,1,1,0,0,0,0,0,798356,687,5827698,16
199478,11,8,8010212,Rollberg,8100207,2018,4,17,1,3,2,6,0,1,1,0,0,0,0,0,801314,1657,5823546,255
199479,11,12,12301203,Wittenau S�d                                                                                        ,12500926,2018,4,20,3,2,5,7,0,0,1,0,1,0,0,0,793592,9332,5836125,107
199480,11,3,3061131,Falkplatz,3601142,2018,4,19,3,3,5,2,1,1,1,0,0,0,0,0,799177,295,5831110,598
199481,11,2,2030301,Oranienplatz,2300314,2018,4,20,4,3,1,5,2,1,1,0,0,0,0,0,799931,3297,5826038,372
199482,11,1,1022206,L�neburger Stra�e                                                                                   ,1200628,2018,4,7,4,3,0,2,0,1,0,0,1,0,0,0,795435,2142,5827577,931
199483,11,6,6030610,Lichterfelde West                                                                                   ,6300634,2018,4,13,7,3,2,6,0,0,1,0,0,0,1,1,791994,893,5818973,867
199484,11,10,,#NV,,2018,4,16,4,3,3,6,0,0,1,0,0,0,0,0,812096,533,5831818,441
199485,11,1,1011301,Charit�viertel,1100308,2018,4,18,3,3,1,5,0,1,1,0,0,0,0,0,796677,5115,5829750,96
199486,11,3,3061228,Erich-Weinert-Stra�e,3601245,2018,4,19,3,3,5,2,2,1,1,0,0,0,0,0,800192,9689,5830930,912
199487,11,1,1022104,Emdener Stra�e                                                                                      ,1200519,2018,4,1,4,3,6,4,2,0,1,1,1,0,0,0,793964,6507,5828882,178
199488,11,1,1044203,Leopoldplatz,1401049,2018,4,17,2,2,6,4,0,1,0,1,0,0,0,1,796354,5726,5831974,475
199489,11,2,2010103,Moritzplatz,2100105,2018,4,19,3,3,5,2,1,1,1,0,0,0,0,0,799135,1069,5825790,958
199490,11,4,4030623,Ernst-Reuter-Platz,4300622,2018,4,21,4,3,0,3,2,1,1,0,0,0,0,0,793537,3302,5826191,806
199491,11,4,4030827,Karl-August-Platz,4300623,2018,4,19,3,3,6,4,0,0,0,1,0,0,1,0,792148,587,5826467,185
199492,11,1,1011101,St�lerstra�e                                                                                        ,1100101,2018,4,16,4,3,2,6,0,0,1,0,0,0,0,0,794612,8442,5826081,756
199493,11,5,5040936,J�gerallee,5400943,2018,4,18,4,3,5,3,0,1,1,0,0,0,0,0,780059,367,5821722,203
199494,11,7,7040404,Marienh�he,7400826,2018,4,13,7,3,2,6,0,0,1,0,0,0,1,1,797295,8492,5820636,86
199495,11,8,8010303,Donaustra�e,8100314,2018,4,19,3,3,2,3,0,1,1,0,0,0,0,0,801018,6355,5823902,745
199496,11,9,9041301,Kietzer Feld/Nachtheide                                                                             ,9401329,2018,4,14,4,3,2,6,0,1,0,0,0,0,1,0,811670,7563,5819961,322
199497,11,1,1011101,St�lerstra�e                                                                                        ,1100101,2018,4,11,3,3,5,2,0,1,1,0,0,0,0,0,795252,5878,5826634,795
199498,11,1,1011303,Alexanderplatzviertel,1100310,2018,4,21,4,3,2,6,2,0,1,0,0,0,1,0,799571,3122,5828237,3
199499,11,10,10030727,Biesdorf S�d                                                                                        ,10300734,2018,4,17,3,3,0,3,0,0,1,0,1,0,0,0,809578,177,5824139,974
199500,11,1,1011302,Oranienburger Stra�e                                                                                ,1100309,2018,4,19,4,3,5,2,0,1,0,0,0,0,0,0,798669,801,5828986,816
199501,11,5,5020625,Borkumer Stra�e                                                                                     ,5200629,2018,4,20,3,3,2,6,2,0,1,0,0,0,0,0,784668,8708,5828504,962
199502,11,7,7040405,Rathaus Tempelhof,7400927,2018,4,20,7,3,5,3,2,0,1,0,0,0,0,0,798305,5863,5822056,751
199503,11,7,7050503,Eisenacher Stra�e                                                                                   ,7501031,2018,4,18,4,2,1,1,0,0,1,0,0,1,1,0,799237,3267,5820094,191
199504,11,12,12214421,Reinickes Hof,12200307,2018,4,16,3,3,2,6,0,0,1,0,0,0,0,0,793089,464,5833869,139
199505,11,9,9010401,Johannisthal West,9100407,2018,4,17,3,3,5,2,0,1,1,0,0,0,0,0,805999,5268,5821170,196
199506,11,7,7040402,Lindenhofsiedlung,7400822,2018,4,18,4,3,2,6,0,0,1,0,0,0,1,0,796458,6064,5822642,227
199507,11,2,2020204,Urbanstra�e,2200210,2018,4,16,2,3,5,2,0,1,1,0,0,0,0,1,798006,375,5825263,604
199508,11,4,4020311,Reichsstra�e,4200309,2018,4,17,3,3,6,4,0,1,0,1,0,0,0,0,789041,1943,5827042,527
199509,11,10,10010308,Marzahner Chaussee,10100311,2018,4,17,4,3,2,6,0,0,1,0,0,0,0,0,806579,6667,5828392,116
199510,11,2,2020203,Viktoriapark,2200207,2018,4,17,3,3,5,2,0,0,1,0,0,0,0,0,797086,1083,5824718,957
199511,11,1,1011305,Heine-Viertel West,1100312,2018,4,17,4,3,2,2,0,1,1,0,0,0,0,0,799508,637,5826689,792
199512,11,1,1022102,Beusselkiez,1200518,2018,4,6,4,3,3,6,0,0,1,0,1,0,0,0,793543,6202,5829034,113
199513,11,7,7060604,Marienfelde S�d,7601341,2018,4,17,4,2,2,6,0,0,1,0,1,0,1,0,796801,836,5815773,332
199514,11,9,9020701,Adlershof West,9200715,2018,4,19,7,2,9,1,0,0,0,0,1,0,0,0,807098,7894,5818769,408
199515,11,11,11040926,Weitlingstra�e,11400928,2018,4,16,3,3,2,6,0,0,1,0,0,1,1,0,804233,5563,5826137,69
199516,11,3,3061131,Falkplatz,3601142,2018,4,17,4,3,5,2,0,1,1,0,0,0,0,0,799177,295,5831110,598
199517,11,12,12301203,Wittenau S�d                                                                                        ,12500926,2018,4,9,3,3,6,6,0,0,1,1,0,0,0,0,793554,891,5836119,252
199518,11,9,9030901,Dorf Altglienicke,9300920,2018,4,17,4,3,1,5,0,1,1,0,0,0,0,0,807871,7507,5817703,762
199519,11,6,6040703,Nikolassee,6400737,2018,4,14,3,3,5,3,0,1,1,0,0,0,0,0,785917,334,5817653,196
199520,11,5,5020417,Staakener Stra�e                                                                                    ,5200420,2018,4,7,3,2,6,4,0,0,1,1,0,0,0,0,783401,3034,5828626,388
199521,11,6,6010206,Stadtpark,6100206,2018,4,7,3,3,2,2,0,0,1,0,1,0,0,0,794481,4288,5819494,691
199522,11,2,2040701,Andreasviertel,2400521,2018,4,17,4,3,0,2,0,0,1,0,1,0,0,0,800425,6853,5827973,981
199523,11,2,2030302,Lausitzer Platz,2300316,2018,4,13,2,3,6,2,0,0,1,1,0,0,0,0,801199,5213,5825940,944
199524,11,9,9020802,K�llnische Vorstadt                                                                                 ,9200819,2018,4,8,3,3,2,6,0,0,1,0,0,0,0,0,809781,7354,5820493,817
199525,11,1,1022206,L�neburger Stra�e                                                                                   ,1200628,2018,4,15,3,3,5,3,0,0,1,0,0,0,0,0,795727,71,5828198,187
199526,11,11,11040926,Weitlingstra�e,11400931,2018,4,8,3,3,0,2,0,1,1,0,0,0,0,0,806684,7809,5826908,778
199527,11,10,10020414,Helle Mitte,10200421,2018,4,17,4,3,2,7,0,0,1,0,1,0,0,0,812120,9985,5830698,56
199528,11,11,11040926,Weitlingstra�e,11400928,2018,4,14,2,3,5,2,0,1,0,0,1,0,0,0,804596,9396,5826187,59
199529,11,7,7070703,John-Locke-Stra�e                                                                                   ,7601544,2018,4,16,3,2,5,3,0,1,1,0,0,0,0,0,799653,4739,5813949,597
199530,11,10,10040933,Mahlsdorf S�d                                                                                       ,10400941,2018,4,16,3,3,5,3,0,1,1,0,0,0,0,0,813624,5839,5825411,567
199531,11,11,11030618,Fennpfuhl West,11300618,2018,4,17,4,3,6,2,0,0,1,1,0,0,0,0,802435,8303,5828901,967
199532,11,6,6030607,Goerzwerke,6300631,2018,4,14,4,3,0,1,0,0,0,1,1,0,1,0,790632,6713,5815228,712
199533,11,4,4041240,Messelpark,4400831,2018,4,16,4,2,5,3,0,1,1,0,0,0,0,0,791133,3527,5822598,536
199534,11,11,11020514,Gro�e-Leege-Stra�e,11200513,2018,4,15,7,3,0,1,0,0,0,0,1,0,0,1,804097,6204,5830578,614
199535,11,3,3020307,Buchholz,3200308,2018,4,16,3,3,5,2,0,0,1,0,0,0,0,0,800172,9548,5836581,827
199536,11,11,11020515,Landsberger Allee,11200514,2018,4,16,4,3,2,2,0,1,1,0,0,0,0,0,803348,8748,5830086,35
199537,11,2,2030302,Lausitzer Platz,2300315,2018,4,7,3,2,5,2,0,1,1,0,0,0,0,0,800678,277,5825795,951
199538,11,6,6030502,Zehlendorf S�d                                                                                      ,6300525,2018,4,16,3,3,2,6,0,0,1,0,0,0,0,0,790225,6058,5815004,126
199539,11,11,11030721,R�digerstra�e,11300722,2018,4,16,4,3,2,7,0,1,1,0,0,0,0,0,804102,5095,5827891,263
199540,11,4,4030827,Karl-August-Platz,4300623,2018,4,19,3,3,0,6,0,0,1,0,0,0,1,0,792310,2039,5826109,748
199541,11,8,8020619,Buschkrugallee Nord,8200623,2018,4,11,3,3,5,2,0,1,1,0,0,0,0,0,802702,9722,5820777,281
199542,11,11,11051331,Karlshorst Nord,11501340,2018,4,11,3,3,5,3,0,1,1,0,0,0,0,0,807570,1856,5825496,777
199543,11,3,3040818,Pankow S�d                                                                                          ,3400827,2018,4,7,2,3,5,3,0,0,1,0,0,0,1,1,799659,321,5831842,867
199544,11,4,4030620,Alt-Lietzow,4300619,2018,4,16,3,2,5,2,0,0,1,0,1,0,0,0,792944,408,5827496,909
199545,11,11,11010310,M�hlengrund,11100309,2018,4,15,3,3,5,2,0,1,1,0,0,0,0,0,805791,7807,5833222,331
199546,11,5,5010339,Freiheit,5100317,2018,4,8,4,3,0,1,0,0,1,0,1,0,0,0,785788,6375,5828530,264
199547,11,4,4041136,Hagenplatz,4400728,2018,4,18,3,3,5,3,0,1,1,0,0,0,0,0,790680,1655,5822705,27
199548,11,5,5010314,Carl-Schurz-Stra�e                                                                                  ,5100316,2018,4,17,5,3,5,2,0,0,1,0,0,0,0,1,783597,5892,5829149,64
199549,11,11,11030720,Herzbergstra�e,11300721,2018,4,14,2,2,6,4,0,0,1,1,0,0,0,0,805203,1686,5828732,578
199550,11,1,1011302,Oranienburger Stra�e                                                                                ,1100309,2018,4,14,2,3,1,5,0,0,0,0,1,0,1,0,798560,31,5829062,142
199551,11,8,8041038,Wa�mannsdorfer Chaussee,8401244,2018,4,17,5,3,5,2,0,0,1,0,0,0,0,0,806240,1685,5816366,894
199552,11,1,1011103,L�tzowstra�e                                                                                        ,1100103,2018,4,12,2,3,2,6,0,1,1,0,0,0,0,0,795555,2237,5825769,258
199553,11,7,7010101,Wittenbergplatz/Viktoria-Luise-Platz,7100101,2018,4,16,5,2,5,3,0,1,1,0,0,0,0,0,794928,2855,5825540,592
199554,11,4,4030623,Ernst-Reuter-Platz,4300622,2018,4,12,2,2,1,5,0,1,1,0,0,1,0,0,793628,3991,5826412,318
199555,11,12,12214125,Waldidyll/Flughafensee,12200412,2018,4,16,5,3,1,5,0,0,1,0,0,0,0,1,791133,5063,5833493,588
199556,11,3,3020209,Niedersch�nhausen,3200206,2018,4,10,2,3,5,7,0,0,1,0,0,1,0,0,798110,95,5834698,261
199557,11,7,7040403,Manteuffelstra�e                                                                                    ,7400823,2018,4,10,2,3,2,6,0,0,1,0,0,0,0,0,797359,2488,5821992,666
199558,11,2,2020206,Graefekiez,2200213,2018,4,10,2,3,1,5,0,1,1,0,0,0,0,0,799849,5456,5824796,119
199559,11,4,4030931,Breitscheidplatz,4501042,2018,4,10,2,2,5,2,0,0,1,0,0,0,1,0,793916,9165,5825886,112
199560,11,1,1011101,St�lerstra�e                                                                                        ,1100101,2018,4,16,5,3,6,7,0,0,1,1,0,0,0,1,794883,1762,5826275,791
199561,11,12,12231102,Frohnau,12400720,2018,4,9,2,3,5,3,0,0,1,0,0,0,0,1,789307,7353,5839353,5
199562,11,5,5010102,Goltzstra�e,5100103,2018,4,16,5,3,3,6,0,0,0,0,1,1,0,1,785207,8998,5831854,476
199563,11,7,7050501,Rathausstra�e                                                                                       ,7501030,2018,4,15,5,3,6,4,0,0,1,1,0,0,0,1,797538,9464,5820275,475
199564,11,3,3040818,Pankow S�d                                                                                          ,3400830,2018,4,15,5,3,1,5,0,0,1,0,0,0,0,0,799307,5064,5833245,374
199565,11,5,5020419,Magistratsweg,5200423,2018,4,8,2,2,5,2,0,0,1,0,1,0,0,1,781303,4218,5828384,65
199566,11,1,1011201,Wilhelmstra�e                                                                                       ,1100205,2018,4,15,5,2,1,5,0,1,1,0,0,0,0,1,797268,314,5827316,659
199567,11,8,8020619,Buschkrugallee Nord,8200622,2018,4,15,5,3,5,2,0,1,1,0,0,0,0,1,801252,6068,5821566,798
199568,11,11,11010310,M�hlengrund,11100309,2018,4,15,5,3,5,3,1,1,1,0,0,0,0,1,806064,9113,5832705,548
199569,11,5,5020417,Staakener Stra�e                                                                                    ,5200420,2018,4,8,2,3,1,5,0,0,1,0,0,0,0,1,782132,7764,5827952,566
199570,11,7,7050501,Rathausstra�e                                                                                       ,7501029,2018,4,15,5,3,0,2,0,0,1,0,1,0,0,1,797285,697,5819557,479
199571,11,7,7030301,Friedenau,7300517,2018,4,8,2,3,5,2,0,1,0,0,0,0,1,0,794256,2796,5822035,744
199572,11,9,9020501,Obersch�neweide West,9200510,2018,4,7,2,3,2,3,0,1,1,0,0,1,0,0,806523,7351,5822668,2
199573,11,4,4051551,Brabanter Platz,4501148,2018,4,14,5,3,5,2,0,0,1,0,0,0,0,0,792816,7902,5823227,981
199574,11,11,11030721,R�digerstra�e,11300724,2018,4,5,2,3,2,6,1,0,1,0,0,0,0,0,804806,584,5827474,586
199575,11,5,5010206,G�tersloher Weg,5100208,2018,4,13,5,3,5,2,0,0,1,0,0,0,0,0,782364,7875,5830494,567
199576,11,12,12301205,Waidmannslust,12500928,2018,4,18,2,3,0,1,0,1,0,0,0,0,0,0,791723,1774,5836836,76
199577,11,1,1022204,Thomasiusstra�e                                                                                     ,1200626,2018,4,12,5,3,0,2,0,1,1,0,0,0,0,1,794548,4889,5828204,766
199578,11,4,4030621,Spreestadt,4300620,2018,4,12,5,2,0,6,0,0,1,0,1,0,0,1,793387,875,5827360,33
199579,11,3,3030711,Blankenburg,3300515,2018,4,15,2,3,0,1,0,0,0,0,1,0,0,0,801312,4179,5835363,527
199580,11,11,11010103,Dorf Falkenberg,11100102,2018,4,11,5,3,5,3,0,0,1,0,1,0,0,1,809162,7328,5834439,992
199581,11,11,11051330,Karlshorst West,11501339,2018,4,12,2,3,0,1,0,1,0,0,0,0,0,0,807212,9318,5825536,284
199582,11,3,3061228,Erich-Weinert-Stra�e,3601245,2018,4,11,5,3,5,2,0,1,1,0,0,0,0,1,800191,135,5830951,57
199583,11,4,4030620,Alt-Lietzow,4300619,2018,4,8,2,3,8,1,0,0,1,0,0,0,0,0,792676,5957,5827183,312
199584,11,1,1022206,L�neburger Stra�e                                                                                   ,1200628,2018,4,11,2,3,2,6,0,0,1,0,0,0,1,0,795438,7446,5827603,422
199585,11,1,1011302,Oranienburger Stra�e                                                                                ,1100309,2018,4,10,5,3,0,3,0,1,0,0,0,0,1,1,798323,8375,5828698,949
199586,11,12,12301203,Wittenau S�d                                                                                        ,12500926,2018,4,20,2,3,5,3,2,0,1,0,0,0,1,0,793016,1491,5835691,936
199587,11,8,8010118,Silbersteinstra�e,8100105,2018,4,9,5,3,5,7,0,0,1,0,0,0,0,1,800594,8235,5822052,103
199588,11,1,1022104,Emdener Stra�e                                                                                      ,1200519,2018,4,17,1,2,0,7,0,0,1,1,0,0,0,0,794000,6547,5828878,708
199589,11,1,1011301,Charit�viertel,1100308,2018,4,9,5,3,1,5,0,1,1,0,0,0,0,1,796674,6156,5829618,251
199590,11,2,2030302,Lausitzer Platz,2300315,2018,4,15,1,3,1,5,0,1,1,0,0,0,0,0,800271,7265,5825840,235
199591,11,1,1011102,Gro�er Tiergarten,1100102,2018,4,9,5,3,0,1,0,0,0,0,1,0,0,1,796574,9864,5827796,847
199592,11,8,8010404,Rixdorf,8100417,2018,4,18,1,3,6,4,0,0,1,1,0,0,0,0,801677,3731,5822570,862
199593,11,7,7050501,Rathausstra�e                                                                                       ,7501029,2018,4,8,5,3,2,6,0,0,1,0,0,0,1,1,797569,9559,5819708,79
199594,11,6,6040703,Nikolassee,6400737,2018,4,20,1,3,0,7,1,1,1,0,0,0,0,0,786965,4953,5817355,463
199595,11,3,3061126,Arnimplatz,3601141,2018,4,22,1,3,5,3,2,1,1,0,0,0,0,0,798967,7982,5831458,256
199596,11,4,4030623,Ernst-Reuter-Platz,4300622,2018,4,8,5,3,6,4,0,0,1,1,0,0,0,0,793776,8966,5826063,308
199597,11,2,2020206,Graefekiez,2200212,2018,4,17,1,3,1,5,0,1,1,0,0,0,0,0,799334,9702,5824729,412
199598,11,1,1033203,Humboldthain Nordwest                                                                               ,1300836,2018,4,8,5,3,3,6,0,1,0,0,0,1,0,0,796018,8228,5830324,452
199599,11,10,10010310,Alt-Marzahn,10100315,2018,4,17,1,3,2,6,0,0,1,0,0,0,0,0,809864,4368,5831160,235
199600,11,5,5030832,Rohrdamm,5300839,2018,4,8,5,3,5,3,0,1,1,0,0,0,0,1,789004,5494,5829788,275
199601,11,8,8010301,Reuterkiez,8100312,2018,4,17,1,3,3,6,0,0,1,0,1,0,0,0,801037,8233,5824197,48
199602,11,6,6010206,Stadtpark,6100206,2018,4,8,5,3,5,3,0,0,1,0,0,0,1,0,794938,8309,5819450,31
199603,11,12,12214424,Scharnweberstra�e                                                                                   ,12200309,2018,4,16,1,3,1,5,0,1,1,0,0,0,0,0,793041,194,5832662,938
199604,11,3,3061131,Falkplatz,3601142,2018,4,7,5,3,5,3,0,0,1,0,0,0,0,1,799208,4792,5831108,124
199605,11,5,5010314,Carl-Schurz-Stra�e                                                                                  ,5100316,2018,4,16,1,3,5,3,0,1,1,0,0,0,0,0,784848,349,5829024,458
199606,11,6,6010209,Feuerbachstra�e                                                                                     ,6100209,2018,4,14,1,3,5,3,0,1,1,0,0,0,0,0,794649,8903,5820994,892
199607,11,7,7040403,Manteuffelstra�e                                                                                    ,7400824,2018,4,7,5,3,5,3,0,1,1,0,0,0,0,0,797861,339,5821928,636
199608,11,7,7030301,Friedenau,7300515,2018,4,13,1,3,5,7,0,1,1,0,0,0,0,0,793590,8389,5822281,66
199609,11,10,10020622,Kaulsdorf Nord I                                                                                    ,10200629,2018,4,7,5,3,2,6,0,0,1,0,0,0,0,0,811295,2478,5828540,426
199610,11,2,2050801,Traveplatz,2500830,2018,4,11,1,3,5,2,0,1,1,0,0,0,0,0,802440,972,5827416,69
199611,11,1,1044202,Sparrplatz,1401046,2018,4,6,5,3,1,5,0,1,1,0,0,0,0,1,794971,305,5830224,799
199612,11,8,8020620,Tempelhofer Weg,8200624,2018,4,10,1,3,5,3,0,1,1,0,0,0,0,0,801434,8215,5820973,465
199613,11,8,8041037,Alt-Rudow,8401243,2018,4,0,5,3,0,7,2,0,1,0,0,0,0,0,805700,6292,5816977,182
199614,11,1,1033203,Humboldthain Nordwest                                                                               ,1300836,2018,4,10,1,3,1,7,0,0,1,0,1,0,0,0,796401,8525,5830096,102
199615,11,11,11010309,Zingster Stra�e West,11100308,2018,4,9,1,3,5,3,0,1,1,0,0,0,0,0,805048,5561,5833513,355
199616,11,1,1011301,Charit�viertel,1100308,2018,4,12,5,3,0,1,0,0,0,0,1,0,0,1,796916,7416,5828886,704
199617,11,9,9051901,Dammvorstadt,9501939,2018,4,0,1,3,2,6,2,0,1,0,1,0,0,0,810921,3228,5821553,792
199618,11,3,3030711,Blankenburg,3300514,2018,4,10,5,3,0,1,0,1,0,0,0,0,0,1,802511,9734,5836815,331
199619,11,3,3071537,Kollwitzplatz,3701556,2018,4,12,1,3,5,2,0,1,0,0,1,0,0,0,799515,7545,5829059,706
199620,11,4,4041134,Bismarckallee,4400726,2018,4,12,1,2,1,5,0,1,1,0,0,0,0,0,790399,44,5824197,308
199621,11,2,2030301,Oranienplatz,2300314,2018,4,3,4,3,2,6,2,0,1,0,0,1,0,1,799949,6265,5825744,81
199622,11,3,3061332,Helmholtzplatz,3601348,2018,4,14,1,3,2,7,0,0,1,0,0,0,0,0,799852,8288,5830831,348
199623,11,2,2040503,Richard-Sorge-Viertel,2400522,2018,4,23,4,3,6,4,2,0,1,1,0,0,0,0,801882,6513,5828275,344
199624,11,4,4010103,Paul-Hertz-Siedlung,4100102,2018,4,14,1,3,2,6,0,0,1,0,0,0,0,0,791429,2065,5829182,429
199625,11,12,12302108,M�rkisches Zentrum,12601134,2018,4,13,4,3,5,7,0,1,1,0,0,0,0,0,794875,5276,5836659,482
199626,11,7,7020202,Volkspark (Rudolf-Wilde-Park),7200308,2018,4,7,4,2,0,7,0,1,1,0,0,0,0,1,794928,2435,5823220,948
199627,11,6,6040805,Fischerh�ttenstra�e                                                                                 ,6400839,2018,4,20,4,3,5,3,1,1,1,0,0,0,0,0,787766,4385,5817583,171
199628,11,4,4030931,Breitscheidplatz,4501042,2018,4,17,4,3,1,5,0,0,1,0,0,0,1,0,793931,3113,5826015,336
199629,11,12,12214528,Tegeler Forst,12400619,2018,4,9,1,3,8,1,0,1,0,0,0,0,0,0,789532,7245,5836093,166
199630,11,6,6020306,Lankwitz S�d                                                                                        ,6200317,2018,4,15,4,3,2,2,0,0,1,0,0,0,1,0,796363,823,5816704,509
199631,11,1,1011402,Arkonaplatz,1100416,2018,4,1,1,3,0,1,2,1,0,0,0,0,0,0,798731,3337,5829568,32
199632,11,10,10020414,Helle Mitte,10200421,2018,4,16,4,3,2,6,0,0,1,0,0,0,0,0,812226,7255,5830724,918
199633,11,4,4030725,Amtsgerichtsplatz,4300416,2018,4,17,4,3,2,6,0,0,1,0,0,0,1,0,791907,5871,5826260,651
199634,11,8,8010301,Reuterkiez,8100310,2018,4,12,7,2,3,6,0,1,0,0,0,0,1,0,800790,4654,5825041,726
199635,11,2,2030302,Lausitzer Platz,2300315,2018,4,17,4,3,6,4,0,0,1,1,0,0,0,0,800558,9246,5826145,176
199636,11,11,11010102,Dorf Wartenberg,11100101,2018,4,9,7,2,9,1,0,0,1,0,0,0,0,0,805916,4083,5834617,547
199637,11,5,5020626,Adamstra�e                                                                                          ,5200630,2018,4,17,4,3,2,7,0,0,1,0,0,0,0,0,784031,3084,5827417,988
199638,11,5,5030731,Gartenfelder Stra�e                                                                                 ,5300737,2018,4,18,4,3,5,2,0,0,1,0,0,0,0,0,788027,9767,5829365,948
199639,11,8,8010211,Flughafenstra�e,8100206,2018,4,19,7,3,1,5,1,1,1,0,0,0,0,0,800431,157,5823768,28
199640,11,2,2010102,Mehringplatz,2100102,2018,4,18,4,3,5,2,0,1,1,0,0,0,0,0,798223,496,5825857,565
199641,11,12,12214125,Waldidyll/Flughafensee,12200412,2018,4,19,7,3,2,6,1,0,1,0,0,0,0,0,789892,2563,5833677,588
199642,11,2,2010102,Mehringplatz,2100103,2018,4,18,4,3,5,3,0,0,1,0,1,0,0,0,798547,4188,5826265,11
199643,11,4,4051551,Brabanter Platz,4501148,2018,4,18,7,3,5,2,0,0,1,0,0,0,0,0,792824,7051,5823228,939
199644,11,2,2010101,Askanischer Platz,2100101,2018,4,16,4,3,5,3,0,1,1,0,0,0,0,0,797189,3414,5826406,876
199645,11,4,4051446,Preu�enpark,4501043,2018,4,17,7,3,0,1,0,0,0,0,1,0,0,0,792809,6512,5825231,586
199646,11,6,6040701,Wannsee,6400735,2018,4,15,4,3,0,5,0,1,1,0,0,0,0,0,782212,183,5815278,741
199647,11,4,4030931,Breitscheidplatz,4501042,2018,4,17,7,3,2,6,0,1,1,0,0,0,0,0,794120,2197,5826091,926
199648,11,3,3040512,Wilhelmsruh,3400619,2018,4,15,4,3,2,7,0,0,1,0,0,0,0,0,796618,5254,5835779,854
199649,11,12,12302212,Rollbergesiedlung,12601032,2018,4,17,7,3,5,3,0,0,1,0,0,0,0,0,792827,2804,5837487,371
199650,11,6,6030502,Zehlendorf S�d                                                                                      ,6300525,2018,4,17,7,3,5,3,0,1,0,0,1,0,0,0,789806,47,5815022,502
199651,11,1,1033101,Soldiner Stra�e                                                                                     ,1300730,2018,4,17,7,3,6,4,0,0,1,1,0,0,0,0,796152,3563,5832262,349
199652,11,1,1044202,Sparrplatz,1401047,2018,4,15,4,2,5,3,0,1,1,0,0,0,0,0,795249,6806,5830471,588