OBJECTID,LAND,BEZ,LOR,STRASSE,LOR_ab_2021,UJAHR,UMONAT,USTUNDE,UWOCHENTAG,UKATEGORIE,UART,UTYP1,ULICHTVERH,IstRad,IstPKW,IstFuss,IstKrad,IstGkfz,IstSonstig,STRZUSTAND,LINREFX,LINREFY,XGCSWGS84,YGCSWGS84
199653,11,3,3051022,Hansastra�e,3501038,2018,4,13,4,3,5,3,0,0,1,0,0,0,0,0,803013,6649,5832020,464
199654,11,2,2050803,Stralauer Kiez,2500835,2018,4,17,7,3,5,3,0,0,1,0,0,0,0,0,802753,7866,5826107,804
199655,11,5,5020625,Borkumer Stra�e                                                                                     ,5200629,2018,4,14,4,3,2,6,0,0,1,0,0,0,0,0,783901,4297,5828517,552
199656,11,8,8010510,Gewerbegebiet K�llnische Heide,8100521,2018,4,17,7,3,2,7,0,0,1,0,1,0,0,0,802664,268,5823020,373
199657,11,1,1011305,Heine-Viertel West,1100312,2018,4,14,4,3,0,1,0,0,0,0,1,0,0,1,799473,7759,5827328,537
199658,11,12,12301205,Waidmannslust,12500928,2018,4,17,7,3,2,6,0,0,1,0,0,0,0,0,792603,9144,5837529,83
199659,11,8,8010303,Donaustra�e,8100314,2018,4,13,4,3,6,4,0,0,1,1,0,0,0,0,801097,8142,5823805,882
199660,11,12,12214125,Waldidyll/Flughafensee,12200412,2018,4,16,7,3,6,4,0,1,0,1,0,0,0,0,788330,4722,5832018,202
199661,11,9,9041301,Kietzer Feld/Nachtheide                                                                             ,9401329,2018,4,12,4,3,5,3,0,0,1,0,0,0,0,0,812084,1263,5819047,93
199662,11,3,3061434,Anton-Saefkow-Park,3601451,2018,4,17,7,3,5,2,0,1,1,0,0,0,0,0,801208,7886,5829513,983
199663,11,7,7040406,Germaniagarten,7400928,2018,4,11,4,2,2,6,0,0,0,0,0,1,1,1,799892,985,5821232,493
199664,11,11,3061430,Volkspark Prenzlauer Berg,3601450,2018,4,16,7,2,2,3,0,0,1,0,0,0,1,0,802533,4185,5829303,326
199665,11,10,10020519,Boulevard Kastanienallee,10200526,2018,4,14,7,3,6,4,0,0,1,1,0,0,0,0,812292,2574,5830222,372
199666,11,1,1011204,Leipziger Stra�e                                                                                    ,1100207,2018,4,22,4,3,5,3,2,0,1,0,0,0,0,0,797998,707,5826795,607
199667,11,1,1044202,Sparrplatz,1401047,2018,4,22,7,3,1,5,2,0,1,0,0,0,0,0,795469,6096,5830688,96
199668,11,4,4030828,Savignyplatz,4300624,2018,4,10,4,3,3,6,0,1,0,0,0,0,1,0,793298,9888,5826092,79
199669,11,6,6010206,Stadtpark,6100206,2018,4,20,7,3,6,2,2,0,1,1,0,0,0,0,795064,1444,5819623,927
199670,11,1,1011301,Charit�viertel,1100308,2018,4,20,4,3,5,2,2,1,1,0,0,0,0,0,796985,4437,5828724,585
199671,11,10,10010310,Alt-Marzahn,10100313,2018,4,15,7,3,2,6,0,0,1,0,0,0,0,0,809427,951,5831399,741
199672,11,3,3061227,Humannplatz,3601243,2018,4,10,4,3,0,2,0,1,0,0,0,0,1,0,799688,7842,5831264,852
199673,11,12,12301204,Wittenau Nord                                                                                       ,12500927,2018,4,15,7,3,5,3,0,1,1,0,0,0,0,0,792631,4067,5835839,748
199674,11,3,3030715,Heinersdorf,3300516,2018,4,10,4,3,5,2,0,0,1,0,0,0,0,0,800125,2121,5833865,197
199675,11,2,2010102,Mehringplatz,2100102,2018,4,14,7,3,3,6,0,1,0,0,0,0,0,0,798293,5119,5826524,724
199676,11,1,1044202,Sparrplatz,1401046,2018,4,10,4,3,2,2,0,0,1,0,0,0,1,0,794893,913,5830231,276
199677,11,9,9010202,K�penicker Landstra�e,9100203,2018,4,18,7,3,5,2,0,1,1,0,0,0,0,0,804101,373,5823590,301
199678,11,2,2020203,Viktoriapark,2200209,2018,4,14,7,3,2,6,0,0,1,0,0,0,0,0,797106,152,5824355,236
199679,11,5,5020628,Graetschelsteig,5200633,2018,4,20,4,3,5,2,2,0,1,0,0,0,0,0,784744,7864,5826391,801
199680,11,7,7040402,Lindenhofsiedlung,7400822,2018,4,13,7,3,5,3,0,1,1,0,0,0,0,0,796607,4843,5821404,9
199681,11,4,4051655,Babelsberger Stra�e,4501153,2018,4,19,4,3,0,3,1,0,1,0,1,0,0,0,794027,5459,5823917,15
199682,11,4,4061757,Forst Grunewald,4400729,2018,4,13,7,3,0,3,0,1,0,0,0,0,0,0,788966,4586,5823638,433
199683,11,3,3050920,Wei�er See,3500933,2018,4,10,4,3,5,2,0,0,1,0,0,0,0,0,802410,4532,5832566,303
199684,11,7,7020204,Sch�neberger Insel,7200412,2018,4,17,1,3,0,1,0,1,0,0,0,0,0,0,796336,4176,5822988,182
199685,11,3,3010102,Buch,3100102,2018,4,7,4,3,0,6,0,1,0,0,0,0,0,1,804461,2569,5841246,332
199686,11,8,8020727,Buckow Mitte,8200832,2018,4,19,4,3,2,2,0,0,1,0,1,0,0,0,800816,326,5816625,612
199687,11,6,6010206,Stadtpark,6100206,2018,4,13,7,3,0,1,0,1,0,0,0,0,0,0,794009,6711,5819354,35
199688,11,11,11051331,Karlshorst Nord,11501340,2018,4,16,1,2,0,6,0,1,1,0,0,0,0,0,807246,921,5824241,444
199689,11,5,5030731,Gartenfelder Stra�e                                                                                 ,5300737,2018,4,18,4,2,5,2,0,0,1,0,0,0,0,0,788032,4551,5829371,214
199690,11,1,1011204,Leipziger Stra�e                                                                                    ,1100207,2018,4,9,4,3,0,3,0,1,1,0,0,0,0,1,798136,2175,5826709,7
199691,11,7,7060604,Marienfelde S�d,7601341,2018,4,15,1,2,8,1,0,0,1,0,0,0,0,0,797712,6436,5815421,81
199692,11,11,11030619,Fennpfuhl Ost,11300620,2018,4,20,4,2,5,2,2,0,1,0,0,0,0,0,803558,6826,5829752,832
199693,11,4,4020311,Reichsstra�e,4200309,2018,4,13,7,3,5,3,0,1,1,0,0,0,0,0,788996,1714,5826983,533
199694,11,7,7040401,Neu-Tempelhof,7400721,2018,4,15,1,3,2,6,0,0,1,0,0,0,0,0,797817,2137,5822535,445
199695,11,2,2020206,Graefekiez,2200212,2018,4,19,4,2,6,4,0,0,1,1,0,0,0,0,800017,4987,5824454,564
199696,11,7,7010102,Nollendorfplatz,7100102,2018,4,12,7,3,0,5,0,0,1,0,0,0,1,0,795085,1348,5825744,714
199697,11,2,2040502,Friedenstra�e,2400521,2018,4,12,7,3,5,3,0,0,1,0,0,0,1,0,800733,9765,5828102,992
199698,11,7,7040402,Lindenhofsiedlung,7400822,2018,4,9,4,3,2,6,0,0,0,0,0,1,1,1,796817,5139,5821852,279
199699,11,12,12103115,Breitkopfbecken,12100103,2018,4,12,7,3,2,6,0,0,1,0,0,0,0,0,795421,2043,5834089,861
199700,11,4,4020311,Reichsstra�e,4200309,2018,4,13,1,3,2,7,0,1,1,0,0,0,0,0,789060,4893,5827147,815
199701,11,5,5010209,An der Kappe,5100211,2018,4,8,4,3,5,2,0,0,1,0,0,0,0,1,781906,5599,5829568,241
199702,11,1,1011102,Gro�er Tiergarten,1100102,2018,4,12,7,3,0,3,0,1,0,0,0,0,1,0,796259,4596,5827566,288
199703,11,5,5010339,Freiheit,5100317,2018,4,13,1,2,0,7,0,1,0,0,0,0,0,0,787218,1608,5828340,2
199704,11,12,12214125,Waldidyll/Flughafensee,12200412,2018,4,8,4,3,5,3,0,0,1,0,1,0,0,1,789560,1517,5833666,456
199705,11,3,3061126,Arnimplatz,3601140,2018,4,13,1,3,2,6,0,0,1,0,1,0,0,0,798649,7667,5831794,216
199706,11,2,2020204,Urbanstra�e,2200210,2018,4,7,4,3,5,2,0,1,1,0,0,0,0,1,798009,8057,5825271,23
199707,11,11,11040926,Weitlingstra�e,11400929,2018,4,11,7,2,6,4,0,0,1,1,0,0,0,0,805028,9092,5826674,875
199708,11,10,10040931,Mahlsdorf Nord                                                                                      ,10400938,2018,4,7,4,3,2,6,0,0,1,0,0,0,0,1,813005,7801,5828503,58
199709,11,5,5010314,Carl-Schurz-Stra�e                                                                                  ,5100316,2018,4,11,7,3,5,2,0,0,1,0,1,0,0,0,783602,1812,5829148,827
199710,11,9,9041501,Altstadt Kietz,9401534,2018,4,12,1,3,2,6,0,0,1,0,0,0,1,0,810744,7559,5820308,779
199711,11,8,8020619,Buschkrugallee Nord,8200623,2018,4,7,4,3,5,2,0,1,1,0,0,0,0,1,801402,438,5821118,67
199712,11,1,1011102,Gro�er Tiergarten,1100102,2018,4,10,7,3,1,5,0,1,1,0,0,0,1,0,795303,262,5827365,218
199713,11,4,4030725,Amtsgerichtsplatz,4300416,2018,4,12,1,3,2,6,0,0,1,0,0,0,0,0,791894,925,5826424,424
199714,11,3,3040818,Pankow S�d                                                                                          ,3400827,2018,4,7,4,3,5,3,0,0,1,0,0,0,0,0,799456,8829,5832364,949
199715,11,4,4041344,R�desheimer Platz,4400835,2018,4,22,7,3,2,6,2,1,1,0,0,0,0,0,793331,8354,5822849,491
199716,11,3,3040818,Pankow S�d                                                                                          ,3400829,2018,4,11,1,3,5,3,0,1,1,0,0,0,0,0,799635,1471,5832787,939
199717,11,2,2050801,Traveplatz,2500830,2018,4,10,7,3,0,4,0,0,0,1,1,0,0,0,802674,257,5827365,968
199718,11,10,10010308,Marzahner Chaussee,10100311,2018,4,5,4,2,2,6,2,0,1,0,0,0,1,1,806361,8411,5830199,882
199719,11,8,8020728,Buckow Ost,8200833,2018,4,10,7,3,5,3,0,0,1,0,0,0,0,0,802127,5547,5816767,964
199720,11,6,6010101,Fichtenberg,6100101,2018,4,11,1,3,5,2,0,1,1,0,0,0,0,0,793517,502,5820625,588
199721,11,8,8010510,Gewerbegebiet K�llnische Heide,8100521,2018,4,19,7,3,1,1,0,0,1,0,0,0,0,0,802174,5093,5822626,963
199722,11,1,1011301,Charit�viertel,1100308,2018,4,5,4,3,0,1,1,1,0,0,0,0,0,1,797447,742,5828857,842
199723,11,12,12214125,Waldidyll/Flughafensee,12200414,2018,4,7,7,3,5,2,0,0,1,0,1,0,0,0,792005,4964,5831639,981
199724,11,5,5040935,Gro�-Glienicker Weg,5400942,2018,4,23,7,2,4,6,2,0,1,0,0,0,0,0,782902,7759,5821161,35
199725,11,1,1033201,Brunnenstra�e                                                                                       ,1300834,2018,4,20,7,3,5,7,1,0,1,0,1,0,0,0,797825,7446,5830769,902
199726,11,1,1011202,Unter den Linden Nord,1100206,2018,4,9,4,3,8,1,0,1,0,0,0,0,0,0,797175,8003,5827597,295
199727,11,1,1033201,Brunnenstra�e                                                                                       ,1300834,2018,4,19,7,3,5,3,0,1,1,0,0,0,0,0,797558,7095,5830953,987
199728,11,9,9010401,Johannisthal West,9100407,2018,4,15,3,3,0,7,0,0,1,0,0,0,1,0,805815,7681,5819630,742
199729,11,9,9020802,K�llnische Vorstadt                                                                                 ,9200819,2018,4,22,7,2,8,1,2,0,0,0,1,0,0,0,810054,3275,5819440,706
199730,11,6,6030605,Botanischer Garten,6300629,2018,4,19,7,3,5,3,1,0,1,0,0,0,1,0,791861,542,5819163,951
199731,11,2,2020202,Rathaus Yorckstra�e,2200208,2018,4,21,3,3,5,2,2,1,1,0,0,0,0,0,797943,599,5825259,135
199732,11,8,8041040,Waltersdorfer Chaussee Ost,8401246,2018,4,6,7,3,0,7,0,0,1,0,1,0,0,0,806160,8149,5817095,129
199733,11,8,8010404,Rixdorf,8100417,2018,4,18,7,3,6,2,0,0,0,1,0,0,1,0,802479,902,5823167,747
199734,11,3,3040614,Pankow Zentrum                                                                                      ,3400722,2018,4,7,3,3,5,2,0,1,1,0,0,0,0,0,798626,4212,5834002,92
199735,11,5,5030731,Gartenfelder Stra�e                                                                                 ,5300737,2018,4,0,7,2,1,5,2,0,1,0,0,1,0,0,787713,4,5829413,254
199736,11,4,4030726,Droysenstra�e,4500936,2018,4,17,7,2,2,6,0,0,1,0,0,0,0,0,792260,674,5825349,833
199737,11,3,3040508,Rosenthal,3400618,2018,4,16,7,3,5,2,0,1,1,0,0,0,0,0,796183,329,5836501,197
199738,11,1,1011301,Charit�viertel,1100308,2018,4,16,3,2,0,1,0,1,0,0,0,0,0,0,796956,5369,5828918,436
199739,11,1,1011402,Arkonaplatz,1100416,2018,4,9,6,3,1,7,0,1,1,0,0,0,0,0,798783,2025,5829102,392
199740,11,9,9051702,B�lschestra�e,9501737,2018,4,15,7,3,3,6,0,1,1,0,0,0,0,0,814203,744,5821478,211
199741,11,1,1011302,Oranienburger Stra�e                                                                                ,1100309,2018,4,14,7,3,6,4,0,0,1,1,0,0,0,0,798666,9555,5828358,176
199742,11,7,7020201,Bayerischer Platz,7200307,2018,4,17,3,3,5,3,0,0,1,0,0,0,0,0,794943,967,5824567,142
199743,11,1,1022106,Elberfelder Stra�e                                                                                  ,1200522,2018,4,16,6,3,6,7,0,0,1,1,0,0,0,0,793865,9451,5827904,179
199744,11,12,12231101,Hermsdorf,12400723,2018,4,13,7,3,5,3,0,0,1,0,0,0,0,0,791620,8139,5839541,612
199745,11,8,8020619,Buschkrugallee Nord,8200623,2018,4,17,3,3,2,6,0,0,1,0,0,0,0,0,801460,2276,5820941,708
199746,11,4,4030726,Droysenstra�e,4500936,2018,4,19,6,3,0,6,0,0,1,0,1,0,0,0,792272,4835,5825487,467
199747,11,2,2030301,Oranienplatz,2300314,2018,4,13,7,3,5,2,0,1,1,0,0,0,0,0,800333,4946,5826231,414
199748,11,2,2020203,Viktoriapark,2200209,2018,4,17,3,3,5,2,0,1,0,0,0,0,1,0,797749,362,5824034,295
199749,11,8,8041037,Alt-Rudow,8401243,2018,4,12,6,2,1,7,0,0,1,0,1,0,0,0,805855,472,5818360,685
199750,11,4,4030827,Karl-August-Platz,4300623,2018,4,20,6,3,5,3,2,0,1,0,0,0,0,0,792413,4512,5826112,79
199751,11,5,5010314,Carl-Schurz-Stra�e                                                                                  ,5100316,2018,4,13,7,3,6,7,0,0,1,1,0,0,0,0,785115,8817,5828998,13
199752,11,10,10040932,Alt-Mahlsdorf,10400939,2018,4,16,3,3,2,6,0,1,1,0,0,0,1,0,813005,894,5827757,686
199753,11,2,2040703,Wriezener Bahnhof/Entwicklungsgebiet,2400625,2018,4,12,6,3,0,7,0,1,0,0,0,0,0,0,801710,853,5826165,824
199754,11,7,7040403,Manteuffelstra�e                                                                                    ,7400823,2018,4,12,7,3,5,2,0,0,1,0,0,0,0,0,796917,3822,5822287,39
199755,11,8,8030830,Gropiusstadt S�d,8300935,2018,4,16,3,3,1,7,0,0,1,0,0,0,0,0,802424,9586,5817912,794
199756,11,11,11010308,Zingster Stra�e Ost,11100307,2018,4,18,6,3,1,5,0,1,1,0,0,0,0,0,804856,7422,5834181,287
199757,11,5,5040936,J�gerallee,5400943,2018,4,9,7,3,5,3,0,1,1,0,0,0,0,0,781293,3965,5819444,56
199758,11,1,1011303,Alexanderplatzviertel,1100310,2018,4,15,7,3,2,6,0,0,0,0,1,1,0,0,798948,3097,5827851,542
199759,11,12,12301203,Wittenau S�d                                                                                        ,12500930,2018,4,16,3,3,5,2,0,0,1,0,0,0,0,0,793588,1416,5835208,457
199760,11,7,7060604,Marienfelde S�d,7601340,2018,4,11,6,3,0,3,0,0,1,0,0,0,0,0,796120,7455,5815935,754
199761,11,4,4031032,Halensee,4500938,2018,4,16,7,3,1,5,0,0,1,0,1,0,0,0,791508,8198,5824896,743
199762,11,10,10020517,Adele-Sandrock-Stra�e                                                                               ,10200524,2018,4,14,7,2,6,4,0,0,1,1,0,0,0,0,812875,8226,5830238,521
199763,11,2,2030302,Lausitzer Platz,2300315,2018,4,16,3,3,5,2,0,1,0,0,0,0,1,0,800847,2866,5825833,614
199764,11,8,8010301,Reuterkiez,8100312,2018,4,4,6,3,1,5,0,1,1,0,0,0,0,0,801371,27,5824502,61
199765,11,9,9010401,Johannisthal West,9100407,2018,4,12,6,3,1,5,0,1,1,0,0,0,0,0,806110,947,5821091,955
199766,11,5,5020627,Tiefwerder,5200632,2018,4,16,3,3,5,7,0,0,1,0,0,0,1,0,785169,9668,5828310,27
199767,11,8,8010510,Gewerbegebiet K�llnische Heide,8100521,2018,4,8,6,3,5,3,0,0,1,0,0,1,0,0,802523,232,5821894,402
199768,11,10,10040933,Mahlsdorf S�d                                                                                       ,10400940,2018,4,15,7,2,6,4,0,0,1,1,0,0,0,0,812530,7436,5825057,95
199769,11,8,8020620,Tempelhofer Weg,8200624,2018,4,8,6,3,6,2,0,0,1,1,0,0,0,0,801142,5125,5820640,173
199770,11,7,7050501,Rathausstra�e                                                                                       ,7501029,2018,4,16,3,3,5,2,0,0,1,0,1,0,1,0,797489,9163,5819275,767
199771,11,3,3040818,Pankow S�d                                                                                          ,3400827,2018,4,9,6,3,5,3,0,0,1,0,0,0,0,0,799744,3146,5831840,921
199772,11,2,2010102,Mehringplatz,2100102,2018,4,16,7,2,5,3,0,1,1,0,0,0,0,0,798207,3671,5825854,907
199773,11,10,10040931,Mahlsdorf Nord                                                                                      ,10400938,2018,4,16,3,3,5,3,0,1,1,0,0,0,0,0,813857,1492,5829712,469
199774,11,3,3061429,Greifswalder Stra�e,3601449,2018,4,9,6,3,5,2,0,1,1,0,0,0,0,0,801709,895,5830082,132
199775,11,8,8020727,Buckow Mitte,8200832,2018,4,12,7,3,6,4,0,0,1,1,1,0,0,0,801512,336,5817640,85
199776,11,3,3071536,Teutoburger Platz,3701554,2018,4,15,3,3,6,4,0,0,1,1,0,0,0,0,798917,1612,5829922,407
199777,11,12,12214424,Scharnweberstra�e                                                                                   ,12200309,2018,4,13,7,3,2,2,0,0,1,0,0,0,0,0,792445,2017,5832859,325
199778,11,4,4010103,Paul-Hertz-Siedlung,4100102,2018,4,15,3,3,0,1,0,0,0,0,1,0,0,1,791189,487,5829115,195
199779,11,9,9010101,Elsenstra�e                                                                                         ,9100101,2018,4,15,3,3,5,3,0,0,1,0,0,0,0,0,801977,1156,5824892,23
199780,11,8,8010117,Schillerpromenade,8100102,2018,4,10,6,3,0,7,0,0,1,0,0,0,1,0,800533,514,5823195,635
199781,11,2,2050802,Boxhagener Platz,2500833,2018,4,12,7,3,5,2,0,0,1,0,0,0,1,0,802058,9916,5827162,339
199782,11,9,9010401,Johannisthal West,9100407,2018,4,15,3,2,2,7,0,0,1,0,1,0,0,0,805807,6061,5819526,792
199783,11,2,2020206,Graefekiez,2200212,2018,4,10,6,3,5,7,0,0,1,0,1,0,0,0,800272,338,5824375,806
199784,11,1,1044203,Leopoldplatz,1401049,2018,4,15,3,3,5,2,0,1,1,0,0,0,0,0,796350,578,5831862,125
199785,11,4,4030931,Breitscheidplatz,4501042,2018,4,9,6,3,1,4,0,1,1,1,0,0,0,0,793525,4625,5825829,816
199786,11,5,5010314,Carl-Schurz-Stra�e                                                                                  ,5100316,2018,4,11,7,3,2,6,0,0,1,0,0,0,0,0,785278,8522,5829297,683
199787,11,3,3051021,Buschallee,3501037,2018,4,14,3,3,2,7,0,0,0,0,1,0,1,1,802850,4376,5832504,653
199788,11,6,6010206,Stadtpark,6100206,2018,4,9,6,3,0,7,0,0,1,0,1,0,0,1,794689,203,5819957,403
199789,11,3,3061131,Falkplatz,3601142,2018,4,12,7,2,0,1,0,1,0,0,0,0,0,0,798388,5342,5830942,848
199790,11,10,10030724,Oberfeldstra�e                                                                                      ,10300731,2018,4,14,3,3,1,5,0,0,1,0,0,0,0,0,809599,9812,5828701,827
199791,11,4,4051653,Prager Platz,4501152,2018,4,9,7,3,0,1,0,0,0,0,1,0,0,0,793993,3814,5824431,356
199792,11,2,2010102,Mehringplatz,2100102,2018,4,14,3,3,4,6,0,0,1,0,0,0,0,0,798245,3682,5826115,62
199793,11,2,2010102,Mehringplatz,2100102,2018,4,9,6,2,5,3,0,1,0,0,0,0,0,0,798027,9664,5825824,77
199794,11,6,6030504,Teltower Damm,6300528,2018,4,13,3,3,6,4,0,0,0,1,0,1,0,0,789036,7036,5816676,499
199795,11,3,3061429,Greifswalder Stra�e,3601449,2018,4,13,3,2,5,3,0,0,1,0,1,0,0,0,801433,5208,5830940,946
199796,11,1,1011204,Leipziger Stra�e                                                                                    ,1100207,2018,4,8,6,3,5,3,0,0,1,0,1,0,0,0,797875,2055,5826766,185
199797,11,1,1011302,Oranienburger Stra�e                                                                                ,1100309,2018,4,12,6,3,5,2,0,1,0,0,0,0,0,0,798539,9295,5828984,689
199798,11,7,7040405,Rathaus Tempelhof,7400927,2018,4,13,3,2,1,5,0,1,0,0,0,1,0,0,798335,4165,5821005,293
199799,11,2,2040701,Andreasviertel,2400521,2018,4,9,6,3,5,2,0,1,0,0,0,0,1,0,800966,6222,5827875,957
199800,11,9,9010101,Elsenstra�e                                                                                         ,9100101,2018,4,12,3,2,5,3,0,1,0,0,0,1,0,0,802055,6351,5825557,445
199801,11,6,6010101,Fichtenberg,6100101,2018,4,8,6,2,1,5,0,1,1,0,0,0,0,0,793106,8676,5820384,204
199802,11,1,1044103,Westliche M�llerstra�e                                                                              ,1400942,2018,4,11,3,3,2,6,0,0,1,0,0,0,0,0,794649,3393,5830838,88
199803,11,3,3051017,Rennbahnstra�e,3501037,2018,4,7,6,3,2,6,0,0,1,0,0,0,0,0,802185,709,5832951,254
199804,11,1,1022103,Westhafen,1200517,2018,4,18,6,2,5,7,0,0,1,0,1,0,0,0,794166,4763,5829359,54
199805,11,1,1011401,Invalidenstra�e                                                                                     ,1100415,2018,4,10,3,3,1,5,0,1,1,0,0,0,0,0,797381,9439,5829150,938
199806,11,12,12103218,Teichstra�e,12100205,2018,4,7,6,3,5,3,0,0,1,0,1,0,0,0,795078,1155,5834209,62
199807,11,8,8010213,K�rnerpark,8100208,2018,4,10,3,3,5,2,0,1,0,0,0,0,1,0,801253,964,5822885,22
199808,11,9,9020701,Adlershof West,9200715,2018,4,6,6,3,5,3,0,1,1,0,0,0,0,0,808201,2422,5818698,294
199809,11,1,1011305,Heine-Viertel West,1100312,2018,4,23,6,3,5,7,2,1,1,0,0,0,0,0,799603,8942,5826930,329
199810,11,12,12301204,Wittenau Nord                                                                                       ,12500927,2018,4,14,6,2,5,2,0,1,1,0,0,0,0,0,792470,3712,5835343,819
199811,11,12,12302212,Rollbergesiedlung,12601032,2018,4,9,3,3,6,4,0,0,1,1,0,0,0,0,793696,7276,5837632,782
199812,11,7,7070703,John-Locke-Stra�e                                                                                   ,7601544,2018,4,10,6,3,2,6,0,0,1,0,0,0,0,0,798855,196,5814381,608
199813,11,12,12103117,Letteplatz,12100101,2018,4,13,6,3,2,6,0,0,1,0,1,0,0,0,796218,2698,5832762,549
199814,11,1,1022207,Hansaviertel,1200629,2018,4,8,3,3,5,7,0,0,1,0,1,0,0,0,794356,7914,5827512,548
199815,11,2,2030401,Reichenberger Stra�e,2300418,2018,4,0,6,3,8,1,2,1,0,0,0,0,0,0,801075,8266,5824963,127
199816,11,7,7020201,Bayerischer Platz,7200307,2018,4,23,6,3,5,7,2,0,1,0,1,0,0,0,794618,6,5824656,946
199817,11,7,7030303,Grazer Platz,7300619,2018,4,13,6,3,1,5,0,1,1,0,0,0,1,0,795840,8594,5821012,642
199818,11,6,6030504,Teltower Damm,6300528,2018,4,8,3,3,1,7,0,1,1,0,0,0,0,0,790770,8311,5817489,189
199819,11,1,1033102,Gesundbrunnen,1300733,2018,4,21,6,3,0,2,2,1,1,0,0,0,0,0,797367,5025,5831189,47
199820,11,3,3061227,Humannplatz,3601243,2018,4,12,6,3,3,6,0,1,1,0,0,0,0,0,799615,872,5831761,916
199821,11,6,6010208,Bergstra�e                                                                                          ,6100208,2018,4,18,6,3,5,2,0,1,1,0,0,0,0,0,794339,5859,5820574,3
199822,11,5,5020625,Borkumer Stra�e                                                                                     ,5200629,2018,4,12,6,3,5,2,0,1,1,0,0,0,0,0,783794,9602,5828688,54
199823,11,7,7050504,Imbrosweg,7501032,2018,4,8,3,3,2,6,0,0,1,0,0,0,1,0,799498,2103,5820506,627
199824,11,7,7050504,Imbrosweg,7501032,2018,4,17,6,3,0,1,0,0,0,0,1,0,0,0,799979,4886,5820426,305
199825,11,2,2020205,Chamissokiez,2200211,2018,4,11,6,3,6,4,0,0,0,1,0,1,0,0,797932,3256,5824576,168
199826,11,2,2040502,Friedenstra�e,2400521,2018,4,6,3,3,9,1,0,0,1,0,0,0,0,0,800701,2404,5828469,842
199827,11,6,6020301,Alt-Lankwitz,6200311,2018,4,16,6,3,0,7,0,0,1,0,0,0,1,0,795825,6738,5819051,844
199828,11,12,12231102,Frohnau,12400721,2018,4,10,6,3,5,3,0,0,1,0,0,0,0,0,789970,308,5841007,472
199829,11,2,2020206,Graefekiez,2200213,2018,4,9,6,2,6,4,0,0,1,1,0,0,0,0,799563,9936,5824897,13
199830,11,9,9020702,Adlershof Ost,9200716,2018,4,6,3,3,5,3,0,0,1,0,0,0,0,0,809467,5173,5819065,482
199831,11,12,12103218,Teichstra�e,12100205,2018,4,16,6,3,5,2,0,1,1,0,0,0,0,0,794575,4642,5833966,951
199832,11,9,9010401,Johannisthal West,9100407,2018,4,8,6,3,6,7,0,0,1,1,0,0,0,0,805830,156,5819049,378
199833,11,11,11030721,R�digerstra�e,11300722,2018,4,8,6,2,5,2,0,1,0,0,0,0,1,0,803861,9008,5828653,423
199834,11,1,1011401,Invalidenstra�e                                                                                     ,1100414,2018,4,6,3,3,6,2,0,0,1,1,0,0,0,0,797389,6357,5829301,139
199835,11,1,1022106,Elberfelder Stra�e                                                                                  ,1200522,2018,4,16,6,3,5,2,0,0,1,0,1,0,0,0,794192,4994,5828318,94
199836,11,6,6010207,Mittelstra�e                                                                                        ,6100207,2018,4,16,6,3,2,7,0,0,1,0,0,0,0,0,794017,2919,5819732,844
199837,11,9,9020802,K�llnische Vorstadt                                                                                 ,9200819,2018,4,7,6,3,2,6,0,0,1,0,0,0,1,0,810474,6072,5820273,797
199838,11,2,2010102,Mehringplatz,2100103,2018,4,13,3,3,6,4,0,1,0,1,0,0,0,0,798675,2962,5826439,998
199839,11,4,4051445,Eisenzahnstra�e,4500939,2018,4,16,6,2,0,4,0,0,0,1,1,0,0,0,792757,522,5824271,539
199840,11,10,10040933,Mahlsdorf S�d                                                                                       ,10400940,2018,4,5,6,2,5,3,1,1,0,0,0,0,1,0,813094,2861,5826504,719
199841,11,3,3061430,Volkspark Prenzlauer Berg,3601450,2018,4,16,3,3,0,2,0,1,1,0,0,0,0,0,802261,2689,5829167,162
199842,11,2,2040702,Weberwiese,2400624,2018,4,16,6,3,4,6,0,1,1,0,0,0,0,0,801562,986,5827207,14
199843,11,4,4030620,Alt-Lietzow,4300619,2018,4,11,6,3,3,5,0,0,1,0,0,0,1,0,792550,6033,5827124,77
199844,11,7,7020203,Kaiser-Wilhelm-Platz,7200411,2018,4,21,6,3,3,6,2,1,1,0,0,0,0,0,795935,9973,5824082,856
199845,11,4,4020310,Park Ruhwald,4200308,2018,4,20,3,3,2,6,2,0,1,0,0,0,0,0,790376,5825,5827323,59
199846,11,8,8020726,Buckow West,8200831,2018,4,15,6,2,0,6,0,0,1,0,0,0,1,0,800063,3828,5817401,224
199847,11,4,4041344,R�desheimer Platz,4400835,2018,4,20,3,3,6,7,1,0,1,1,0,0,0,0,793292,8308,5822210,789
199848,11,1,1011102,Gro�er Tiergarten,1100102,2018,4,15,6,3,0,6,0,0,1,0,1,0,0,0,795079,735,5827225,102
199849,11,1,1011102,Gro�er Tiergarten,1100102,2018,4,21,6,3,5,3,2,0,1,0,0,0,0,0,795162,8421,5827238,262