OBJECTID,LAND,BEZ,LOR,STRASSE,LOR_ab_2021,UJAHR,UMONAT,USTUNDE,UWOCHENTAG,UKATEGORIE,UART,UTYP1,ULICHTVERH,IstRad,IstPKW,IstFuss,IstKrad,IstGkfz,IstSonstig,STRZUSTAND,LINREFX,LINREFY,XGCSWGS84,YGCSWGS84
199850,11,8,8010115,Hasenheide,8100102,2018,4,19,6,3,6,4,0,1,0,1,0,0,0,0,799833,137,5823659,833
199851,11,1,1011103,L�tzowstra�e                                                                                        ,1100103,2018,4,20,3,3,2,6,1,0,1,0,0,0,0,0,795413,4123,5825851,84
199852,11,2,2030401,Reichenberger Stra�e,2300417,2018,4,14,6,3,5,3,0,0,1,0,0,0,0,0,800625,6097,5825680,611
199853,11,4,4030415,Schlo�garten,4300412,2018,4,19,6,3,5,7,0,1,1,0,0,0,0,0,791680,2017,5827498,6
199854,11,1,1011304,Karl-Marx-Allee,1100311,2018,4,19,6,3,0,5,0,0,1,0,1,0,0,0,799798,5619,5827886,303
199855,11,4,4030828,Savignyplatz,4300624,2018,4,18,3,2,6,4,0,0,1,1,0,0,0,0,793294,1737,5826416,83
199856,11,7,7060603,Marienfelde Nordost,7601238,2018,4,15,6,3,2,6,0,0,1,0,0,0,0,0,798100,5348,5815823,753
199857,11,6,6010206,Stadtpark,6100206,2018,4,15,6,2,5,2,0,1,0,0,0,0,0,0,794330,759,5819564,849
199858,11,9,9020502,Obersch�neweide Ost,9200511,2018,4,19,3,2,0,1,0,1,0,0,0,0,0,0,806640,338,5822049,714
199859,11,1,1033102,Gesundbrunnen,1300733,2018,4,14,6,3,3,6,0,0,1,0,1,0,0,0,797246,9435,5831311,675
199860,11,6,6040810,Dahlem,6400844,2018,4,17,6,3,4,6,0,1,0,0,0,0,0,0,792468,1826,5821566,109
199861,11,11,11040926,Weitlingstra�e,11400929,2018,4,17,3,1,6,4,0,0,0,1,0,0,1,0,805242,93,5827314,161
199862,11,10,10010310,Alt-Marzahn,10100315,2018,4,14,6,3,3,6,0,1,0,0,0,0,1,0,809868,376,5831291,159
199863,11,3,3061228,Erich-Weinert-Stra�e,3601245,2018,4,17,6,3,0,2,0,0,1,0,1,0,0,0,800407,5165,5831531,377
199864,11,3,3061126,Arnimplatz,3601140,2018,4,19,2,3,5,2,0,1,1,0,0,0,0,0,798516,46,5831494,301
199865,11,1,1044202,Sparrplatz,1401046,2018,4,16,6,3,5,2,0,1,0,0,0,0,1,0,794726,215,5830011,296
199866,11,10,10030727,Biesdorf S�d                                                                                        ,10300734,2018,4,8,2,3,2,6,0,0,1,0,0,0,0,0,809546,829,5826940,981
199867,11,3,3040512,Wilhelmsruh,3400619,2018,4,21,2,3,5,3,2,1,1,0,0,0,0,0,796032,7142,5835733,42
199868,11,4,4030519,Kaiserin-Augusta-Allee,4300518,2018,4,14,6,3,5,3,0,1,1,0,0,0,0,0,792065,1352,5828105,728
199869,11,1,1022203,L�becker Stra�e                                                                                     ,1200625,2018,4,16,6,3,0,7,0,1,0,0,0,0,0,0,794711,9982,5828701,913
199870,11,4,4031032,Halensee,4500937,2018,4,19,2,3,2,6,0,0,1,0,0,0,0,0,791222,848,5824998,504
199871,11,8,8010510,Gewerbegebiet K�llnische Heide,8100521,2018,4,14,6,3,5,3,0,0,1,0,0,0,0,0,802055,289,5822125,486
199872,11,4,4030621,Spreestadt,4300620,2018,4,19,2,3,6,2,0,0,1,1,0,0,0,0,793611,6864,5827931,372
199873,11,1,1033102,Gesundbrunnen,1300733,2018,4,15,6,3,5,2,0,1,1,0,0,0,0,0,797236,78,5831320,483
199874,11,4,4030931,Breitscheidplatz,4501042,2018,4,18,2,3,2,6,0,0,1,0,0,0,0,0,793810,6436,5825858,208
199875,11,1,1011304,Karl-Marx-Allee,1100311,2018,4,13,6,3,5,3,0,0,1,0,0,0,0,0,799718,555,5827664,615
199876,11,8,8020622,Parchimer Allee,8200726,2018,4,13,6,3,5,3,0,1,1,0,0,0,0,0,801260,2899,5819808,863
199877,11,7,7040403,Manteuffelstra�e                                                                                    ,7400823,2018,4,18,2,3,5,2,0,1,1,0,0,0,0,0,796882,6602,5822236,751
199878,11,1,1011304,Karl-Marx-Allee,1100311,2018,4,12,6,3,0,2,0,1,1,0,1,0,0,0,799730,1678,5827539,924
199879,11,6,6030609,Augustaplatz,6300633,2018,4,16,6,2,5,7,0,0,1,0,1,0,0,0,793214,1348,5819728,575
199880,11,10,10040933,Mahlsdorf S�d                                                                                       ,10400940,2018,4,18,2,3,5,3,0,1,1,0,0,0,0,0,811982,494,5826843,854
199881,11,2,2020203,Viktoriapark,2200208,2018,4,12,6,3,3,6,0,1,0,0,0,0,0,0,797259,3884,5824806,128
199882,11,10,10040931,Mahlsdorf Nord                                                                                      ,10400938,2018,4,16,6,2,5,3,0,1,1,0,0,0,0,0,814743,6764,5829892,369
199883,11,12,12214422,Klixstra�e                                                                                          ,12200310,2018,4,18,2,3,5,3,0,0,1,0,0,0,0,0,792132,7022,5833150,14
199884,11,2,2030302,Lausitzer Platz,2300315,2018,4,22,6,3,5,7,2,0,1,0,0,0,0,0,800389,7636,5825794,902
199885,11,6,6030503,Zehlendorf Mitte                                                                                    ,6300526,2018,4,18,2,3,5,2,0,1,1,0,0,0,0,0,789414,6956,5817994,395
199886,11,8,8041037,Alt-Rudow,8401243,2018,4,12,6,3,0,6,0,1,1,0,0,0,0,0,805771,9016,5818046,866
199887,11,8,8030831,Gropiusstadt Ost,8301037,2018,4,17,2,3,0,2,0,0,1,0,1,0,0,0,804133,722,5817759,635
199888,11,11,11040926,Weitlingstra�e,11400930,2018,4,11,6,3,5,3,0,0,1,0,0,0,0,0,806041,216,5826605,785
199889,11,1,1011304,Karl-Marx-Allee,1100311,2018,4,15,6,3,3,6,0,0,1,0,0,0,0,0,799956,4314,5827463,918
199890,11,1,1011306,Heine-Viertel Ost,1100313,2018,4,16,2,3,5,3,0,1,1,0,0,0,0,0,799660,7792,5827044,376
199891,11,8,8010301,Reuterkiez,8100312,2018,4,12,6,3,3,6,0,0,1,0,0,0,0,0,801052,3537,5824186,74
199892,11,2,2030302,Lausitzer Platz,2300316,2018,4,16,2,3,2,6,0,0,1,0,0,0,0,0,801066,8615,5826327,976
199893,11,7,7030303,Grazer Platz,7300619,2018,4,11,6,3,2,6,0,0,1,0,0,0,0,0,794645,107,5821861,994
199894,11,6,6040809,Thielallee,6400843,2018,4,15,6,3,2,6,0,0,1,0,1,0,0,0,791532,7799,5820649,707
199895,11,9,9051702,B�lschestra�e,9501737,2018,4,15,6,3,1,7,0,0,1,0,0,0,0,0,814046,4034,5820772,728
199896,11,2,2020206,Graefekiez,2200212,2018,4,15,2,3,6,7,0,1,0,1,0,0,0,0,800039,203,5824451,142
199897,11,6,6020408,Lichterfelde S�d                                                                                    ,6200420,2018,4,21,6,2,0,1,2,1,0,0,0,0,0,0,792855,8846,5816228,315
199898,11,1,1011102,Gro�er Tiergarten,1100102,2018,4,16,6,3,6,4,0,0,1,1,0,0,0,1,795174,259,5826923,398
199899,11,1,1011303,Alexanderplatzviertel,1100310,2018,4,20,6,3,0,1,2,1,0,0,0,0,0,0,799562,39,5828244,567
199900,11,4,4030827,Karl-August-Platz,4300623,2018,4,8,6,3,2,6,0,0,1,0,0,0,1,0,792739,2651,5826457,601
199901,11,11,11030721,R�digerstra�e,11300724,2018,4,15,2,3,6,4,0,0,1,1,0,0,0,0,804659,366,5827831,18
199902,11,2,2020206,Graefekiez,2200212,2018,4,18,6,3,0,1,0,0,0,0,1,0,0,0,799811,1876,5824470,865
199903,11,8,8020727,Buckow Mitte,8200832,2018,4,9,5,3,0,4,0,0,0,1,0,0,1,1,800917,5775,5816851,985
199904,11,7,7040403,Manteuffelstra�e                                                                                    ,7400823,2018,4,12,5,2,2,6,0,0,1,0,0,0,0,1,797295,2976,5821387,99
199905,11,4,4030519,Kaiserin-Augusta-Allee,4300518,2018,4,15,2,3,5,2,0,1,1,0,0,0,0,0,792061,5809,5828220,744
199906,11,9,9031202,Schm�ckwitz/Rauchfangswerder,9301228,2018,4,14,6,2,9,1,0,0,1,0,0,0,0,0,816372,46,5809746,24
199907,11,1,1022103,Westhafen,1200517,2018,4,15,2,2,5,2,0,1,1,0,0,0,0,0,795199,8797,5829647,546
199908,11,1,1011301,Charit�viertel,1100308,2018,4,17,5,3,3,2,0,1,1,0,0,0,0,0,797603,2531,5828357,501
199909,11,1,1022103,Westhafen,1200517,2018,4,18,5,3,5,3,0,0,1,0,1,0,0,1,794880,39,5829527,54
199910,11,6,6030504,Teltower Damm,6300528,2018,4,15,2,3,5,3,0,0,1,0,0,0,0,0,789461,4437,5816416,588
199911,11,2,2030302,Lausitzer Platz,2300316,2018,4,16,5,2,5,3,0,1,1,0,0,0,0,0,801417,9555,5826073,797
199912,11,3,3030405,Karow Nord                                                                                          ,3300411,2018,4,5,5,3,5,3,0,0,1,0,0,0,0,0,804454,9302,5838806,761
199913,11,1,1011401,Invalidenstra�e                                                                                     ,1100415,2018,4,15,2,3,6,6,0,1,0,1,0,0,0,0,797325,6742,5829122,133
199914,11,6,6030609,Augustaplatz,6300633,2018,4,8,5,3,0,3,0,1,0,0,0,0,1,0,792363,1945,5819231,366
199915,11,2,2030301,Oranienplatz,2300314,2018,4,21,5,2,2,7,2,1,1,0,0,0,0,0,799874,7099,5825991,7
199916,11,1,1011302,Oranienburger Stra�e                                                                                ,1100309,2018,4,20,5,3,1,1,2,0,1,0,0,0,0,0,797987,3835,5828623,553
199917,11,3,3071537,Kollwitzplatz,3701556,2018,4,8,5,3,6,4,0,1,0,1,0,0,0,0,799575,4515,5829849,809
199918,11,2,2010102,Mehringplatz,2100104,2018,4,18,5,3,5,3,0,0,1,0,1,0,0,1,798789,1494,5826406,641
199919,11,5,5010314,Carl-Schurz-Stra�e                                                                                  ,5100316,2018,4,18,5,3,5,3,0,0,1,0,0,0,0,1,783780,9415,5829108,815
199920,11,10,10010310,Alt-Marzahn,10100315,2018,4,22,5,2,5,2,2,0,1,0,0,0,0,0,809837,21,5831003,717
199921,11,7,7010102,Nollendorfplatz,7100102,2018,5,16,2,3,5,2,0,0,1,0,1,0,0,0,794948,2941,5825651,992
199922,11,9,9010101,Elsenstra�e                                                                                         ,9100101,2018,5,16,2,3,6,4,0,0,1,1,0,0,0,0,802249,4869,5825207,111
199923,11,12,12301203,Wittenau S�d                                                                                        ,12500930,2018,5,9,6,3,5,2,0,0,1,0,0,0,1,0,792355,6142,5834060,858
199924,11,2,2050803,Stralauer Kiez,2500835,2018,5,14,2,3,6,4,0,0,0,1,1,0,0,0,803170,4469,5826336,229
199925,11,2,2050602,Samariterviertel,2500728,2018,5,9,6,3,5,2,0,1,1,0,0,0,0,0,803198,368,5828314,865
199926,11,3,3061131,Falkplatz,3601142,2018,5,14,2,3,1,5,0,0,1,0,1,0,0,0,798957,9469,5830382,674
199927,11,8,8010117,Schillerpromenade,8100102,2018,5,21,6,3,6,4,2,0,1,1,0,0,0,0,800472,1429,5823546,144
199928,11,1,1022103,Westhafen,1200517,2018,5,8,6,3,5,2,0,0,1,0,1,0,0,0,795264,1334,5829656,531
199929,11,7,7050502,Fritz-Werner-Stra�e                                                                                 ,7501133,2018,5,14,2,3,0,6,0,1,1,0,0,0,0,0,797398,2279,5818336,707
199930,11,7,7040403,Manteuffelstra�e                                                                                    ,7400823,2018,5,23,6,2,1,5,2,1,1,0,0,0,0,0,797309,3306,5821621,75
199931,11,3,3040818,Pankow S�d                                                                                          ,3400827,2018,5,8,6,3,5,3,0,0,1,0,0,0,0,0,799490,9419,5831866,555
199932,11,9,9041501,Altstadt Kietz,9401534,2018,5,14,2,3,1,5,0,1,1,0,0,0,0,0,810871,942,5820585,125
199933,11,8,8010303,Donaustra�e,8100314,2018,5,13,2,3,0,5,0,1,0,0,0,0,1,0,801314,8372,5823834,534
199934,11,4,4010101,Jungfernheide,4100101,2018,5,13,2,3,5,2,0,0,1,0,0,0,0,0,791299,6003,5830670,939
199935,11,7,7050505,Hundsteinweg,7501134,2018,5,7,6,3,5,3,0,0,1,0,0,1,0,0,798915,6552,5819084,225
199936,11,12,12103219,Sch�fersee,12100204,2018,5,14,2,3,6,4,0,0,1,1,1,0,0,0,795720,5179,5832549,59
199937,11,3,3071537,Kollwitzplatz,3701555,2018,5,7,6,3,5,3,0,1,1,0,0,0,0,0,799598,1759,5829903,167
199938,11,1,1011305,Heine-Viertel West,1100312,2018,5,7,6,2,5,2,0,1,0,0,0,1,0,0,799508,816,5826689,837
199939,11,12,12214125,Waldidyll/Flughafensee,12200412,2018,5,14,2,2,5,2,0,0,1,0,1,0,0,0,791202,5334,5834041,951
199940,11,10,10030724,Oberfeldstra�e                                                                                      ,10300731,2018,5,7,6,3,1,5,0,1,1,0,0,0,0,0,809133,816,5829217,872
199941,11,4,4030931,Breitscheidplatz,4501042,2018,5,16,5,3,5,2,0,0,1,0,1,0,0,0,793914,6359,5825531,284
199942,11,9,9020702,Adlershof Ost,9200717,2018,5,15,2,2,6,4,0,0,1,1,0,0,0,0,809806,723,5819959,412
199943,11,4,4020311,Reichsstra�e,4200310,2018,5,16,5,3,5,3,0,0,1,0,1,0,0,0,790074,2772,5826675,619
199944,11,8,8020625,Handwerker-Siedlung,8200730,2018,5,15,2,3,5,7,0,0,1,0,0,0,0,0,801963,386,5818966,401
199945,11,7,7010101,Wittenbergplatz/Viktoria-Luise-Platz,7100101,2018,5,16,2,3,0,7,0,0,1,0,0,0,0,0,794698,3899,5824907,935
199946,11,6,6020302,Komponistenviertel Lankwitz,6200312,2018,5,13,2,3,2,6,0,0,1,0,0,0,0,0,794377,8887,5819093,422
199947,11,6,6030608,Schweizer Viertel,6300632,2018,5,15,5,3,6,7,0,0,1,1,0,0,0,0,791264,5288,5816279,353
199948,11,11,11010103,Dorf Falkenberg,11100102,2018,5,16,2,3,2,6,0,0,1,0,1,0,0,0,807885,8119,5833931,202
199949,11,9,9030901,Dorf Altglienicke,9300920,2018,5,7,5,3,5,3,0,1,1,0,0,0,0,0,808623,197,5817619,336
199950,11,11,11030618,Fennpfuhl West,11300618,2018,5,18,5,3,5,3,0,0,1,0,0,0,0,0,802399,305,5829014,391
199951,11,1,1033202,Humboldthain S�d,1300835,2018,5,7,2,3,0,3,0,0,0,0,1,1,0,0,797890,6776,5830097,24
199952,11,2,2050801,Traveplatz,2500831,2018,5,23,2,3,5,3,2,0,1,0,1,0,0,0,803027,9072,5827345,215
199953,11,2,2010103,Moritzplatz,2100104,2018,5,19,5,3,5,3,1,1,1,0,0,0,0,0,799300,3894,5826172,889
199954,11,2,2020206,Graefekiez,2200212,2018,5,19,2,2,5,2,0,1,0,0,0,0,0,0,799052,339,5824537,368
199955,11,10,10010311,Landsberger Tor,10100316,2018,5,19,5,3,2,6,0,0,1,0,0,0,0,0,810557,5888,5831917,3
199956,11,12,12103117,Letteplatz,12100101,2018,5,20,2,3,5,3,1,1,1,0,0,0,0,0,796401,4648,5832671,89
199957,11,1,1022104,Emdener Stra�e                                                                                      ,1200520,2018,5,10,2,3,3,2,0,0,1,0,0,0,1,0,794562,752,5828729,403
199958,11,7,7020201,Bayerischer Platz,7200307,2018,5,19,5,3,2,7,0,1,0,0,0,0,1,0,794585,7343,5824655,41
199959,11,4,4051652,Nikolsburger Platz,4501149,2018,5,20,2,3,5,2,1,1,1,0,0,0,0,0,793714,3871,5824027,382
199960,11,8,8010404,Rixdorf,8100415,2018,5,20,2,3,6,7,0,0,1,1,0,0,0,0,801914,1932,5823571,874
199961,11,3,3050925,Komponistenviertel Wei�ensee,3500936,2018,5,7,5,3,0,6,0,1,0,0,0,0,1,0,802713,9026,5831757,168
199962,11,2,2030302,Lausitzer Platz,2300315,2018,5,20,5,3,5,3,1,1,0,0,0,0,1,0,800389,6253,5825782,576
199963,11,9,9020701,Adlershof West,9200715,2018,5,17,2,3,6,2,0,0,1,1,0,0,0,0,808499,1556,5818733,65
199964,11,12,12224230,Heiligensee,12400619,2018,5,16,5,3,4,1,0,0,1,0,0,0,0,0,787168,8367,5836434,117
199965,11,12,12214424,Scharnweberstra�e                                                                                   ,12200309,2018,5,16,5,3,0,5,0,1,0,0,0,0,1,0,792682,4646,5832790,37
199966,11,10,10020621,Gelbes Viertel,10200628,2018,5,18,2,3,1,5,0,0,0,0,0,1,1,0,811638,509,5829781,304
199967,11,4,4051652,Nikolsburger Platz,4501149,2018,5,18,2,3,5,7,0,1,1,0,0,0,0,0,793442,1409,5824114,67
199968,11,1,1022201,Stephankiez,1200623,2018,5,18,5,3,3,6,0,1,1,0,0,0,0,0,794872,466,5829008,478
199969,11,5,5010339,Freiheit,5100317,2018,5,0,2,3,8,1,2,0,1,0,0,0,0,0,787153,2807,5828123,821
199970,11,4,4030726,Droysenstra�e,4500936,2018,5,17,5,3,5,7,0,0,1,0,0,0,1,0,792205,4736,5825334,769
199971,11,4,4051652,Nikolsburger Platz,4501149,2018,5,18,2,3,5,2,0,1,0,0,1,0,0,0,793454,968,5824423,74
199972,11,5,5010206,G�tersloher Weg,5100208,2018,5,16,5,3,2,6,0,0,1,0,0,0,0,0,781330,7996,5830750,776
199973,11,8,8010117,Schillerpromenade,8100103,2018,5,19,5,3,2,6,0,0,1,0,0,0,0,0,800714,7221,5822881,136
199974,11,5,5020625,Borkumer Stra�e                                                                                     ,5200629,2018,5,18,2,3,0,2,0,0,1,0,0,0,1,0,784559,525,5828207,847
199975,11,10,10020414,Helle Mitte,10200421,2018,5,18,5,2,5,2,0,0,1,0,1,0,0,0,812070,5782,5830619,62
199976,11,12,12304314,Ziekowstra�e/Freie Scholle,12500824,2018,5,18,5,2,5,3,0,0,1,0,0,0,0,0,790239,1442,5835855,498
199977,11,1,1011203,Unter den Linden S�d,1100206,2018,5,18,2,3,1,5,0,0,1,0,1,0,0,0,798136,6664,5827208,632
199978,11,3,3050920,Wei�er See,3500933,2018,5,17,5,3,2,6,0,0,1,0,0,0,0,0,802400,2465,5832547,496
199979,11,9,9051702,B�lschestra�e,9501737,2018,5,16,5,2,5,3,0,1,1,0,0,0,0,0,814279,2,5822677,418
199980,11,9,9030901,Dorf Altglienicke,9300920,2018,5,7,2,3,5,2,0,1,1,0,0,0,0,0,807568,547,5815418,875
199981,11,5,5010206,G�tersloher Weg,5100208,2018,5,7,2,2,5,7,0,0,1,0,1,0,0,0,781315,691,5830754,688
199982,11,3,3061429,Greifswalder Stra�e,3601449,2018,5,15,5,2,5,3,0,1,1,0,0,0,0,0,801415,2525,5830908,45
199983,11,9,9052001,K�penick Nord                                                                                       ,9502043,2018,5,8,2,3,5,7,0,0,1,0,0,0,0,0,809788,6795,5821966,349
199984,11,5,5010312,Kurstra�e                                                                                           ,5100314,2018,5,22,5,3,8,1,2,0,1,0,0,0,0,0,785277,4943,5830275,883
199985,11,1,1033202,Humboldthain S�d,1300835,2018,5,7,2,3,0,2,0,1,1,0,0,0,0,0,797545,5918,5829412,713
199986,11,3,3050919,Gustav-Adolf-Stra�e,3500932,2018,5,4,5,3,6,7,2,1,0,1,0,0,0,0,800965,2273,5832156,908
199987,11,10,10010206,Ringkolonnaden,10100209,2018,5,7,5,2,5,3,0,0,1,0,0,0,0,0,809965,6947,5832052,597
199988,11,3,3050925,Komponistenviertel Wei�ensee,3500936,2018,5,7,2,3,0,7,0,0,1,0,1,0,0,1,802774,8908,5831648,74
199989,11,7,7010102,Nollendorfplatz,7100102,2018,5,7,5,3,5,2,0,1,1,0,0,0,0,0,795014,5197,5825653,705
199990,11,4,4051445,Eisenzahnstra�e,4500939,2018,5,8,2,3,2,6,0,1,0,0,0,0,0,0,792034,9482,5824055,696
199991,11,8,8010214,Glasower Stra�e,8100209,2018,5,9,2,3,5,3,0,0,1,0,0,0,0,0,801472,8706,5822058,616
199992,11,1,1011105,N�rdlicher Landwehrkanal                                                                            ,1100102,2018,5,7,2,3,5,3,0,1,1,0,0,0,0,0,796407,668,5826804,923
199993,11,1,1033102,Gesundbrunnen,1300733,2018,5,9,5,3,2,7,0,0,1,0,1,0,1,0,797344,4472,5831227,644
199994,11,11,11041128,Sewanstra�e,11401137,2018,5,9,5,3,5,2,0,1,1,0,0,0,0,0,806474,6741,5825556,585
199995,11,5,5020523,Maulbeerallee,5200528,2018,5,8,2,2,2,6,0,0,0,0,1,0,1,0,782644,2231,5826958,588
199996,11,2,2020206,Graefekiez,2200212,2018,5,9,2,3,2,6,0,0,1,0,0,0,1,0,799789,2255,5824488,533
199997,11,4,4030620,Alt-Lietzow,4300619,2018,5,9,2,3,2,6,0,0,1,0,0,0,0,0,791743,121,5827486,64
199998,11,6,6020410,Oberhofer Platz,6200422,2018,5,10,5,3,5,3,0,1,1,0,0,0,0,0,794480,3714,5816577,913
199999,11,6,6010209,Feuerbachstra�e                                                                                     ,6100209,2018,5,9,2,3,5,2,0,1,1,0,0,0,0,0,794091,5279,5821506,634
200000,11,6,6040810,Dahlem,6400844,2018,5,11,5,3,6,4,0,1,0,1,0,0,0,0,792574,7127,5821690,299
200001,11,1,1011302,Oranienburger Stra�e                                                                                ,1100309,2018,5,12,5,2,0,1,0,1,0,0,0,0,0,0,798533,8045,5828995,119
200002,11,2,2010103,Moritzplatz,2100104,2018,5,12,5,3,4,6,0,0,1,0,0,0,0,0,799345,7256,5826283,85
200003,11,3,3020209,Niedersch�nhausen,3200205,2018,5,10,2,3,5,3,0,0,1,0,0,0,0,0,797883,1435,5836023,267
200004,11,6,6040810,Dahlem,6400844,2018,5,10,2,3,5,3,0,1,1,0,0,0,0,0,791979,3515,5821480,635
200005,11,12,12302110,Dannenwalder Weg,12601235,2018,5,15,5,3,6,4,0,0,1,1,0,0,0,0,795299,6664,5836227,428
200006,11,1,1011203,Unter den Linden S�d,1100206,2018,5,10,2,3,5,3,0,1,1,0,0,0,0,0,797761,7831,5827443,901
200007,11,3,3020209,Niedersch�nhausen,3200206,2018,5,15,5,3,5,3,0,0,1,0,0,0,0,0,797284,838,5834874,92
200008,11,12,12231102,Frohnau,12400720,2018,5,10,2,3,0,3,0,0,1,0,0,0,1,0,789669,6389,5840022,539
200009,11,6,,#NV,,2018,5,15,5,3,2,6,0,1,1,0,0,0,0,0,781030,606,5812644,453
200010,11,4,4030929,Hindemithplatz,4501040,2018,5,13,5,3,1,5,0,1,1,0,0,0,0,0,792674,6715,5825893,419
200011,11,6,6010101,Fichtenberg,6100101,2018,5,11,2,3,3,6,0,1,1,0,0,0,0,0,793385,4927,5820708,14
200012,11,8,8010404,Rixdorf,8100415,2018,5,0,4,3,3,6,2,1,1,0,0,0,0,0,802025,7871,5823501,107
200013,11,1,1011303,Alexanderplatzviertel,1100310,2018,5,11,2,2,6,2,0,0,1,1,0,0,0,0,799053,8219,5828341,54
200014,11,2,2020206,Graefekiez,2200212,2018,5,13,5,3,1,5,0,1,1,0,0,0,0,0,800148,1573,5824417,79
200015,11,9,9020802,K�llnische Vorstadt                                                                                 ,9200819,2018,5,17,4,3,0,2,0,1,1,0,0,0,0,0,810478,767,5820324,636
200016,11,5,5030833,Motardstra�e                                                                                        ,5300840,2018,5,12,2,3,0,2,0,0,1,0,1,0,0,0,789194,657,5829303,301
200017,11,1,1033201,Brunnenstra�e                                                                                       ,1300834,2018,5,17,4,3,3,6,0,1,1,0,0,0,0,0,798061,9681,5830036,297
200018,11,1,1011302,Oranienburger Stra�e                                                                                ,1100309,2018,5,12,2,3,5,7,0,0,1,0,0,0,1,0,798053,1769,5828928,901
200019,11,1,1044203,Leopoldplatz,1401048,2018,5,21,4,3,5,2,0,1,1,0,0,0,0,0,795524,8388,5831633,715
200020,11,8,8010301,Reuterkiez,8100312,2018,5,22,4,3,1,5,2,1,1,0,0,0,0,0,800790,41,5824311,771
200021,11,4,4020204,Olympiagel�nde,4200203,2018,5,11,4,3,5,2,0,0,1,0,0,0,0,0,787700,2828,5826423,84
200022,11,7,7040402,Lindenhofsiedlung,7400822,2018,5,12,2,2,5,2,0,1,1,0,0,0,0,0,796146,797,5820791,328
200023,11,9,9020702,Adlershof Ost,9200717,2018,5,13,4,3,3,6,0,1,0,0,0,0,1,0,809206,5856,5819559,981
200024,11,6,6030609,Augustaplatz,6300633,2018,5,7,4,2,5,3,0,1,1,0,0,0,0,0,793159,4311,5818233,5
200025,11,1,1011103,L�tzowstra�e                                                                                        ,1100103,2018,5,12,2,3,0,1,0,1,0,0,0,0,0,0,795331,901,5826145,7
200026,11,6,6030609,Augustaplatz,6300633,2018,5,12,2,2,0,1,0,0,0,0,1,0,0,0,793200,1366,5819800,813
200027,11,7,7010104,Dennewitzplatz,7100206,2018,5,20,1,3,0,6,1,0,1,0,0,0,1,0,796533,2533,5824862,433
200028,11,12,12103218,Teichstra�e,12100205,2018,5,8,4,3,2,6,0,0,1,0,0,0,0,0,794246,3291,5835450,283
200029,11,11,11030619,Fennpfuhl Ost,11300620,2018,5,13,4,3,0,1,0,1,0,0,0,0,0,0,804048,9335,5829074,199
200030,11,2,2020204,Urbanstra�e,2200210,2018,5,11,4,3,5,3,0,0,1,0,1,0,0,0,798005,1125,5825276,524
200031,11,9,9010202,K�penicker Landstra�e,9100203,2018,5,13,4,2,6,4,0,0,1,1,0,0,0,0,803898,9645,5823393,489
200032,11,2,2040701,Andreasviertel,2400623,2018,5,16,1,3,1,5,0,1,1,0,0,0,1,0,800563,7414,5826972,639
200033,11,2,2040701,Andreasviertel,2400623,2018,5,12,4,2,1,5,0,1,1,0,0,0,0,0,800698,5842,5827735,465
200034,11,9,9020701,Adlershof West,9200715,2018,5,17,1,3,5,3,0,0,1,0,0,0,0,0,807821,5082,5818861,92
200035,11,6,6020408,Lichterfelde S�d                                                                                    ,6200420,2018,5,11,4,3,5,3,0,0,1,0,0,0,0,0,792971,2695,5816547,578
200036,11,1,1033101,Soldiner Stra�e                                                                                     ,1300732,2018,5,12,4,3,5,3,0,0,1,0,0,0,0,0,797811,2492,5832688,898
200037,11,12,12214125,Waldidyll/Flughafensee,12200412,2018,5,18,1,2,9,1,0,0,1,1,0,0,0,0,790939,8101,5833801,914
200038,11,3,3061131,Falkplatz,3601142,2018,5,13,4,3,6,4,0,1,0,1,0,0,0,0,799215,812,5831107,591
200039,11,2,2050803,Stralauer Kiez,2500835,2018,5,9,4,2,5,2,0,1,0,0,0,0,1,0,802557,8734,5825946,774
200040,11,4,4031032,Halensee,4500937,2018,5,14,1,3,2,6,0,0,1,0,0,0,0,0,791826,5517,5825188,19
200041,11,1,1022106,Elberfelder Stra�e                                                                                  ,1200522,2018,5,13,4,3,5,2,0,1,1,0,0,0,0,0,793697,715,5828017,175
200042,11,1,1033101,Soldiner Stra�e                                                                                     ,1300731,2018,5,12,4,3,2,6,0,0,1,0,0,0,0,0,796870,5406,5833047,735
200043,11,1,1011203,Unter den Linden S�d,1100206,2018,5,10,4,2,5,7,0,0,1,0,1,0,0,0,797868,924,5827065,885
200044,11,7,7010104,Dennewitzplatz,7100205,2018,5,13,1,3,5,3,0,1,1,0,0,0,0,0,796031,9301,5825348,454
200045,11,4,4051549,Rathaus Wilmersdorf,4501146,2018,5,13,4,3,2,2,0,0,1,0,0,0,0,0,793320,1825,5823612,598
200046,11,7,7030301,Friedenau,7300516,2018,5,10,4,2,6,2,0,0,1,1,0,0,0,0,793978,5438,5821552,66
200047,11,2,2030302,Lausitzer Platz,2300315,2018,5,17,4,3,1,5,0,1,1,0,0,0,1,0,800295,9307,5825830,94
200048,11,1,1011305,Heine-Viertel West,1100312,2018,5,13,1,3,3,6,0,0,1,0,1,0,0,0,799244,6152,5826945,493
200049,11,8,8041037,Alt-Rudow,8401243,2018,5,12,1,2,5,3,0,1,1,0,0,0,0,0,805306,3538,5817681,46
200050,11,4,4030827,Karl-August-Platz,4300623,2018,5,16,4,3,2,6,0,0,1,0,0,0,0,0,792744,8174,5826614,606
200051,11,5,5010101,Hakenfelde Nord,5100101,2018,5,11,1,3,2,7,0,0,1,0,0,0,0,0,784043,706,5832441,275
200052,11,1,1011306,Heine-Viertel Ost,1100313,2018,5,9,4,3,5,3,0,1,1,0,0,0,0,0,799658,1075,5826843,46