OBJECTID,LAND,BEZ,LOR,STRASSE,LOR_ab_2021,UJAHR,UMONAT,USTUNDE,UWOCHENTAG,UKATEGORIE,UART,UTYP1,ULICHTVERH,IstRad,IstPKW,IstFuss,IstKrad,IstGkfz,IstSonstig,STRZUSTAND,LINREFX,LINREFY,XGCSWGS84,YGCSWGS84
200053,11,11,11010103,Dorf Falkenberg,11100102,2018,5,16,4,2,6,4,0,0,0,1,1,0,0,0,808654,186,5834206,67
200054,11,9,9051901,Dammvorstadt,9501939,2018,5,18,1,3,2,6,0,0,1,0,1,0,0,0,809963,4022,5821625,842
200055,11,3,3050919,Gustav-Adolf-Stra�e,3500932,2018,5,9,4,3,0,6,0,1,1,0,0,0,0,0,801407,845,5832034,804
200056,11,3,3061131,Falkplatz,3601142,2018,5,9,4,2,5,2,0,0,1,0,1,0,0,0,799203,1134,5831108,559
200057,11,10,10010311,Landsberger Tor,10100316,2018,5,16,4,2,6,4,0,0,1,1,0,0,0,0,809986,2242,5831626,957
200058,11,2,2010103,Moritzplatz,2100104,2018,5,18,1,2,5,3,0,1,1,0,0,0,0,0,799343,1558,5826192,384
200059,11,7,7010104,Dennewitzplatz,7100205,2018,5,22,4,3,5,7,2,1,1,0,0,0,0,0,796421,8754,5824862,313
200060,11,4,4010102,Pl�tzensee,4100101,2018,5,16,4,3,0,3,0,0,0,0,1,1,0,0,793324,6774,5829770,982
200061,11,4,4030417,Schlo�stra�e,4300414,2018,5,19,1,3,0,1,0,1,1,0,0,0,0,0,791710,776,5826842,765
200062,11,8,8010404,Rixdorf,8100417,2018,5,21,4,3,5,3,1,0,1,0,0,0,0,0,802274,6964,5822862,539
200063,11,1,1011305,Heine-Viertel West,1100312,2018,5,8,4,3,5,3,0,1,1,0,0,0,0,0,798793,3742,5827153,482
200064,11,7,7010104,Dennewitzplatz,7100205,2018,5,16,4,3,6,7,0,0,0,1,1,0,0,0,796172,2509,5825305,142
200065,11,7,7050501,Rathausstra�e                                                                                       ,7501029,2018,5,10,1,3,5,7,0,0,1,0,0,0,0,0,797654,5268,5819168,632
200066,11,1,1011306,Heine-Viertel Ost,1100313,2018,5,7,4,3,0,7,0,1,1,0,0,0,0,0,800100,3101,5826454,476
200067,11,6,6030503,Zehlendorf Mitte                                                                                    ,6300527,2018,5,5,4,3,5,3,0,0,1,0,0,0,0,0,790634,1315,5817849,993
200068,11,11,11041128,Sewanstra�e,11401137,2018,5,16,4,2,5,3,0,0,1,0,1,0,0,0,806669,9414,5825622,298
200069,11,2,2040502,Friedenstra�e,2400521,2018,5,10,1,3,0,2,0,0,1,0,1,0,0,0,800477,1122,5828449,7
200070,11,6,6020408,Lichterfelde S�d                                                                                    ,6200420,2018,5,9,1,3,5,3,0,0,1,0,0,0,0,0,792717,2505,5816241,979
200071,11,2,2010102,Mehringplatz,2100102,2018,5,16,4,3,5,2,0,1,0,0,0,0,1,0,797914,6923,5826462,359
200072,11,10,10040933,Mahlsdorf S�d                                                                                       ,10400941,2018,5,17,1,3,5,3,0,0,1,0,0,0,0,0,812574,1662,5824267,566
200073,11,7,7040403,Manteuffelstra�e                                                                                    ,7400823,2018,5,20,4,3,2,6,2,0,1,0,0,0,0,0,797049,1814,5822178,134
200074,11,2,2030301,Oranienplatz,2300314,2018,5,16,4,3,0,3,0,0,1,0,0,0,1,0,800214,629,5826110,321
200075,11,5,5010314,Carl-Schurz-Stra�e                                                                                  ,5100316,2018,5,7,1,3,0,1,0,0,0,0,1,0,0,0,784722,7024,5828824,314
200076,11,7,7010104,Dennewitzplatz,7100206,2018,5,15,4,3,1,5,0,1,1,0,0,0,0,0,796328,6236,5824309,269
200077,11,8,8010404,Rixdorf,8100415,2018,5,19,4,3,0,3,0,0,1,0,0,0,1,0,801891,771,5823323,415
200078,11,2,2030302,Lausitzer Platz,2300315,2018,5,15,4,3,6,4,0,0,1,1,0,0,0,0,800588,528,5826193,378
200079,11,4,4020311,Reichsstra�e,4200310,2018,5,15,4,2,3,6,0,1,1,0,0,0,0,0,789679,9943,5826476,827
200080,11,3,3020307,Buchholz,3200309,2018,5,16,1,3,0,2,0,1,1,0,0,0,0,0,800113,2948,5838393,205
200081,11,4,4030931,Breitscheidplatz,4501042,2018,5,17,4,2,6,7,0,0,1,1,0,0,0,0,793850,5465,5826060,316
200082,11,1,1033102,Gesundbrunnen,1300733,2018,5,15,4,3,5,2,0,1,1,0,0,0,0,0,797169,9353,5831904,501
200083,11,10,10020412,Alte Hellersdorfer Stra�e,10200417,2018,5,15,4,2,6,4,0,0,1,1,0,0,0,0,811316,313,5831730,984
200084,11,4,4041344,R�desheimer Platz,4400835,2018,5,17,4,3,5,2,0,1,1,0,0,0,0,0,793355,7152,5822851,219
200085,11,8,8040933,Vogelviertel S�d,8401139,2018,5,15,4,3,5,2,0,0,1,0,0,0,0,0,803015,92,5819369,315
200086,11,1,1022207,Hansaviertel,1200629,2018,5,6,1,3,5,3,0,1,1,0,0,0,0,0,794413,5852,5827591,995
200087,11,3,3071633,Th�lmannpark,3701657,2018,5,8,4,3,5,2,0,1,1,0,0,0,0,0,800098,6161,5830648,6
200088,11,12,12103115,Breitkopfbecken,12100103,2018,5,7,3,3,3,6,0,0,1,0,1,0,0,0,795348,9731,5833865,718
200089,11,4,4041135,Hundekehle,4400729,2018,5,15,1,3,5,2,0,1,1,0,0,0,0,0,789456,1128,5823264,846
200090,11,4,4020311,Reichsstra�e,4200309,2018,5,2,1,3,1,5,2,0,1,0,0,0,0,0,788710,2081,5827391,919
200091,11,1,1011101,St�lerstra�e                                                                                        ,1100101,2018,5,17,3,3,5,3,0,1,0,0,0,0,0,0,795250,1594,5826488,436
200092,11,3,3061434,Anton-Saefkow-Park,3601451,2018,5,15,1,3,5,2,0,1,1,0,0,0,0,0,801219,1864,5829503,87
200093,11,10,10010308,Marzahner Chaussee,10100311,2018,5,16,4,2,2,6,0,0,0,0,1,0,1,0,806562,6676,5828342,761
200094,11,10,10010205,Marzahn Ost                                                                                         ,10100207,2018,5,12,3,3,6,7,0,1,0,1,0,0,0,0,810502,8915,5832381,156
200095,11,12,12304314,Ziekowstra�e/Freie Scholle,12500824,2018,5,14,1,2,5,2,0,1,1,0,0,0,0,0,790235,154,5835864,487
200096,11,1,1011201,Wilhelmstra�e                                                                                       ,1100205,2018,5,8,4,3,0,6,0,0,1,0,0,0,1,0,797077,7595,5826535,1
200097,11,9,9030901,Dorf Altglienicke,9300920,2018,5,17,3,3,3,6,0,1,1,0,0,0,0,0,808249,1236,5817084,776
200098,11,8,8020620,Tempelhofer Weg,8200624,2018,5,16,4,3,5,2,0,1,1,0,0,0,0,0,801179,898,5820596,623
200099,11,7,7030301,Friedenau,7300516,2018,5,15,3,3,6,7,0,0,1,1,0,0,0,0,794099,4312,5821780,857
200100,11,1,1044103,Westliche M�llerstra�e                                                                              ,1400942,2018,5,23,7,3,5,2,2,1,1,0,0,0,0,0,794561,2321,5830702,415
200101,11,6,6010205,S�dende,6100205,2018,5,19,3,3,6,4,0,1,0,1,0,0,0,0,794864,9256,5820041,883
200102,11,6,6030608,Schweizer Viertel,6300632,2018,5,12,7,3,0,2,0,1,1,0,0,0,0,0,790986,3057,5816638,7
200103,11,2,2050801,Traveplatz,2500831,2018,5,15,4,3,0,1,0,1,0,0,0,0,0,0,803052,2703,5826998,517
200104,11,2,2020204,Urbanstra�e,2200210,2018,5,22,3,3,5,3,2,1,1,0,0,0,0,0,798436,1385,5824774,294
200105,11,1,1011301,Charit�viertel,1100308,2018,5,18,7,3,3,6,0,1,1,0,0,0,0,0,796990,4931,5828154,64
200106,11,1,1011305,Heine-Viertel West,1100312,2018,5,1,4,3,0,1,2,0,0,0,1,0,0,1,799641,8578,5827023,32
200107,11,3,2040501,Barnimkiez,2400520,2018,5,20,3,3,1,5,0,0,1,0,1,0,0,0,800120,311,5828971,873
200108,11,5,5030731,Gartenfelder Stra�e                                                                                 ,5300737,2018,5,18,7,3,2,6,0,0,1,0,0,0,0,0,788001,455,5829367,367
200109,11,3,3030406,Alt-Karow,3300412,2018,5,16,4,2,3,6,0,1,0,0,0,0,1,0,803324,578,5839193,779
200110,11,2,2020203,Viktoriapark,2200207,2018,5,17,7,3,5,2,0,1,1,0,0,0,0,0,797089,4859,5824711,393
200111,11,7,7040401,Neu-Tempelhof,7400721,2018,5,19,3,3,5,2,0,1,1,0,0,0,0,0,797675,6114,5822545,107
200112,11,8,8041036,Zittauer Stra�e,8401242,2018,5,16,7,3,5,3,0,1,1,0,0,0,0,0,805191,1713,5816493,155
200113,11,9,9051901,Dammvorstadt,9501940,2018,5,16,4,3,5,3,0,1,0,0,0,0,0,0,811380,187,5821572,846
200114,11,1,1011303,Alexanderplatzviertel,1100310,2018,5,16,4,3,2,6,0,0,1,0,0,0,1,0,799434,4177,5828875,158
200115,11,5,5010209,An der Kappe,5100211,2018,5,18,3,3,5,2,0,1,0,0,0,0,1,0,783249,3202,5830274,426
200116,11,9,9051801,Rahnsdorf/Hessenwinkel,9501838,2018,5,15,7,3,5,2,0,1,1,0,0,0,0,0,818441,9236,5820574,57
200117,11,12,12214125,Waldidyll/Flughafensee,12200412,2018,5,16,4,3,2,7,0,0,1,0,0,0,0,0,791408,9114,5832808,784
200118,11,1,1022202,Heidestra�e                                                                                         ,1200624,2018,5,14,4,3,5,2,0,1,1,0,0,0,0,0,795669,1504,5829732,446
200119,11,4,4051551,Brabanter Platz,4501148,2018,5,18,3,3,5,2,0,1,1,0,0,0,0,0,793337,7428,5823073,184
200120,11,3,3050923,Wei�enseer Spitze,3500934,2018,5,14,7,3,5,2,0,1,1,0,0,0,0,0,801153,515,5831614,529
200121,11,3,3020209,Niedersch�nhausen,3200205,2018,5,18,3,3,5,2,0,1,0,0,0,0,1,0,797324,3361,5835290,716
200122,11,7,7010104,Dennewitzplatz,7100205,2018,5,12,7,3,5,2,0,1,1,0,0,0,0,0,796146,5556,5824951,377
200123,11,1,1033102,Gesundbrunnen,1300733,2018,5,14,4,3,3,6,0,1,0,0,0,0,0,0,797121,8072,5831767,346
200124,11,2,2050802,Boxhagener Platz,2500833,2018,5,18,3,3,5,3,0,1,1,0,0,0,0,0,802079,539,5827361,516
200125,11,1,1022203,L�becker Stra�e                                                                                     ,1200625,2018,5,13,7,3,2,7,0,0,1,0,0,0,0,0,794731,8889,5828878,3
200126,11,1,1033102,Gesundbrunnen,1300733,2018,5,14,4,3,5,3,0,0,1,0,0,0,0,0,797173,9787,5831915,726
200127,11,12,12231102,Frohnau,12400721,2018,5,17,3,3,1,5,0,0,1,0,1,0,0,0,790366,6397,5840194,19
200128,11,4,4010102,Pl�tzensee,4100101,2018,5,18,7,3,3,6,0,0,1,0,0,0,0,0,791863,4076,5830685,297
200129,11,7,7010104,Dennewitzplatz,7100205,2018,5,14,4,3,5,3,0,0,1,0,1,0,0,0,796207,4653,5825333,801
200130,11,2,2030302,Lausitzer Platz,2300315,2018,5,2,4,1,0,7,2,0,0,1,0,0,1,0,800686,4324,5825818,188
200131,11,1,1011202,Unter den Linden Nord,1100206,2018,5,17,3,3,5,3,0,1,1,0,0,0,0,0,797147,7552,5827759,982
200132,11,2,2040703,Wriezener Bahnhof/Entwicklungsgebiet,2500834,2018,5,16,7,3,6,4,0,0,1,1,0,0,0,0,801949,1109,5826799,694
200133,11,9,9020702,Adlershof Ost,9200716,2018,5,10,3,3,6,7,0,0,1,1,0,0,0,0,808987,904,5819408,436
200134,11,8,8010301,Reuterkiez,8100310,2018,5,23,3,3,4,1,2,1,0,0,0,0,0,0,801005,3224,5824946,961
200135,11,4,4061757,Forst Grunewald,4200207,2018,5,20,3,2,0,1,1,1,0,0,0,0,0,0,784980,6851,5822821,968
200136,11,3,3030406,Alt-Karow,3300412,2018,5,15,7,3,5,3,0,0,1,0,0,0,0,0,802744,8176,5839065,5
200137,11,1,1011302,Oranienburger Stra�e                                                                                ,1100309,2018,5,20,3,3,2,6,2,1,1,0,0,0,0,0,798279,6122,5828816,728
200138,11,3,3030406,Alt-Karow,3300413,2018,5,12,3,3,5,2,0,0,0,0,1,0,1,0,803406,9377,5838355,146
200139,11,1,1033201,Brunnenstra�e                                                                                       ,1300834,2018,5,18,7,2,3,5,0,0,1,0,0,0,1,0,798315,54,5830430,157
200140,11,4,4051655,Babelsberger Stra�e,4501153,2018,5,18,3,3,5,2,0,1,1,0,0,0,0,0,793946,5903,5823412,393
200141,11,1,1011303,Alexanderplatzviertel,1100310,2018,5,10,3,3,5,2,0,1,1,0,0,0,0,0,799098,3247,5828459,795
200142,11,8,8020625,Handwerker-Siedlung,8200730,2018,5,16,7,3,0,2,0,0,1,0,0,0,1,0,802265,7814,5818953,358
200143,11,9,9051901,Dammvorstadt,9501939,2018,5,20,7,2,0,1,1,1,0,0,0,0,0,0,810396,8045,5821293,762
200144,11,1,1011302,Oranienburger Stra�e                                                                                ,1100309,2018,5,17,3,3,6,4,0,0,1,1,0,0,0,0,798685,38,5828346,946
200145,11,4,4020204,Olympiagel�nde,4200203,2018,5,10,3,3,2,2,0,0,1,0,0,0,1,0,787118,2867,5826182,166
200146,11,1,1011204,Leipziger Stra�e                                                                                    ,1100207,2018,5,14,7,2,3,1,0,0,1,0,1,0,0,0,798615,614,5827004,862
200147,11,7,7050502,Fritz-Werner-Stra�e                                                                                 ,7501133,2018,5,17,3,3,1,5,0,0,0,0,1,1,0,0,797079,6839,5818209,782
200148,11,5,5010101,Hakenfelde Nord,5100101,2018,5,10,3,3,1,5,0,1,1,0,0,0,0,0,784569,1757,5832356,583
200149,11,5,5030833,Motardstra�e                                                                                        ,5300840,2018,5,14,7,3,9,1,0,0,1,0,0,0,0,0,788463,73,5829054,94
200150,11,3,3050919,Gustav-Adolf-Stra�e,3500932,2018,5,16,3,3,6,4,0,0,0,1,1,0,0,0,801336,2612,5832461,311
200151,11,5,5010207,Darbystra�e                                                                                         ,5100209,2018,5,16,3,3,5,2,0,1,0,0,0,0,1,0,783578,4006,5830213,647
200152,11,5,5010313,Ackerstra�e                                                                                         ,5100315,2018,5,10,3,3,1,5,0,1,1,0,0,0,0,0,784777,23,5830016,618
200153,11,1,3071536,Teutoburger Platz,3701556,2018,5,15,7,2,5,3,0,1,1,0,0,0,0,0,799081,8404,5829023,217
200154,11,1,1033101,Soldiner Stra�e                                                                                     ,1300731,2018,5,16,3,2,6,4,0,0,1,1,0,0,0,0,796754,1725,5832485,64
200155,11,12,12103117,Letteplatz,12100101,2018,5,15,3,3,5,3,0,1,1,0,0,0,0,0,796328,998,5832488,937
200156,11,1,1033203,Humboldthain Nordwest                                                                               ,1300836,2018,5,7,3,3,2,2,0,0,0,0,1,1,0,0,796270,68,5830396,806
200157,11,3,3061227,Humannplatz,3601243,2018,5,17,7,3,5,3,0,0,1,0,0,0,0,0,799883,26,5831730,351
200158,11,8,8020727,Buckow Mitte,8200832,2018,5,11,7,3,7,7,0,1,0,0,0,0,0,0,800661,2593,5815984,107
200159,11,9,9020802,K�llnische Vorstadt                                                                                 ,9200819,2018,5,7,3,3,5,2,0,1,1,0,0,0,0,0,810070,343,5819470,465
200160,11,4,4030415,Schlo�garten,4300412,2018,5,23,7,3,6,4,2,0,1,1,0,0,0,0,791041,721,5827423,183
200161,11,2,2050802,Boxhagener Platz,2500833,2018,5,15,3,2,6,4,0,1,0,1,0,0,0,0,802066,4719,5827364,185
200162,11,8,8010115,Hasenheide,8100102,2018,5,21,7,2,3,6,2,1,0,0,0,0,0,0,799833,9366,5823659,607
200163,11,2,2050801,Traveplatz,2500830,2018,5,7,3,3,5,2,0,1,1,0,0,0,0,0,802250,8754,5827509,249
200164,11,12,12214424,Scharnweberstra�e                                                                                   ,12200309,2018,5,12,7,3,5,7,0,0,1,0,1,0,0,0,793310,2519,5832607,335
200165,11,9,9020501,Obersch�neweide West,9200510,2018,5,14,3,3,6,4,0,0,1,1,0,0,0,0,806121,3335,5822346,905
200166,11,9,9030901,Dorf Altglienicke,9300920,2018,5,7,3,3,5,2,0,0,1,0,1,0,0,0,807606,5691,5817742,916
200167,11,8,8020727,Buckow Mitte,8200832,2018,5,8,7,2,5,3,0,0,1,0,0,0,0,0,800309,711,5816740,967
200168,11,1,1044203,Leopoldplatz,1401048,2018,5,13,3,3,2,6,0,0,1,0,0,0,0,0,795446,1707,5831557,913
200169,11,1,1022101,Huttenkiez,1200517,2018,5,7,3,3,6,4,0,0,1,1,0,0,0,0,792726,6205,5828648,133
200170,11,1,1033201,Brunnenstra�e                                                                                       ,1300834,2018,5,13,3,2,3,6,0,0,1,0,0,0,1,0,797464,9901,5831118,49
200171,11,1,1011301,Charit�viertel,1100308,2018,5,6,3,3,5,3,0,1,1,0,0,0,0,0,796964,2009,5828807,451
200172,11,2,2040701,Andreasviertel,2400521,2018,5,10,3,3,5,2,0,1,1,0,0,0,0,0,800374,2547,5827890,765
200173,11,8,8040933,Vogelviertel S�d,8401139,2018,5,9,7,3,5,3,0,1,1,0,0,0,0,0,803025,5369,5819371,873
200174,11,7,7040404,Marienh�he,7400826,2018,5,11,3,2,2,6,0,0,1,0,0,0,0,0,797291,9543,5820642,391
200175,11,7,7070701,Kettinger Stra�e/Schillerstra�e                                                                     ,7601442,2018,5,4,3,2,5,2,1,1,0,0,0,0,1,0,799749,4151,5814502,541
200176,11,1,1011306,Heine-Viertel Ost,1100313,2018,5,10,7,3,2,2,0,0,0,0,1,0,1,0,799983,798,5826928,117
200177,11,2,2020206,Graefekiez,2200212,2018,5,9,3,3,0,2,0,1,0,0,0,1,0,0,799067,2669,5824568,402
200178,11,9,9020802,K�llnische Vorstadt                                                                                 ,9200819,2018,5,10,7,3,2,6,0,0,1,0,1,0,0,0,810527,3399,5820015,445
200179,11,1,1011101,St�lerstra�e                                                                                        ,1100101,2018,4,23,2,3,8,1,2,0,1,0,0,0,0,0,795061,6116,5826311,7
200180,11,2,2040701,Andreasviertel,2400623,2018,5,9,3,3,5,3,0,0,1,0,0,0,0,0,800470,3825,5827601,587
200181,11,10,10010206,Ringkolonnaden,10100208,2018,5,11,7,2,5,3,0,1,1,0,0,0,0,0,809510,9975,5832444,466
200182,11,2,2040703,Wriezener Bahnhof/Entwicklungsgebiet,2400625,2018,4,20,2,2,5,2,1,1,1,0,0,0,0,0,801759,6367,5826240,48
200183,11,1,1022204,Thomasiusstra�e                                                                                     ,1200626,2018,5,9,3,3,5,3,0,1,1,0,0,0,0,0,795076,2176,5828272,262
200184,11,4,4051446,Preu�enpark,4501043,2018,4,10,2,3,1,5,0,1,1,0,0,0,0,0,793052,5287,5824689,709
200185,11,1,1011204,Leipziger Stra�e                                                                                    ,1100207,2018,5,9,3,3,5,3,0,0,1,0,0,0,0,0,797992,1609,5826786,48
200186,11,7,7010102,Nollendorfplatz,7100102,2018,5,11,7,3,2,6,0,0,1,0,0,0,0,0,795073,4019,5825801,843
200187,11,7,7060601,Marienfelder Allee Nordwest,7601236,2018,5,8,3,3,6,2,0,0,1,1,0,0,0,0,796893,4585,5816456,603
200188,11,11,11020412,Hauptstra�e,11200411,2018,5,8,3,3,1,5,0,0,1,0,0,0,1,0,805061,5019,5831251,207
200189,11,5,5010206,G�tersloher Weg,5100208,2018,5,12,7,3,1,5,0,1,1,0,0,0,0,0,782220,4534,5830248,251
200190,11,11,11030720,Herzbergstra�e,11300721,2018,4,10,2,3,5,3,0,1,1,0,0,0,0,0,804919,5305,5829938,668
200191,11,3,3061227,Humannplatz,3601244,2018,5,8,3,3,5,3,0,1,0,0,0,0,1,0,800154,6246,5831467,114
200192,11,7,7010102,Nollendorfplatz,7100102,2018,4,10,2,3,1,5,0,1,1,0,0,0,0,0,794994,6299,5825226,689
200193,11,2,2030302,Lausitzer Platz,2300316,2018,5,8,3,3,2,6,0,1,0,0,0,0,0,0,801293,4573,5825987,583
200194,11,6,6010206,Stadtpark,6100206,2018,5,12,7,3,3,6,0,0,1,0,1,0,0,0,794730,688,5820068,532
200195,11,9,9041501,Altstadt Kietz,9401534,2018,5,8,3,2,6,4,0,0,0,1,0,0,1,0,811177,8944,5820243,122
200196,11,6,6030503,Zehlendorf Mitte                                                                                    ,6300526,2018,5,12,7,3,5,3,0,0,1,0,0,0,0,0,788371,558,5817743,815
200197,11,10,10020517,Adele-Sandrock-Stra�e                                                                               ,10200524,2018,4,8,2,3,6,4,0,0,1,1,0,0,0,0,813245,4791,5831041,248
200198,11,5,5020627,Tiefwerder,5200632,2018,5,8,3,3,2,6,0,0,1,0,0,0,0,0,785379,5153,5828158,13
200199,11,1,1011402,Arkonaplatz,1100416,2018,5,4,7,2,0,1,2,1,0,0,0,0,0,0,798744,2935,5829594,622
200200,11,9,9020502,Obersch�neweide Ost,9200511,2018,5,11,3,3,6,4,0,0,1,1,0,0,0,0,806808,324,5821999,758
200201,11,12,12231102,Frohnau,12400721,2018,5,16,6,3,6,2,0,0,1,1,0,0,0,0,790379,1678,5840129,39
200202,11,2,2010102,Mehringplatz,2100103,2018,4,22,2,3,3,6,2,0,1,0,1,0,1,0,798493,7313,5825554,679
200203,11,5,5020625,Borkumer Stra�e                                                                                     ,5200629,2018,4,0,2,3,6,2,2,0,1,1,0,0,0,0,784707,981,5828611,59
200204,11,4,4020310,Park Ruhwald,4200308,2018,5,9,3,3,5,7,0,0,1,0,0,0,1,0,790215,7536,5827301,557
200205,11,6,6040701,Wannsee,6400735,2018,5,20,6,3,1,5,0,1,1,0,0,0,0,0,781972,5105,5815177,694
200206,11,8,8010214,Glasower Stra�e,8100209,2018,4,14,2,3,5,2,0,0,1,0,0,0,0,0,801718,9878,5822128,851
200207,11,8,8010404,Rixdorf,8100416,2018,5,11,3,3,1,7,0,0,1,0,0,0,1,0,801633,1877,5823016,44
200208,11,11,11020515,Landsberger Allee,11200514,2018,5,21,6,3,0,3,1,1,0,0,0,0,0,0,803561,5561,5830184,887
200209,11,5,5010101,Hakenfelde Nord,5100101,2018,5,19,6,3,5,3,1,1,0,0,0,0,0,0,784403,2607,5831926,524
200210,11,12,12214125,Waldidyll/Flughafensee,12200412,2018,4,19,2,2,5,2,0,1,0,0,0,1,0,0,791169,5225,5834030,56
200211,11,7,7050506,Birnhornweg,7501135,2018,5,12,3,3,1,5,0,1,1,0,0,0,0,0,798560,7372,5817135,597
200212,11,7,7070704,Nahariyastra�e                                                                                      ,7601545,2018,5,7,6,3,5,2,0,1,1,0,0,0,0,0,800080,9093,5814039,369
200213,11,5,5030832,Rohrdamm,5300839,2018,4,19,2,3,1,5,0,0,0,0,1,0,1,0,789633,76,5829816,71
200214,11,1,1022206,L�neburger Stra�e                                                                                   ,1200628,2018,5,15,6,3,5,7,0,1,1,0,0,0,0,0,796288,5,5828494,613
200215,11,4,4041241,Breite Stra�e,4400832,2018,4,20,2,2,6,4,0,0,1,1,0,0,0,0,791870,467,5822392,237
200216,11,4,4051445,Eisenzahnstra�e,4500939,2018,5,12,3,3,5,2,0,0,1,0,1,0,0,0,792205,493,5824059,893
200217,11,11,11010204,Falkenberg Ost,11100203,2018,5,17,6,3,5,3,0,1,1,0,0,0,0,0,806766,3471,5833891,721
200218,11,6,6040810,Dahlem,6400844,2018,4,18,2,3,5,2,0,1,1,0,0,0,0,0,790236,1716,5820072,567
200219,11,12,12214527,Alt-Tegel,12200515,2018,5,12,3,3,5,3,0,0,1,0,0,0,0,0,790060,1461,5834533,642
200220,11,10,10010204,Wuhletalstra�e                                                                                      ,10100206,2018,5,17,6,3,5,3,0,0,1,0,0,0,0,0,809332,5596,5832723,994
200221,11,9,9041601,M�ggelheim,9401635,2018,4,17,2,2,5,2,0,1,1,0,0,0,0,0,816871,2,5817224,302
200222,11,12,12103218,Teichstra�e,12100205,2018,4,17,2,2,5,2,0,1,1,0,0,0,0,0,795189,6517,5833241,296
200223,11,3,3040818,Pankow S�d                                                                                          ,3400827,2018,5,12,3,3,5,3,0,1,1,0,0,0,0,0,799479,5134,5831859,319
200224,11,5,5020629,B�rnicker Stra�e                                                                                    ,5200528,2018,5,16,6,3,2,2,0,0,1,0,0,0,0,0,783804,264,5826290,891
200225,11,4,4030930,George-Grosz-Platz,4501041,2018,4,17,2,3,3,6,0,0,1,0,0,0,1,0,793002,889,5825553,18
200226,11,3,3040614,Pankow Zentrum                                                                                      ,3400724,2018,4,17,2,2,0,2,0,1,1,0,0,0,0,0,799981,5696,5835109,49
200227,11,9,9030901,Dorf Altglienicke,9300920,2018,5,13,3,3,5,3,0,1,1,0,0,0,0,0,807581,9205,5815424,887
200228,11,4,4030518,Tegeler Weg,4300517,2018,5,16,6,2,6,4,0,0,1,1,0,0,0,0,791588,508,5827991,63
200229,11,3,3061227,Humannplatz,3601244,2018,5,16,6,3,6,4,0,0,1,1,0,0,0,0,799954,8755,5831077,257
200230,11,1,1011301,Charit�viertel,1100308,2018,4,17,2,3,3,6,0,1,0,0,0,0,0,0,797603,3105,5828407,631
200231,11,10,10020413,Gut Hellersdorf,10200420,2018,5,13,3,3,5,3,0,1,1,0,0,0,0,0,811696,1391,5830640,891
200232,11,4,4030620,Alt-Lietzow,4300619,2018,5,14,6,3,5,2,0,0,1,0,1,0,0,0,791860,1312,5827451,52
200233,11,6,6020409,K�nigsberger Stra�e                                                                                 ,6200421,2018,4,16,2,3,2,2,0,1,1,0,0,0,0,0,793245,8651,5816859,949
200234,11,6,6030609,Augustaplatz,6300633,2018,5,14,3,3,2,6,0,0,1,0,0,0,0,0,793225,1795,5819387,811
200235,11,1,1011303,Alexanderplatzviertel,1100310,2018,5,14,6,3,5,3,0,0,1,0,0,0,1,0,799498,19,5828344,449
200236,11,6,6040807,Zehlendorf Eiche                                                                                    ,6400841,2018,4,16,2,2,2,7,0,0,1,0,0,0,0,0,789844,773,5818757,175
200237,11,1,1044201,Reinickendorfer Stra�e                                                                              ,1401044,2018,4,16,2,3,2,6,0,0,1,0,0,0,0,0,796488,6483,5831645,488
200238,11,9,9030901,Dorf Altglienicke,9300921,2018,5,14,3,2,2,7,0,0,1,0,0,0,1,0,809670,1348,5815676,567
200239,11,9,9041401,Allende I,9401431,2018,5,14,6,3,5,3,0,0,1,0,1,0,0,0,811994,495,5820680,396
200240,11,8,8041038,Wa�mannsdorfer Chaussee,8401244,2018,5,14,3,3,5,7,0,0,1,0,0,0,0,0,805462,7468,5816561,13
200241,11,11,11030721,R�digerstra�e,11300722,2018,5,14,6,3,5,3,0,1,1,0,0,0,0,0,803671,188,5828632,269
200242,11,1,1011103,L�tzowstra�e                                                                                        ,1100103,2018,4,16,2,3,5,3,0,1,1,0,0,0,0,0,795384,6563,5826004,616
200243,11,9,9020801,Spindlersfeld,9200818,2018,4,15,2,3,2,6,0,0,1,0,0,0,0,0,809766,1635,5820692,886
200244,11,4,4030415,Schlo�garten,4300412,2018,5,15,3,3,5,3,0,0,1,0,0,0,1,0,790926,208,5827403,898
200245,11,4,4030931,Breitscheidplatz,4501042,2018,5,14,6,3,3,6,0,1,1,0,0,0,0,0,793884,9475,5825512,248
200246,11,12,12302110,Dannenwalder Weg,12601235,2018,4,15,2,3,2,6,0,0,1,0,0,0,0,0,795152,4503,5836346,854
200247,11,10,10010203,Gewerbegebiet Bitterfelder Stra�e                                                                   ,10100205,2018,4,15,2,3,5,7,0,0,1,0,0,0,0,0,806954,9775,5832580,524