OBJECTID,LAND,BEZ,LOR,STRASSE,LOR_ab_2021,UJAHR,UMONAT,USTUNDE,UWOCHENTAG,UKATEGORIE,UART,UTYP1,ULICHTVERH,IstRad,IstPKW,IstFuss,IstKrad,IstGkfz,IstSonstig,STRZUSTAND,LINREFX,LINREFY,XGCSWGS84,YGCSWGS84
200248,11,12,12214424,Scharnweberstra�e                                                                                   ,12200309,2018,5,15,3,3,6,4,0,0,1,1,0,0,0,0,793300,496,5832565,27
200249,11,7,7050503,Eisenacher Stra�e                                                                                   ,7501031,2018,5,14,6,3,0,7,0,0,0,0,0,0,1,0,798250,7871,5819909,828
200250,11,1,1011203,Unter den Linden S�d,1100206,2018,5,11,6,3,5,2,0,1,1,0,0,0,0,0,797899,8732,5827470,934
200251,11,2,2030301,Oranienplatz,2300314,2018,5,15,3,3,2,5,0,1,1,0,0,0,1,0,799853,1434,5825826,81
200252,11,1,1011203,Unter den Linden S�d,1100206,2018,5,17,6,3,3,6,0,1,1,0,0,0,0,0,797558,156,5827315,342
200253,11,1,1022101,Huttenkiez,1200517,2018,4,15,2,3,2,6,0,0,1,0,0,0,0,0,793002,4191,5828298,437
200254,11,6,6020410,Oberhofer Platz,6200422,2018,5,16,3,2,0,6,0,0,1,0,0,0,1,0,794146,9906,5817470,818
200255,11,11,11030720,Herzbergstra�e,11300721,2018,5,15,6,2,5,2,0,1,1,0,0,0,0,0,804945,7444,5829098,581
200256,11,1,1033203,Humboldthain Nordwest                                                                               ,1300836,2018,4,14,2,3,5,7,0,1,1,0,0,0,0,0,796509,4539,5829904,65
200257,11,11,11020412,Hauptstra�e,11200411,2018,5,16,3,3,5,2,0,1,1,0,0,0,0,0,805694,334,5831384,14
200258,11,6,6030504,Teltower Damm,6300528,2018,4,14,2,3,6,4,0,0,1,1,0,0,0,0,790200,3056,5815173,845
200259,11,1,1011102,Gro�er Tiergarten,1100102,2018,5,17,3,3,0,2,0,1,1,0,0,0,0,0,796510,913,5827616,735
200260,11,8,8041040,Waltersdorfer Chaussee Ost,8401246,2018,5,16,3,2,5,3,0,1,1,0,0,0,0,0,806337,1411,5816452,1
200261,11,1,1022206,L�neburger Stra�e                                                                                   ,1200628,2018,5,19,6,2,6,2,0,0,1,1,0,0,0,0,796288,935,5828296,268
200262,11,7,7020203,Kaiser-Wilhelm-Platz,7200409,2018,4,14,2,3,1,5,0,1,1,0,0,0,0,0,795364,138,5824040,139
200263,11,1,1011102,Gro�er Tiergarten,1100102,2018,5,17,3,3,0,1,0,0,0,0,0,0,1,0,796484,297,5827516,353
200264,11,8,8010301,Reuterkiez,8100312,2018,5,13,6,3,3,6,0,0,1,0,1,0,0,0,801074,3135,5824916,277
200265,11,1,1044201,Reinickendorfer Stra�e                                                                              ,1401044,2018,5,22,3,3,5,5,2,0,1,0,0,0,0,0,796118,1498,5831191,647
200266,11,9,9051901,Dammvorstadt,9501941,2018,4,14,2,2,5,2,0,0,1,0,1,0,0,0,811596,4118,5821153,36
200267,11,10,10010101,Marzahn West                                                                                        ,10100101,2018,5,16,2,3,5,3,0,0,1,0,0,0,0,0,808476,5377,5833800,253
200268,11,6,6040701,Wannsee,6400735,2018,5,13,6,3,5,2,0,1,1,0,0,0,0,0,784619,957,5816691,862
200269,11,6,6020410,Oberhofer Platz,6200422,2018,5,13,6,3,5,3,0,0,1,0,1,0,0,0,794715,587,5816703,157
200270,11,5,5030730,Zitadellenweg,5300736,2018,5,7,2,3,5,2,0,1,1,0,0,0,0,0,785851,9013,5829243,559
200271,11,12,12231101,Hermsdorf,12400722,2018,5,12,6,3,5,3,0,1,1,0,0,0,0,0,791815,222,5837953,4
200272,11,9,9010402,Johannisthal Ost,9100408,2018,4,13,2,2,5,3,0,0,1,0,0,0,0,0,806640,665,5820421,734
200273,11,9,9051702,B�lschestra�e,9501737,2018,5,10,2,3,0,2,0,1,1,0,0,0,0,0,814202,8751,5821345,882
200274,11,2,2030402,Wrangelkiez,2300419,2018,5,12,6,3,5,3,0,1,0,0,0,0,0,0,801075,3214,5825680,588
200275,11,8,8041036,Zittauer Stra�e,8401242,2018,4,14,2,3,0,1,0,1,0,0,0,0,0,0,804066,51,5816940,349
200276,11,1,1011203,Unter den Linden S�d,1100206,2018,5,20,2,3,5,3,1,0,1,0,0,0,0,0,797851,503,5827166,159
200277,11,4,4051445,Eisenzahnstra�e,4500939,2018,4,13,2,3,0,4,0,0,1,1,0,0,0,0,791958,8369,5824415,923
200278,11,2,2010103,Moritzplatz,2100105,2018,5,17,2,2,5,7,0,1,1,0,0,0,0,0,799713,9887,5825788,905
200279,11,2,2020206,Graefekiez,2200212,2018,5,11,6,3,5,2,0,1,1,0,0,0,0,0,799075,3501,5824614,956
200280,11,9,9020701,Adlershof West,9200715,2018,5,16,2,3,2,7,0,0,1,0,1,0,0,0,808895,4763,5818363,831
200281,11,9,9051702,B�lschestra�e,9501737,2018,5,11,6,3,5,2,0,0,1,0,0,0,1,0,815405,4821,5821894,508
200282,11,11,11030619,Fennpfuhl Ost,11300620,2018,4,13,2,3,6,2,0,0,0,1,0,0,1,0,803548,4835,5829724,227
200283,11,1,1033202,Humboldthain S�d,1300835,2018,5,8,2,3,5,2,0,1,1,0,0,0,0,0,797531,8367,5829427,892
200284,11,1,1044102,Schillerpark,1400939,2018,5,11,6,3,5,7,0,0,1,0,0,0,0,0,795001,2522,5831542,58
200285,11,12,12214422,Klixstra�e                                                                                          ,12200310,2018,5,0,2,3,5,3,2,0,1,0,0,1,0,0,792285,435,5833928,419
200286,11,3,3030711,Blankenburg,3300514,2018,5,11,6,3,5,3,0,0,1,0,0,0,0,0,802503,6726,5836816,117
200287,11,10,10010206,Ringkolonnaden,10100209,2018,4,13,2,3,6,4,0,0,1,1,0,0,0,0,809369,2867,5831846,604
200288,11,8,8010211,Flughafenstra�e,8100206,2018,4,12,2,3,1,5,0,1,1,0,0,0,1,0,800354,2929,5824282,663
200289,11,3,3030711,Blankenburg,3300514,2018,5,17,2,3,4,6,0,1,0,0,0,0,0,0,801119,232,5836034,51
200290,11,1,1044201,Reinickendorfer Stra�e                                                                              ,1401044,2018,5,14,6,3,5,3,0,1,1,0,0,0,0,0,796485,612,5831282,231
200291,11,1,1044103,Westliche M�llerstra�e                                                                              ,1400942,2018,4,12,2,3,5,3,0,1,1,0,0,0,0,0,794915,8293,5830563,368
200292,11,12,12302108,M�rkisches Zentrum,12601134,2018,5,20,6,3,1,5,0,0,0,0,1,0,1,0,794061,6406,5836729,545
200293,11,10,10030724,Oberfeldstra�e                                                                                      ,10300731,2018,4,12,2,3,3,6,0,1,1,0,0,0,0,0,809317,8497,5829224,395
200294,11,1,1011204,Leipziger Stra�e                                                                                    ,1100207,2018,5,17,2,3,5,3,0,1,1,0,0,0,0,0,798570,2537,5826874,36
200295,11,1,1011303,Alexanderplatzviertel,1100310,2018,5,20,6,3,5,7,0,0,1,0,1,0,0,0,798889,4033,5827911,348
200296,11,4,4030931,Breitscheidplatz,4501042,2018,4,12,2,3,0,7,0,1,0,0,0,0,1,0,793673,3112,5825799,796
200297,11,1,1022106,Elberfelder Stra�e                                                                                  ,1200522,2018,4,12,2,3,0,2,0,1,0,0,0,0,1,0,794568,6749,5828329,813
200298,11,4,4031032,Halensee,4500937,2018,5,17,2,3,5,3,0,1,1,0,0,0,0,0,791181,4333,5824995,936
200299,11,12,12214527,Alt-Tegel,12200515,2018,5,10,6,3,5,2,0,1,1,0,0,0,0,0,789991,5798,5835723,894
200300,11,9,9051801,Rahnsdorf/Hessenwinkel,9501838,2018,5,17,2,3,5,7,0,0,1,0,1,0,0,0,820793,7635,5820295,148
200301,11,12,12214125,Waldidyll/Flughafensee,12200412,2018,5,20,6,2,6,4,1,0,1,1,0,0,0,0,790966,8582,5833770,169
200302,11,3,3061126,Arnimplatz,3601141,2018,4,12,2,3,5,2,0,1,1,0,0,0,0,0,798990,6002,5831816,739
200303,11,3,3061227,Humannplatz,3601244,2018,5,16,2,3,3,6,0,1,0,0,0,1,0,0,800246,2684,5831622,309
200304,11,2,2010102,Mehringplatz,2100102,2018,5,20,6,3,6,4,0,1,0,1,0,0,0,0,798032,1896,5826481,389
200305,11,7,7030303,Grazer Platz,7300619,2018,4,10,2,3,2,6,0,0,1,0,1,0,0,0,796076,7424,5822847,81
200306,11,1,1011201,Wilhelmstra�e                                                                                       ,1100207,2018,5,16,2,3,5,2,0,1,1,0,0,0,0,0,797904,1184,5826567,306
200307,11,9,9041301,Kietzer Feld/Nachtheide                                                                             ,9401329,2018,5,10,6,3,1,5,0,1,1,0,0,0,0,0,811828,1596,5818291,716
200308,11,2,2010102,Mehringplatz,2100102,2018,4,19,1,3,2,6,0,0,1,0,0,0,0,0,798326,9151,5825573,96
200309,11,2,2010101,Askanischer Platz,2100101,2018,4,18,1,2,0,1,0,0,1,0,1,0,0,0,797859,4728,5825643,409
200310,11,3,3050924,Behaimstra�e,3500935,2018,5,9,6,3,4,6,0,1,1,0,0,0,0,0,801647,2924,5831633,408
200311,11,11,11040926,Weitlingstra�e,11400929,2018,4,18,1,2,6,7,0,0,1,1,0,0,0,0,805075,1786,5826834,806
200312,11,9,9020701,Adlershof West,9200715,2018,4,18,1,3,2,6,0,0,1,0,0,0,0,0,808992,47,5818092,538
200313,11,5,5010206,G�tersloher Weg,5100208,2018,5,7,5,3,5,3,0,1,1,0,0,0,0,0,781771,711,5829983,135
200314,11,5,5020417,Staakener Stra�e                                                                                    ,5200420,2018,5,10,2,2,5,3,0,0,1,0,1,0,0,0,781901,2156,5829209,336
200315,11,11,11030721,R�digerstra�e,11300722,2018,5,7,5,3,5,2,0,1,1,0,0,0,0,0,803790,9027,5827652,332
200316,11,5,5040936,J�gerallee,5400943,2018,5,10,2,2,5,2,0,0,1,0,1,0,0,0,780599,992,5820606,56
200317,11,4,4041343,Binger Stra�e,4400834,2018,5,7,5,3,5,3,0,1,1,0,0,0,0,0,792758,5205,5822308,982
200318,11,10,10010308,Marzahner Chaussee,10100311,2018,5,7,2,2,5,2,0,0,0,0,0,0,1,0,806700,1065,5829146,285
200319,11,4,4051655,Babelsberger Stra�e,4501153,2018,5,11,2,3,1,5,0,0,1,0,1,0,0,0,794148,8112,5823925,315
200320,11,8,8020621,Mohriner Allee Nord,8200624,2018,5,6,5,3,2,6,0,0,1,0,1,0,0,0,800186,3712,5820493,702
200321,11,3,3030405,Karow Nord                                                                                          ,3300411,2018,5,11,2,3,4,6,0,0,1,0,0,0,0,0,803965,2387,5839736,753
200322,11,10,,#NV,,2018,5,7,2,2,2,6,0,0,1,0,0,0,0,0,810977,568,5832054,562
200323,11,10,10010308,Marzahner Chaussee,10100311,2018,5,6,2,2,3,6,0,0,1,0,0,1,0,0,806555,6274,5828739,72
200324,11,2,2050802,Boxhagener Platz,2500834,2018,5,6,5,3,5,5,0,0,1,0,0,0,0,0,802067,897,5826906,471
200325,11,12,12103117,Letteplatz,12100101,2018,5,19,2,3,5,3,0,0,1,0,0,0,0,0,796021,5759,5832723,71
200326,11,1,1011204,Leipziger Stra�e                                                                                    ,1100207,2018,5,4,5,3,1,1,2,1,0,0,0,1,0,0,797826,34,5827041,417
200327,11,2,2010104,Wassertorplatz,2100106,2018,5,19,2,3,5,2,1,1,1,0,0,0,0,0,799075,5619,5825614,256
200328,11,7,7050506,Birnhornweg,7501135,2018,5,12,5,3,5,3,0,0,1,0,1,0,0,0,798826,313,5817339,363
200329,11,11,11040925,Victoriastadt,11400927,2018,5,20,5,3,0,3,0,0,1,0,1,0,0,0,803670,2512,5826661,467
200330,11,4,4030724,Lietzensee,4300415,2018,5,19,2,3,9,1,0,0,1,0,1,0,0,0,791047,7453,5826348,86
200331,11,10,10010308,Marzahner Chaussee,10100311,2018,5,13,5,3,2,6,0,0,1,0,0,0,0,0,806514,9362,5829428,772
200332,11,2,2030302,Lausitzer Platz,2300315,2018,5,18,2,2,5,2,0,0,1,0,0,0,1,0,800418,1292,5825786,483
200333,11,5,5010314,Carl-Schurz-Stra�e                                                                                  ,5100316,2018,5,13,5,3,5,2,0,0,1,0,0,0,1,0,784832,5116,5829007,31
200334,11,2,2040703,Wriezener Bahnhof/Entwicklungsgebiet,2400625,2018,5,11,5,3,5,2,0,0,1,0,0,1,0,0,801348,5022,5826459,448
200335,11,8,8020619,Buschkrugallee Nord,8200622,2018,5,18,2,3,5,2,0,0,1,0,1,0,0,0,801277,649,5821476,753
200336,11,11,11030618,Fennpfuhl West,11300618,2018,5,11,5,3,2,2,0,0,1,0,0,0,0,0,802431,5624,5828911,973
200337,11,5,5020524,Weinmeisterhornweg,5200528,2018,5,7,5,3,5,2,0,1,1,0,0,0,0,0,782987,967,5825960,96
200338,11,4,4051448,Schaperstra�e,4501045,2018,5,18,2,3,5,2,1,1,1,0,0,0,0,0,793479,1578,5824951,558
200339,11,11,11010309,Zingster Stra�e West,11100308,2018,5,5,5,2,5,3,1,1,1,0,0,0,0,0,804827,7085,5833261,105
200340,11,7,7030303,Grazer Platz,7300619,2018,5,18,2,3,5,3,0,0,1,0,1,0,0,0,795545,4291,5822681,5
200341,11,5,5030832,Rohrdamm,5300839,2018,5,7,5,2,6,4,0,0,1,1,0,0,0,0,789090,1267,5830601,968
200342,11,1,1033203,Humboldthain Nordwest                                                                               ,1300836,2018,5,18,2,3,3,6,0,0,1,0,1,0,1,0,796737,1314,5831177,157
200343,11,3,3061332,Helmholtzplatz,3601346,2018,5,19,5,3,5,2,0,1,1,0,0,0,0,0,799358,9788,5830705,507
200344,11,1,1011105,N�rdlicher Landwehrkanal                                                                            ,1100102,2018,5,18,5,3,5,2,0,1,1,0,0,0,0,0,795772,5,5826685,542
200345,11,6,6030504,Teltower Damm,6300528,2018,5,17,2,3,5,3,0,1,1,0,0,0,0,0,790375,3336,5816668,815
200346,11,10,10030726,Alt-Biesdorf,10300733,2018,5,18,5,3,2,6,0,0,1,0,0,0,0,0,809523,8687,5827199,841
200347,11,9,9010302,Sp�thsfelde,9100306,2018,5,18,2,3,5,3,0,1,1,0,0,0,0,0,804938,19,5820711,406
200348,11,8,8020727,Buckow Mitte,8200832,2018,5,17,5,3,2,6,0,0,1,0,0,0,0,0,801232,8273,5817173,948
200349,11,4,4030620,Alt-Lietzow,4300619,2018,5,16,2,3,6,4,0,0,1,1,0,0,0,0,792322,8503,5827226,432
200350,11,7,7030301,Friedenau,7300516,2018,5,17,5,3,0,3,0,1,0,0,0,0,1,0,793988,1526,5821553,401
200351,11,4,4051446,Preu�enpark,4501043,2018,5,17,5,3,5,3,0,1,1,0,0,0,0,0,792568,2319,5824666,604
200352,11,1,1011103,L�tzowstra�e                                                                                        ,1100103,2018,5,17,2,2,5,2,0,1,1,0,0,0,0,0,795397,7951,5825831,38
200353,11,1,1033102,Gesundbrunnen,1300733,2018,5,17,2,3,2,6,0,0,1,0,0,0,0,0,797153,7821,5831896,646
200354,11,3,3020210,Herthaplatz,3200207,2018,5,16,5,3,5,3,0,1,1,0,0,0,0,0,799307,3072,5836003,397
200355,11,2,2050804,Stralauer Halbinsel,2500836,2018,5,17,2,3,2,6,0,0,1,0,0,0,0,0,803126,6268,5825698,269
200356,11,12,12302110,Dannenwalder Weg,12601235,2018,5,18,2,2,6,4,0,0,0,1,0,0,1,0,795349,268,5836375,796
200357,11,1,1022102,Beusselkiez,1200518,2018,5,16,5,3,5,7,0,0,1,0,1,0,0,0,793557,5977,5828923,551
200358,11,4,4051656,Hildegardstra�e,4501151,2018,5,16,2,3,5,3,0,0,1,0,0,0,0,0,793616,6523,5823082,72
200359,11,1,1011202,Unter den Linden Nord,1100206,2018,5,16,5,3,6,4,0,1,1,1,0,0,0,0,797679,3521,5827945,696
200360,11,11,11030721,R�digerstra�e,11300724,2018,5,16,2,3,1,5,0,0,1,0,0,0,0,0,804470,5479,5827852,192
200361,11,7,7030302,Cecilieng�rten,7300618,2018,5,16,5,3,1,5,0,1,1,0,0,0,0,0,794743,4634,5822673,424
200362,11,11,11030721,R�digerstra�e,11300725,2018,5,16,2,3,6,4,0,1,0,1,0,0,0,0,805397,6054,5828199,235
200363,11,12,12231101,Hermsdorf,12400722,2018,5,15,2,3,6,4,0,0,0,1,1,0,0,0,791180,2322,5838373,996
200364,11,12,12103218,Teichstra�e,12100205,2018,5,16,5,3,2,6,0,0,1,0,0,0,0,0,795064,277,5833173,447
200365,11,12,12301204,Wittenau Nord                                                                                       ,12500927,2018,5,15,2,3,5,3,0,1,1,0,0,0,0,0,792683,3356,5835975,522
200366,11,1,1011301,Charit�viertel,1100308,2018,5,15,2,2,6,4,0,0,0,1,0,0,1,0,797235,2074,5829075,616
200367,11,2,2030301,Oranienplatz,2300314,2018,5,15,5,3,3,6,0,1,1,0,0,0,0,0,800170,3631,5825869,133
200368,11,3,3051022,Hansastra�e,3501038,2018,5,15,2,3,5,2,0,0,1,0,0,0,0,0,803004,6332,5832010,469
200369,11,1,1011103,L�tzowstra�e                                                                                        ,1100103,2018,5,15,2,3,5,3,0,0,1,0,0,0,0,0,795328,2287,5826172,251
200370,11,12,12231101,Hermsdorf,12400723,2018,5,16,5,3,1,5,0,0,1,0,0,0,0,0,792869,1532,5838574,856
200371,11,6,6010207,Mittelstra�e                                                                                        ,6100207,2018,5,15,2,3,5,2,0,0,1,0,0,0,0,0,793842,4722,5820507,75
200372,11,6,6020302,Komponistenviertel Lankwitz,6200312,2018,5,15,5,3,0,6,0,0,0,0,0,0,1,0,795040,1268,5819070,113
200373,11,2,2020204,Urbanstra�e,2200210,2018,5,15,2,3,5,3,0,0,1,0,0,0,0,0,798946,1928,5825234,8
200374,11,1,1011402,Arkonaplatz,1100416,2018,5,21,5,3,0,1,1,1,0,0,0,0,0,0,798675,5159,5829454,65
200375,11,5,5010314,Carl-Schurz-Stra�e                                                                                  ,5100316,2018,5,14,2,3,2,6,0,0,1,0,0,0,0,0,784843,3727,5829216,868
200376,11,1,1033101,Soldiner Stra�e                                                                                     ,1300732,2018,5,15,2,3,5,2,0,1,1,0,0,0,0,0,797268,6638,5832227,41
200377,11,11,11030721,R�digerstra�e,11300722,2018,5,16,4,3,5,7,0,1,0,0,0,0,0,0,804274,8546,5827887,575
200378,11,7,7040401,Neu-Tempelhof,7400721,2018,5,15,2,2,3,6,0,1,0,0,1,0,0,0,797205,1588,5823526,329
200379,11,7,7020202,Volkspark (Rudolf-Wilde-Park),7200308,2018,5,10,4,3,5,7,0,1,1,0,0,0,0,0,794802,8275,5823571,365
200380,11,1,1022101,Huttenkiez,1200517,2018,5,23,4,3,6,2,2,0,0,1,0,0,1,0,793533,2012,5829137,274
200381,11,11,11030721,R�digerstra�e,11300722,2018,5,14,2,3,2,6,0,0,1,0,0,0,0,0,803851,4207,5828625,694
200382,11,5,5010208,Germersheimer Platz,5100210,2018,5,14,2,3,2,6,0,0,1,0,1,0,0,0,783678,1243,5829848,475
200383,11,2,2040702,Weberwiese,2400624,2018,5,23,4,3,5,3,2,1,0,0,0,0,0,0,801965,8941,5827005,48
200384,11,1,1011302,Oranienburger Stra�e                                                                                ,1100309,2018,5,21,4,3,2,6,2,1,1,0,0,0,0,0,798702,418,5828335,928
200385,11,3,3051017,Rennbahnstra�e,3501038,2018,5,13,2,3,0,3,0,0,1,0,0,0,1,0,803401,3452,5833106,421
200386,11,2,2050802,Boxhagener Platz,2500833,2018,5,20,4,3,2,7,0,1,1,0,0,0,0,0,802356,6545,5827106,92
200387,11,6,6040810,Dahlem,6400844,2018,5,13,2,3,1,5,0,1,1,0,0,0,0,0,792015,286,5821184,65
200388,11,12,12224230,Heiligensee,12400618,2018,5,22,4,2,5,2,2,1,1,0,0,0,0,0,787346,32,5837835,696
200389,11,6,6020306,Lankwitz S�d                                                                                        ,6200317,2018,5,13,2,3,5,3,0,0,1,0,0,0,0,0,795644,2963,5816605,683
200390,11,6,6020409,K�nigsberger Stra�e                                                                                 ,6200421,2018,5,13,4,2,6,4,0,0,1,1,0,0,0,0,793065,1667,5816625,591
200391,11,5,5010103,Amorbacher Weg,5100105,2018,5,15,4,3,6,2,0,0,1,1,0,0,0,0,784439,4693,5831823,218
200392,11,1,1033102,Gesundbrunnen,1300733,2018,5,13,2,3,2,6,0,1,1,0,0,0,0,0,797122,1657,5831808,905
200393,11,4,4030725,Amtsgerichtsplatz,4300416,2018,5,17,4,3,0,6,0,0,1,0,1,0,0,0,791611,9353,5826088,99
200394,11,11,11040926,Weitlingstra�e,11400929,2018,5,18,4,3,5,2,0,1,0,0,0,0,1,0,805073,935,5826827,662
200395,11,12,12214424,Scharnweberstra�e                                                                                   ,12200309,2018,5,16,2,3,0,1,0,0,0,0,1,0,0,0,792516,9892,5832836,13
200396,11,4,4030725,Amtsgerichtsplatz,4300416,2018,5,18,4,3,0,6,0,1,0,0,0,0,0,0,791561,8339,5826497,456
200397,11,1,1022201,Stephankiez,1200623,2018,5,18,4,3,5,2,0,1,1,0,0,0,0,0,795475,6326,5829574,439
200398,11,8,8041038,Wa�mannsdorfer Chaussee,8401244,2018,5,20,2,2,5,3,1,0,1,0,1,0,0,0,805833,314,5816733,9
200399,11,4,4030931,Breitscheidplatz,4501042,2018,5,19,4,3,5,3,0,1,1,0,0,0,0,0,794098,7843,5825961,121
200400,11,9,9010302,Sp�thsfelde,9100306,2018,5,13,2,3,0,1,0,1,0,0,0,0,0,0,803766,6504,5820844,701
200401,11,11,11040926,Weitlingstra�e,11400931,2018,5,15,4,3,5,2,0,1,1,0,0,0,0,0,806685,1452,5826906,824
200402,11,1,1011203,Unter den Linden S�d,1100206,2018,5,12,2,3,1,5,0,0,1,0,0,0,1,0,797546,21,5827489,571
200403,11,9,9051701,Hirschgarten,9501736,2018,5,19,4,3,2,6,0,0,1,0,0,0,0,0,813031,3715,5821420,542
200404,11,3,3050925,Komponistenviertel Wei�ensee,3500936,2018,5,20,4,3,5,3,0,1,1,0,0,0,0,0,802784,7866,5831607,24
200405,11,1,1022206,L�neburger Stra�e                                                                                   ,1200628,2018,5,23,1,3,0,7,2,0,0,0,1,0,0,0,795917,8616,5828146,845
200406,11,9,9020701,Adlershof West,9200715,2018,5,15,4,3,5,3,0,1,1,0,0,0,0,0,807642,8804,5819360,275
200407,11,6,6040809,Thielallee,6400843,2018,5,13,4,3,6,4,0,1,0,1,0,0,0,0,792063,572,5820240,974
200408,11,2,2040701,Andreasviertel,2400623,2018,5,16,1,3,5,3,0,1,1,0,0,0,0,0,800147,4606,5827339,668
200409,11,8,8010302,Bouch�stra�e,8100313,2018,5,18,1,3,5,7,0,0,1,0,1,0,0,0,801702,9459,5824319,69
200410,11,12,12304313,Borsigwalde,12500825,2018,5,13,4,3,5,2,0,0,1,0,0,0,1,0,792393,8604,5835223,159
200411,11,2,2010102,Mehringplatz,2100102,2018,5,15,1,3,5,3,0,0,1,0,0,0,1,0,798175,131,5826505,641
200412,11,11,11040926,Weitlingstra�e,11400929,2018,5,12,4,3,5,3,0,1,0,0,0,0,1,0,804590,8299,5826371,583
200413,11,8,8010118,Silbersteinstra�e,8100105,2018,5,15,1,3,1,5,0,0,1,0,1,0,0,0,800775,1237,5821879,881
200414,11,6,6020305,Gemeindepark Lankwitz,6200315,2018,5,12,4,3,0,3,0,0,1,0,1,0,0,0,795473,316,5817633,449
200415,11,1,1022207,Hansaviertel,1200629,2018,5,15,1,3,5,2,0,0,1,0,0,0,0,0,794557,564,5827506,865
200416,11,1,1011105,N�rdlicher Landwehrkanal                                                                            ,1100102,2018,5,10,4,3,0,7,0,0,1,0,1,0,0,0,795355,1428,5826631,197
200417,11,11,11040925,Victoriastadt,11400927,2018,5,9,4,3,5,3,0,1,0,0,0,1,0,0,803700,1497,5826387,25
200418,11,1,1044202,Sparrplatz,1401047,2018,5,18,1,2,5,2,0,0,1,0,1,0,0,0,795534,6992,5830743,844
200419,11,4,4030519,Kaiserin-Augusta-Allee,4300518,2018,5,8,4,3,5,2,0,1,1,0,0,0,0,0,792068,981,5828578,75
200420,11,9,9020701,Adlershof West,9200715,2018,5,19,1,3,2,6,0,0,1,0,0,0,0,0,807671,5698,5819390,581
200421,11,5,5020628,Graetschelsteig,5200633,2018,5,8,4,3,5,2,0,0,1,0,0,0,0,0,783993,5385,5826853,358
200422,11,5,5010102,Goltzstra�e,5100103,2018,5,14,1,2,1,7,0,0,1,0,0,0,0,0,785221,195,5832054,447
200423,11,8,8010404,Rixdorf,8100417,2018,5,20,1,3,5,3,1,0,1,0,0,0,0,0,802351,8737,5822752,467
200424,11,1,1044201,Reinickendorfer Stra�e                                                                              ,1401045,2018,5,14,4,2,0,1,0,0,1,0,1,0,0,0,796825,2525,5831552,85
200425,11,4,4020314,Messegel�nde,4200311,2018,5,12,1,3,2,6,0,0,1,0,0,0,0,0,790426,4237,5825881,263
200426,11,1,1011302,Oranienburger Stra�e                                                                                ,1100309,2018,5,12,1,3,1,5,0,1,1,0,0,0,1,0,798729,13,5829078,25
200427,11,9,9051901,Dammvorstadt,9501939,2018,5,17,4,2,5,3,0,1,1,0,0,0,0,0,810886,887,5821458,79
200428,11,8,8010404,Rixdorf,8100415,2018,5,18,4,2,6,4,0,1,0,1,0,0,0,0,801146,8281,5823764,147
200429,11,6,6010205,S�dende,6100205,2018,5,13,1,3,0,3,0,0,1,0,1,0,0,0,795888,4752,5819881,645
200430,11,5,5020627,Tiefwerder,5200632,2018,5,15,4,3,1,1,0,0,1,0,0,0,0,0,786134,2622,5827829,951
200431,11,7,7040405,Rathaus Tempelhof,7501031,2018,5,12,1,3,3,2,0,0,1,0,1,0,0,0,798886,1047,5820526,418
200432,11,5,5020625,Borkumer Stra�e                                                                                     ,5200629,2018,5,12,1,3,5,3,0,0,1,0,0,0,0,0,783802,121,5828688,887
200433,11,2,2010102,Mehringplatz,2100102,2018,5,17,4,3,1,5,0,1,0,0,0,0,1,0,798071,3148,5826350,716
200434,11,7,7020201,Bayerischer Platz,7200307,2018,5,9,1,3,6,2,0,0,1,1,0,0,0,0,794967,9033,5824310,648
200435,11,8,8010118,Silbersteinstra�e,8100105,2018,5,14,1,2,6,4,0,0,1,1,0,0,0,0,800629,1133,5822061,9
200436,11,11,11051331,Karlshorst Nord,11501340,2018,5,13,4,2,0,1,0,1,0,0,0,0,0,0,807241,535,5824242,6
200437,11,12,12103219,Sch�fersee,12100204,2018,5,11,1,2,5,7,0,0,1,0,1,0,0,0,795637,831,5833006,234
200438,11,7,7040405,Rathaus Tempelhof,7400927,2018,5,23,1,2,5,3,2,0,1,0,0,0,0,0,798347,301,5821895,152
200439,11,9,9010302,Sp�thsfelde,9100306,2018,5,16,1,2,0,7,0,1,0,0,0,0,0,0,804441,5337,5820838,171
200440,11,1,1011302,Oranienburger Stra�e                                                                                ,1100309,2018,5,15,4,3,0,1,0,1,0,0,0,0,0,0,798213,7027,5828414,387
200441,11,3,3040508,Rosenthal,3400618,2018,5,11,1,2,3,6,0,1,1,0,0,0,0,0,796158,713,5836532,534
200442,11,5,5010101,Hakenfelde Nord,5100101,2018,5,1,1,3,0,1,2,1,0,0,0,0,0,0,784998,5342,5834339,48
200443,11,6,6040810,Dahlem,6400844,2018,5,14,7,3,1,5,0,0,1,0,0,0,0,0,790351,463,5820672,31
200444,11,1,1033203,Humboldthain Nordwest                                                                               ,1300836,2018,5,19,4,3,3,6,0,0,1,0,0,0,1,0,796293,193,5830598,858
200445,11,8,8010508,Wei�e Siedlung,8100520,2018,5,1,1,2,5,3,2,0,1,0,0,0,0,0,803194,8413,5822706,34
200446,11,2,2010104,Wassertorplatz,2100106,2018,5,17,7,2,1,6,0,1,0,0,0,1,1,0,798884,8763,5825600,267
200447,11,7,7010101,Wittenbergplatz/Viktoria-Luise-Platz,7100101,2018,5,8,4,3,5,2,0,1,1,0,0,0,0,0,794964,8684,5824892,758
200448,11,7,7020202,Volkspark (Rudolf-Wilde-Park),7200308,2018,5,17,7,3,5,3,0,1,1,0,0,0,0,0,794750,4703,5823713,885
200449,11,9,9030903,K�lner Viertel,9300923,2018,5,11,7,3,5,3,0,1,0,0,0,0,1,0,808375,4369,5816244,283
200450,11,1,1011304,Karl-Marx-Allee,1100311,2018,5,7,4,2,6,4,0,0,1,1,0,0,0,0,799735,7179,5827854,507