OBJECTID,LAND,BEZ,LOR,STRASSE,LOR_ab_2021,UJAHR,UMONAT,USTUNDE,UWOCHENTAG,UKATEGORIE,UART,UTYP1,ULICHTVERH,IstRad,IstPKW,IstFuss,IstKrad,IstGkfz,IstSonstig,STRZUSTAND,LINREFX,LINREFY,XGCSWGS84,YGCSWGS84
200451,11,4,4030518,Tegeler Weg,4300517,2018,5,23,7,3,0,5,2,0,1,0,0,0,1,0,791671,9506,5827893,105
200452,11,3,3030406,Alt-Karow,3300413,2018,5,7,4,2,5,3,0,0,1,0,1,0,0,0,802708,3711,5837338,135
200453,11,8,8010214,Glasower Stra�e,8100209,2018,5,19,7,3,5,7,0,0,1,0,0,0,0,0,801205,6845,5822209,917
200454,11,11,11020411,Malchower Weg,11200410,2018,5,5,4,3,5,2,0,1,1,0,0,0,0,0,805006,8233,5833015,223
200455,11,10,10030725,Buckower Ring,10300732,2018,5,5,4,3,1,5,0,0,1,0,0,0,1,0,809894,151,5827921,36
200456,11,1,1011105,N�rdlicher Landwehrkanal                                                                            ,1100102,2018,5,18,7,3,6,4,0,0,1,1,0,0,0,0,796924,6029,5826415,78
200457,11,2,2050802,Boxhagener Platz,2500833,2018,5,19,7,3,5,7,1,1,1,0,0,0,0,0,802201,9838,5827336,926
200458,11,1,1011304,Karl-Marx-Allee,1100311,2018,5,0,4,3,2,6,2,0,1,0,0,0,0,0,799546,9811,5828068,474
200459,11,7,7040404,Marienh�he,7400826,2018,5,8,3,3,3,6,0,0,1,0,0,0,1,0,796666,3631,5819995,966
200460,11,7,7070706,Horstwalder Stra�e/Paplitzer Stra�e                                                                 ,7601547,2018,5,19,7,3,5,3,0,1,1,0,0,0,0,0,800037,685,5813263,96
200461,11,1,1033102,Gesundbrunnen,1300733,2018,5,22,3,3,2,6,2,0,1,0,0,0,0,1,797541,2402,5831712,136
200462,11,3,3050924,Behaimstra�e,3500935,2018,5,15,7,3,5,7,0,0,1,0,1,0,0,0,801474,9,5831873,301
200463,11,3,3071537,Kollwitzplatz,3701555,2018,5,16,7,3,1,5,0,1,1,0,0,0,0,0,799345,192,5830083,423
200464,11,6,6010103,Markelstra�e                                                                                        ,6100103,2018,5,9,3,2,3,6,0,1,0,0,0,0,1,0,793328,5397,5821376,885
200465,11,1,1022201,Stephankiez,1200623,2018,5,15,7,3,5,3,0,1,1,0,0,0,0,0,795485,2374,5829583,303
200466,11,7,7040403,Manteuffelstra�e                                                                                    ,7400823,2018,5,14,7,3,5,3,0,0,1,0,0,0,0,0,796826,5611,5822175,658
200467,11,11,11041128,Sewanstra�e,11401136,2018,5,15,3,3,5,3,0,0,1,0,0,0,0,0,805533,67,5825996,95
200468,11,2,2030402,Wrangelkiez,2300419,2018,5,13,7,3,3,6,0,0,1,0,1,0,0,0,801482,5029,5826023,203
200469,11,11,11030721,R�digerstra�e,11300722,2018,5,13,7,3,2,6,0,0,1,0,1,0,0,0,803796,4011,5827717,752
200470,11,2,2020203,Viktoriapark,2200209,2018,5,15,3,3,0,2,0,0,1,0,1,0,0,0,797500,7218,5824741,364
200471,11,6,6040810,Dahlem,6400844,2018,5,18,7,3,5,2,0,0,1,0,0,0,0,0,791565,7806,5821713,998
200472,11,2,2030302,Lausitzer Platz,2300316,2018,5,13,7,3,2,6,0,0,1,0,1,0,0,0,801155,383,5825945,193
200473,11,2,2010101,Askanischer Platz,2100101,2018,5,18,3,3,5,7,0,1,1,0,0,0,0,1,797837,4408,5825792,22
200474,11,1,1011303,Alexanderplatzviertel,1100310,2018,5,11,7,3,3,6,0,1,0,0,0,0,0,0,799481,7209,5828848,394
200475,11,4,4030725,Amtsgerichtsplatz,4300416,2018,5,11,3,3,5,3,0,1,1,0,0,0,0,0,791765,411,5826421,102
200476,11,4,4030931,Breitscheidplatz,4501042,2018,5,12,7,3,5,3,0,1,0,0,0,0,1,0,794103,723,5826435,898
200477,11,4,4041137,Flinsberger Platz,4400727,2018,5,10,3,3,5,2,0,1,1,0,0,0,0,0,790959,7072,5823006,17
200478,11,10,10040931,Mahlsdorf Nord                                                                                      ,10400938,2018,5,20,7,3,5,3,1,0,1,0,0,0,0,0,814755,4276,5829893,128
200479,11,8,8041040,Waltersdorfer Chaussee Ost,8401246,2018,5,10,7,3,2,7,0,1,1,0,0,0,0,0,806283,7655,5816404,3
200480,11,2,2020204,Urbanstra�e,2200210,2018,5,10,3,3,5,3,0,1,1,0,0,0,0,0,799101,4896,5825225,688
200481,11,7,7040401,Neu-Tempelhof,7400720,2018,5,20,7,3,1,5,1,1,1,0,0,0,0,0,797509,5948,5823703,123
200482,11,2,2010104,Wassertorplatz,2100106,2018,5,6,7,3,5,7,0,0,1,0,0,0,0,0,799727,1629,5825336,166
200483,11,12,12231101,Hermsdorf,12400723,2018,5,10,3,3,0,3,0,1,1,0,0,0,0,0,791762,82,5838979,752
200484,11,7,7030301,Friedenau,7300517,2018,5,20,7,3,0,1,0,0,0,0,1,0,0,0,794038,1332,5822211,626
200485,11,1,1011304,Karl-Marx-Allee,1100311,2018,5,15,7,3,5,2,0,1,1,0,0,0,0,0,799707,9329,5827840,449
200486,11,1,1011302,Oranienburger Stra�e                                                                                ,1100309,2018,5,18,7,3,3,6,0,0,1,0,0,0,0,0,798628,136,5829091,679
200487,11,3,3061434,Anton-Saefkow-Park,3601451,2018,5,7,3,3,6,7,0,1,0,1,0,0,0,0,801392,2468,5829733,607
200488,11,7,7040401,Neu-Tempelhof,7400720,2018,5,15,7,2,5,2,0,0,1,0,0,0,0,0,797292,5068,5822601,454
200489,11,8,8020620,Tempelhofer Weg,8200624,2018,5,15,7,3,5,3,0,0,1,0,0,0,0,0,801179,932,5820606,977
200490,11,7,7010103,Barbarossaplatz,7100204,2018,5,14,7,3,1,5,0,0,1,0,0,0,1,0,795500,7283,5824740,73
200491,11,1,1011402,Arkonaplatz,1100416,2018,5,20,3,3,2,6,2,0,1,0,0,0,0,1,798087,3491,5829978,215
200492,11,9,9020802,K�llnische Vorstadt                                                                                 ,9200819,2018,5,14,7,2,6,4,0,0,0,1,0,0,1,0,810697,284,5819264,517
200493,11,4,4020310,Park Ruhwald,4200308,2018,5,11,7,3,0,1,0,1,0,0,0,0,0,0,788220,6936,5827817,198
200494,11,9,9020701,Adlershof West,9200715,2018,5,15,6,3,3,2,0,0,1,0,0,1,0,0,807227,5415,5818272,83
200495,11,5,5020417,Staakener Stra�e                                                                                    ,5200420,2018,5,19,3,3,5,3,1,0,1,0,0,0,0,1,781919,7026,5828605,96
200496,11,1,1044103,Westliche M�llerstra�e                                                                              ,1400942,2018,5,13,7,3,1,5,0,1,1,0,0,0,0,0,794641,3896,5830502,613
200497,11,3,3020209,Niedersch�nhausen,3200205,2018,5,19,3,3,5,3,1,0,1,0,0,0,0,1,797900,5556,5835186,99
200498,11,10,10010308,Marzahner Chaussee,10100311,2018,5,8,7,2,5,2,0,1,1,0,0,0,0,0,806694,303,5829146,409
200499,11,3,3030716,M�rchenland,3300517,2018,5,15,6,3,5,3,0,1,1,0,0,0,0,0,805054,937,5836931,5
200500,11,7,7010104,Dennewitzplatz,7100205,2018,5,18,3,3,2,6,0,0,1,0,0,0,0,1,796095,5572,5825361,6
200501,11,12,12103115,Breitkopfbecken,12100103,2018,5,8,7,2,5,3,0,1,1,0,0,0,0,0,795962,7222,5833892,237
200502,11,9,9010402,Johannisthal Ost,9100408,2018,5,15,6,3,2,6,0,0,1,0,0,0,0,0,806189,2427,5819215,815
200503,11,7,7050501,Rathausstra�e                                                                                       ,7501029,2018,5,9,3,3,5,2,0,1,1,0,0,0,0,0,797460,735,5820319,233
200504,11,12,12103117,Letteplatz,12100101,2018,5,9,7,3,5,2,0,1,1,0,0,0,0,0,795788,7371,5832580,935
200505,11,1,1011303,Alexanderplatzviertel,1100310,2018,5,0,6,3,1,5,2,1,1,0,0,0,0,0,799127,3142,5828887,264
200506,11,2,2010104,Wassertorplatz,2100106,2018,5,17,6,3,6,2,0,0,0,1,0,0,1,0,799769,5168,5825595,898
200507,11,9,9051901,Dammvorstadt,9501939,2018,5,9,3,3,2,6,0,0,1,0,1,0,0,0,809665,9009,5821388,333
200508,11,8,8020727,Buckow Mitte,8200832,2018,5,10,7,3,1,5,0,0,1,0,0,0,0,0,801547,1898,5817525,964
200509,11,7,7030301,Friedenau,7300517,2018,5,16,6,3,6,7,0,1,0,1,0,0,0,0,794356,3811,5822214,687
200510,11,4,4030415,Schlo�garten,4300412,2018,5,15,6,3,0,2,0,1,1,0,0,0,0,0,791441,3673,5827480,183
200511,11,7,7040405,Rathaus Tempelhof,7400927,2018,5,9,3,3,5,2,0,1,1,0,0,0,0,0,799556,6274,5820750,662
200512,11,9,9010401,Johannisthal West,9100407,2018,5,12,7,2,5,3,0,0,1,0,1,0,0,0,805502,2835,5819235,757
200513,11,9,9041601,M�ggelheim,9401635,2018,5,15,6,3,4,6,0,1,1,0,0,0,0,0,818788,1287,5818577,864
200514,11,2,2030302,Lausitzer Platz,2300315,2018,5,8,3,3,5,2,0,1,0,0,1,0,0,0,800651,469,5826090,633
200515,11,7,7030301,Friedenau,7300517,2018,5,12,7,3,5,2,0,0,1,0,0,0,1,0,794245,4836,5822043,378
200516,11,8,8010211,Flughafenstra�e,8100206,2018,5,18,6,3,5,3,0,0,1,0,0,0,0,0,800622,936,5823769,86
200517,11,12,12214527,Alt-Tegel,12200515,2018,5,8,3,3,5,2,0,1,1,0,0,0,0,0,790570,556,5834485,955
200518,11,2,2050802,Boxhagener Platz,2500833,2018,5,4,7,2,5,3,1,1,1,0,0,0,0,0,802846,5637,5826939,611
200519,11,5,5020625,Borkumer Stra�e                                                                                     ,5200629,2018,5,1,7,3,5,3,2,0,1,0,0,0,0,0,784628,3933,5828424,965
200520,11,12,12214125,Waldidyll/Flughafensee,12200412,2018,5,14,6,3,2,6,0,0,1,0,0,0,0,0,789247,6411,5833657,905
200521,11,3,3030406,Alt-Karow,3300412,2018,5,7,3,3,5,3,0,0,1,0,1,0,0,0,802359,6154,5838813,759
200522,11,7,7040403,Manteuffelstra�e                                                                                    ,7400824,2018,5,0,7,3,9,1,2,0,1,0,0,0,0,0,797621,7247,5821384,34
200523,11,12,12224230,Heiligensee,12400617,2018,5,12,6,3,5,3,0,1,1,0,0,0,0,0,786054,4152,5839051,109
200524,11,11,11051229,Rummelsburg,11501238,2018,5,6,3,2,5,7,0,0,1,0,0,0,1,0,805198,137,5824822,464
200525,11,10,10010309,Springpfuhl,10100312,2018,5,14,7,2,6,4,0,0,1,1,0,0,0,0,808054,896,5829218,988
200526,11,1,1011203,Unter den Linden S�d,1100206,2018,5,11,6,3,1,5,0,1,1,0,0,0,0,0,797789,9777,5827267,855
200527,11,4,4030417,Schlo�stra�e,4300414,2018,5,9,6,3,0,2,0,1,1,0,0,0,0,0,790944,2954,5826751,204
200528,11,2,2030302,Lausitzer Platz,2300315,2018,5,13,3,3,5,3,0,1,1,0,0,0,0,0,800338,758,5825814,753
200529,11,9,9041501,Altstadt Kietz,9401534,2018,5,12,7,3,0,1,0,1,0,0,0,0,0,0,811040,866,5820313,842
200530,11,1,1011105,N�rdlicher Landwehrkanal                                                                            ,1100102,2018,5,9,6,3,5,3,0,1,1,0,0,0,0,0,796095,4954,5826518,543
200531,11,9,9020802,K�llnische Vorstadt                                                                                 ,9200819,2018,5,6,6,3,5,3,0,1,1,0,0,0,0,0,810499,1763,5820113,96
200532,11,6,6010209,Feuerbachstra�e                                                                                     ,6100209,2018,5,18,3,3,5,3,0,0,1,0,0,0,0,1,794757,2129,5821099,102
200533,11,6,6010207,Mittelstra�e                                                                                        ,6100207,2018,5,7,6,3,2,6,0,0,1,0,1,1,0,0,793462,7915,5820199,958
200534,11,7,7050505,Hundsteinweg,7501134,2018,5,19,6,3,1,5,0,0,1,0,0,0,0,0,799248,8136,5817571,148
200535,11,4,4030621,Spreestadt,4300620,2018,5,9,3,3,2,6,0,1,1,0,0,0,0,0,793363,4973,5827843,401
200536,11,5,5020625,Borkumer Stra�e                                                                                     ,5200629,2018,5,22,6,2,4,6,2,0,1,0,0,0,0,0,784033,5439,5828716,233
200537,11,9,9010402,Johannisthal Ost,9100409,2018,5,2,6,2,5,3,2,0,1,0,1,0,0,0,805707,206,5818798,895
200538,11,12,12302109,Treuenbrietzener Stra�e                                                                             ,12601133,2018,5,17,6,2,6,4,0,0,0,1,0,0,1,0,794961,4357,5836478,751
200539,11,1,1044103,Westliche M�llerstra�e                                                                              ,1400942,2018,5,10,3,3,5,2,0,0,1,0,0,0,0,0,794483,5373,5830674,482
200540,11,1,1022101,Huttenkiez,1200517,2018,5,17,6,3,0,5,0,0,1,0,0,0,0,0,792868,5247,5828878,518
200541,11,6,6040804,Krumme Lanke,6400838,2018,5,12,6,2,6,4,0,0,1,1,0,0,0,0,788127,3803,5818751,18
200542,11,11,11040926,Weitlingstra�e,11400931,2018,5,7,3,2,6,4,0,0,1,1,0,0,0,0,806681,8165,5826924,673
200543,11,8,8010118,Silbersteinstra�e,8100105,2018,5,20,6,3,6,7,0,1,0,1,0,0,0,0,800948,606,5822291,745
200544,11,3,3020210,Herthaplatz,3200207,2018,5,16,6,3,5,3,0,0,1,0,0,0,0,0,798491,6709,5835387,2
200545,11,5,5010314,Carl-Schurz-Stra�e                                                                                  ,5100316,2018,5,8,3,2,3,2,0,0,1,0,1,0,0,0,785063,696,5829469,548
200546,11,3,3061429,Greifswalder Stra�e,3601449,2018,5,17,6,3,1,1,0,0,1,0,1,0,0,0,801714,489,5830097,35
200547,11,10,10010309,Springpfuhl,10100312,2018,5,8,3,3,6,4,0,0,1,1,0,0,0,0,808104,148,5830171,381
200548,11,12,12214528,Tegeler Forst,12400619,2018,5,1,3,3,9,1,2,0,1,0,0,0,0,0,789480,2266,5836129,8
200549,11,12,12103218,Teichstra�e,12100205,2018,5,19,6,3,5,2,0,1,1,0,0,0,0,0,794559,4215,5833615,511
200550,11,9,9052001,K�penick Nord                                                                                       ,9502043,2018,5,12,6,3,2,6,0,0,1,0,0,0,0,0,810661,6615,5822786,32
200551,11,6,6030610,Lichterfelde West                                                                                   ,6300634,2018,5,18,3,3,0,3,1,0,1,0,0,0,0,1,792122,5678,5818806,699
200552,11,1,1022101,Huttenkiez,1200517,2018,5,18,6,3,2,6,0,0,1,0,0,0,0,0,793395,8849,5829073,843
200553,11,11,11051331,Karlshorst Nord,11501340,2018,5,14,3,2,6,4,0,0,1,1,0,0,0,0,807922,78,5825443,101
200554,11,8,8010404,Rixdorf,8100417,2018,5,18,6,3,6,2,1,0,1,1,0,0,0,0,802121,9833,5823020,436
200555,11,3,3061227,Humannplatz,3601244,2018,5,19,6,2,5,3,0,0,1,0,1,0,0,0,800086,6169,5831663,465
200556,11,1,1011303,Alexanderplatzviertel,1100310,2018,5,18,3,2,0,1,0,1,0,0,0,0,0,1,799403,622,5828047,887
200557,11,6,6010209,Feuerbachstra�e                                                                                     ,6100209,2018,5,6,6,3,0,3,0,1,1,0,0,0,0,0,794642,76,5821087,933
200558,11,12,12103218,Teichstra�e,12100205,2018,5,17,5,3,1,5,0,0,1,0,0,0,1,0,793666,1457,5832608,761
200559,11,1,1011204,Leipziger Stra�e                                                                                    ,1100207,2018,5,18,3,3,5,3,0,1,1,0,0,0,0,1,797890,665,5826670,888
200560,11,11,11020514,Gro�e-Leege-Stra�e,11200513,2018,5,23,5,3,5,2,2,0,1,0,1,0,0,1,804467,3397,5830938,154
200561,11,11,11030721,R�digerstra�e,11300722,2018,5,18,3,3,0,1,1,0,0,0,1,0,0,1,803915,1614,5827980,19
200562,11,1,1011306,Heine-Viertel Ost,1100313,2018,5,18,6,3,1,5,0,1,1,0,0,0,0,0,799831,4629,5826983,5
200563,11,8,8010301,Reuterkiez,8100310,2018,5,17,3,3,5,3,0,0,1,0,0,0,0,1,800553,738,5825054,613
200564,11,1,1044202,Sparrplatz,1401046,2018,5,16,3,3,3,6,0,1,0,0,0,0,0,1,795083,8772,5830276,643
200565,11,7,7050502,Fritz-Werner-Stra�e                                                                                 ,7501133,2018,5,17,6,3,2,2,0,0,0,0,1,0,1,0,798356,573,5818411,823
200566,11,11,11030618,Fennpfuhl West,11300619,2018,5,22,5,3,5,2,2,0,1,0,1,0,0,1,802978,9742,5828706,544
200567,11,5,5030731,Gartenfelder Stra�e                                                                                 ,5300737,2018,5,16,3,3,5,3,0,1,1,0,0,0,0,0,787357,4878,5829812,154
200568,11,11,11051331,Karlshorst Nord,11501340,2018,5,21,5,3,6,4,2,0,1,1,0,0,0,1,807264,8401,5824393,232
200569,11,1,1011402,Arkonaplatz,1100416,2018,5,16,3,2,5,2,0,1,1,0,0,0,0,0,798519,584,5830046,722
200570,11,5,5020417,Staakener Stra�e                                                                                    ,5200420,2018,5,17,6,3,5,7,0,0,1,0,1,0,0,0,783487,9466,5828650,976
200571,11,4,4030621,Spreestadt,4300620,2018,5,16,3,3,2,6,0,0,1,0,0,0,0,0,793518,2564,5827657,8
200572,11,4,4030828,Savignyplatz,4300624,2018,5,16,6,3,2,7,0,0,1,0,1,0,0,0,792985,1953,5826391,991
200573,11,8,8020622,Parchimer Allee,8200727,2018,5,17,5,3,2,3,0,1,1,0,0,0,0,0,802684,6155,5819377,866
200574,11,3,3061332,Helmholtzplatz,3601346,2018,5,16,3,3,1,5,0,1,1,0,0,0,0,1,799351,3712,5830691,548
200575,11,4,4041133,G�terbahnhof Grunewald,4400725,2018,5,16,6,3,5,3,0,1,1,0,0,0,0,0,790557,9,5825213,978
200576,11,10,10040933,Mahlsdorf S�d                                                                                       ,10400941,2018,5,16,3,3,5,3,0,1,1,0,0,0,0,0,812365,1644,5823793,864
200577,11,6,6030609,Augustaplatz,6300633,2018,5,16,6,3,5,3,0,0,1,0,0,0,0,0,792859,6352,5818590,201
200578,11,2,2030302,Lausitzer Platz,2300316,2018,5,17,5,3,2,1,0,0,1,0,1,0,0,0,800625,9872,5826266,293
200579,11,9,9051901,Dammvorstadt,9501939,2018,5,20,5,2,5,2,2,1,1,0,0,0,0,1,810937,8,5821589,231
200580,11,11,11020412,Hauptstra�e,11200411,2018,5,15,3,2,5,2,0,1,1,0,0,0,0,0,805151,2237,5831637,466
200581,11,12,12214527,Alt-Tegel,12200515,2018,5,16,6,2,2,2,0,0,1,0,0,0,1,0,790058,887,5835739,914
200582,11,2,2010102,Mehringplatz,2100102,2018,5,21,5,3,6,2,2,0,1,1,0,0,0,1,798440,8336,5826526,297
200583,11,3,3040512,Wilhelmsruh,3400619,2018,5,14,3,3,6,4,0,0,1,1,0,0,0,0,795937,9213,5835575,287
200584,11,3,3051017,Rennbahnstra�e,3501037,2018,5,15,6,3,5,2,0,1,1,0,0,0,0,0,802756,5112,5832699,771
200585,11,11,11020515,Landsberger Allee,11200514,2018,5,15,6,3,5,3,0,1,1,0,0,0,0,0,804495,8544,5830347,6
200586,11,10,10040933,Mahlsdorf S�d                                                                                       ,10400940,2018,5,19,5,2,0,1,1,0,1,0,1,0,0,1,813085,4065,5826571,984
200587,11,9,9031101,Gr�nau,9301126,2018,5,14,3,3,6,4,0,0,0,1,1,0,0,0,811052,1317,5816927,659
200588,11,10,10020413,Gut Hellersdorf,10200420,2018,5,10,6,3,5,2,0,0,1,0,0,0,0,0,812011,566,5830584,122
200589,11,4,4051551,Brabanter Platz,4501148,2018,5,18,5,3,8,1,0,0,1,0,0,0,0,0,792899,4028,5823285,754
200590,11,7,7040403,Manteuffelstra�e                                                                                    ,7400824,2018,5,10,6,3,5,3,0,0,1,0,1,0,0,0,797842,3811,5822205,154
200591,11,4,4020310,Park Ruhwald,4200308,2018,5,17,5,3,2,6,0,0,1,0,0,0,0,0,788889,5618,5827605,951
200592,11,1,1044203,Leopoldplatz,1401049,2018,5,7,3,3,5,2,0,1,1,0,0,0,0,0,796008,8762,5831415,935
200593,11,2,2020203,Viktoriapark,2200208,2018,5,10,6,3,5,2,0,1,1,0,0,0,0,0,797258,2544,5824805,45
200594,11,3,3040513,Sch�nholz,3400620,2018,5,16,5,3,5,2,0,1,1,0,0,0,0,0,796651,3365,5834139,541
200595,11,1,1022104,Emdener Stra�e                                                                                      ,1200520,2018,5,20,2,3,1,5,0,1,1,0,0,0,1,0,794556,6802,5828970,699
200596,11,6,6030502,Zehlendorf S�d                                                                                      ,6300525,2018,5,10,6,3,1,5,0,0,1,0,0,0,0,0,789002,9385,5816010,665
200597,11,5,5020626,Adamstra�e                                                                                          ,5200630,2018,5,13,5,3,5,3,0,1,1,0,0,0,0,0,784644,8604,5827268,729
200598,11,6,6040806,Fischtal,6400840,2018,5,13,5,3,7,7,0,0,1,0,0,0,0,0,789085,334,5818945,504
200599,11,12,12103116,Hausotterplatz,12100102,2018,5,13,2,3,3,6,0,1,1,0,0,0,0,0,795871,6899,5833188,217
200600,11,1,1011401,Invalidenstra�e                                                                                     ,1100415,2018,5,9,6,3,0,1,0,0,0,0,1,0,0,0,797943,7857,5829497,648
200601,11,8,8020619,Buschkrugallee Nord,8200623,2018,5,13,5,2,5,2,0,0,1,0,1,0,0,0,801549,3187,5820647,556
200602,11,11,11030721,R�digerstra�e,11300723,2018,5,11,5,2,6,7,0,0,1,1,0,0,0,0,805212,7476,5828362,633
200603,11,2,2010102,Mehringplatz,2100103,2018,5,15,2,3,5,2,0,1,1,0,0,0,0,0,798628,851,5826232,505
200604,11,8,8010404,Rixdorf,8100417,2018,5,9,6,3,5,2,0,1,1,0,0,0,0,0,801743,2372,5822588,827
200605,11,1,1011301,Charit�viertel,1100308,2018,5,8,6,2,6,4,0,1,0,1,0,0,0,0,797412,9031,5827977,403
200606,11,7,7030301,Friedenau,7300517,2018,5,0,5,3,6,4,2,0,1,1,0,0,0,0,794772,9963,5822862,843
200607,11,1,1011101,St�lerstra�e                                                                                        ,1100101,2018,5,16,2,3,2,2,0,0,1,0,0,1,0,0,795251,2569,5826639,381
200608,11,1,1022206,L�neburger Stra�e                                                                                   ,1200628,2018,5,7,6,2,3,6,0,1,1,0,0,1,0,0,796153,53,5828279,484
200609,11,12,12224230,Heiligensee,12400619,2018,5,16,5,2,0,5,0,1,0,0,0,0,1,0,787025,4851,5836099,46
200610,11,3,3020307,Buchholz,3200309,2018,5,15,2,3,5,3,0,1,1,0,0,0,0,0,800506,7181,5836413,185
200611,11,10,10040933,Mahlsdorf S�d                                                                                       ,10400940,2018,5,7,6,3,2,6,0,0,1,0,0,0,0,0,812384,2066,5824234,607
200612,11,2,2020204,Urbanstra�e,2200210,2018,5,12,5,3,5,2,0,0,1,0,0,0,1,0,798172,1581,5824833,466
200613,11,8,8010404,Rixdorf,8100415,2018,5,15,4,3,1,5,0,1,1,0,0,0,0,0,801798,6341,5823636,424
200614,11,4,4030930,George-Grosz-Platz,4501041,2018,5,17,2,3,0,2,0,1,1,0,0,0,0,0,792956,8063,5825540,766
200615,11,6,6010101,Fichtenberg,6100101,2018,5,7,6,3,6,2,0,0,1,1,0,0,0,0,793530,6061,5820632,53
200616,11,5,5030832,Rohrdamm,5300841,2018,5,18,2,3,0,2,0,1,1,0,0,0,0,0,789673,1511,5829344,969
200617,11,3,3050923,Wei�enseer Spitze,3500934,2018,5,5,6,3,5,3,1,0,1,0,0,0,0,0,800721,7828,5831680,195
200618,11,1,1011306,Heine-Viertel Ost,1100313,2018,5,14,4,3,1,5,0,1,0,0,0,0,1,0,800132,5257,5826873,189
200619,11,5,5010314,Carl-Schurz-Stra�e                                                                                  ,5100316,2018,5,16,4,3,5,2,0,0,1,0,0,0,0,0,784845,906,5829226,85
200620,11,7,7060604,Marienfelde S�d,7601339,2018,5,6,2,3,5,2,0,0,1,0,0,0,0,0,795623,3038,5815769,661
200621,11,3,3071639,B�tzowstra�e,3701660,2018,5,14,6,3,5,3,0,0,1,0,0,0,0,0,800799,717,5829285,376
200622,11,6,6040807,Zehlendorf Eiche                                                                                    ,6400841,2018,5,16,4,3,6,4,0,1,0,1,0,0,0,0,789624,9668,5818179,886
200623,11,6,6020410,Oberhofer Platz,6200422,2018,5,21,4,2,5,3,2,0,1,0,0,0,0,1,794435,8626,5816653,453
200624,11,6,6030504,Teltower Damm,6300528,2018,5,9,2,3,0,7,0,0,0,0,1,0,0,0,790046,7495,5815937,985
200625,11,5,5020627,Tiefwerder,5200632,2018,5,12,6,3,0,1,0,0,0,0,0,0,1,0,784983,7174,5828445,164
200626,11,12,12214424,Scharnweberstra�e                                                                                   ,12200309,2018,5,13,6,3,0,2,0,0,0,1,0,0,1,0,793273,9996,5832569,523
200627,11,1,1022104,Emdener Stra�e                                                                                      ,1200520,2018,5,22,2,3,2,2,2,0,1,0,0,0,0,0,794554,2193,5829062,548
200628,11,1,1033201,Brunnenstra�e                                                                                       ,1300834,2018,5,13,6,3,6,7,0,0,1,1,0,0,0,0,798017,2743,5830094,252
200629,11,11,11020412,Hauptstra�e,11200411,2018,5,14,4,3,5,3,0,0,1,0,1,0,0,0,805165,409,5831387,6
200630,11,4,4061757,Forst Grunewald,4200207,2018,5,7,2,3,5,3,0,1,0,0,0,0,1,0,788961,945,5823644,827
200631,11,6,6030504,Teltower Damm,6300528,2018,5,13,6,3,2,6,0,0,1,0,0,0,0,0,788945,82,5816348,859
200632,11,12,12231101,Hermsdorf,12400723,2018,5,13,4,3,2,2,0,0,1,0,0,0,0,0,791421,8391,5838778,67
200633,11,6,6040807,Zehlendorf Eiche                                                                                    ,6400841,2018,5,15,2,3,5,2,0,1,1,0,0,0,0,0,789874,5557,5818785,256
200634,11,12,12214421,Reinickes Hof,12200307,2018,5,12,4,3,6,4,0,0,1,1,0,0,0,0,793269,1577,5833182,902
200635,11,12,12214125,Waldidyll/Flughafensee,12200412,2018,5,11,2,3,2,6,0,0,1,0,0,0,0,0,790786,5262,5833709,396
200636,11,11,11040926,Weitlingstra�e,11400929,2018,5,11,2,3,5,2,0,0,1,0,1,0,0,0,804802,5673,5826501,74
200637,11,4,4030930,George-Grosz-Platz,4501041,2018,5,16,5,3,2,6,0,1,1,0,0,0,0,0,793499,1656,5825710,347
200638,11,5,5020626,Adamstra�e                                                                                          ,5200630,2018,5,11,4,3,1,5,0,1,1,0,0,0,0,0,784556,1752,5827086,156
200639,11,4,4020314,Messegel�nde,4200311,2018,5,10,2,3,5,2,0,1,1,0,0,0,0,0,790163,5649,5825419,341
200640,11,6,6020306,Lankwitz S�d                                                                                        ,6200317,2018,5,21,5,3,6,7,0,0,1,1,0,0,0,0,796983,1043,5817774,81
200641,11,1,1011301,Charit�viertel,1100308,2018,5,10,2,3,6,4,0,0,1,1,0,0,0,0,797241,2312,5829097,815
200642,11,4,4051445,Eisenzahnstra�e,4500939,2018,5,9,4,3,5,2,0,1,1,0,0,0,0,0,792471,4416,5824277,516
200643,11,2,2050801,Traveplatz,2500832,2018,5,9,2,3,7,7,0,1,0,0,0,0,0,0,803404,3143,5826877,418
200644,11,5,5010208,Germersheimer Platz,5100210,2018,5,15,5,3,2,6,0,0,1,0,0,0,1,0,783645,3652,5829528,88
200645,11,6,6010103,Markelstra�e                                                                                        ,6100103,2018,5,15,5,3,6,4,0,1,0,1,0,0,0,0,793804,3521,5821188,143
200646,11,1,1011103,L�tzowstra�e                                                                                        ,1100103,2018,5,12,2,3,5,2,0,1,1,0,0,0,0,0,795325,5656,5826174,551