OBJECTID,LAND,BEZ,LOR,STRASSE,LOR_ab_2021,UJAHR,UMONAT,USTUNDE,UWOCHENTAG,UKATEGORIE,UART,UTYP1,ULICHTVERH,IstRad,IstPKW,IstFuss,IstKrad,IstGkfz,IstSonstig,STRZUSTAND,LINREFX,LINREFY,XGCSWGS84,YGCSWGS84
200647,11,1,1044102,Schillerpark,1400939,2018,5,14,5,3,5,3,0,1,1,0,0,0,0,0,794391,5302,5832042,563
200648,11,3,3040512,Wilhelmsruh,3400619,2018,5,9,4,3,2,6,0,1,1,0,0,0,0,0,796434,5313,5835368,86
200649,11,5,5010101,Hakenfelde Nord,5100101,2018,5,8,2,3,2,6,0,0,1,0,0,0,0,0,785359,977,5832594,46
200650,11,2,2010102,Mehringplatz,2100102,2018,5,14,5,3,5,3,0,1,0,0,1,0,0,0,798452,2104,5826533,576
200651,11,9,9020701,Adlershof West,9200715,2018,5,9,4,3,5,2,0,0,1,0,0,0,0,0,807218,7294,5818289,569
200652,11,1,1044201,Reinickendorfer Stra�e                                                                              ,1401045,2018,5,13,2,3,0,6,0,0,1,0,1,0,0,0,796894,5589,5831536,18
200653,11,3,3050919,Gustav-Adolf-Stra�e,3500932,2018,5,14,4,3,5,3,0,1,1,0,0,0,0,0,801748,5861,5832382,747
200654,11,7,7040403,Manteuffelstra�e                                                                                    ,7400823,2018,5,8,2,3,5,2,0,1,1,0,0,0,0,0,797280,1929,5821087,631
200655,11,4,4030623,Ernst-Reuter-Platz,4300622,2018,5,23,5,3,2,6,2,0,1,0,0,0,0,0,793544,2107,5826084,457
200656,11,8,8020619,Buschkrugallee Nord,8200622,2018,5,8,2,3,5,2,0,0,1,0,0,0,0,0,801221,807,5821677,764
200657,11,1,1022206,L�neburger Stra�e                                                                                   ,1200628,2018,5,23,5,3,5,2,2,0,1,0,0,0,0,0,795526,3455,5828203,908
200658,11,10,10040828,Kaulsdorf Nord                                                                                      ,10400835,2018,5,6,4,3,2,2,0,0,1,0,0,0,0,0,812570,5314,5828640,13
200659,11,1,1033202,Humboldthain S�d,1300835,2018,5,8,2,3,5,2,0,1,0,0,0,1,0,0,797764,6481,5829743,579
200660,11,8,8010211,Flughafenstra�e,8100206,2018,5,14,5,3,1,5,0,1,1,0,0,0,0,0,800679,7068,5823790,172
200661,11,9,9041301,Kietzer Feld/Nachtheide                                                                             ,9401329,2018,5,8,2,3,5,2,0,1,1,0,0,0,0,0,812187,7685,5819086,891
200662,11,4,4030621,Spreestadt,4300620,2018,5,13,5,3,5,7,0,0,1,0,1,0,0,0,793856,8394,5827003,108
200663,11,7,7060604,Marienfelde S�d,7601339,2018,5,22,4,2,5,2,2,0,1,0,1,0,0,0,795803,152,5816024,23
200664,11,4,4030415,Schlo�garten,4300412,2018,5,22,4,2,6,4,2,0,1,1,0,0,0,0,790689,989,5827367,388
200665,11,2,2020203,Viktoriapark,2200209,2018,5,8,2,3,5,3,0,1,1,0,0,0,0,0,797018,8223,5824468,12
200666,11,1,1011402,Arkonaplatz,1100416,2018,5,22,5,2,0,1,2,1,0,0,0,0,0,0,798606,3993,5829320,579
200667,11,1,1044201,Reinickendorfer Stra�e                                                                              ,1401044,2018,5,20,4,3,0,1,1,1,0,0,0,0,0,1,796437,4239,5831008,179
200668,11,9,9030901,Dorf Altglienicke,9300920,2018,5,12,5,3,6,4,0,0,1,1,0,0,0,0,807697,5825,5817814,688
200669,11,4,4030828,Savignyplatz,4300624,2018,5,20,4,3,5,2,1,0,1,0,0,0,0,1,792973,4765,5826095,833
200670,11,3,3061228,Erich-Weinert-Stra�e,3601245,2018,5,8,2,3,5,3,0,1,0,0,0,0,1,0,801158,9638,5831112,7
200671,11,8,8010301,Reuterkiez,8100311,2018,5,11,5,3,2,2,0,0,1,0,1,0,0,0,800659,6682,5824475,265
200672,11,3,3051017,Rennbahnstra�e,3501037,2018,5,18,4,3,2,6,0,1,1,0,0,0,0,0,802748,3916,5832700,63
200673,11,7,7010102,Nollendorfplatz,7100103,2018,5,19,4,2,6,4,0,1,0,1,0,0,0,0,795658,7453,5824973,344
200674,11,3,3050923,Wei�enseer Spitze,3500934,2018,5,8,2,3,5,7,0,1,1,0,0,0,0,0,801072,3219,5831653,397
200675,11,6,6030610,Lichterfelde West                                                                                   ,6300634,2018,5,22,5,3,2,2,2,1,1,0,0,0,0,0,791054,7947,5817818,441
200676,11,5,5010101,Hakenfelde Nord,5100104,2018,5,7,2,3,5,2,0,1,1,0,0,0,0,0,785840,3272,5831731,446
200677,11,8,8010405,Hertzbergplatz,8100418,2018,5,11,5,3,6,4,0,0,1,1,0,0,0,0,802067,8035,5823583,407
200678,11,2,2020203,Viktoriapark,2200209,2018,5,19,4,3,5,7,0,0,1,0,0,0,0,0,797479,878,5824554,858
200679,11,5,5030731,Gartenfelder Stra�e                                                                                 ,5300737,2018,5,6,2,3,3,6,0,0,1,0,0,0,1,0,787910,1477,5830049,712
200680,11,1,1011301,Charit�viertel,1100308,2018,5,11,5,3,5,3,0,1,1,0,0,0,0,0,796674,202,5828756,113
200681,11,10,10040830,Kaulsdorf S�d                                                                                       ,10400837,2018,5,17,4,3,5,2,0,1,1,0,0,0,0,0,810638,4015,5825990,2
200682,11,11,11051331,Karlshorst Nord,11501340,2018,5,6,2,3,2,6,0,0,1,0,0,1,0,0,807292,6887,5824718,234
200683,11,10,10040933,Mahlsdorf S�d                                                                                       ,10400941,2018,5,11,5,3,5,3,0,1,1,0,0,0,0,0,812640,3779,5825270,994
200684,11,5,5010102,Goltzstra�e,5100103,2018,5,8,4,3,6,4,0,0,1,1,0,0,0,0,785228,5999,5832144,674
200685,11,12,12302211,L�barser Stra�e,12601031,2018,5,7,4,3,6,4,0,0,1,1,0,0,0,0,793772,8642,5836764,888
200686,11,11,11030618,Fennpfuhl West,11300617,2018,5,14,5,3,2,6,0,0,1,0,0,1,0,0,803087,6903,5829537,507
200687,11,1,1011102,Gro�er Tiergarten,1100102,2018,5,7,4,3,5,2,0,1,0,0,0,0,1,0,794307,5215,5827035,311
200688,11,7,7070701,Kettinger Stra�e/Schillerstra�e                                                                     ,7601442,2018,5,15,1,3,5,2,0,1,1,0,0,0,0,0,799726,3546,5814499,525
200689,11,3,3040614,Pankow Zentrum                                                                                      ,3400723,2018,5,9,5,3,2,6,0,1,1,0,0,0,0,0,798731,994,5833695,153
200690,11,2,2020204,Urbanstra�e,2200210,2018,5,13,6,3,5,2,0,0,1,0,0,0,0,0,798848,2508,5825091,827
200691,11,12,12304313,Borsigwalde,12500825,2018,5,17,4,3,6,4,0,0,1,1,0,0,0,0,792171,7321,5834356,316
200692,11,7,7040401,Neu-Tempelhof,7400721,2018,5,18,5,3,5,2,0,0,1,0,1,0,0,0,797290,6545,5823213,365
200693,11,1,1011102,Gro�er Tiergarten,1100102,2018,5,11,4,3,6,6,0,1,0,1,0,0,0,0,795191,8188,5826842,96
200694,11,7,7030301,Friedenau,7300516,2018,5,18,4,3,5,2,0,0,1,0,1,0,0,0,793991,2018,5821551,654
200695,11,8,8041038,Wa�mannsdorfer Chaussee,8401244,2018,5,16,4,3,0,2,0,0,1,0,0,0,1,0,805718,1262,5816795,776
200696,11,7,7020201,Bayerischer Platz,7200307,2018,5,10,4,3,5,2,0,1,1,0,0,0,0,0,794523,9418,5824647,318
200697,11,12,12301203,Wittenau S�d                                                                                        ,12500930,2018,5,13,6,3,5,2,0,1,0,0,0,0,1,0,793934,7931,5835290,825
200698,11,12,12302110,Dannenwalder Weg,12601235,2018,5,9,6,3,2,6,0,0,1,0,0,0,0,0,794431,8337,5836240,61
200699,11,10,10030727,Biesdorf S�d                                                                                        ,10300734,2018,5,16,4,3,5,3,0,1,1,0,0,0,0,0,809159,92,5826175,693
200700,11,3,3040614,Pankow Zentrum                                                                                      ,3400724,2018,5,17,5,3,4,7,0,1,0,0,0,0,0,0,799994,844,5834945,208
200701,11,1,1011105,N�rdlicher Landwehrkanal                                                                            ,1100102,2018,5,21,4,3,1,5,2,1,1,0,0,0,0,0,796860,8944,5826768,276
200702,11,1,1011301,Charit�viertel,1100308,2018,5,20,4,3,2,7,0,1,1,0,0,0,0,0,797584,1912,5828524,42
200703,11,10,10010309,Springpfuhl,10100312,2018,5,16,5,3,5,2,0,1,1,0,0,0,0,0,807921,7676,5829228,105
200704,11,4,4051654,Wilhelmsaue,4501150,2018,5,19,4,3,2,2,0,0,1,0,0,0,0,0,793451,985,5823922,379
200705,11,1,1011104,K�rnerstra�e                                                                                        ,1100104,2018,5,15,5,3,5,3,0,1,1,0,0,0,0,0,796619,4628,5825629,453
200706,11,4,4030622,Richard-Wagner-Stra�e,4300621,2018,5,14,4,3,0,5,0,0,1,0,0,0,0,0,792114,8144,5826862,722
200707,11,3,3061227,Humannplatz,3601243,2018,5,6,5,3,5,3,0,1,1,0,0,0,0,0,799495,3392,5831781,725
200708,11,5,5020522,Pillnitzer Weg,5200526,2018,5,16,7,2,3,6,0,0,1,0,0,0,0,0,781844,4001,5827184,896
200709,11,2,2020206,Graefekiez,2200213,2018,5,19,4,3,2,7,0,1,0,0,0,0,1,0,800022,3254,5824728,8
200710,11,10,10020620,Kaulsdorf Nord II                                                                                   ,10200627,2018,5,21,6,2,8,1,0,0,0,0,1,0,0,0,811186,4308,5829299,861
200711,11,12,12214125,Waldidyll/Flughafensee,12200414,2018,5,8,6,3,2,6,0,0,1,0,0,0,1,0,791900,4907,5831493,554
200712,11,11,11051330,Karlshorst West,11501339,2018,5,19,4,3,5,2,0,1,1,0,0,0,0,0,807198,3208,5825567,516
200713,11,1,1011303,Alexanderplatzviertel,1100310,2018,5,15,5,3,5,2,0,1,0,0,0,0,1,0,799496,523,5828788,752
200714,11,2,2010103,Moritzplatz,2100104,2018,5,18,4,3,5,2,0,1,1,0,0,0,0,0,798928,5085,5826354,143
200715,11,3,3020203,Blankenfelde,3200204,2018,5,17,4,3,5,2,0,1,1,0,0,0,0,0,798067,422,5837200,87
200716,11,2,2020205,Chamissokiez,2200211,2018,5,17,4,3,1,5,0,1,1,0,0,0,0,0,798598,6472,5824515,94
200717,11,4,4051652,Nikolsburger Platz,4501149,2018,5,18,6,3,5,5,0,1,1,0,0,0,0,0,793444,302,5824222,656
200718,11,4,4030929,Hindemithplatz,4501040,2018,5,22,4,3,0,2,2,0,1,0,0,0,1,0,792633,12,5825460,203
200719,11,9,9041501,Altstadt Kietz,9401534,2018,5,22,4,2,6,4,2,0,0,1,0,1,0,0,810762,9219,5820317,197
200720,11,7,7030301,Friedenau,7300516,2018,5,17,6,3,5,2,0,1,1,0,0,0,0,0,793966,8439,5821904,902
200721,11,5,5010339,Freiheit,5100317,2018,5,10,5,3,6,7,0,1,0,1,0,0,0,0,786989,2706,5828157,675
200722,11,7,7030301,Friedenau,7300516,2018,5,18,4,3,0,1,0,1,0,0,0,0,0,0,793904,8449,5822011,704
200723,11,11,11040926,Weitlingstra�e,11400929,2018,5,15,4,3,0,4,0,0,0,1,0,0,1,0,804996,8589,5826563,494
200724,11,11,3061430,Volkspark Prenzlauer Berg,3601450,2018,5,15,4,3,5,3,0,1,0,0,0,0,1,0,802535,8662,5829321,633
200725,11,11,11010309,Zingster Stra�e West,11100308,2018,5,15,4,3,5,3,0,1,1,0,0,0,0,0,804654,7687,5833592,35
200726,11,9,9051701,Hirschgarten,9501736,2018,5,16,4,3,0,3,0,1,1,0,0,0,0,0,813655,4963,5821709,168
200727,11,3,3061332,Helmholtzplatz,3601348,2018,5,15,6,3,5,3,0,0,1,0,0,0,0,0,799843,269,5830810,371
200728,11,6,6040805,Fischerh�ttenstra�e                                                                                 ,6400839,2018,5,16,4,3,1,5,0,1,0,0,0,0,1,0,788519,5609,5818453,21
200729,11,3,2040501,Barnimkiez,2400520,2018,5,19,5,3,2,6,0,0,1,0,1,0,0,0,800126,169,5828965,805
200730,11,2,2040701,Andreasviertel,2400623,2018,5,16,4,3,5,2,0,1,1,0,0,0,0,0,800586,223,5827009,419
200731,11,12,12214125,Waldidyll/Flughafensee,12200412,2018,5,15,4,3,6,2,0,0,1,1,0,0,0,0,791165,6833,5834026,403
200732,11,2,2050602,Samariterviertel,2500729,2018,5,20,5,3,1,5,1,1,0,0,0,0,1,0,803267,3743,5827768,443
200733,11,2,2030302,Lausitzer Platz,2300316,2018,5,15,4,3,5,2,0,1,1,0,0,0,0,0,801623,3327,5826054,347
200734,11,3,3040614,Pankow Zentrum                                                                                      ,3400723,2018,5,15,4,3,5,3,0,0,1,0,0,0,1,0,799550,9898,5834226,198
200735,11,1,1011105,N�rdlicher Landwehrkanal                                                                            ,1100102,2018,5,15,4,3,3,6,0,0,1,0,1,0,0,0,795457,765,5826642,436
200736,11,12,12224230,Heiligensee,12400619,2018,5,16,4,2,5,3,0,0,1,0,1,0,0,0,786419,4291,5837216,837
200737,11,9,9010401,Johannisthal West,9100407,2018,5,14,5,3,2,6,0,0,0,0,1,0,1,0,806316,9129,5820942,663
200738,11,10,10010102,Havemannstra�e                                                                                      ,10100104,2018,5,16,4,2,5,3,0,1,1,0,0,0,0,0,810148,9676,5833322,342
200739,11,8,8010510,Gewerbegebiet K�llnische Heide,8100521,2018,5,12,6,3,5,3,0,0,1,0,1,0,0,0,802484,486,5822555,747
200740,11,12,12224229,Konradsh�he/Tegelort,12400616,2018,5,15,4,2,5,3,0,1,1,0,0,0,0,0,786489,2733,5834533,33
200741,11,9,9010401,Johannisthal West,9100408,2018,5,20,5,3,5,3,0,1,1,0,0,0,0,0,806296,13,5820693,408
200742,11,2,2050804,Stralauer Halbinsel,2500836,2018,5,15,4,2,5,2,0,1,1,0,0,0,0,0,803119,8198,5825687,909
200743,11,5,5030832,Rohrdamm,5300839,2018,5,14,5,3,5,3,0,0,1,0,0,0,0,0,788940,854,5829979,857
200744,11,2,2040701,Andreasviertel,2400623,2018,5,15,4,2,5,2,0,0,1,0,0,0,0,0,800358,9229,5827179,616
200745,11,1,1011105,N�rdlicher Landwehrkanal                                                                            ,1100102,2018,5,5,5,3,5,2,0,1,0,0,1,0,0,0,796584,157,5826875,13
200746,11,11,11020411,Malchower Weg,11200410,2018,5,17,4,2,6,4,0,0,1,1,0,0,0,0,805861,9407,5832367,362
200747,11,5,5010313,Ackerstra�e                                                                                         ,5100315,2018,5,23,6,3,1,1,2,0,1,0,0,0,1,0,784495,133,5830069,558
200748,11,4,4030726,Droysenstra�e,4500936,2018,5,18,5,3,6,2,0,0,1,1,0,0,0,0,792279,333,5825473,134
200749,11,7,7050501,Rathausstra�e                                                                                       ,7501029,2018,5,7,4,3,5,3,0,0,1,0,0,0,0,0,797063,3331,5819717,238
200750,11,6,6010210,Bismarckstra�e                                                                                      ,6100210,2018,5,7,4,3,5,2,0,1,1,0,0,0,0,0,794857,3124,5821504,981
200751,11,5,5010314,Carl-Schurz-Stra�e                                                                                  ,5100317,2018,5,17,6,3,6,4,0,1,0,1,0,0,0,0,785256,8543,5828843,84
200752,11,1,1044203,Leopoldplatz,1401048,2018,5,6,6,3,0,1,0,0,0,0,1,0,0,0,795547,9164,5831038,43
200753,11,5,5010314,Carl-Schurz-Stra�e                                                                                  ,5100316,2018,5,7,4,3,2,6,0,0,1,0,0,0,0,0,784756,566,5828817,223
200754,11,5,5030730,Zitadellenweg,5300736,2018,5,16,5,3,2,6,0,0,1,0,1,0,0,0,786389,7365,5829184,721
200755,11,7,7040403,Manteuffelstra�e                                                                                    ,7400823,2018,5,6,4,3,5,2,0,0,1,0,0,0,0,0,796922,2079,5822282,999
200756,11,5,5040936,J�gerallee,5400943,2018,5,14,5,3,3,6,0,1,0,0,0,0,0,0,780236,248,5822115,94
200757,11,2,2040502,Friedenstra�e,2400521,2018,5,6,4,3,5,2,0,1,0,0,0,0,1,0,801250,8631,5827844,601
200758,11,4,4010101,Jungfernheide,4100101,2018,5,12,7,3,1,5,0,0,1,0,1,0,0,0,789843,8292,5829869,51
200759,11,1,1011303,Alexanderplatzviertel,1100310,2018,5,6,4,3,2,6,0,0,1,0,1,0,0,0,799505,118,5828119,38
200760,11,1,1011401,Invalidenstra�e                                                                                     ,1100415,2018,5,15,6,3,5,3,0,1,1,0,0,0,0,0,797987,108,5829310,535
200761,11,1,1044201,Reinickendorfer Stra�e                                                                              ,1401045,2018,5,7,6,3,4,6,0,1,0,0,0,0,0,0,796966,8434,5831890,134
200762,11,4,4030827,Karl-August-Platz,4300623,2018,5,0,4,3,4,6,2,1,0,0,0,0,0,0,792742,357,5826543,23
200763,11,6,6010210,Bismarckstra�e                                                                                      ,6100210,2018,5,9,6,3,1,5,0,1,1,0,0,0,0,0,794942,3721,5820934,172
200764,11,1,1022106,Elberfelder Stra�e                                                                                  ,1200522,2018,5,6,4,3,0,6,0,0,1,0,1,0,0,0,794346,7465,5828370,634
200765,11,11,11010206,Wartenberg S�d,11100205,2018,5,17,5,3,2,6,0,1,0,0,0,1,0,0,805737,483,5833790,769
200766,11,5,5020417,Staakener Stra�e                                                                                    ,5200420,2018,5,6,4,2,3,6,0,0,1,0,0,1,1,0,782458,7788,5828529,693
200767,11,6,6020409,K�nigsberger Stra�e                                                                                 ,6200421,2018,5,13,4,3,6,7,0,0,1,1,0,0,0,0,794204,9292,5818374,917
200768,11,1,1022204,Thomasiusstra�e                                                                                     ,1200626,2018,5,13,4,3,5,2,0,1,1,0,0,0,0,0,794791,1456,5828310,315
200769,11,11,11051229,Rummelsburg,11501238,2018,5,17,6,3,2,6,0,1,1,0,0,0,0,0,804025,9241,5825924,2
200770,11,1,1022103,Westhafen,1200517,2018,5,13,5,3,6,2,0,0,1,1,0,0,0,0,794591,1723,5829794,632
200771,11,7,7030301,Friedenau,7300516,2018,5,6,4,3,6,4,0,1,0,1,0,0,0,0,794003,3625,5821601,253
200772,11,8,8010212,Rollberg,8100207,2018,5,12,4,3,2,2,0,0,1,0,0,0,0,0,800976,2746,5823489,65
200773,11,3,3061227,Humannplatz,3601244,2018,5,16,5,2,5,3,0,1,1,0,0,0,0,0,800083,5555,5831671,646
200774,11,10,10010310,Alt-Marzahn,10100313,2018,5,7,5,3,6,4,0,1,0,1,0,0,0,0,808103,9956,5830909,31
200775,11,8,8010117,Schillerpromenade,8100102,2018,5,12,4,3,5,2,0,1,0,0,0,1,0,0,800587,4566,5823218,522
200776,11,2,2030402,Wrangelkiez,2300419,2018,5,14,1,3,1,5,0,1,1,0,0,0,0,0,801774,5073,5825797,791
200777,11,2,2020203,Viktoriapark,2200207,2018,5,12,4,3,5,2,0,1,1,0,0,0,0,0,797089,6864,5824710,628
200778,11,6,6040806,Fischtal,6400840,2018,5,12,4,3,5,3,0,1,1,0,0,0,0,0,788764,5299,5819970,236
200779,11,1,1033201,Brunnenstra�e                                                                                       ,1300834,2018,5,11,4,3,6,7,0,0,1,1,0,0,0,0,797747,6909,5830585,227
200780,11,7,7040403,Manteuffelstra�e                                                                                    ,7400824,2018,5,16,6,2,5,3,0,0,1,0,0,0,1,0,797842,8142,5822041,773
200781,11,3,3071639,B�tzowstra�e,3701660,2018,5,11,4,3,6,4,0,1,0,1,0,0,0,0,800668,556,5829135,742
200782,11,7,7030303,Grazer Platz,7300619,2018,5,20,5,2,4,7,0,1,0,0,0,0,0,0,795866,6772,5821116,377
200783,11,5,5010313,Ackerstra�e                                                                                         ,5100315,2018,5,10,4,3,3,6,0,0,1,0,0,1,0,0,784568,1875,5829803,133
200784,11,3,3071638,Winsstra�e,3701659,2018,5,10,4,3,3,6,0,1,0,0,0,1,0,0,800105,484,5828984,569
200785,11,5,5020524,Weinmeisterhornweg,5200528,2018,5,18,5,3,1,1,0,0,1,0,0,0,0,0,783653,3331,5825277,82
200786,11,12,12224230,Heiligensee,12400619,2018,5,10,4,3,5,3,0,0,1,0,1,0,0,0,787299,5254,5836410,544
200787,11,6,6020409,K�nigsberger Stra�e                                                                                 ,6200421,2018,5,10,4,2,6,4,0,0,1,1,0,0,0,0,793186,6931,5816759,998
200788,11,2,2030302,Lausitzer Platz,2300316,2018,5,13,5,3,2,6,0,0,1,0,0,0,1,0,800854,5587,5826457,439
200789,11,11,11010204,Falkenberg Ost,11100203,2018,5,7,6,3,6,4,0,0,0,1,1,0,0,0,807093,1175,5833862,325
200790,11,9,9020702,Adlershof Ost,9200717,2018,5,10,4,3,6,4,0,0,1,1,0,0,0,0,809414,6458,5819700,565
200791,11,12,12302212,Rollbergesiedlung,12601032,2018,5,6,5,3,5,2,0,0,1,0,1,0,0,0,792795,5263,5837473,791
200792,11,3,3040818,Pankow S�d                                                                                          ,3400831,2018,5,16,5,3,5,7,0,0,1,0,0,0,0,0,800189,545,5834844,24
200793,11,1,1011401,Invalidenstra�e                                                                                     ,1100415,2018,5,9,4,3,0,1,0,1,0,0,0,0,0,0,798162,5394,5829350,38
200794,11,4,4030519,Kaiserin-Augusta-Allee,4300518,2018,5,8,4,3,1,5,0,0,1,0,1,0,0,0,792131,7833,5828235,454
200795,11,6,6030503,Zehlendorf Mitte                                                                                    ,6300526,2018,5,5,6,2,5,3,0,1,0,0,0,0,0,0,789522,699,5817485,258
200796,11,7,7020201,Bayerischer Platz,7200307,2018,5,17,3,2,2,6,0,1,0,0,0,0,0,0,794648,611,5824208,682
200797,11,4,4030828,Savignyplatz,4300624,2018,5,19,5,3,6,7,0,0,0,1,0,0,1,0,792935,2293,5826088,189
200798,11,1,1011204,Leipziger Stra�e                                                                                    ,1100207,2018,5,18,3,3,3,6,0,1,1,0,0,0,0,0,797984,865,5826881,4
200799,11,10,10010310,Alt-Marzahn,10100315,2018,5,16,3,3,2,6,0,0,1,0,1,0,0,0,809503,4571,5831432,138
200800,11,6,6030610,Lichterfelde West                                                                                   ,6300634,2018,5,8,5,2,5,2,0,0,1,0,1,0,0,0,792178,236,5818732,933
200801,11,2,2050601,Hausburgviertel,2500726,2018,5,11,3,2,3,6,0,0,0,0,1,1,0,0,801726,8016,5828910,838
200802,11,2,2040502,Friedenstra�e,2400521,2018,5,11,3,3,5,2,0,1,1,0,0,0,0,0,800482,8593,5828469,4
200803,11,3,3040513,Sch�nholz,3400620,2018,5,17,6,3,3,6,0,0,1,0,1,0,0,0,796785,4962,5833977,19
200804,11,3,3010102,Buch,3100102,2018,5,10,6,3,5,3,0,1,1,0,0,0,0,0,805080,5171,5841768,869
200805,11,3,3050920,Wei�er See,3500933,2018,5,6,3,3,5,3,0,1,0,0,1,0,0,0,802283,9806,5832348,402
200806,11,1,1011303,Alexanderplatzviertel,1100310,2018,5,8,5,2,0,1,0,1,0,0,0,0,0,0,799573,58,5828455,232
200807,11,4,4030417,Schlo�stra�e,4300414,2018,5,17,5,3,5,3,0,1,1,0,0,0,0,0,791185,55,5826502,927
200808,11,1,1011302,Oranienburger Stra�e                                                                                ,1100309,2018,5,12,1,3,4,2,0,0,1,0,1,0,0,0,797990,8576,5828909,957
200809,11,9,9020602,Oberspree,9200614,2018,5,14,3,3,2,3,0,1,0,0,0,0,0,0,808453,1697,5820867,423
200810,11,11,11010309,Zingster Stra�e West,11100308,2018,5,13,5,3,2,6,0,0,1,0,0,0,0,0,804395,8519,5833384,51
200811,11,5,5010313,Ackerstra�e                                                                                         ,5100315,2018,5,21,3,3,5,2,0,0,1,0,0,0,0,0,784664,5407,5829706,167
200812,11,9,9030901,Dorf Altglienicke,9300920,2018,5,16,6,3,0,1,0,1,1,0,0,0,0,0,807767,1779,5816017,683
200813,11,5,5030832,Rohrdamm,5300839,2018,5,19,3,3,5,7,0,1,1,0,0,0,0,0,788332,1947,5830462,866
200814,11,2,2020206,Graefekiez,2200212,2018,5,16,7,3,0,6,0,1,1,0,0,0,0,0,799321,6002,5824545,2
200815,11,8,8020624,Britzer Garten,8200729,2018,5,18,3,3,5,3,0,0,1,0,0,0,0,0,799773,6853,5818043,257
200816,11,2,2010101,Askanischer Platz,2100101,2018,5,19,6,3,2,2,0,1,0,0,0,0,1,0,797659,6964,5826313,618
200817,11,3,3050923,Wei�enseer Spitze,3500934,2018,5,8,6,3,5,3,0,1,1,0,0,0,0,0,800993,118,5831900,187
200818,11,8,8010404,Rixdorf,8100417,2018,5,19,3,3,2,6,0,1,1,0,0,0,0,0,802131,9397,5823074,998
200819,11,4,4030931,Breitscheidplatz,4501042,2018,5,13,5,3,6,7,0,0,1,1,0,0,0,0,793760,4419,5825818,285
200820,11,11,11010309,Zingster Stra�e West,11100308,2018,5,16,5,3,5,2,0,1,1,0,0,0,0,0,804994,6906,5833578,97
200821,11,3,3040614,Pankow Zentrum                                                                                      ,3400721,2018,5,17,3,3,4,2,0,1,1,0,0,0,0,0,797511,2885,5833248,53
200822,11,5,5010339,Freiheit,5100317,2018,5,17,3,3,5,3,0,0,1,0,1,0,0,0,787087,6065,5828137,415
200823,11,6,6040807,Zehlendorf Eiche                                                                                    ,6400841,2018,5,16,3,3,5,2,0,1,1,0,0,0,0,0,789658,6098,5818328,419
200824,11,2,2020203,Viktoriapark,2200209,2018,5,18,6,3,5,5,0,1,1,0,0,0,0,0,797096,7781,5824590,51
200825,11,7,7040402,Lindenhofsiedlung,7400822,2018,5,18,3,3,0,1,0,0,0,0,1,0,0,0,796824,277,5820997,83
200826,11,3,3030715,Heinersdorf,3300516,2018,5,9,5,2,3,6,0,1,1,0,0,0,0,0,800907,1804,5833518,24
200827,11,6,6040806,Fischtal,6400840,2018,5,17,3,3,0,7,0,1,0,0,0,0,0,0,789152,2397,5819750,45
200828,11,3,3061131,Falkplatz,3601142,2018,5,15,6,2,0,1,0,1,0,0,0,0,0,0,798675,4336,5830304,934
200829,11,4,4030518,Tegeler Weg,4300517,2018,5,16,3,3,5,2,0,0,1,0,0,0,0,0,791387,5746,5828587,206
200830,11,4,4020313,K�nigin-Elisabeth-Stra�e,4200311,2018,5,16,3,3,5,2,0,1,1,0,0,0,0,0,790472,1152,5826692,76
200831,11,6,6030607,Goerzwerke,6300631,2018,5,12,5,2,6,2,0,0,1,1,0,0,0,0,791478,9296,5816159,23
200832,11,4,4041343,Binger Stra�e,4400834,2018,5,15,3,3,5,3,0,0,1,0,0,0,0,0,792644,6047,5822752,859
200833,11,5,5030832,Rohrdamm,5300839,2018,5,15,3,2,5,2,0,1,1,0,0,0,0,0,788720,2386,5830531,915
200834,11,7,7050506,Birnhornweg,7501135,2018,5,15,3,2,5,2,0,0,1,0,0,0,0,0,799046,3064,5816806,939
200835,11,1,1033203,Humboldthain Nordwest                                                                               ,1300836,2018,5,20,6,2,0,2,0,0,1,0,1,0,0,0,796786,796,5830376,189
200836,11,8,8030829,Gropiusstadt Nord,8300934,2018,5,14,3,3,3,6,0,0,1,0,1,0,0,0,803653,806,5818070,901
200837,11,10,10020413,Gut Hellersdorf,10200418,2018,5,19,5,3,6,4,0,0,1,1,0,0,0,0,811100,314,5830920,65