OBJECTID,LAND,BEZ,LOR,STRASSE,LOR_ab_2021,UJAHR,UMONAT,USTUNDE,UWOCHENTAG,UKATEGORIE,UART,UTYP1,ULICHTVERH,IstRad,IstPKW,IstFuss,IstKrad,IstGkfz,IstSonstig,STRZUSTAND,LINREFX,LINREFY,XGCSWGS84,YGCSWGS84
200838,11,7,7040403,Manteuffelstra�e                                                                                    ,7400823,2018,5,14,3,3,5,3,0,1,1,0,0,0,0,0,797259,4869,5820691,19
200839,11,6,6030504,Teltower Damm,6300528,2018,5,14,3,3,6,7,0,1,0,1,0,0,0,0,789579,2045,5817242,108
200840,11,12,12103219,Sch�fersee,12100204,2018,5,12,5,3,2,6,0,0,1,0,0,0,1,0,795673,5381,5832528,61
200841,11,9,9020502,Obersch�neweide Ost,9200512,2018,5,14,3,3,5,2,0,1,1,0,0,0,0,0,808122,7326,5821894,798
200842,11,4,4051447,Ludwigkirchplatz,4501044,2018,5,14,3,3,2,7,0,1,0,0,0,0,1,0,793357,8029,5824837,176
200843,11,5,5040936,J�gerallee,5400943,2018,5,13,7,3,8,7,0,0,1,0,0,0,0,0,781367,664,5819766,283
200844,11,11,11030617,Hohensch�nhausener Stra�e,11300616,2018,5,13,3,3,1,7,0,0,1,0,0,0,0,0,802889,79,5829618,4
200845,11,1,1011302,Oranienburger Stra�e                                                                                ,1100309,2018,5,11,5,2,1,5,0,1,1,0,0,0,0,0,798650,9433,5828989,15
200846,11,1,1011101,St�lerstra�e                                                                                        ,1100101,2018,5,13,3,3,1,5,0,1,1,0,0,0,0,0,794916,4565,5826633,167
200847,11,2,2010101,Askanischer Platz,2100101,2018,5,0,1,3,1,5,2,1,1,0,0,0,0,0,797793,3461,5825965,119
200848,11,2,2020206,Graefekiez,2200212,2018,5,13,3,3,3,6,0,1,0,0,0,1,0,0,799725,9721,5824483,531
200849,11,9,9020501,Obersch�neweide West,9200510,2018,5,16,6,3,6,4,0,1,0,1,0,0,0,0,806606,4611,5822045,53
200850,11,4,4020204,Olympiagel�nde,4200203,2018,5,13,3,2,5,2,0,0,1,0,1,0,0,0,787702,4941,5826432,996
200851,11,6,6030502,Zehlendorf S�d                                                                                      ,6300525,2018,5,11,5,3,5,3,0,1,1,0,0,0,0,0,790221,7818,5815034,86
200852,11,8,8010303,Donaustra�e,8100314,2018,5,19,5,3,0,1,0,1,0,0,0,0,0,0,800997,852,5823906,781
200853,11,7,7040405,Rathaus Tempelhof,7400927,2018,5,12,3,2,3,6,0,0,1,0,1,0,0,0,799223,936,5821739,433
200854,11,6,6040807,Zehlendorf Eiche                                                                                    ,6400841,2018,5,12,3,3,6,7,0,0,1,1,0,0,0,0,789621,658,5818168,187
200855,11,3,3040512,Wilhelmsruh,3400619,2018,5,10,5,3,2,6,0,0,1,0,1,0,0,0,796948,731,5835828,618
200856,11,8,8041037,Alt-Rudow,8401243,2018,5,8,5,3,5,3,0,0,1,0,0,0,0,0,805242,756,5818116,118
200857,11,11,11030721,R�digerstra�e,11300725,2018,5,10,3,3,4,2,0,0,1,0,0,1,0,0,805183,5029,5827914,415
200858,11,4,4030417,Schlo�stra�e,4300414,2018,5,10,3,3,5,2,0,0,1,0,0,0,0,0,791751,7368,5827251,543
200859,11,6,6010102,Schlo�stra�e                                                                                        ,6100102,2018,5,16,6,3,2,6,0,0,1,0,1,0,0,0,793430,9074,5820309,84
200860,11,6,6010103,Markelstra�e                                                                                        ,6100103,2018,5,9,6,3,5,3,0,1,1,0,0,0,0,0,793635,6089,5821496,856
200861,11,4,4051448,Schaperstra�e,4501045,2018,5,10,3,3,3,6,0,0,1,0,1,0,0,0,793865,3115,5824945,565
200862,11,6,6020410,Oberhofer Platz,6200422,2018,5,10,5,3,5,2,0,1,1,0,0,0,0,0,794479,3346,5816580,99
200863,11,3,3020210,Herthaplatz,3200207,2018,5,12,6,3,2,2,0,0,0,0,1,0,1,0,798603,534,5835163,1
200864,11,2,2040502,Friedenstra�e,2400521,2018,5,10,3,3,5,3,0,0,1,0,0,0,0,0,800416,3884,5828046,17
200865,11,1,1044101,Rehberge,1400938,2018,5,10,5,2,5,7,0,0,1,0,0,0,0,0,794398,7387,5830773,215
200866,11,12,12224230,Heiligensee,12400618,2018,5,16,5,3,6,7,0,1,0,1,0,0,0,0,786218,3113,5838995,241
200867,11,9,9010202,K�penicker Landstra�e,9100203,2018,5,9,3,3,2,7,0,0,1,0,0,0,0,0,804420,241,5823872,602
200868,11,1,1011204,Leipziger Stra�e                                                                                    ,1100207,2018,5,9,3,3,6,4,0,0,1,1,0,0,0,0,797860,6562,5826826,415
200869,11,6,6030607,Goerzwerke,6300631,2018,5,10,5,3,5,2,0,0,1,0,1,0,0,0,791487,4915,5816163,356
200870,11,1,1022206,L�neburger Stra�e                                                                                   ,1200628,2018,5,14,7,3,5,2,0,0,1,0,1,0,0,0,796238,4134,5828119,968
200871,11,8,8020620,Tempelhofer Weg,8200624,2018,5,9,3,3,3,6,0,0,1,0,1,0,0,0,801033,6809,5820601,677
200872,11,11,11051331,Karlshorst Nord,11501340,2018,5,15,6,3,5,3,0,1,1,0,0,0,0,0,807679,4375,5824545,373
200873,11,8,8010404,Rixdorf,8100415,2018,5,15,5,3,5,2,0,1,1,0,0,0,0,0,802165,132,5823364,904
200874,11,4,4020313,K�nigin-Elisabeth-Stra�e,4200311,2018,5,8,6,2,6,4,0,0,0,1,0,1,0,0,790472,3978,5826690,187
200875,11,4,4030930,George-Grosz-Platz,4501041,2018,5,9,3,3,5,2,0,1,1,0,0,0,0,0,792848,7604,5825759,518
200876,11,1,1022204,Thomasiusstra�e                                                                                     ,1200626,2018,5,10,5,3,5,2,0,1,1,0,0,0,0,0,794787,3176,5828310,866
200877,11,10,10010102,Havemannstra�e                                                                                      ,10100102,2018,5,7,3,3,5,3,0,0,1,0,0,0,0,0,809450,5407,5834611,97
200878,11,1,1011101,St�lerstra�e                                                                                        ,1100101,2018,5,9,3,3,5,2,0,1,1,0,0,0,0,0,794923,5947,5825985,545
200879,11,9,9031101,Gr�nau,9301126,2018,5,9,5,2,9,7,0,0,1,0,0,1,0,0,811373,9388,5817445,23
200880,11,12,12304314,Ziekowstra�e/Freie Scholle,12500824,2018,5,17,5,3,5,2,0,0,1,0,0,0,0,0,790621,7515,5835977,49
200881,11,1,1022204,Thomasiusstra�e                                                                                     ,1200626,2018,5,9,3,3,2,6,0,0,1,0,0,1,0,0,794598,744,5828337,386
200882,11,7,7040403,Manteuffelstra�e                                                                                    ,7400823,2018,5,8,3,3,2,2,0,1,1,0,0,0,0,0,797220,1545,5820698,18
200883,11,1,1011303,Alexanderplatzviertel,1100310,2018,5,9,5,3,2,6,0,1,1,0,0,0,0,0,799033,485,5827761,859
200884,11,4,4051653,Prager Platz,4501152,2018,5,8,3,2,6,4,0,1,0,1,0,0,0,0,793985,321,5824713,234
200885,11,8,8041039,Frauenviertel,8401245,2018,5,17,6,3,5,3,0,1,1,0,0,0,0,0,806499,7609,5815421,179
200886,11,4,4030415,Schlo�garten,4300412,2018,5,7,5,3,0,2,0,0,1,0,1,0,1,0,790795,859,5827382,999
200887,11,1,1033203,Humboldthain Nordwest                                                                               ,1300836,2018,5,8,3,3,2,6,0,0,1,0,1,0,0,0,797260,437,5831137,886
200888,11,11,11020514,Gro�e-Leege-Stra�e,11200513,2018,5,7,3,3,5,3,0,1,1,0,0,0,0,0,804726,7345,5831202,865
200889,11,12,12304313,Borsigwalde,12500825,2018,5,9,5,3,6,4,0,0,1,1,0,0,0,0,791658,9096,5834488,723
200890,11,3,3061228,Erich-Weinert-Stra�e,3601245,2018,5,7,3,3,6,7,0,0,1,1,0,0,0,0,801103,912,5831221,12
200891,11,4,4051448,Schaperstra�e,4501045,2018,5,13,1,3,5,2,0,0,1,0,0,0,0,0,793965,6061,5824957,31
200892,11,10,10030727,Biesdorf S�d                                                                                        ,10300734,2018,5,7,3,3,5,3,0,0,1,0,0,1,0,0,809405,2063,5825747,256
200893,11,7,7060604,Marienfelde S�d,7601339,2018,5,14,6,2,6,2,0,0,1,1,0,0,0,0,795655,6541,5816060,607
200894,11,9,9020502,Obersch�neweide Ost,9200511,2018,5,7,3,3,5,3,0,1,0,0,0,0,1,0,807382,174,5822366,518
200895,11,4,4041241,Breite Stra�e,4400832,2018,5,16,3,3,6,2,0,0,1,1,0,0,0,0,791335,2629,5822361,42
200896,11,12,12224230,Heiligensee,12400617,2018,5,19,6,3,5,2,0,0,1,0,0,0,0,0,785716,2994,5835731,625
200897,11,10,10040828,Kaulsdorf Nord                                                                                      ,10400835,2018,5,23,2,2,0,3,2,1,0,0,0,0,1,0,811452,5556,5828135,306
200898,11,1,1033101,Soldiner Stra�e                                                                                     ,1300732,2018,5,21,5,3,6,4,1,0,1,1,0,0,0,0,797203,4944,5832024,744
200899,11,1,1011101,St�lerstra�e                                                                                        ,1100101,2018,5,10,2,3,5,2,0,1,1,0,0,0,0,0,795257,669,5826619,125
200900,11,8,8010510,Gewerbegebiet K�llnische Heide,8100521,2018,5,17,2,3,5,2,0,1,1,0,0,0,0,0,803170,5816,5821960,419
200901,11,1,1033101,Soldiner Stra�e                                                                                     ,1300732,2018,5,9,5,3,5,2,0,1,1,0,0,0,0,0,797536,837,5832716,672
200902,11,12,12103218,Teichstra�e,12100205,2018,5,9,2,3,6,4,0,0,1,1,0,0,0,0,795294,8951,5833314,921
200903,11,6,6010207,Mittelstra�e                                                                                        ,6100207,2018,5,14,2,3,1,5,0,0,1,0,1,0,0,0,793478,6011,5820180,581
200904,11,8,8010117,Schillerpromenade,8100102,2018,5,16,5,3,5,2,0,0,1,0,0,0,1,0,800475,491,5823614,716
200905,11,4,4051448,Schaperstra�e,4501045,2018,5,15,2,3,5,3,0,0,1,0,0,0,0,0,793965,8059,5824961,102
200906,11,7,7050506,Birnhornweg,7501135,2018,5,18,6,3,5,2,0,0,1,0,0,0,0,0,799046,155,5816806,822
200907,11,9,9020701,Adlershof West,9200715,2018,5,13,2,3,5,2,0,0,1,0,0,0,0,0,808982,3473,5818113,24
200908,11,3,3040614,Pankow Zentrum                                                                                      ,3400725,2018,5,9,5,2,6,4,0,0,1,1,0,0,0,0,799603,8736,5835388,714
200909,11,5,5010209,An der Kappe,5100211,2018,5,16,5,3,5,3,0,1,1,0,0,0,0,0,783246,129,5830300,427
200910,11,11,11030721,R�digerstra�e,11300725,2018,5,17,2,3,5,3,0,0,1,0,1,0,0,0,805163,2027,5827722,792
200911,11,7,7030303,Grazer Platz,7300619,2018,5,17,2,3,6,7,0,0,1,1,0,0,0,0,795813,2156,5820981,99
200912,11,8,8010214,Glasower Stra�e,8100209,2018,5,9,5,3,1,5,0,0,1,0,1,0,0,0,801477,8951,5821984,262
200913,11,1,1011302,Oranienburger Stra�e                                                                                ,1100310,2018,5,18,5,3,6,4,0,1,0,1,0,0,0,0,799094,5559,5828993,89
200914,11,2,2010102,Mehringplatz,2100102,2018,5,21,2,3,6,7,2,0,1,1,0,0,0,0,798345,7837,5825526,256
200915,11,1,1011402,Arkonaplatz,1100416,2018,5,19,2,3,0,4,0,1,0,1,0,0,0,0,798561,8951,5829488,91
200916,11,7,7030303,Grazer Platz,7300619,2018,5,18,2,3,0,2,0,1,0,0,1,0,0,0,795384,7552,5820977,942
200917,11,3,3050925,Komponistenviertel Wei�ensee,3500936,2018,5,19,2,3,1,5,0,1,1,0,0,0,0,0,801876,1427,5831159,597
200918,11,1,1022201,Stephankiez,1200623,2018,5,7,6,3,3,6,0,1,1,0,0,0,0,0,795766,402,5829098,12
200919,11,4,4030620,Alt-Lietzow,4300619,2018,5,11,6,3,5,2,0,0,1,0,1,0,0,0,792130,3922,5827509,445
200920,11,8,8010211,Flughafenstra�e,8100206,2018,5,18,2,2,5,2,0,1,1,0,0,0,0,0,800440,4192,5823726,79
200921,11,3,3061435,Conrad-Blenkle-Stra�e,3601452,2018,5,15,5,3,3,6,0,0,1,0,0,1,0,0,802188,1381,5829136,253
200922,11,1,1011302,Oranienburger Stra�e                                                                                ,1100309,2018,5,17,2,2,0,1,0,1,0,0,0,0,0,0,798084,8658,5828460,109
200923,11,10,10030724,Oberfeldstra�e                                                                                      ,10300731,2018,5,13,2,2,1,3,0,0,1,0,1,0,0,0,809035,4287,5828647,227
200924,11,5,5010314,Carl-Schurz-Stra�e                                                                                  ,5100316,2018,5,9,2,3,5,2,0,0,1,0,1,0,0,0,784214,5172,5828953,977
200925,11,6,6020411,Sch�tte-Lanz-Stra�e                                                                                 ,6200423,2018,5,12,6,3,5,2,0,1,1,0,0,0,0,0,794115,7375,5815507,468
200926,11,3,3050919,Gustav-Adolf-Stra�e,3500932,2018,5,7,6,3,0,2,0,1,1,0,0,0,0,0,802070,4366,5832779,981
200927,11,4,4010102,Pl�tzensee,4100101,2018,5,17,7,3,5,2,0,0,1,0,0,0,0,0,791663,9747,5830679,288
200928,11,2,2050801,Traveplatz,2500831,2018,5,7,2,3,6,4,0,0,1,1,0,0,0,0,803018,5671,5827019,793
200929,11,8,8020620,Tempelhofer Weg,8200624,2018,5,21,6,3,0,2,2,0,1,0,1,0,0,0,801162,434,5820617,672
200930,11,2,2020202,Rathaus Yorckstra�e,2200208,2018,5,8,6,3,5,2,0,1,1,0,0,0,0,0,797938,672,5825259,618
200931,11,5,5020626,Adamstra�e                                                                                          ,5200631,2018,5,2,2,3,5,3,2,0,1,0,0,0,0,0,784988,7596,5827649,348
200932,11,2,2010102,Mehringplatz,2100102,2018,5,17,5,3,1,5,0,1,1,0,0,0,0,0,798016,1836,5825869,379
200933,11,4,4030828,Savignyplatz,4300624,2018,5,10,2,3,0,3,0,0,1,0,1,0,0,0,792990,8137,5826642,22
200934,11,8,8020624,Britzer Garten,8200729,2018,5,12,2,3,2,6,0,0,1,0,0,0,0,0,799817,8629,5818039,965
200935,11,7,7020202,Volkspark (Rudolf-Wilde-Park),7200308,2018,5,6,2,3,5,3,0,0,1,0,0,0,1,0,794934,6555,5823119,905
200936,11,1,1044203,Leopoldplatz,1401049,2018,5,17,6,3,5,3,0,0,1,0,0,0,0,0,795932,7591,5831388,799
200937,11,1,1044201,Reinickendorfer Stra�e                                                                              ,1401045,2018,5,9,5,3,0,3,0,1,1,0,0,0,0,0,796688,431,5831641,276
200938,11,2,2020206,Graefekiez,2200213,2018,5,14,1,3,5,2,0,1,1,0,0,0,0,0,799266,55,5825002,537
200939,11,1,1011305,Heine-Viertel West,1100312,2018,5,16,1,3,6,4,0,1,0,1,0,0,0,0,798947,8922,5827297,565
200940,11,6,6030608,Schweizer Viertel,6300632,2018,5,14,5,2,5,3,0,1,1,0,0,0,0,0,792089,821,5817213,118
200941,11,2,2040703,Wriezener Bahnhof/Entwicklungsgebiet,2400625,2018,5,23,1,3,5,2,2,1,1,0,0,0,0,0,801765,7504,5826250,38
200942,11,8,8020728,Buckow Ost,8200833,2018,5,23,1,2,6,4,2,0,1,1,0,0,0,0,802477,3063,5817008,76
200943,11,2,2020204,Urbanstra�e,2200210,2018,5,22,1,3,6,7,2,1,0,1,0,0,0,0,797876,1608,5824918,291
200944,11,8,8010302,Bouch�stra�e,8100313,2018,5,21,1,3,5,2,2,1,1,0,0,0,0,0,801848,5728,5824435,409
200945,11,9,9020501,Obersch�neweide West,9200510,2018,5,19,1,3,5,2,0,1,1,0,0,0,0,0,806580,744,5822760,308
200946,11,4,4051654,Wilhelmsaue,4501150,2018,5,18,6,2,1,5,0,1,1,0,0,0,0,0,793432,69,5823740,417
200947,11,5,5020521,D�beritzer Weg,5200524,2018,5,18,1,3,2,6,0,0,1,0,0,0,0,0,779738,339,5827861,85
200948,11,7,7040405,Rathaus Tempelhof,7400927,2018,5,20,5,3,5,3,1,0,1,0,1,0,0,0,799045,4238,5821268,833
200949,11,5,5020626,Adamstra�e                                                                                          ,5200631,2018,5,19,1,3,5,3,0,0,1,0,0,0,1,0,785142,739,5827306,447
200950,11,2,2020201,Gleisdreieck/Entwicklungsgebiet,2200207,2018,5,15,1,3,5,3,0,1,0,0,0,0,1,0,797081,1536,5825636,622
200951,11,2,2020203,Viktoriapark,2200209,2018,5,16,1,3,5,2,0,1,1,0,0,0,0,0,797753,44,5824294,292
200952,11,1,1011105,N�rdlicher Landwehrkanal                                                                            ,1100102,2018,5,21,7,3,0,7,1,1,0,0,0,0,0,0,796815,88,5826790,367
200953,11,9,9051901,Dammvorstadt,9501939,2018,5,17,5,2,2,6,0,0,1,0,0,0,0,0,809685,1991,5821275,817
200954,11,1,1011402,Arkonaplatz,1100416,2018,5,17,6,3,0,1,0,1,0,0,0,0,0,0,798636,3396,5829378,693
200955,11,1,1011303,Alexanderplatzviertel,1100310,2018,5,16,1,2,0,1,0,1,0,0,0,0,0,0,799025,238,5827770,281
200956,11,1,1044101,Rehberge,1400937,2018,5,5,2,3,5,3,0,1,1,0,1,0,0,0,793673,1482,5832253,886
200957,11,4,4010101,Jungfernheide,4100101,2018,5,10,4,3,2,6,0,0,1,0,0,0,1,0,791325,2404,5830671,568
200958,11,5,5020419,Magistratsweg,5200423,2018,5,22,2,3,0,4,2,0,1,1,0,0,0,0,780893,2632,5828333,406
200959,11,3,3071639,B�tzowstra�e,3701660,2018,5,9,3,3,1,5,0,1,1,0,0,0,0,0,800391,6791,5829064,461
200960,11,9,9051901,Dammvorstadt,9501939,2018,5,14,2,3,6,4,0,0,1,1,0,0,0,0,810937,8163,5821599,948
200961,11,8,8041036,Zittauer Stra�e,8401242,2018,6,12,6,2,5,3,0,0,1,0,0,0,0,0,805255,4114,5817244,403
200962,11,8,8041037,Alt-Rudow,8401243,2018,5,19,2,2,5,2,0,0,1,0,1,0,0,0,806552,2628,5817644,153
200963,11,6,6020303,Lankwitz Kirche                                                                                     ,6200313,2018,5,20,2,3,5,2,1,1,0,0,1,0,0,0,795188,4367,5818767,34
200964,11,2,2010104,Wassertorplatz,2100106,2018,6,10,6,3,1,5,0,0,1,0,0,0,1,0,799028,7385,5825610,819
200965,11,1,1011304,Karl-Marx-Allee,1100311,2018,5,19,3,2,6,4,0,1,0,1,0,0,0,0,799688,8676,5827846,47
200966,11,10,10030727,Biesdorf S�d                                                                                        ,10300734,2018,5,19,2,2,2,2,0,0,1,0,0,0,0,0,809718,5486,5826038,744
200967,11,3,3050920,Wei�er See,3500933,2018,6,10,6,3,0,2,0,0,1,0,0,0,1,0,801687,9618,5831792,83
200968,11,7,7020204,Sch�neberger Insel,7200414,2018,5,12,3,3,6,4,0,0,1,1,0,0,0,0,796546,2153,5823965,52
200969,11,1,1011202,Unter den Linden Nord,1100206,2018,6,10,6,3,6,4,0,1,0,1,0,0,0,0,797205,291,5827480,851
200970,11,2,2020204,Urbanstra�e,2200210,2018,5,17,3,2,5,3,0,1,0,0,0,0,0,0,797878,8656,5824888,527
200971,11,11,11041022,Rosenfelder Ring,11401032,2018,5,20,2,2,6,4,0,1,0,1,0,0,0,0,806601,7895,5827742,842
200972,11,12,12214527,Alt-Tegel,12200515,2018,6,9,6,3,3,6,0,1,1,0,0,0,0,0,790253,7322,5835072,867
200973,11,12,12231102,Frohnau,12400721,2018,5,13,3,3,5,2,0,0,1,0,1,0,0,0,790766,9059,5839503,169
200974,11,7,7010102,Nollendorfplatz,7100103,2018,6,9,6,3,0,3,0,0,1,0,0,0,1,0,795848,7897,5824962,22
200975,11,9,9010201,Am Treptower Park S�d,9100202,2018,5,18,2,3,0,3,0,1,1,0,0,0,0,0,803080,8708,5824008,273
200976,11,5,5010208,Germersheimer Platz,5100210,2018,6,7,6,3,5,2,0,1,1,0,0,0,0,0,784168,4227,5830071,486
200977,11,4,4051448,Schaperstra�e,4501045,2018,5,18,2,2,2,6,0,0,1,0,1,0,0,0,794215,99,5825412,91
200978,11,6,6040809,Thielallee,6400843,2018,5,18,2,3,5,3,0,0,1,0,0,0,0,0,791746,1719,5819708,147
200979,11,8,8010301,Reuterkiez,8100310,2018,6,8,6,3,5,3,0,1,0,0,0,0,1,0,801058,775,5824930,617
200980,11,6,6040701,Wannsee,6400735,2018,5,17,3,3,3,6,0,1,1,0,0,0,0,0,782833,6078,5817018,116
200981,11,1,1022201,Stephankiez,1200623,2018,5,18,2,3,2,2,0,1,1,0,0,0,0,0,795427,395,5829543,81
200982,11,7,7040402,Lindenhofsiedlung,7400822,2018,6,8,6,2,5,2,0,1,0,0,0,1,0,0,796815,1152,5822352,1
200983,11,1,1011202,Unter den Linden Nord,1100206,2018,5,7,3,3,2,2,0,0,1,0,0,0,1,0,797892,6791,5828184,861
200984,11,11,11030618,Fennpfuhl West,11300618,2018,6,8,6,2,0,1,0,0,0,0,1,0,0,0,802968,827,5828709,947
200985,11,9,9020502,Obersch�neweide Ost,9200511,2018,6,7,6,3,5,3,0,1,1,0,0,0,0,0,806575,376,5822316,525
200986,11,5,5010339,Freiheit,5100317,2018,5,17,2,2,5,3,0,1,1,0,0,0,0,0,787265,93,5828333,927
200987,11,2,2010101,Askanischer Platz,2100101,2018,6,6,6,3,1,5,0,1,1,0,0,0,0,0,797759,8032,5825752,897
200988,11,10,10040830,Kaulsdorf S�d                                                                                       ,10400837,2018,6,6,6,3,2,6,0,0,1,0,0,0,0,0,810483,8521,5824803,137
200989,11,6,6040701,Wannsee,6400735,2018,5,17,2,2,5,2,0,1,1,0,0,0,0,0,782864,148,5815866,563
200990,11,3,3040818,Pankow S�d                                                                                          ,3400831,2018,5,17,2,3,5,2,0,0,0,0,1,0,1,0,800179,9071,5834825,376
200991,11,4,4020311,Reichsstra�e,4200309,2018,6,17,6,3,5,3,0,0,1,0,1,0,0,0,788668,75,5826938,962
200992,11,9,9020802,K�llnische Vorstadt                                                                                 ,9200819,2018,5,7,3,3,2,2,0,0,1,0,0,0,0,0,810530,7413,5820023,497
200993,11,8,8020621,Mohriner Allee Nord,8200725,2018,6,8,6,3,8,1,0,0,0,0,1,0,0,0,799833,5154,5819035,217
200994,11,9,9030901,Dorf Altglienicke,9300920,2018,6,15,6,3,5,3,0,1,1,0,0,0,0,0,808563,6116,5817461,501
200995,11,1,1011102,Gro�er Tiergarten,1100102,2018,5,12,3,3,5,2,0,0,1,0,1,0,0,0,796564,683,5827947,255
200996,11,11,11030720,Herzbergstra�e,11300721,2018,6,14,6,2,0,1,0,0,0,0,1,0,0,0,805646,5133,5830060,847
200997,11,2,2050601,Hausburgviertel,2500726,2018,6,14,6,3,5,2,0,1,0,0,0,0,1,0,801964,1367,5828237,948
200998,11,12,12103117,Letteplatz,12100101,2018,5,16,2,3,6,4,0,0,1,1,0,0,0,0,795792,4184,5832582,548
200999,11,3,3020307,Buchholz,3200308,2018,6,16,6,3,2,6,0,0,1,0,0,0,0,0,799352,3975,5837575,333
201000,11,7,7070704,Nahariyastra�e                                                                                      ,7601545,2018,5,14,2,3,2,7,0,1,1,0,0,0,0,0,799821,9357,5813983,426
201001,11,2,2040502,Friedenstra�e,2400521,2018,6,7,6,3,5,3,0,1,1,0,0,0,0,0,800987,68,5828026,508
201002,11,5,5010101,Hakenfelde Nord,5100103,2018,5,16,3,2,5,2,0,0,1,0,1,0,0,0,785270,4313,5832334,329
201003,11,9,9010301,Baumschulenstra�e,9100304,2018,6,5,6,3,2,2,0,0,1,0,1,0,0,0,804344,6762,5821680,303
201004,11,1,1011402,Arkonaplatz,1100416,2018,5,13,2,3,4,1,0,1,0,0,0,0,1,0,798739,8983,5829585,713
201005,11,4,4030931,Breitscheidplatz,4501042,2018,5,10,5,3,3,6,0,1,0,0,1,0,0,0,794353,2427,5826074,839
201006,11,7,7020204,Sch�neberger Insel,7200413,2018,5,19,3,2,5,3,0,1,1,0,0,0,0,0,796445,5404,5823519,567
201007,11,8,8020625,Handwerker-Siedlung,8200730,2018,5,23,5,3,3,6,2,0,1,0,0,0,0,0,801470,8795,5819244,924
201008,11,1,1011402,Arkonaplatz,1100416,2018,5,23,5,2,0,7,2,1,0,0,0,0,0,0,798389,872,5829410,94
201009,11,1,1033101,Soldiner Stra�e                                                                                     ,1300730,2018,5,7,3,3,5,2,0,1,1,0,0,0,0,0,796400,238,5832009,579
201010,11,8,8010301,Reuterkiez,8100312,2018,5,21,5,3,5,2,2,0,1,0,0,0,0,0,801454,5699,5823883,867
201011,11,5,5010209,An der Kappe,5100211,2018,5,21,5,3,0,7,1,0,1,0,0,0,0,0,783083,6536,5829306,97
201012,11,12,12302211,L�barser Stra�e,12601031,2018,5,12,2,3,2,6,0,0,1,0,0,0,1,0,793169,5181,5836824,408
201013,11,1,1022103,Westhafen,1200517,2018,5,19,5,3,5,3,0,1,1,0,0,0,0,0,794562,8125,5829748,42
201014,11,11,11020515,Landsberger Allee,11200514,2018,5,17,3,3,5,7,0,1,1,0,0,0,0,0,804592,8029,5829955,82
201015,11,2,2030301,Oranienplatz,2300314,2018,5,12,2,3,1,5,0,1,1,0,0,0,0,0,800057,103,5825923,573
201016,11,1,1011202,Unter den Linden Nord,1100206,2018,5,19,5,3,5,2,0,1,1,0,0,0,0,0,797156,7448,5827685,304
201017,11,4,4030622,Richard-Wagner-Stra�e,4300621,2018,5,10,3,3,6,7,0,0,0,1,0,1,0,0,792072,3172,5826869,548
201018,11,11,11041128,Sewanstra�e,11401135,2018,5,19,5,3,5,3,0,1,1,0,0,0,0,0,805860,6386,5825312,374
201019,11,11,11020514,Gro�e-Leege-Stra�e,11200513,2018,5,18,5,3,5,5,0,1,1,0,0,0,0,0,804796,2154,5831256,163
201020,11,8,8041037,Alt-Rudow,8401243,2018,5,11,2,3,6,4,0,0,1,1,0,0,0,0,805661,5491,5817020,524
201021,11,10,10030727,Biesdorf S�d                                                                                        ,10300734,2018,5,17,5,3,5,2,0,1,0,0,0,0,1,0,809632,7446,5825758,304
201022,11,12,12302107,Schorfheidestra�e                                                                                   ,12601236,2018,5,8,2,3,0,5,0,0,0,0,0,0,1,0,794351,1268,5835767,502
201023,11,8,8010303,Donaustra�e,8100314,2018,5,18,5,3,3,6,0,0,0,0,1,1,0,0,801130,3966,5823774,749
201024,11,12,12302110,Dannenwalder Weg,12601235,2018,5,8,2,3,6,4,0,0,1,1,0,0,0,0,794903,1016,5836310,819
201025,11,1,1022103,Westhafen,1200517,2018,5,13,2,2,5,7,0,0,1,0,1,0,0,0,794165,1309,5829358,555
201026,11,2,2010102,Mehringplatz,2100103,2018,5,18,5,3,5,3,0,0,1,0,0,0,0,0,798542,5743,5826276,8
201027,11,2,2030302,Lausitzer Platz,2300315,2018,5,23,3,3,0,7,2,0,1,0,1,0,0,0,800786,5358,5825814,912
201028,11,1,1022106,Elberfelder Stra�e                                                                                  ,1200522,2018,5,14,2,3,0,2,0,0,1,0,1,0,0,0,794234,8768,5828338,484
201029,11,1,1011102,Gro�er Tiergarten,1100102,2018,5,17,5,3,5,2,0,1,1,0,0,0,0,0,795072,758,5827223,213
201030,11,7,7060603,Marienfelde Nordost,7601238,2018,5,14,3,3,5,3,0,1,1,0,0,0,0,0,798476,775,5816783,289
201031,11,8,8020621,Mohriner Allee Nord,8200725,2018,5,17,5,2,5,3,0,1,1,0,0,0,0,0,801059,1319,5819526,818
201032,11,1,1022106,Elberfelder Stra�e                                                                                  ,1200522,2018,5,11,2,2,5,3,0,1,1,0,0,0,0,0,793670,6227,5828113,534
201033,11,9,9020701,Adlershof West,9200715,2018,5,22,5,3,2,6,2,0,1,0,0,0,0,0,808616,1281,5819192,557
201034,11,6,6020410,Oberhofer Platz,6200422,2018,5,10,2,2,5,7,0,0,1,0,0,0,1,0,794202,429,5817528,501
201035,11,12,12214125,Waldidyll/Flughafensee,12200412,2018,5,14,2,3,2,6,0,0,1,0,0,0,0,0,790318,2308,5833685,456