OBJECTID,LAND,BEZ,LOR,STRASSE,LOR_ab_2021,UJAHR,UMONAT,USTUNDE,UWOCHENTAG,UKATEGORIE,UART,UTYP1,ULICHTVERH,IstRad,IstPKW,IstFuss,IstKrad,IstGkfz,IstSonstig,STRZUSTAND,LINREFX,LINREFY,XGCSWGS84,YGCSWGS84
201036,11,8,8020727,Buckow Mitte,8200832,2018,5,17,5,3,1,5,0,1,1,0,0,0,0,0,801260,1094,5816397,931
201037,11,1,1011102,Gro�er Tiergarten,1100102,2018,5,17,3,3,6,4,0,0,1,1,0,0,0,0,795196,3165,5827248,693
201038,11,6,6040810,Dahlem,6400844,2018,5,16,2,3,2,6,0,0,1,0,0,0,0,0,791276,3252,5821480,49
201039,11,11,11041023,Gensinger Stra�e,11401033,2018,5,16,5,3,2,6,0,0,1,0,0,0,1,0,806947,3592,5827777,47
201040,11,7,7050503,Eisenacher Stra�e                                                                                   ,7501031,2018,5,9,3,3,0,7,0,1,0,0,0,0,1,0,799422,5882,5820411,694
201041,11,9,9051901,Dammvorstadt,9501939,2018,5,16,2,3,5,2,0,1,0,0,0,0,1,0,809946,3797,5821592,63
201042,11,3,3061435,Conrad-Blenkle-Stra�e,3601452,2018,5,16,5,3,5,3,0,0,1,0,0,0,0,0,801752,8614,5829154,11
201043,11,4,4041134,Bismarckallee,4400726,2018,5,12,3,3,5,2,0,1,1,0,0,0,0,0,790841,6491,5823645,863
201044,11,10,10040933,Mahlsdorf S�d                                                                                       ,10400941,2018,5,16,5,3,5,3,0,1,1,0,0,0,0,0,812400,5306,5824300,461
201045,11,1,1011304,Karl-Marx-Allee,1100311,2018,5,20,5,2,0,7,0,1,0,0,0,0,0,0,800060,4811,5828481,514
201046,11,8,8020619,Buschkrugallee Nord,8200623,2018,5,16,2,3,3,6,0,0,1,0,1,0,0,0,801516,3527,5820763,906
201047,11,10,10020413,Gut Hellersdorf,10200420,2018,5,16,2,3,5,2,0,0,1,0,0,0,0,0,812011,566,5830584,122
201048,11,6,6030606,Hindenburgdamm,6300630,2018,5,15,5,3,6,2,0,0,1,1,0,0,0,0,793252,609,5819833,558
201049,11,8,8010302,Bouch�stra�e,8100313,2018,5,15,3,3,5,3,0,0,1,0,0,0,0,0,801747,3208,5824286,997
201050,11,4,4030827,Karl-August-Platz,4300623,2018,5,15,5,3,1,5,0,1,1,0,0,0,0,0,792529,285,5826100,408
201051,11,8,8010118,Silbersteinstra�e,8100105,2018,5,15,5,3,5,3,0,0,1,0,0,0,0,0,801182,1389,5821806,322
201052,11,11,11030721,R�digerstra�e,11300722,2018,5,7,3,3,0,2,0,1,1,0,0,0,0,0,804273,356,5827867,321
201053,11,6,6040804,Krumme Lanke,6400838,2018,5,15,5,3,5,3,0,1,1,0,0,0,0,0,787244,8678,5818354,54
201054,11,8,8020625,Handwerker-Siedlung,8200730,2018,5,17,5,2,5,3,0,1,1,0,0,0,0,0,801432,9011,5818800,729
201055,11,11,11030618,Fennpfuhl West,11300618,2018,5,12,3,3,2,2,0,0,1,0,0,0,0,0,802429,999,5828893,3
201056,11,9,9020702,Adlershof Ost,9200716,2018,5,12,5,3,0,6,0,0,1,0,1,0,0,0,808821,3633,5819294,75
201057,11,9,9051702,B�lschestra�e,9501737,2018,5,13,5,3,4,2,0,1,1,0,0,0,0,0,813700,45,5820750,917
201058,11,1,1011306,Heine-Viertel Ost,1100313,2018,5,15,2,3,5,2,0,1,1,0,0,0,0,0,799780,8626,5827001,28
201059,11,7,7030301,Friedenau,7300517,2018,5,14,5,2,5,3,0,0,1,0,1,0,0,0,794766,4361,5822876,27
201060,11,9,9020701,Adlershof West,9200715,2018,5,14,2,3,5,3,0,1,1,0,0,0,0,0,808809,4645,5819002,117
201061,11,3,3040818,Pankow S�d                                                                                          ,3400826,2018,5,12,5,3,5,2,0,1,0,0,0,0,1,0,799043,3442,5832789,43
201062,11,6,6020408,Lichterfelde S�d                                                                                    ,6200420,2018,5,18,3,2,3,6,0,0,1,0,1,0,0,0,792695,2857,5816248,323
201063,11,6,6040810,Dahlem,6400844,2018,5,15,5,2,1,5,0,1,1,0,0,0,0,0,791206,3117,5820497,859
201064,11,1,1011203,Unter den Linden S�d,1100206,2018,5,12,5,3,2,6,0,0,1,0,0,0,0,0,797768,3912,5827400,75
201065,11,3,3061429,Greifswalder Stra�e,3601449,2018,5,13,3,3,5,2,0,1,1,0,0,0,0,0,801909,214,5830330,674
201066,11,12,12231101,Hermsdorf,12400722,2018,5,8,5,3,0,5,0,0,1,0,0,1,0,0,791359,4413,5837348,341
201067,11,1,1011402,Arkonaplatz,1100416,2018,5,8,2,3,0,1,0,1,0,0,0,0,0,0,798545,5023,5829189,753
201068,11,1,1011204,Leipziger Stra�e                                                                                    ,1100207,2018,5,12,5,3,3,2,0,1,0,0,0,0,0,0,798570,4764,5826873,895
201069,11,6,6030610,Lichterfelde West                                                                                   ,6300634,2018,5,18,3,3,0,3,0,0,1,0,1,0,0,0,792229,3162,5818667,774
201070,11,3,3030406,Alt-Karow,3300413,2018,5,6,2,3,5,3,0,1,1,0,0,0,0,0,803542,1056,5838761,993
201071,11,8,8020619,Buschkrugallee Nord,8200623,2018,5,13,5,2,2,6,0,1,1,0,0,0,0,0,802235,245,5821225,182
201072,11,5,5030832,Rohrdamm,5300841,2018,5,13,5,3,5,3,0,1,1,0,0,0,0,0,789316,8149,5829266,664
201073,11,1,1044201,Reinickendorfer Stra�e                                                                              ,1401045,2018,5,7,2,3,5,2,0,1,1,0,0,0,0,0,796674,6375,5831952,576
201074,11,4,4020311,Reichsstra�e,4200309,2018,5,14,5,3,3,6,0,0,1,0,1,0,0,0,788237,8641,5827765,147
201075,11,5,5010206,G�tersloher Weg,5100208,2018,5,7,2,2,5,2,0,1,1,0,0,0,0,0,781552,6001,5830707,989
201076,11,5,5030832,Rohrdamm,5300838,2018,5,14,5,3,5,3,0,0,1,0,0,0,0,0,787971,7217,5830554,181
201077,11,4,4051655,Babelsberger Stra�e,4501153,2018,5,8,3,3,5,3,0,1,1,0,0,0,0,0,794155,99,5824121,794
201078,11,5,5020626,Adamstra�e                                                                                          ,5200630,2018,5,8,5,3,2,2,0,0,1,0,0,0,0,0,784491,9709,5827257,822
201079,11,9,9051801,Rahnsdorf/Hessenwinkel,9501838,2018,5,14,5,3,5,3,0,0,1,0,1,0,0,0,818924,9251,5820247,209
201080,11,4,4051652,Nikolsburger Platz,4501149,2018,5,15,2,3,1,5,0,1,1,0,0,0,0,0,793572,4986,5824097,908
201081,11,9,9020502,Obersch�neweide Ost,9200511,2018,5,8,5,3,0,2,0,1,1,0,0,0,0,0,806816,731,5821997,201
201082,11,7,7030301,Friedenau,7300517,2018,5,8,2,3,5,2,0,1,1,0,0,0,0,0,794256,6898,5822036,477
201083,11,6,6010206,Stadtpark,6100206,2018,5,8,2,3,2,6,0,0,1,0,1,0,0,0,794212,4713,5819418,397
201084,11,9,9020802,K�llnische Vorstadt                                                                                 ,9200819,2018,5,7,5,3,0,2,0,1,1,0,0,0,0,0,810697,219,5819284,936
201085,11,10,10020621,Gelbes Viertel,10200628,2018,5,20,3,2,5,3,0,1,1,0,0,0,0,0,811540,4135,5829594,172
201086,11,6,6010102,Schlo�stra�e                                                                                        ,6100102,2018,5,7,2,3,0,1,0,0,0,0,1,0,0,1,793338,7781,5821082,26
201087,11,3,3061227,Humannplatz,3601243,2018,5,7,5,3,2,3,0,1,1,0,0,0,0,0,799495,3398,5831781,716
201088,11,11,11030618,Fennpfuhl West,11300617,2018,5,14,3,3,5,3,0,1,1,0,0,0,0,0,803688,1601,5829049,283
201089,11,9,9020602,Oberspree,9200614,2018,5,7,5,3,5,3,0,0,1,0,1,0,0,0,808109,2811,5820953,433
201090,11,1,1044202,Sparrplatz,1401046,2018,5,7,5,3,6,4,0,0,1,1,0,0,0,0,794610,3416,5829870,36
201091,11,4,4030417,Schlo�stra�e,4300414,2018,5,8,2,3,5,2,0,1,1,0,0,0,0,0,791572,44,5826536,149
201092,11,5,5030832,Rohrdamm,5300838,2018,5,15,3,3,0,7,0,1,0,0,0,0,0,0,787989,9453,5830642,249
201093,11,7,7040405,Rathaus Tempelhof,7400927,2018,5,7,5,3,5,3,0,1,0,0,0,0,1,0,799653,82,5820997,439
201094,11,2,2040703,Wriezener Bahnhof/Entwicklungsgebiet,2400625,2018,5,6,2,2,5,3,0,1,1,0,0,0,0,0,801755,2141,5826262,49
201095,11,12,12214527,Alt-Tegel,12200515,2018,5,14,5,3,5,3,0,0,1,0,0,0,0,0,789907,6162,5835699,704
201096,11,4,4041343,Binger Stra�e,4400834,2018,5,5,2,3,5,2,0,1,1,0,0,0,0,0,792602,3819,5822988,831
201097,11,1,1011105,N�rdlicher Landwehrkanal                                                                            ,1100102,2018,5,8,2,3,3,6,0,1,1,0,0,0,0,0,795470,2188,5826645,213
201098,11,8,8010301,Reuterkiez,8100312,2018,5,2,5,3,5,2,2,1,1,0,0,0,0,0,801459,4402,5823891,11
201099,11,8,8010510,Gewerbegebiet K�llnische Heide,8100521,2018,5,16,3,3,0,1,0,0,1,0,0,0,0,0,802189,318,5822466,812
201100,11,1,1033101,Soldiner Stra�e                                                                                     ,1300730,2018,5,12,2,1,5,3,0,0,1,0,1,0,0,0,796407,5446,5832012,73
201101,11,8,8010301,Reuterkiez,8100311,2018,5,1,5,3,5,3,2,1,1,0,0,0,0,0,800508,4421,5824579,956
201102,11,3,3030711,Blankenburg,3300514,2018,5,13,3,3,5,2,0,0,1,0,1,0,0,0,801040,6323,5836014,196
201103,11,10,10040931,Mahlsdorf Nord                                                                                      ,10400938,2018,5,14,5,2,5,3,0,0,1,0,1,0,0,0,814741,4342,5829903,997
201104,11,11,11030720,Herzbergstra�e,11300721,2018,5,15,5,3,2,6,0,0,1,0,0,0,1,0,805106,3623,5829971,774
201105,11,9,9030901,Dorf Altglienicke,9300920,2018,5,7,1,3,1,5,0,1,0,0,0,1,0,0,807534,7479,5815317,721
201106,11,5,5010314,Carl-Schurz-Stra�e                                                                                  ,5100316,2018,5,11,5,3,5,2,0,0,1,0,1,0,0,0,785063,1036,5829466,209
201107,11,4,4031032,Halensee,4500937,2018,5,9,1,3,1,5,0,1,1,0,0,0,0,0,791268,5423,5824982,173
201108,11,1,1011302,Oranienburger Stra�e                                                                                ,1100309,2018,5,11,5,3,5,2,0,1,1,0,0,0,0,0,798550,3139,5828984,495
201109,11,1,1044201,Reinickendorfer Stra�e                                                                              ,1401044,2018,5,17,3,3,2,7,0,0,1,0,1,0,0,0,796476,309,5830974,991
201110,11,1,1022207,Hansaviertel,1200629,2018,5,13,1,3,5,2,0,1,1,0,0,0,0,0,794309,6132,5827170,686
201111,11,3,3030716,M�rchenland,3300517,2018,5,10,5,3,5,2,0,1,1,0,0,0,0,0,802503,9519,5833435,128
201112,11,4,4041238,Kissinger Stra�e,4400830,2018,5,18,3,3,5,2,0,1,1,0,0,0,0,0,791671,5159,5823238,651
201113,11,2,2020203,Viktoriapark,2200208,2018,5,10,5,3,0,2,0,1,0,0,0,1,0,0,797814,7878,5824933,508
201114,11,8,8010301,Reuterkiez,8100311,2018,5,9,5,3,5,2,0,1,1,0,0,0,0,0,800754,595,5824346,934
201115,11,7,7060604,Marienfelde S�d,7601340,2018,5,12,3,2,5,7,0,0,1,0,1,0,0,0,795840,1127,5816025,378
201116,11,5,5010209,An der Kappe,5100211,2018,5,8,5,3,5,2,0,0,1,0,0,0,0,0,783240,9678,5830279,12
201117,11,7,7010102,Nollendorfplatz,7100103,2018,5,8,5,3,5,2,0,1,1,0,0,0,0,0,795703,9124,5825457,65
201118,11,3,3020307,Buchholz,3200308,2018,5,15,1,3,1,1,0,0,1,0,1,0,0,1,799730,2153,5836493,633
201119,11,2,2030302,Lausitzer Platz,2300315,2018,5,8,5,3,5,2,0,1,1,0,0,0,0,0,800784,541,5825814,228
201120,11,7,7010102,Nollendorfplatz,7100102,2018,5,15,1,3,5,3,0,0,1,0,0,0,0,0,794959,6174,5825657,23
201121,11,9,9041301,Kietzer Feld/Nachtheide                                                                             ,9401329,2018,5,8,5,2,5,3,0,1,1,0,0,0,0,0,811777,5432,5818547,605
201122,11,3,3050925,Komponistenviertel Wei�ensee,3500936,2018,5,17,3,3,0,7,0,1,0,0,0,0,0,0,802060,4861,5831124,666
201123,11,2,2020204,Urbanstra�e,2200210,2018,5,11,5,3,0,1,0,1,0,0,0,0,0,0,798080,108,5825467,432
201124,11,2,2010103,Moritzplatz,2100104,2018,5,15,4,3,5,3,0,1,1,0,0,0,0,0,799341,8357,5826192,91
201125,11,9,9051901,Dammvorstadt,9501940,2018,5,2,3,3,0,7,2,0,1,0,0,0,1,0,811169,268,5821804,97
201126,11,4,4030623,Ernst-Reuter-Platz,4300622,2018,5,11,4,3,5,2,0,1,1,0,0,0,0,0,793058,1895,5826951,312
201127,11,12,12214527,Alt-Tegel,12200515,2018,5,16,1,3,5,7,0,0,1,0,0,0,0,1,790262,5989,5835045,96
201128,11,1,1011303,Alexanderplatzviertel,1100310,2018,5,10,4,3,2,7,0,1,1,0,0,0,0,0,798979,8772,5828516,852
201129,11,8,8010404,Rixdorf,8100417,2018,5,18,4,3,6,2,0,0,1,1,0,0,0,0,802573,1997,5823087,619
201130,11,9,9020501,Obersch�neweide West,9200510,2018,5,7,3,3,2,6,0,0,1,0,0,0,1,0,805618,7964,5822709,299
201131,11,10,10010309,Springpfuhl,10100312,2018,5,8,4,3,5,2,0,0,0,0,0,0,1,0,807943,8945,5829221,637
201132,11,2,2040701,Andreasviertel,2400623,2018,5,19,4,3,5,2,0,1,0,0,1,0,0,0,800595,1895,5827043,481
201133,11,2,2010102,Mehringplatz,2100102,2018,5,16,1,3,6,4,0,1,0,1,0,0,0,0,798218,4023,5826271,966
201134,11,1,1011202,Unter den Linden Nord,1100206,2018,5,19,4,3,5,2,0,1,1,0,0,0,0,0,797145,3023,5827774,276
201135,11,7,7040401,Neu-Tempelhof,7400720,2018,5,14,4,3,2,6,0,0,0,0,1,0,1,1,797177,5494,5823766,2
201136,11,7,7050502,Fritz-Werner-Stra�e                                                                                 ,7501133,2018,5,0,1,3,5,3,2,0,1,0,0,0,0,0,798380,5413,5818419,241
201137,11,4,4030620,Alt-Lietzow,4300619,2018,5,17,4,2,5,2,0,1,1,0,0,0,0,0,792434,224,5827195,653
201138,11,6,6030503,Zehlendorf Mitte                                                                                    ,6300526,2018,5,9,3,2,6,2,0,0,1,1,0,0,0,0,789575,5996,5817323,457
201139,11,7,7030301,Friedenau,7300516,2018,5,17,4,3,0,4,0,1,0,1,0,0,0,0,794000,7699,5821570,252
201140,11,1,1022206,L�neburger Stra�e                                                                                   ,1200628,2018,5,17,4,3,5,2,0,1,1,0,0,0,0,0,795702,6487,5828178,244
201141,11,5,5010204,Griesingerstra�e                                                                                    ,5100206,2018,5,7,2,2,3,6,0,0,1,0,1,0,0,0,781556,7114,5830741,854
201142,11,8,8020727,Buckow Mitte,8200832,2018,5,17,4,2,6,4,0,0,1,1,0,0,0,0,801293,9684,5817203,719
201143,11,1,1011302,Oranienburger Stra�e                                                                                ,1100309,2018,5,18,1,3,1,1,0,1,1,0,0,0,0,0,798267,4515,5828394,875
201144,11,7,7030303,Grazer Platz,7300619,2018,5,19,1,3,5,3,0,0,1,0,1,0,0,0,795338,391,5820995,528
201145,11,11,11030618,Fennpfuhl West,11300618,2018,5,17,4,2,5,2,0,1,1,0,0,0,0,0,802416,215,5828960,187
201146,11,4,4051448,Schaperstra�e,4501045,2018,5,20,3,3,5,3,0,1,1,0,0,0,0,0,794244,922,5825406,431
201147,11,8,8010211,Flughafenstra�e,8100206,2018,5,19,1,3,6,4,0,0,1,1,0,0,0,0,800447,18,5823699,313
201148,11,4,4020312,Branitzer Platz,4200308,2018,5,16,4,3,5,3,0,0,1,0,0,0,0,0,789971,5582,5826965,578
201149,11,8,8010303,Donaustra�e,8100314,2018,5,18,3,3,6,7,0,1,0,1,0,0,0,0,801022,7544,5823918,369
201150,11,8,8010404,Rixdorf,8100415,2018,5,20,1,3,5,3,0,1,1,0,0,0,0,0,802176,7537,5823389,145
201151,11,11,11030721,R�digerstra�e,11300724,2018,5,16,4,3,5,2,0,1,0,0,0,0,1,0,804807,974,5827480,172
201152,11,1,1033201,Brunnenstra�e                                                                                       ,1300834,2018,5,10,3,2,5,3,0,1,0,0,0,0,1,0,797513,712,5831012,543
201153,11,1,1011104,K�rnerstra�e                                                                                        ,1100104,2018,5,16,4,3,5,2,0,0,1,0,0,0,0,0,796357,508,5826130,907
201154,11,1,1044101,Rehberge,1400938,2018,5,14,1,3,1,5,0,1,1,0,0,0,1,0,793785,4084,5830463,984
201155,11,8,8010214,Glasower Stra�e,8100209,2018,5,16,4,3,5,3,0,0,1,0,0,0,1,0,801811,585,5821966,425
201156,11,1,1044203,Leopoldplatz,1401048,2018,5,18,1,2,5,3,0,1,1,0,0,0,0,0,795606,4637,5831713,98
201157,11,3,3030406,Alt-Karow,3300413,2018,5,10,1,3,8,1,0,0,1,0,0,0,0,0,803579,3062,5838875,137
201158,11,2,2020202,Rathaus Yorckstra�e,2200208,2018,5,16,4,3,3,6,0,1,1,0,0,0,0,0,797614,4815,5825522,632
201159,11,2,2020203,Viktoriapark,2200209,2018,5,18,3,3,5,5,0,1,1,0,0,0,0,0,797471,968,5824553,361
201160,11,4,4030931,Breitscheidplatz,4501042,2018,5,15,4,3,6,4,0,0,0,1,0,0,1,0,793926,4897,5825872,171
201161,11,5,5020523,Maulbeerallee,5200528,2018,5,6,3,3,3,6,0,0,1,0,1,0,0,0,782783,1937,5826920,19
201162,11,9,9020501,Obersch�neweide West,9200510,2018,5,15,4,3,5,2,0,0,1,0,0,1,0,0,806427,254,5822975,836
201163,11,3,3061228,Erich-Weinert-Stra�e,3601245,2018,5,11,1,3,0,1,0,1,0,0,0,0,0,0,800875,2569,5830559,17
201164,11,1,1022204,Thomasiusstra�e                                                                                     ,1200626,2018,5,8,4,3,5,3,0,1,1,0,0,0,0,0,795260,6887,5827927,45
201165,11,6,6030610,Lichterfelde West                                                                                   ,6300634,2018,5,12,3,2,5,2,0,1,1,0,0,0,0,0,792932,6138,5817762,727
201166,11,10,10010308,Marzahner Chaussee,10100311,2018,5,8,4,3,2,2,0,1,1,0,0,0,0,0,806552,7977,5829123,25
201167,11,11,11020515,Landsberger Allee,11200514,2018,5,8,4,3,1,5,0,1,1,0,0,0,0,0,804103,9806,5830186,673
201168,11,1,1011103,L�tzowstra�e                                                                                        ,1100103,2018,5,15,1,3,2,6,0,0,1,0,0,0,0,0,795283,9123,5826114,967
201169,11,10,10010308,Marzahner Chaussee,10100311,2018,5,15,1,3,5,3,0,0,1,0,0,0,0,1,806339,1777,5830180,56
201170,11,9,9020701,Adlershof West,9200715,2018,5,8,4,3,5,2,0,0,1,0,0,0,0,0,807407,7295,5818312,534
201171,11,1,1033102,Gesundbrunnen,1300733,2018,5,15,3,3,2,6,0,0,1,0,0,0,0,0,797618,167,5831886,931
201172,11,11,11041128,Sewanstra�e,11401137,2018,5,8,4,3,5,2,0,1,1,0,0,0,0,0,807102,9902,5825760,2
201173,11,3,3071536,Teutoburger Platz,3701554,2018,5,8,4,3,5,3,0,1,1,0,0,0,0,0,799133,7563,5829208,45
201174,11,4,4030417,Schlo�stra�e,4300414,2018,5,9,3,3,0,1,0,1,0,0,0,0,0,0,791496,1174,5827211,381
201175,11,11,11051330,Karlshorst West,11501339,2018,5,7,4,3,6,4,0,0,1,1,0,0,0,0,806781,5881,5824866,5
201176,11,4,4020313,K�nigin-Elisabeth-Stra�e,4200311,2018,5,6,4,3,2,6,0,0,1,0,0,0,0,0,790323,65,5826027,911
201177,11,12,12214528,Tegeler Forst,12400619,2018,5,16,1,2,9,1,0,1,0,0,0,0,0,0,789902,1969,5836426,12
201178,11,1,1033202,Humboldthain S�d,1300835,2018,5,6,4,3,5,2,0,1,1,0,0,0,0,0,797574,4694,5829457,728
201179,11,1,1011204,Leipziger Stra�e                                                                                    ,1100207,2018,5,19,4,2,5,3,0,1,0,0,0,0,0,0,798546,5084,5826810,482
201180,11,11,11010308,Zingster Stra�e Ost,11100307,2018,5,13,7,2,2,6,0,1,0,0,0,0,1,0,805178,6666,5833960,293
201181,11,2,2040701,Andreasviertel,2400623,2018,5,5,4,3,5,3,0,0,1,0,0,0,1,0,800599,753,5827041,1
201182,11,12,12103219,Sch�fersee,12100204,2018,5,0,7,3,1,5,2,0,1,0,0,0,0,0,795499,1219,5832474,755
201183,11,3,3030716,M�rchenland,3300517,2018,5,4,4,3,7,7,1,0,0,0,1,0,0,0,802965,5525,5833915,743
201184,11,3,3061228,Erich-Weinert-Stra�e,3601245,2018,5,18,3,2,3,6,0,1,0,0,0,1,0,0,800214,9868,5831194,742
201185,11,2,2040703,Wriezener Bahnhof/Entwicklungsgebiet,2400625,2018,5,0,4,2,0,1,1,1,0,0,0,0,0,0,801744,6724,5826254,435
201186,11,1,1011201,Wilhelmstra�e                                                                                       ,1100205,2018,5,19,4,3,5,2,0,1,0,0,0,0,1,0,796993,5637,5826618,81
201187,11,4,4010102,Pl�tzensee,4100101,2018,5,7,3,2,5,2,0,0,1,0,0,0,0,0,793352,6386,5829680,122
201188,11,1,1044203,Leopoldplatz,1401049,2018,5,23,4,3,2,6,2,0,1,0,0,0,0,0,795903,9164,5831965,826
201189,11,11,11040926,Weitlingstra�e,11400931,2018,5,22,4,3,5,3,2,1,0,0,1,0,0,0,806628,1293,5827288,162
201190,11,8,8010406,Treptower Stra�e Nord,8100419,2018,5,21,7,3,5,3,1,0,1,0,0,0,0,0,802024,1423,5824296,122
201191,11,8,8010214,Glasower Stra�e,8100209,2018,5,20,4,3,1,5,1,1,1,0,0,0,0,0,801881,5796,5822391,371
201192,11,8,8041037,Alt-Rudow,8401243,2018,5,19,3,3,5,7,0,0,0,0,1,0,1,0,805472,5817316,608,13
201193,11,8,8010404,Rixdorf,8100417,2018,5,20,7,3,2,6,0,0,1,0,0,0,0,0,802136,1014,5823097,637
201194,11,6,6040703,Nikolassee,6400737,2018,5,20,4,3,6,4,0,0,1,1,0,0,0,0,786760,3292,5817075,881
201195,11,1,1011302,Oranienburger Stra�e                                                                                ,1100309,2018,5,15,3,3,6,4,0,0,1,1,0,0,0,0,798630,47,5828437,218
201196,11,1,1022104,Emdener Stra�e                                                                                      ,1200519,2018,5,20,4,3,2,3,0,0,1,0,1,0,0,0,794076,6828,5828879,662
201197,11,2,2020203,Viktoriapark,2200208,2018,5,20,7,2,5,3,0,1,1,0,0,0,0,0,797527,9748,5824996,654
201198,11,1,1022201,Stephankiez,1200623,2018,5,0,4,3,0,6,2,1,1,0,0,0,0,0,795860,7007,5828940,141
201199,11,9,9051702,B�lschestra�e,9501737,2018,5,8,3,3,1,5,0,1,0,0,0,1,0,0,814206,1215,5821660,573
201200,11,9,9051801,Rahnsdorf/Hessenwinkel,9501838,2018,5,14,4,3,4,1,0,0,1,0,1,0,0,0,817819,3495,5820870,875
201201,11,1,1033203,Humboldthain Nordwest                                                                               ,1300836,2018,5,13,4,3,5,2,0,0,1,0,1,0,0,0,796796,4887,5830559,799
201202,11,5,5030832,Rohrdamm,5300841,2018,5,11,2,3,2,6,0,0,1,0,0,0,0,0,789222,5762,5829299,639
201203,11,4,4041137,Flinsberger Platz,4400727,2018,5,13,4,3,1,5,0,1,1,0,0,0,0,0,791488,8586,5824136,363
201204,11,7,7070703,John-Locke-Stra�e                                                                                   ,7601544,2018,5,19,7,2,1,5,0,1,1,0,0,0,0,0,799260,8233,5813379,55
201205,11,7,7030301,Friedenau,7300517,2018,5,19,7,3,5,3,0,1,1,0,0,0,0,0,794217,5873,5822748,162
201206,11,7,7030301,Friedenau,7300516,2018,5,12,4,3,0,3,0,1,0,0,0,0,1,0,793946,4427,5821802,779
201207,11,9,9020501,Obersch�neweide West,9200510,2018,5,21,3,3,6,7,1,0,1,1,0,0,0,0,806591,2697,5822128,397
201208,11,11,11040925,Victoriastadt,11400927,2018,5,18,7,3,3,6,0,1,1,0,0,0,0,0,803432,2189,5826595,947
201209,11,4,4020314,Messegel�nde,4200311,2018,5,11,4,3,5,7,0,0,0,0,0,1,1,0,790395,2788,5825651,66
201210,11,1,1011306,Heine-Viertel Ost,1100313,2018,5,14,3,3,5,2,0,0,1,0,0,0,0,0,800440,2206,5826710,843
201211,11,4,4051654,Wilhelmsaue,4501150,2018,5,11,4,3,5,2,0,1,1,0,0,0,0,0,793454,9152,5823931,302
201212,11,9,9041501,Altstadt Kietz,9401534,2018,5,6,4,3,0,2,0,1,1,0,0,0,0,0,810876,3869,5820655,26
201213,11,3,3020307,Buchholz,3200309,2018,5,10,7,3,5,3,0,0,1,0,1,0,0,0,800148,7687,5838320,595
201214,11,5,5010339,Freiheit,5100317,2018,5,17,7,2,1,5,0,0,1,0,1,0,0,0,786742,8593,5828404,284
201215,11,2,2020206,Graefekiez,2200212,2018,5,8,7,3,0,7,0,0,1,0,1,0,0,0,800010,9675,5824455,603
201216,11,8,8030830,Gropiusstadt S�d,8300935,2018,5,9,4,3,6,2,0,0,1,1,0,0,0,0,803048,8021,5817401,87
201217,11,5,5020417,Staakener Stra�e                                                                                    ,5200420,2018,5,12,7,3,2,6,0,0,1,0,0,0,0,0,783558,5284,5828659,871
201218,11,5,5030833,Motardstra�e                                                                                        ,5300840,2018,5,17,7,3,1,7,0,0,1,0,0,1,0,0,788486,1754,5829052,389
201219,11,2,2050802,Boxhagener Platz,2500833,2018,5,8,4,3,3,2,0,1,1,0,0,0,0,0,802069,3482,5827160,8
201220,11,7,7060604,Marienfelde S�d,7601339,2018,5,19,3,3,5,2,0,0,1,0,0,0,0,0,795809,584,5816028,171
201221,11,4,4030416,Klausenerplatz,4300413,2018,5,5,7,3,5,5,1,1,1,0,0,0,0,0,791109,2579,5826948,105
201222,11,7,7040401,Neu-Tempelhof,7400720,2018,5,14,4,3,1,1,0,1,1,0,0,0,0,1,797188,5877,5823732,918
201223,11,4,4030417,Schlo�stra�e,4300414,2018,5,12,3,3,2,6,0,0,1,0,1,0,0,0,791747,1693,5827313,398
201224,11,9,9020702,Adlershof Ost,9200716,2018,5,14,4,3,5,3,0,1,0,0,0,0,1,1,809455,2985,5819067,366
201225,11,11,11030721,R�digerstra�e,11300722,2018,5,11,4,2,5,3,0,1,0,0,0,0,1,0,803850,5379,5828656,729
201226,11,8,8010301,Reuterkiez,8100311,2018,5,0,7,3,3,6,2,0,1,0,0,0,1,0,800537,6832,5824437,948
201227,11,2,2050804,Stralauer Halbinsel,2500836,2018,5,2,7,2,1,1,2,1,1,0,0,0,0,0,803234,169,5825910,602
201228,11,9,9020502,Obersch�neweide Ost,9200511,2018,5,11,4,2,0,3,0,0,1,0,1,0,0,0,806815,2751,5821997,644
201229,11,6,6030605,Botanischer Garten,6300629,2018,5,19,3,3,5,2,0,0,1,0,1,0,0,0,791768,8459,5819272,675
201230,11,1,1033102,Gesundbrunnen,1300733,2018,5,9,4,2,2,6,0,0,1,0,1,0,0,0,797687,7291,5831846,696
201231,11,4,4020314,Messegel�nde,4200311,2018,5,14,4,2,3,6,0,0,1,0,0,1,0,0,790404,2137,5825754,57
201232,11,3,3040614,Pankow Zentrum                                                                                      ,3400724,2018,5,8,3,3,2,6,0,0,1,0,0,0,0,0,800004,677,5834939,74
201233,11,1,1033101,Soldiner Stra�e                                                                                     ,1300730,2018,5,14,4,3,5,2,0,0,1,0,0,0,0,1,796160,6791,5832270,994
201234,11,1,1011101,St�lerstra�e                                                                                        ,1100101,2018,5,18,3,3,5,2,0,1,1,0,0,0,0,0,794904,1397,5826284,118
201235,11,1,1011101,St�lerstra�e                                                                                        ,1100101,2018,5,12,4,2,5,2,0,0,1,0,0,0,0,0,795250,3644,5826624,447
201236,11,1,1011202,Unter den Linden Nord,1100206,2018,5,11,3,3,5,2,0,1,1,0,0,0,0,0,797189,2632,5827522,52
201237,11,12,12214527,Alt-Tegel,12200515,2018,5,12,4,2,6,4,0,0,1,1,0,0,0,0,790558,947,5834929,5