OBJECTID,LAND,BEZ,LOR,STRASSE,LOR_ab_2021,UJAHR,UMONAT,USTUNDE,UWOCHENTAG,UKATEGORIE,UART,UTYP1,ULICHTVERH,IstRad,IstPKW,IstFuss,IstKrad,IstGkfz,IstSonstig,STRZUSTAND,LINREFX,LINREFY,XGCSWGS84,YGCSWGS84
201238,11,1,1022206,L�neburger Stra�e                                                                                   ,1200628,2018,5,14,4,3,5,2,0,0,1,0,0,0,0,0,796250,5432,5828523,935
201239,11,11,11041128,Sewanstra�e,11401135,2018,5,10,7,3,5,2,0,0,1,0,1,0,0,0,806066,3089,5825793,369
201240,11,8,8010118,Silbersteinstra�e,8100104,2018,5,15,4,3,2,6,0,0,1,0,0,0,0,1,800689,4741,5822320,904
201241,11,1,1033201,Brunnenstra�e                                                                                       ,1300834,2018,5,17,7,2,5,3,0,1,1,0,0,0,0,0,797889,8934,5830347,733
201242,11,1,1022206,L�neburger Stra�e                                                                                   ,1200628,2018,5,9,4,2,0,6,0,0,1,0,0,0,1,0,796463,5221,5828634,827
201243,11,9,9020802,K�llnische Vorstadt                                                                                 ,9200819,2018,5,19,3,2,5,3,0,1,1,0,0,0,0,0,810439,274,5820317,652
201244,11,5,5010101,Hakenfelde Nord,5100103,2018,5,9,4,3,2,2,0,0,1,0,0,0,0,0,785239,233,5832235,587
201245,11,1,1011303,Alexanderplatzviertel,1100310,2018,5,8,3,2,5,3,0,1,0,0,1,0,0,0,799472,6697,5828807,128
201246,11,11,11020514,Gro�e-Leege-Stra�e,11200513,2018,5,12,4,2,0,1,0,1,0,0,0,0,0,0,804434,3894,5830906,371
201247,11,12,12103219,Sch�fersee,12100204,2018,5,12,7,2,5,3,0,0,1,0,0,0,1,0,794906,977,5832890,633
201248,11,5,5020629,B�rnicker Stra�e                                                                                    ,5200634,2018,5,2,7,2,4,6,2,0,1,0,0,0,0,0,785188,5718,5827659,71
201249,11,2,2010102,Mehringplatz,2100102,2018,6,18,5,3,5,2,0,1,1,0,0,0,0,0,798048,582,5826485,717
201250,11,1,1011203,Unter den Linden S�d,1100206,2018,6,20,5,3,0,3,0,1,1,0,0,0,0,0,797884,331,5827477,18
201251,11,9,9020701,Adlershof West,9200715,2018,6,11,3,3,5,3,0,0,1,0,0,0,0,0,808085,6813,5818937,283
201252,11,10,10010206,Ringkolonnaden,10100208,2018,6,20,5,3,5,3,1,1,1,0,0,0,0,0,809517,8007,5832455,945
201253,11,4,4030827,Karl-August-Platz,4300623,2018,6,11,3,3,3,6,0,1,1,0,0,0,0,0,792206,7241,5826115,36
201254,11,12,12103218,Teichstra�e,12100205,2018,6,11,3,3,1,7,0,0,0,0,0,1,1,0,795143,9022,5833586,724
201255,11,2,2020203,Viktoriapark,2200207,2018,6,21,5,3,5,2,1,0,1,0,0,0,0,0,797090,1059,5824722,317
201256,11,9,9020601,Schnellerstra�e                                                                                     ,9200613,2018,6,10,3,3,5,3,0,1,1,0,0,0,0,0,805827,339,5821879,366
201257,11,9,9010302,Sp�thsfelde,9100306,2018,6,18,5,2,5,3,0,0,0,0,1,0,1,0,804405,2013,5820050,28
201258,11,1,1044103,Westliche M�llerstra�e                                                                              ,1400942,2018,6,10,3,3,2,6,0,0,1,0,0,0,1,0,794868,9353,5830258,341
201259,11,2,2020203,Viktoriapark,2200209,2018,6,15,5,3,5,2,0,1,1,0,0,0,0,0,797499,7522,5824735,24
201260,11,8,8010214,Glasower Stra�e,8100209,2018,6,21,3,3,5,3,1,0,1,0,0,0,0,0,801384,3534,5821962,639
201261,11,2,2020204,Urbanstra�e,2200210,2018,6,8,3,3,5,5,0,0,1,0,1,0,0,0,798755,6616,5824975,825
201262,11,1,1022206,L�neburger Stra�e                                                                                   ,1200628,2018,6,16,5,3,3,6,0,1,1,0,0,1,0,0,796231,7509,5828107,922
201263,11,1,1011201,Wilhelmstra�e                                                                                       ,1100205,2018,6,8,3,3,3,2,0,1,0,0,1,0,0,0,796953,8612,5826777,261
201264,11,1,1033202,Humboldthain S�d,1300835,2018,6,21,3,2,2,7,2,0,1,0,1,0,0,0,797372,3933,5829617,977
201265,11,2,2030301,Oranienplatz,2300314,2018,6,16,5,3,2,1,0,1,1,0,1,0,0,0,799967,5918,5825746,106
201266,11,1,1033203,Humboldthain Nordwest                                                                               ,1300836,2018,6,8,3,3,3,6,0,1,1,0,0,0,0,0,796603,2853,5829816,733
201267,11,10,10010308,Marzahner Chaussee,10100311,2018,6,16,5,3,5,2,0,1,1,0,0,0,0,0,806694,1633,5830260,645
201268,11,11,11030721,R�digerstra�e,11300723,2018,6,8,3,3,4,6,0,1,1,0,0,0,0,0,805210,8473,5828444,435
201269,11,5,5030833,Motardstra�e                                                                                        ,5300840,2018,6,8,3,3,5,2,0,1,1,0,0,0,0,0,789206,8748,5829275,497
201270,11,12,12214527,Alt-Tegel,12200515,2018,6,15,5,3,0,4,0,0,0,1,0,0,1,0,790373,8257,5834882,972
201271,11,5,5020524,Weinmeisterhornweg,5200528,2018,6,7,3,2,5,2,0,1,1,0,0,0,0,0,782990,7823,5825958,52
201272,11,4,4020314,Messegel�nde,4200311,2018,6,15,5,3,5,7,0,0,1,0,1,0,0,0,789392,2543,5825815,822
201273,11,6,6020305,Gemeindepark Lankwitz,6200315,2018,6,7,3,3,2,7,0,1,1,0,0,0,0,0,795251,2659,5817502,375
201274,11,7,7050501,Rathausstra�e                                                                                       ,7501029,2018,6,15,5,2,1,5,0,1,1,0,0,0,0,0,797717,6018,5819192,697
201275,11,1,1011402,Arkonaplatz,1100416,2018,6,7,3,2,5,3,0,1,1,0,0,0,0,0,798815,591,5829376,6
201276,11,3,3061429,Greifswalder Stra�e,3601449,2018,6,7,3,3,5,2,0,0,1,0,0,0,0,0,801703,7306,5830096,536
201277,11,4,4030725,Amtsgerichtsplatz,4300416,2018,6,23,5,3,5,3,2,0,1,0,1,0,0,0,791675,409,5826228,58
201278,11,9,9020701,Adlershof West,9200715,2018,6,17,2,3,1,5,1,1,1,0,0,0,1,0,808197,6483,5818849,809
201279,11,2,2050803,Stralauer Kiez,2500835,2018,6,9,2,3,2,3,0,1,1,0,0,0,0,0,803252,7029,5826020,922
201280,11,7,7030301,Friedenau,7300517,2018,6,15,5,3,0,2,0,0,0,0,1,0,1,0,794776,8969,5822868,571
201281,11,1,1022202,Heidestra�e                                                                                         ,1200624,2018,6,18,2,3,3,6,0,0,1,0,1,0,0,0,795683,4579,5829713,694
201282,11,4,4051655,Babelsberger Stra�e,4501153,2018,6,15,5,3,5,2,0,1,1,0,0,0,0,0,794121,6023,5823287,39
201283,11,7,7070705,Franziusweg/Rohrbachstra�e                                                                          ,7601546,2018,6,15,5,3,5,2,0,1,1,0,0,0,0,0,798556,2563,5814413,853
201284,11,1,1011105,N�rdlicher Landwehrkanal                                                                            ,1100102,2018,6,14,2,3,6,4,0,0,1,1,0,0,0,0,796806,5974,5826304,483
201285,11,11,11041128,Sewanstra�e,11401136,2018,6,14,5,3,1,5,0,1,0,0,0,0,1,0,806200,5869,5825779,443
201286,11,6,6010101,Fichtenberg,6100101,2018,6,13,5,3,2,6,0,0,1,0,0,0,0,0,793384,8316,5820370,4
201287,11,9,9010301,Baumschulenstra�e,9100304,2018,6,7,2,3,6,2,0,0,1,1,0,0,0,0,804401,5208,5821753,243
201288,11,12,12301203,Wittenau S�d                                                                                        ,12500926,2018,6,18,2,3,6,4,0,0,1,1,0,0,0,0,793562,7931,5836120,564
201289,11,10,10030727,Biesdorf S�d                                                                                        ,10300734,2018,6,13,5,3,5,2,0,0,1,0,1,0,0,0,809543,5334,5827019,79
201290,11,1,1022101,Huttenkiez,1200517,2018,6,18,2,3,5,2,0,0,1,0,0,0,0,0,792742,9955,5828274,197
201291,11,6,6020408,Lichterfelde S�d                                                                                    ,6200420,2018,6,11,5,3,2,6,0,0,1,0,0,0,0,0,792662,3785,5815547,873
201292,11,3,3061429,Greifswalder Stra�e,3601449,2018,6,11,5,3,2,6,0,0,1,0,0,0,0,0,801846,4253,5830730,712
201293,11,3,3051022,Hansastra�e,3501038,2018,6,18,2,3,1,5,0,1,1,0,0,0,0,0,802990,64,5831932,773
201294,11,10,10020413,Gut Hellersdorf,10200418,2018,6,11,5,3,5,2,0,0,1,0,0,0,0,0,811140,755,5830926,378
201295,11,1,1044201,Reinickendorfer Stra�e                                                                              ,1401044,2018,6,11,5,3,5,3,0,0,1,0,0,0,0,0,796220,5969,5831261,378
201296,11,8,8010212,Rollberg,8100207,2018,6,18,2,3,2,6,0,0,0,0,1,0,1,0,800986,2181,5823493,429
201297,11,9,9030901,Dorf Altglienicke,9300920,2018,6,20,5,3,0,1,0,0,0,0,1,0,0,0,808026,9717,5816800,88
201298,11,1,1011204,Leipziger Stra�e                                                                                    ,1100207,2018,6,18,2,3,1,5,0,1,1,0,0,0,0,0,797979,7898,5826915,797
201299,11,1,1033202,Humboldthain S�d,1300835,2018,6,20,5,2,0,1,0,0,0,0,1,0,0,0,797297,6016,5829705,437
201300,11,9,9020502,Obersch�neweide Ost,9200511,2018,6,19,2,3,6,4,0,0,1,1,0,0,0,0,807413,3526,5821907,54
201301,11,4,4030623,Ernst-Reuter-Platz,4300622,2018,6,20,5,3,0,7,0,1,0,0,0,0,0,0,793683,933,5826260,551
201302,11,4,4051549,Rathaus Wilmersdorf,4501146,2018,6,19,2,3,6,4,0,0,1,1,0,0,0,0,792859,2926,5823620,445
201303,11,7,7010102,Nollendorfplatz,7100102,2018,6,11,5,3,0,1,0,1,0,0,0,0,0,0,795520,9129,5825359,66
201304,11,4,4030929,Hindemithplatz,4501040,2018,6,20,2,3,5,2,0,1,1,0,0,0,0,0,792706,6417,5825391,321
201305,11,8,8010508,Wei�e Siedlung,8100520,2018,6,10,5,3,6,2,0,0,1,1,0,0,0,0,803179,4381,5822712,401
201306,11,7,7010102,Nollendorfplatz,7100103,2018,6,9,5,3,6,4,0,0,1,1,0,0,0,0,795749,277,5825426,223
201307,11,8,8010118,Silbersteinstra�e,8100105,2018,6,20,2,2,0,7,0,1,0,0,0,0,0,0,800275,2004,5822133,179
201308,11,10,10010309,Springpfuhl,10100312,2018,6,9,5,3,6,2,0,0,1,1,0,0,0,0,808085,535,5830172,28
201309,11,5,5010339,Freiheit,5100317,2018,6,9,5,3,2,6,0,0,1,0,0,0,0,0,787654,3937,5828241,625
201310,11,4,4030518,Tegeler Weg,4300517,2018,6,20,2,2,8,1,0,0,0,0,0,0,1,0,791668,167,5828248,973
201311,11,3,3050919,Gustav-Adolf-Stra�e,3500932,2018,6,9,5,3,0,2,0,1,1,0,0,0,0,0,801723,219,5832983,107
201312,11,9,9041402,Siedlung K�mmereiheide,9401432,2018,6,7,2,3,5,3,0,1,1,0,0,0,0,0,812126,326,5820604,208
201313,11,2,2030302,Lausitzer Platz,2300316,2018,6,23,2,3,1,5,2,1,1,0,0,0,0,0,801336,6636,5826132,948
201314,11,11,11051331,Karlshorst Nord,11501340,2018,6,9,5,3,5,3,0,0,1,0,1,0,0,0,807766,1631,5824032,601
201315,11,4,4041342,Schlangenbader Stra�e,4400833,2018,6,18,2,3,5,7,0,1,1,0,0,0,0,0,792548,4765,5822606,801
201316,11,4,4030623,Ernst-Reuter-Platz,4300622,2018,6,8,5,3,2,6,0,0,1,0,0,0,0,0,793343,7009,5827273,42
201317,11,12,12231101,Hermsdorf,12400722,2018,6,7,5,3,5,3,0,0,1,0,0,0,0,0,790416,7787,5839280,741
201318,11,4,4010103,Paul-Hertz-Siedlung,4100102,2018,6,17,2,3,5,3,0,0,1,0,0,1,0,0,791428,5071,5829181,337
201319,11,3,3040614,Pankow Zentrum                                                                                      ,3400724,2018,6,7,5,3,6,4,0,0,1,1,0,0,0,0,799298,7708,5834393,878
201320,11,1,1022104,Emdener Stra�e                                                                                      ,1200520,2018,6,17,2,2,5,3,0,1,0,0,0,0,1,0,794571,1556,5828443,576
201321,11,4,4030416,Klausenerplatz,4300413,2018,6,7,5,3,5,3,0,1,1,0,0,0,0,0,791179,5783,5827177,74
201322,11,12,12103218,Teichstra�e,12100205,2018,6,17,2,3,5,2,0,1,0,0,0,0,1,0,795083,3118,5834199,556
201323,11,9,9020701,Adlershof West,9200715,2018,6,17,2,3,5,2,0,0,0,0,1,0,0,0,808251,7408,5818799,908
201324,11,5,5030730,Zitadellenweg,5300736,2018,6,7,5,2,5,7,0,0,1,0,0,0,0,0,785853,2696,5829243,15
201325,11,1,1022101,Huttenkiez,1200517,2018,6,17,2,3,1,5,0,0,1,0,1,0,0,0,792774,2085,5828843,28
201326,11,5,5020629,B�rnicker Stra�e                                                                                    ,5200634,2018,6,16,2,3,2,6,0,0,1,0,0,0,0,0,785050,846,5826304,19
201327,11,3,3030405,Karow Nord                                                                                          ,3300411,2018,6,6,5,3,5,2,0,1,1,0,0,0,0,0,803706,6724,5839177,456
201328,11,2,2010101,Askanischer Platz,2100101,2018,6,16,2,3,5,3,0,0,1,0,0,0,0,0,797770,3577,5826027,185
201329,11,2,2010101,Askanischer Platz,2100101,2018,6,19,5,3,0,6,0,1,0,0,0,0,1,0,797341,3357,5826147,139
201330,11,9,9031001,Bohnsdorf,9301025,2018,6,17,2,3,5,2,0,1,1,0,0,0,0,0,809120,5679,5815171,371
201331,11,7,7020201,Bayerischer Platz,7200307,2018,6,2,5,3,3,6,2,0,1,0,0,0,0,0,794936,2426,5824534,935
201332,11,11,11030721,R�digerstra�e,11300722,2018,6,16,2,3,5,2,0,0,1,0,0,0,0,0,804273,7425,5827875,317
201333,11,2,2050802,Boxhagener Platz,2500833,2018,6,16,2,3,1,5,0,1,1,0,0,0,0,0,802214,3766,5827126,499
201334,11,2,2020202,Rathaus Yorckstra�e,2200208,2018,6,0,5,3,5,3,2,0,1,0,0,0,0,0,797277,8799,5825540,829
201335,11,7,7010103,Barbarossaplatz,7100204,2018,6,16,2,2,5,2,0,1,0,0,0,0,0,0,795618,5203,5824559,157
201336,11,12,12214424,Scharnweberstra�e                                                                                   ,12200309,2018,6,16,2,3,2,7,0,0,1,0,1,0,0,0,793339,382,5832536,842
201337,11,5,5020420,Werkstra�e                                                                                          ,5200422,2018,6,18,5,2,6,4,0,0,1,1,0,0,0,0,780042,5407,5828689,496
201338,11,11,11030824,Frankfurter Allee S�d,11300826,2018,6,16,2,3,5,7,0,0,1,0,1,0,0,0,804684,6073,5827207,912
201339,11,4,4030621,Spreestadt,4300620,2018,6,15,2,3,2,2,0,1,1,0,0,0,0,0,793551,153,5827736,674
201340,11,1,1011101,St�lerstra�e                                                                                        ,1100101,2018,6,6,5,3,5,3,0,1,0,0,0,0,1,0,795095,372,5826502,45
201341,11,12,12214125,Waldidyll/Flughafensee,12200412,2018,6,15,2,3,5,3,0,0,1,0,0,0,0,0,790814,9484,5834078,898
201342,11,1,1044103,Westliche M�llerstra�e                                                                              ,1400942,2018,6,11,4,3,5,2,0,1,1,0,0,0,0,0,794573,6494,5830714,395
201343,11,2,2050803,Stralauer Kiez,2500836,2018,6,19,4,3,5,7,0,1,0,0,0,0,0,0,803250,86,5826004,874
201344,11,1,1011303,Alexanderplatzviertel,1100310,2018,6,15,2,2,2,2,0,1,1,0,0,0,0,0,799773,8677,5828664,79
201345,11,5,5020416,Am Heideberg,5200419,2018,6,15,2,3,5,3,0,0,1,0,0,0,0,0,780912,7524,5829132,389
201346,11,12,12103219,Sch�fersee,12100204,2018,6,9,4,3,5,2,0,1,1,0,0,0,0,0,795080,5045,5832468,738
201347,11,7,7040401,Neu-Tempelhof,7400720,2018,6,15,2,3,1,5,0,1,1,0,0,0,0,0,797422,5081,5823760,265
201348,11,2,2050803,Stralauer Kiez,2500835,2018,6,9,4,3,5,2,0,1,1,0,0,0,0,0,802219,4473,5826091,3
201349,11,1,1011102,Gro�er Tiergarten,1100102,2018,6,8,4,3,0,2,0,1,1,0,0,0,0,0,796678,401,5827960,25
201350,11,1,1044202,Sparrplatz,1401046,2018,6,15,2,2,5,2,0,0,1,0,1,0,0,0,794618,2646,5829877,987
201351,11,9,9020701,Adlershof West,9200715,2018,6,5,4,3,5,2,0,1,1,0,0,0,0,0,808983,616,5818111,515
201352,11,3,3061227,Humannplatz,3601243,2018,6,8,4,3,1,5,0,1,0,0,0,0,1,0,799266,8929,5831437,439
201353,11,7,7030301,Friedenau,7300517,2018,6,15,2,3,1,5,0,0,1,0,0,0,0,0,793921,7754,5822891,52
201354,11,1,1011203,Unter den Linden S�d,1100206,2018,6,8,4,3,1,5,0,1,1,0,0,0,1,0,797758,6984,5827463,686
201355,11,8,8010508,Wei�e Siedlung,8100520,2018,6,8,4,3,5,2,0,1,1,0,0,0,0,0,803346,8383,5822854,543
201356,11,6,6010103,Markelstra�e                                                                                        ,6100103,2018,6,14,2,3,5,3,0,1,1,0,0,0,0,0,792719,7048,5821677,917
201357,11,2,2030402,Wrangelkiez,2300419,2018,6,8,4,3,5,7,0,1,1,0,0,0,0,0,801852,2186,5825732,542
201358,11,11,11051330,Karlshorst West,11501339,2018,6,14,2,3,5,2,0,0,1,0,0,0,1,0,807279,893,5825409,15
201359,11,7,7020201,Bayerischer Platz,7200307,2018,6,8,4,3,5,2,0,1,1,0,0,0,0,0,794523,9526,5824647,266
201360,11,1,1044101,Rehberge,1400937,2018,6,13,2,3,0,7,0,1,1,0,0,0,0,0,794020,9773,5831385,275
201361,11,10,10010309,Springpfuhl,10100312,2018,6,9,4,3,2,2,0,1,1,0,0,0,0,0,807944,8712,5829230,652
201362,11,5,5010209,An der Kappe,5100211,2018,6,19,4,3,5,2,0,1,1,0,0,0,0,0,783250,3525,5830289,393
201363,11,6,6040701,Wannsee,6400735,2018,6,13,2,3,5,3,0,1,0,0,0,0,1,0,783928,7235,5815911,265
201364,11,11,11010205,Falkenberg West,11100204,2018,6,19,4,3,5,2,0,0,1,0,1,0,0,0,806146,2739,5833348,534
201365,11,9,9010301,Baumschulenstra�e,9100304,2018,6,12,2,2,5,7,0,0,1,0,1,0,0,0,804471,6389,5821861,159
201366,11,6,6010208,Bergstra�e                                                                                          ,6100208,2018,6,19,4,3,0,1,0,0,0,0,1,0,0,0,794767,9649,5820845,989
201367,11,6,6020303,Lankwitz Kirche                                                                                     ,6200313,2018,6,11,2,3,0,3,0,1,0,0,1,0,0,0,795273,3561,5818378,791
201368,11,1,1011204,Leipziger Stra�e                                                                                    ,1100207,2018,6,11,2,3,5,2,0,1,1,0,0,0,0,0,798487,6228,5826667,239
201369,11,12,12103116,Hausotterplatz,12100102,2018,6,19,4,3,5,3,0,1,0,0,0,0,1,0,795718,2348,5833122,451
201370,11,7,7040405,Rathaus Tempelhof,7400927,2018,6,19,4,3,1,5,0,1,1,0,0,0,0,0,798891,6711,5820930,607
201371,11,5,5020625,Borkumer Stra�e                                                                                     ,5200629,2018,6,11,2,3,5,2,0,1,1,0,0,0,0,0,784559,2878,5828208,902
201372,11,3,3030715,Heinersdorf,3300516,2018,6,20,4,2,2,6,0,0,1,0,0,0,0,0,801197,2819,5833186,65
201373,11,1,1044201,Reinickendorfer Stra�e                                                                              ,1401045,2018,6,10,2,2,5,3,0,1,1,0,0,0,0,0,796673,5876,5831952,629
201374,11,3,3051017,Rennbahnstra�e,3501037,2018,6,20,4,3,5,3,1,1,1,0,0,0,0,0,802305,2349,5833107,578
201375,11,2,2030401,Reichenberger Stra�e,2300417,2018,6,10,2,3,0,7,0,0,1,1,0,0,1,0,800696,7245,5825646,169
201376,11,3,3061332,Helmholtzplatz,3601348,2018,6,21,4,3,5,3,1,1,1,0,0,0,0,0,799870,1095,5830454,287
201377,11,2,2040701,Andreasviertel,2400623,2018,6,22,4,3,0,5,2,1,1,0,0,0,0,0,800632,2655,5827578,53
201378,11,1,1033202,Humboldthain S�d,1300835,2018,6,8,2,3,6,4,0,0,1,1,0,0,0,0,797614,4008,5829521,567
201379,11,1,1011204,Leipziger Stra�e                                                                                    ,1100207,2018,6,17,4,3,0,1,0,1,0,0,0,0,0,0,798761,79,5827028,233
201380,11,6,6010205,S�dende,6100205,2018,6,7,2,3,1,5,0,1,1,0,0,0,0,0,795527,5395,5819721,714
201381,11,10,10010310,Alt-Marzahn,10100313,2018,6,7,2,3,0,7,0,0,0,0,1,0,0,1,809426,9515,5831399,723
201382,11,4,4030827,Karl-August-Platz,4300623,2018,6,17,4,3,5,3,0,1,1,0,0,0,0,0,792059,423,5826244,901
201383,11,4,4041134,Bismarckallee,4400726,2018,6,12,2,3,5,3,0,0,0,0,1,0,1,0,790859,326,5824607,945
201384,11,5,5020523,Maulbeerallee,5200527,2018,6,18,1,3,5,3,0,0,1,0,1,0,0,0,782248,6442,5827618,5
201385,11,6,6040703,Nikolassee,6400737,2018,6,16,4,2,5,3,0,1,0,0,0,0,0,0,787700,572,5821696,615
201386,11,4,4030931,Breitscheidplatz,4501042,2018,6,14,1,3,6,4,0,0,1,1,0,0,0,0,793519,2719,5825609,134
201387,11,3,3071537,Kollwitzplatz,3701555,2018,6,21,4,3,0,1,0,0,0,0,1,0,0,0,799560,2293,5829908,443
201388,11,1,1044101,Rehberge,1400938,2018,6,16,4,2,6,4,0,0,1,1,0,0,0,0,794322,443,5831321,99
201389,11,4,4051551,Brabanter Platz,4501148,2018,6,9,1,3,6,4,0,0,1,1,0,0,0,0,793128,131,5823361,179
201390,11,2,2040502,Friedenstra�e,2400521,2018,6,22,1,3,0,7,2,0,1,0,0,0,1,0,801122,8165,5828573,478
201391,11,3,3050924,Behaimstra�e,3500935,2018,6,16,4,3,5,3,0,1,1,0,0,0,0,0,801633,2802,5831639,46
201392,11,9,9051702,B�lschestra�e,9501737,2018,6,17,1,3,0,1,0,1,0,0,0,0,0,0,814207,6412,5821775,84
201393,11,3,3061227,Humannplatz,3601244,2018,6,16,4,3,5,3,0,1,0,0,0,1,0,0,799970,2524,5831082,817
201394,11,7,7040403,Manteuffelstra�e                                                                                    ,7400823,2018,6,15,1,3,0,7,0,0,0,0,1,0,0,0,797236,2056,5822022,992
201395,11,4,4020311,Reichsstra�e,4200309,2018,6,16,1,3,2,6,0,1,0,0,0,0,0,0,788324,3575,5827669,305
201396,11,12,12304313,Borsigwalde,12500825,2018,6,15,4,3,0,1,0,0,0,0,1,0,0,0,792146,765,5834904,771
201397,11,9,9051702,B�lschestra�e,9501737,2018,6,15,1,3,0,4,0,1,0,1,0,0,0,0,814201,5814,5821195,376
201398,11,8,8020625,Handwerker-Siedlung,8200730,2018,6,14,1,3,0,7,0,0,1,1,0,0,0,0,801450,1448,5818322,152
201399,11,11,11040926,Weitlingstra�e,11400929,2018,6,19,4,3,5,2,0,0,1,0,1,0,0,0,804738,28,5826302,834
201400,11,8,8010404,Rixdorf,8100415,2018,6,13,1,3,2,6,0,0,1,0,0,0,0,0,801606,9852,5823790,398
201401,11,4,4030726,Droysenstra�e,4500936,2018,6,16,4,3,2,6,0,0,1,0,0,0,0,0,792270,6796,5825491,242
201402,11,9,9020502,Obersch�neweide Ost,9200512,2018,6,15,4,3,5,2,2,0,1,0,1,0,0,0,809461,5681,5821475,315
201403,11,8,8010214,Glasower Stra�e,8100209,2018,6,13,1,3,5,3,0,0,1,0,0,0,0,0,801357,5439,5822030,46
201404,11,5,5020629,B�rnicker Stra�e                                                                                    ,5200634,2018,6,15,4,3,5,2,0,0,1,0,1,0,0,0,785568,2918,5826168,266
201405,11,1,1011301,Charit�viertel,1100308,2018,6,11,1,3,2,6,0,0,1,0,0,0,0,1,796829,4004,5828846,885
201406,11,1,1022102,Beusselkiez,1200518,2018,6,14,4,3,5,3,0,0,1,0,0,0,0,0,793433,668,5828525,907
201407,11,6,6010102,Schlo�stra�e                                                                                        ,6100102,2018,6,9,1,3,1,1,0,1,1,0,0,0,0,0,793288,1763,5821292,513
201408,11,9,9020702,Adlershof Ost,9200716,2018,6,9,1,2,5,3,0,0,1,0,0,0,0,0,808905,9346,5819078,793
201409,11,9,9041301,Kietzer Feld/Nachtheide                                                                             ,9401329,2018,6,15,4,3,0,1,0,0,0,0,1,0,0,0,812388,1708,5819587,871
201410,11,7,7010104,Dennewitzplatz,7100206,2018,6,5,1,2,8,1,0,0,0,0,1,0,0,0,796933,3631,5824755,8
201411,11,1,1011301,Charit�viertel,1100308,2018,6,18,4,3,5,3,0,0,1,0,1,0,0,0,796931,2073,5828134,16
201412,11,2,2010103,Moritzplatz,2100105,2018,6,15,4,3,5,3,0,1,1,0,0,0,0,0,798946,7046,5825878,349
201413,11,3,3020307,Buchholz,3200309,2018,6,2,1,3,6,7,2,0,1,1,0,0,0,0,800087,3951,5837532,8
201414,11,8,8020727,Buckow Mitte,8200832,2018,6,15,4,3,6,4,0,0,1,1,0,0,0,0,801758,1269,5816873,218
201415,11,9,9020502,Obersch�neweide Ost,9200512,2018,6,15,4,3,0,7,0,0,0,0,1,0,0,0,807709,4154,5821511,611
201416,11,11,11030720,Herzbergstra�e,11300721,2018,6,17,1,2,5,3,0,0,1,0,0,0,0,0,805141,4855,5829994,547
201417,11,10,10010102,Havemannstra�e                                                                                      ,10100102,2018,6,15,4,3,2,6,0,0,1,0,0,0,0,0,809497,2412,5834652,693
201418,11,3,3061430,Volkspark Prenzlauer Berg,3601450,2018,6,18,1,2,6,4,0,0,1,1,0,0,0,0,802556,5091,5829371,666
201419,11,1,1044102,Schillerpark,1400939,2018,6,14,4,3,5,3,0,0,1,0,0,0,0,0,795277,1926,5831732,954
201420,11,4,4051654,Wilhelmsaue,4501150,2018,6,22,1,3,0,3,2,1,1,0,0,0,0,0,793464,605,5823834,195
201421,11,2,2020204,Urbanstra�e,2200210,2018,6,14,4,3,2,6,0,0,1,0,0,0,0,0,799035,6353,5824581,998
201422,11,3,3040818,Pankow S�d                                                                                          ,3400827,2018,6,14,4,3,5,3,0,1,1,0,0,0,0,0,799479,9874,5832007,702
201423,11,4,4020310,Park Ruhwald,4200308,2018,6,11,1,2,5,3,0,1,1,0,0,0,0,0,790353,6975,5827312,786
201424,11,7,7010102,Nollendorfplatz,7100102,2018,6,14,4,3,3,2,0,1,1,0,0,0,0,0,795471,5659,5825556,143
201425,11,6,6030504,Teltower Damm,6300528,2018,6,17,7,3,5,3,0,0,1,0,0,0,0,0,788949,6809,5816402,114
201426,11,1,1033101,Soldiner Stra�e                                                                                     ,1300730,2018,6,12,4,3,5,3,0,0,1,0,1,0,0,0,796046,9962,5832145,503
201427,11,8,8010404,Rixdorf,8100417,2018,6,6,5,3,0,2,0,1,1,0,0,0,0,0,802388,1071,5823233,417
201428,11,2,2040701,Andreasviertel,2400623,2018,6,11,4,3,6,7,0,0,1,1,0,0,0,0,801237,7382,5827742,262
201429,11,9,9020702,Adlershof Ost,9200717,2018,6,17,7,3,2,6,0,0,1,0,1,0,0,0,809311,2095,5819631,75
201430,11,5,5010207,Darbystra�e                                                                                         ,5100209,2018,6,11,4,3,2,6,0,0,1,0,0,0,0,0,783265,6417,5830285,565
201431,11,2,2020204,Urbanstra�e,2200210,2018,6,11,4,3,2,6,0,0,1,0,0,0,0,0,798797,3124,5824678,5
201432,11,2,2020203,Viktoriapark,2200209,2018,6,15,7,3,1,5,0,1,1,0,0,0,0,0,797510,1671,5824808,791
201433,11,1,1022104,Emdener Stra�e                                                                                      ,1200519,2018,6,11,4,3,5,7,0,0,1,0,1,0,0,0,793774,8742,5828495,185
201434,11,4,4030415,Schlo�garten,4300412,2018,6,15,7,3,0,7,0,1,1,0,0,0,0,0,790938,8675,5827405,918