OBJECTID,LAND,BEZ,LOR,STRASSE,LOR_ab_2021,UJAHR,UMONAT,USTUNDE,UWOCHENTAG,UKATEGORIE,UART,UTYP1,ULICHTVERH,IstRad,IstPKW,IstFuss,IstKrad,IstGkfz,IstSonstig,STRZUSTAND,LINREFX,LINREFY,XGCSWGS84,YGCSWGS84
201435,11,6,6020306,Lankwitz S�d                                                                                        ,6200317,2018,6,7,5,3,5,3,0,0,1,0,1,0,0,0,796327,7515,5816814,18
201436,11,2,2030301,Oranienplatz,2300314,2018,6,14,7,3,1,5,0,1,1,0,0,0,1,0,799941,2679,5825966,447
201437,11,10,10040931,Mahlsdorf Nord                                                                                      ,10400938,2018,6,10,4,3,5,3,0,0,1,0,0,0,0,0,813791,4197,5830051,739
201438,11,9,9010402,Johannisthal Ost,9100409,2018,6,14,7,2,4,6,0,0,1,0,0,0,0,0,806801,76,5818205,131
201439,11,1,1011305,Heine-Viertel West,1100312,2018,6,10,4,3,6,2,0,0,1,1,0,0,0,0,799716,2984,5827361,83
201440,11,11,10010203,Gewerbegebiet Bitterfelder Stra�e                                                                   ,10100205,2018,6,15,5,3,5,2,0,1,1,0,0,0,0,0,806912,4535,5832617,889
201441,11,4,4030623,Ernst-Reuter-Platz,4300622,2018,6,8,4,3,5,3,0,1,1,0,0,0,0,0,793795,5545,5826912,589
201442,11,10,10040931,Mahlsdorf Nord                                                                                      ,10400938,2018,6,11,7,3,2,6,0,0,1,0,0,0,0,1,815206,519,5829139,98
201443,11,1,1033202,Humboldthain S�d,1300835,2018,6,9,4,2,2,6,0,0,1,0,1,0,1,0,797098,9247,5830307,897
201444,11,7,7020203,Kaiser-Wilhelm-Platz,7200409,2018,6,11,7,3,6,4,0,1,0,1,0,0,0,0,795362,323,5824013,115
201445,11,1,1011304,Karl-Marx-Allee,1100311,2018,6,11,7,3,1,5,0,0,1,0,1,0,0,0,799891,8306,5827853,134
201446,11,2,2030302,Lausitzer Platz,2300316,2018,6,7,4,3,2,6,0,1,1,0,0,0,0,0,801452,1214,5826031,261
201447,11,3,3051017,Rennbahnstra�e,3501038,2018,6,8,7,3,5,3,0,0,1,0,0,0,0,0,803829,5506,5832350,575
201448,11,10,10030727,Biesdorf S�d                                                                                        ,10300734,2018,6,16,5,3,5,3,0,0,1,0,1,0,0,0,809103,8149,5825720,993
201449,11,9,9051901,Dammvorstadt,9501939,2018,6,15,7,3,6,4,0,0,1,1,0,0,0,1,810998,7968,5821762,711
201450,11,7,7010104,Dennewitzplatz,7100206,2018,6,7,4,3,0,5,0,1,1,0,0,0,0,0,796124,9423,5824404,645
201451,11,3,3061131,Falkplatz,3601142,2018,6,22,7,3,2,6,2,0,1,0,0,0,0,0,799077,88,5830372,78
201452,11,6,6020410,Oberhofer Platz,6200422,2018,6,16,5,3,2,6,0,0,0,0,1,0,1,0,794079,9662,5817435,989
201453,11,1,1011301,Charit�viertel,1100308,2018,6,21,7,3,6,4,2,0,0,1,1,0,0,0,797113,3612,5829247,63
201454,11,6,6040804,Krumme Lanke,6400838,2018,6,7,4,3,2,6,0,0,1,0,0,0,0,0,788758,5451,5820016,752
201455,11,10,10040830,Kaulsdorf S�d                                                                                       ,10400837,2018,6,19,7,3,5,3,0,0,1,0,1,0,0,0,811424,6212,5824494,738
201456,11,1,1033102,Gesundbrunnen,1300733,2018,6,7,4,3,5,2,0,1,1,0,0,0,0,0,797573,8538,5831890,152
201457,11,3,3061227,Humannplatz,3601243,2018,6,17,5,3,5,3,0,1,1,0,0,0,0,0,799442,2143,5831374,455
201458,11,7,7070707,Wittelsbacherstra�e                                                                                 ,7601548,2018,6,19,7,2,6,4,0,0,1,1,0,0,0,0,800449,3658,5813253,41
201459,11,5,5030731,Gartenfelder Stra�e                                                                                 ,5300737,2018,6,6,4,3,3,6,0,0,1,0,1,0,0,0,787968,2757,5830421,639
201460,11,4,4051652,Nikolsburger Platz,4501149,2018,6,19,7,3,5,5,0,1,1,0,0,0,0,0,793442,9618,5824024,131
201461,11,9,9031001,Bohnsdorf,9301025,2018,6,10,7,3,2,2,0,1,0,0,0,0,1,0,809682,4075,5815221,464
201462,11,2,2040703,Wriezener Bahnhof/Entwicklungsgebiet,2400625,2018,6,6,4,3,5,2,0,1,1,0,0,0,0,0,801753,8631,5826263,439
201463,11,10,10010309,Springpfuhl,10100312,2018,6,9,7,2,5,3,0,1,1,0,0,0,0,0,807687,502,5830166,632
201464,11,9,9041501,Altstadt Kietz,9401534,2018,6,17,5,3,1,1,0,1,1,0,0,0,0,0,810807,183,5820377,396
201465,11,2,2020203,Viktoriapark,2200209,2018,6,8,4,3,5,3,0,1,1,0,0,0,0,0,797274,588,5824526,343
201466,11,3,3050920,Wei�er See,3500933,2018,6,8,7,3,5,3,0,0,1,0,0,0,0,0,802185,5348,5832421,779
201467,11,4,4030725,Amtsgerichtsplatz,4300416,2018,6,21,4,1,5,7,2,0,1,1,0,0,0,0,791725,4253,5826091,26
201468,11,1,1044202,Sparrplatz,1401046,2018,6,17,5,3,2,6,0,0,1,0,0,0,0,0,794883,5846,5830209,627
201469,11,11,11051229,Rummelsburg,11501238,2018,6,7,7,3,5,7,0,0,1,0,0,0,1,0,804068,2938,5825994,301
201470,11,8,8010118,Silbersteinstra�e,8100104,2018,6,18,3,3,5,2,0,1,1,0,0,0,0,0,800231,1067,5822355,8
201471,11,2,2010103,Moritzplatz,2100104,2018,6,12,7,3,0,2,0,1,1,0,0,0,0,0,799328,174,5826226,817
201472,11,11,11030721,R�digerstra�e,11300722,2018,6,7,3,3,5,3,0,1,1,0,0,0,0,0,803689,498,5828618,626
201473,11,7,7040404,Marienh�he,7400826,2018,6,17,5,3,5,3,0,0,1,0,0,0,0,0,796452,6453,5819797,909
201474,11,4,4051654,Wilhelmsaue,4501150,2018,6,16,3,3,5,3,0,1,1,0,0,0,0,0,793696,5944,5823937,828
201475,11,7,7060603,Marienfelde Nordost,7601238,2018,6,10,7,3,5,7,0,0,1,0,0,1,0,0,798416,7814,5815932,628
201476,11,2,2040703,Wriezener Bahnhof/Entwicklungsgebiet,2400625,2018,6,6,7,3,6,4,0,0,1,1,0,0,0,0,801752,205,5826264,603
201477,11,5,5020626,Adamstra�e                                                                                          ,5200631,2018,6,17,3,3,6,7,0,0,1,1,0,0,0,0,784704,4075,5827678,21
201478,11,6,6040806,Fischtal,6400840,2018,6,8,7,2,5,3,0,0,1,0,0,0,0,1,789113,6608,5819585,607
201479,11,3,3040818,Pankow S�d                                                                                          ,3400828,2018,6,21,3,3,0,3,2,1,0,0,0,0,0,0,799856,5167,5832545,181
201480,11,1,1011305,Heine-Viertel West,1100312,2018,6,18,5,3,5,3,0,1,1,0,0,0,0,0,799459,9097,5827068,996
201481,11,3,3050923,Wei�enseer Spitze,3500934,2018,6,18,3,3,0,4,0,0,1,1,0,0,0,0,800388,1444,5831957,96
201482,11,1,1044101,Rehberge,1400938,2018,6,1,7,3,8,1,2,0,1,0,0,0,0,0,794196,4685,5830395,357
201483,11,10,10010308,Marzahner Chaussee,10100311,2018,6,8,3,3,6,4,0,0,1,1,0,0,0,0,806567,8978,5828076,772
201484,11,1,1011203,Unter den Linden S�d,1100206,2018,6,14,3,3,6,4,0,0,1,1,0,0,0,0,798042,9388,5827351,458
201485,11,2,2040502,Friedenstra�e,2400521,2018,6,23,7,3,5,2,2,0,1,0,1,0,0,0,801249,901,5827836,565
201486,11,12,12302110,Dannenwalder Weg,12601235,2018,6,13,3,3,2,2,0,0,1,0,0,0,0,0,794625,7177,5836268,57
201487,11,4,4030519,Kaiserin-Augusta-Allee,4300518,2018,6,13,3,3,5,3,0,1,1,0,0,0,0,0,792653,6184,5827970,917
201488,11,3,3040818,Pankow S�d                                                                                          ,3400826,2018,6,19,6,3,5,7,0,1,1,0,0,0,0,0,798893,8434,5832599,169
201489,11,1,1011201,Wilhelmstra�e                                                                                       ,1100205,2018,6,12,3,3,3,6,0,1,0,0,0,0,0,0,797113,5625,5826476,938
201490,11,1,1011305,Heine-Viertel West,1100312,2018,6,18,6,3,1,5,0,1,1,0,0,0,0,0,799608,527,5826941,809
201491,11,1,1011305,Heine-Viertel West,1100312,2018,6,14,3,3,2,6,0,0,1,0,0,0,0,0,799611,2143,5826948,468
201492,11,1,1011305,Heine-Viertel West,1100310,2018,6,18,6,3,1,5,0,1,1,0,0,0,1,0,799718,909,5827388,275
201493,11,7,7010101,Wittenbergplatz/Viktoria-Luise-Platz,7100101,2018,6,12,3,3,3,6,0,0,0,0,1,0,1,0,794645,1998,5825770,163
201494,11,1,1011306,Heine-Viertel Ost,1100313,2018,6,18,5,3,2,2,0,1,1,0,0,0,0,0,800471,3846,5826679,587
201495,11,2,2020204,Urbanstra�e,2200210,2018,6,14,3,2,5,3,0,1,1,0,0,0,0,0,798637,9423,5825135,338
201496,11,4,4030725,Amtsgerichtsplatz,4300416,2018,6,15,6,3,5,2,0,1,1,0,0,0,0,0,791438,9948,5826068,404
201497,11,6,6030502,Zehlendorf S�d                                                                                      ,6300525,2018,6,14,3,3,5,3,0,1,1,0,0,0,0,0,790333,851,5814657,681
201498,11,8,8030829,Gropiusstadt Nord,8300934,2018,6,12,3,2,0,6,0,0,1,0,1,0,0,0,803467,7574,5818232,27
201499,11,6,6040810,Dahlem,6400844,2018,6,2,6,3,7,7,2,0,1,0,0,0,0,0,790378,761,5820872,337
201500,11,11,11010204,Falkenberg Ost,11100203,2018,6,13,3,3,2,6,0,0,1,0,0,0,0,0,807664,9844,5833617,128
201501,11,1,1011302,Oranienburger Stra�e                                                                                ,1100309,2018,6,18,6,3,5,2,0,0,1,0,1,0,0,1,797846,3535,5828840,741
201502,11,1,1011306,Heine-Viertel Ost,1100313,2018,6,18,5,3,6,2,0,0,1,1,0,0,0,0,800079,395,5826450,358
201503,11,6,6020303,Lankwitz Kirche                                                                                     ,6200313,2018,6,5,6,3,0,6,0,1,1,0,0,0,0,0,795693,9183,5818961,676
201504,11,1,1044101,Rehberge,1400938,2018,6,15,3,3,0,6,0,0,0,0,1,0,1,0,794550,7891,5831558,526
201505,11,8,8010301,Reuterkiez,8100312,2018,6,23,6,3,5,3,2,0,1,0,0,0,0,1,801421,2143,5824133,3
201506,11,11,11030721,R�digerstra�e,11300723,2018,6,15,3,3,2,6,0,1,0,0,0,0,1,0,805209,7302,5828478,677
201507,11,9,9010202,K�penicker Landstra�e,9100203,2018,6,18,5,3,5,2,0,1,1,0,0,0,0,0,803965,174,5823457,65
201508,11,1,1044202,Sparrplatz,1401046,2018,6,22,6,3,6,2,2,0,1,1,0,0,0,1,794607,2464,5829879,548
201509,11,1,1033102,Gesundbrunnen,1300733,2018,6,23,3,3,5,3,2,1,1,0,0,0,0,0,797372,461,5831185,497
201510,11,6,6010103,Markelstra�e                                                                                        ,6100103,2018,6,21,6,3,2,6,2,0,1,0,0,0,1,1,793026,298,5821527,579
201511,11,5,5040936,J�gerallee,5400943,2018,6,20,3,2,5,3,2,1,0,0,0,0,0,0,780845,5593,5819395,574
201512,11,1,1044203,Leopoldplatz,1401048,2018,6,20,3,3,0,1,0,0,0,0,1,0,0,0,795385,3533,5831111,41
201513,11,3,3071536,Teutoburger Platz,3701554,2018,6,13,6,3,3,6,0,1,0,0,1,0,0,0,798728,4164,5830231,276
201514,11,1,1011302,Oranienburger Stra�e                                                                                ,1100309,2018,6,19,3,3,5,3,0,1,1,0,0,0,0,0,798587,683,5828885,823
201515,11,4,4030623,Ernst-Reuter-Platz,4300622,2018,6,20,6,3,3,6,1,0,1,0,0,0,0,1,793223,4146,5826764,821
201516,11,3,3061126,Arnimplatz,3601141,2018,6,20,6,3,2,6,1,0,1,0,0,0,1,1,799208,312,5831433,698
201517,11,1,1011402,Arkonaplatz,1100416,2018,6,18,3,3,1,5,0,1,1,0,0,0,0,0,798564,9391,5829233,439
201518,11,1,1011302,Oranienburger Stra�e                                                                                ,1100309,2018,6,19,6,3,5,2,0,1,1,0,0,0,0,1,798319,4626,5828704,613
201519,11,3,3040614,Pankow Zentrum                                                                                      ,3400723,2018,6,19,6,3,0,1,1,1,0,0,0,0,0,1,798912,6235,5833273,412
201520,11,2,2010102,Mehringplatz,2100102,2018,6,18,3,3,5,3,0,1,1,0,0,0,0,0,798187,9474,5826507,771
201521,11,3,3061131,Falkplatz,3601142,2018,6,19,6,3,6,4,0,1,0,1,0,0,0,1,798942,3825,5830383,967
201522,11,4,4010102,Pl�tzensee,4100101,2018,6,18,3,3,5,2,0,0,1,0,0,0,0,0,793340,7529,5829720,68
201523,11,1,1011102,Gro�er Tiergarten,1100102,2018,6,17,3,3,5,3,0,1,1,0,0,0,0,0,794309,381,5827013,335
201524,11,3,3061227,Humannplatz,3601244,2018,6,18,6,3,5,7,0,0,1,0,1,0,0,0,800174,5018,5831215,227
201525,11,1,1011301,Charit�viertel,1100308,2018,6,18,6,3,1,5,0,1,1,0,0,0,1,0,797397,6671,5828916,124
201526,11,3,3030716,M�rchenland,3300517,2018,6,18,6,3,0,1,0,1,0,0,0,0,0,0,802728,618,5833541,927
201527,11,10,10020622,Kaulsdorf Nord I                                                                                    ,10200629,2018,6,17,3,3,5,2,0,0,1,0,0,0,0,0,810903,1291,5829236,734
201528,11,1,1011103,L�tzowstra�e                                                                                        ,1100103,2018,6,16,6,3,2,6,0,0,1,0,0,0,0,0,795229,5991,5825897,208
201529,11,2,2020204,Urbanstra�e,2200210,2018,6,17,6,3,0,1,0,1,0,0,0,0,0,0,798442,8804,5824926,884
201530,11,2,2010103,Moritzplatz,2100104,2018,6,17,3,3,0,5,0,1,1,0,0,0,1,0,799182,612,5826006,65
201531,11,1,1033203,Humboldthain Nordwest                                                                               ,1300836,2018,6,19,6,2,1,5,1,0,1,0,0,0,0,1,796641,8879,5829804,228
201532,11,12,12214527,Alt-Tegel,12200515,2018,6,19,6,2,3,6,0,0,1,0,1,0,0,0,789983,7648,5835519,201
201533,11,2,2040701,Andreasviertel,2400623,2018,6,17,3,3,2,6,0,1,1,0,0,0,0,0,800518,9425,5827051,282
201534,11,7,7050501,Rathausstra�e                                                                                       ,7501030,2018,6,18,6,2,0,1,0,1,0,0,0,0,0,0,797790,227,5819618,927
201535,11,1,1033101,Soldiner Stra�e                                                                                     ,1300732,2018,6,17,3,3,5,2,0,0,1,0,0,0,0,0,797280,8672,5832224,48
201536,11,7,7040401,Neu-Tempelhof,7400720,2018,6,17,3,3,5,3,0,0,1,0,0,0,0,0,797284,1366,5822702,298
201537,11,7,7050505,Hundsteinweg,7501134,2018,6,17,6,2,1,2,0,0,1,0,1,0,0,0,799177,8985,5819063,21
201538,11,5,5030832,Rohrdamm,5300839,2018,6,16,6,2,6,4,0,0,1,1,0,0,0,0,789008,331,5830587,97
201539,11,11,11041023,Gensinger Stra�e,11401032,2018,6,17,3,3,6,2,0,0,1,1,0,0,0,0,806608,6457,5827753,31
201540,11,4,4041241,Breite Stra�e,4400832,2018,6,21,6,3,0,1,1,0,0,0,1,0,0,1,791274,3542,5822047,456
201541,11,2,2010102,Mehringplatz,2100102,2018,6,16,3,3,5,3,0,1,1,0,0,0,0,0,798309,5938,5825630,401
201542,11,4,4030929,Hindemithplatz,4501040,2018,6,16,3,3,5,3,0,0,1,0,1,0,0,0,792336,9445,5825703,29
201543,11,1,1011102,Gro�er Tiergarten,1100102,2018,6,15,6,3,0,6,0,0,1,0,1,0,0,0,795056,261,5827221,352
201544,11,6,6030503,Zehlendorf Mitte                                                                                    ,6300526,2018,6,16,3,2,6,4,0,0,1,1,0,0,0,0,789565,85,5817954,175
201545,11,3,3071638,Winsstra�e,3701659,2018,6,10,6,3,5,7,0,1,0,0,0,0,1,0,800089,7991,5829439,14
201546,11,5,5030731,Gartenfelder Stra�e                                                                                 ,5300737,2018,6,16,3,3,0,3,0,0,1,0,1,0,0,0,787989,9164,5829742,236
201547,11,9,9020502,Obersch�neweide Ost,9200511,2018,6,14,6,3,3,6,0,0,1,0,1,0,0,0,807683,5519,5822160,521
201548,11,12,12301203,Wittenau S�d                                                                                        ,12500926,2018,6,16,3,3,5,2,0,1,1,0,0,0,0,0,793008,7553,5835695,422
201549,11,4,4030931,Breitscheidplatz,4501042,2018,6,16,3,3,5,2,0,0,1,0,1,0,0,0,793914,246,5825525,917
201550,11,8,8010405,Hertzbergplatz,8100418,2018,6,14,6,3,5,2,0,1,1,0,0,0,0,0,802256,364,5823847,347
201551,11,11,11020412,Hauptstra�e,11200411,2018,6,14,3,2,5,3,0,0,1,0,1,0,0,0,806649,2377,5831222,66
201552,11,1,1011301,Charit�viertel,1100308,2018,6,13,6,3,1,5,0,1,1,0,0,0,1,0,797190,7991,5829156,731
201553,11,5,5020625,Borkumer Stra�e                                                                                     ,5200629,2018,6,12,3,2,6,4,0,0,0,1,0,0,1,0,784690,5382,5828600,969
201554,11,3,3020307,Buchholz,3200309,2018,6,13,6,3,5,3,0,0,1,0,0,0,0,0,800180,3841,5838457,21
201555,11,7,7010102,Nollendorfplatz,7100102,2018,6,12,3,3,2,6,0,0,1,0,0,0,0,0,794991,478,5825109,725
201556,11,12,12103116,Hausotterplatz,12100102,2018,6,13,6,3,6,4,0,0,1,1,0,0,0,0,795869,6662,5833084,939
201557,11,2,2020202,Rathaus Yorckstra�e,2200208,2018,6,12,3,3,3,6,0,1,1,0,0,0,0,0,797596,7092,5825403,626
201558,11,4,4051445,Eisenzahnstra�e,4500939,2018,6,12,6,3,5,7,0,0,0,0,1,0,1,0,792532,5818,5824608,462
201559,11,3,3050920,Wei�er See,3500933,2018,6,13,2,2,3,6,0,0,1,0,0,0,0,0,802767,745,5831865,643
201560,11,11,11030618,Fennpfuhl West,11300618,2018,6,13,2,3,1,5,0,1,1,0,0,0,0,0,802880,1512,5828920,681
201561,11,2,2020203,Viktoriapark,2200208,2018,6,2,6,3,2,6,2,0,1,0,0,0,0,0,797717,8226,5824958,17
201562,11,1,1011401,Invalidenstra�e                                                                                     ,1100415,2018,6,11,2,3,6,4,0,1,0,1,0,0,0,0,797385,8126,5829152,918
201563,11,5,5020625,Borkumer Stra�e                                                                                     ,5200420,2018,6,10,6,3,0,4,0,0,0,1,0,0,1,0,783586,479,5828663,432
201564,11,8,8020625,Handwerker-Siedlung,8200730,2018,6,17,5,3,6,4,0,0,1,1,0,0,0,0,802298,372,5818949,665
201565,11,8,8020625,Handwerker-Siedlung,8200730,2018,6,11,2,3,6,2,0,0,1,1,0,0,0,0,801383,2153,5819284,375
201566,11,6,6030608,Schweizer Viertel,6300632,2018,6,12,5,3,4,6,0,0,1,0,1,0,0,0,791938,406,5817636,64
201567,11,6,6020409,K�nigsberger Stra�e                                                                                 ,6200421,2018,6,10,2,3,5,2,0,0,1,0,0,0,0,0,793474,2147,5817727,899
201568,11,4,4030621,Spreestadt,4300620,2018,6,16,5,3,3,6,0,0,1,0,1,0,0,0,793342,8944,5827836,111
201569,11,4,4051654,Wilhelmsaue,4501150,2018,6,10,2,3,2,3,0,1,1,0,0,0,0,0,794007,6018,5823813,336
201570,11,12,12231102,Frohnau,12400720,2018,6,16,5,2,5,3,0,1,1,0,0,0,0,0,789633,616,5840165,554
201571,11,11,11020514,Gro�e-Leege-Stra�e,11200513,2018,6,17,5,3,0,5,0,1,1,0,0,0,0,0,804346,856,5830820,56
201572,11,3,3061227,Humannplatz,3601244,2018,6,7,2,3,5,3,0,1,1,0,0,0,0,0,800108,108,5831704,894
201573,11,3,3071537,Kollwitzplatz,3701556,2018,6,8,5,3,6,4,0,0,1,1,0,0,0,0,799704,2584,5829242,417
201574,11,11,11030618,Fennpfuhl West,11300618,2018,6,8,5,3,2,6,0,0,1,0,0,0,0,0,802451,837,5828880,45
201575,11,6,6010206,Stadtpark,6100206,2018,6,7,2,3,6,4,0,1,0,1,0,0,0,0,794508,3515,5820003,461
201576,11,7,7040403,Manteuffelstra�e                                                                                    ,7400824,2018,6,22,5,3,8,1,2,0,1,0,0,0,0,0,797869,741,5821888,55
201577,11,5,5030731,Gartenfelder Stra�e                                                                                 ,5300737,2018,6,8,2,3,2,6,0,0,1,0,1,0,0,0,787635,2832,5829395,399
201578,11,5,5010314,Carl-Schurz-Stra�e                                                                                  ,5100316,2018,6,22,5,3,0,2,2,0,1,0,1,0,0,0,784547,2606,5828859,287
201579,11,2,2030301,Oranienplatz,2300417,2018,6,21,5,3,1,5,1,0,1,0,0,0,0,0,800021,9259,5825664,531
201580,11,3,3040614,Pankow Zentrum                                                                                      ,3400722,2018,6,8,2,3,4,1,0,1,1,0,0,0,0,1,798407,7018,5834205,172
201581,11,12,12302212,Rollbergesiedlung,12601032,2018,6,21,5,3,5,3,0,1,1,0,0,0,0,0,793436,4013,5837710,772
201582,11,11,11030720,Herzbergstra�e,11300721,2018,6,9,6,3,2,6,0,0,1,0,0,0,1,0,805186,204,5829429,501
201583,11,2,2020204,Urbanstra�e,2200210,2018,6,8,2,3,2,3,0,0,1,0,1,0,0,0,798338,8213,5825504,15
201584,11,1,1011401,Invalidenstra�e                                                                                     ,1100415,2018,6,13,6,3,0,1,0,1,0,0,0,0,0,0,798269,3976,5829365,126
201585,11,7,7030303,Grazer Platz,7300619,2018,6,20,5,3,5,2,0,1,0,0,1,0,0,0,795892,9366,5820835,542
201586,11,1,1011201,Wilhelmstra�e                                                                                       ,1100205,2018,6,9,2,3,5,3,0,1,1,0,0,0,0,0,797034,3639,5826595,277
201587,11,6,4061757,Forst Grunewald,4200207,2018,6,20,5,2,2,1,0,0,1,0,1,0,0,0,785447,6001,5823785,894
201588,11,2,2020204,Urbanstra�e,2200210,2018,6,19,5,3,0,7,0,1,0,0,0,0,0,0,798370,9216,5825285,521
201589,11,8,8010117,Schillerpromenade,8100103,2018,6,10,2,2,5,2,0,1,1,0,0,0,0,0,800657,6758,5823023,7
201590,11,1,1022206,L�neburger Stra�e                                                                                   ,1200628,2018,6,19,5,2,5,2,0,1,1,0,0,0,0,0,795459,324,5827755,417
201591,11,5,5030730,Zitadellenweg,5300736,2018,6,19,5,2,6,4,0,0,1,1,0,0,0,0,786921,9052,5829989,843
201592,11,4,4030931,Breitscheidplatz,4501042,2018,6,10,2,3,0,5,0,0,1,0,1,0,0,0,793520,52,5825639,661
201593,11,11,11040926,Weitlingstra�e,11400929,2018,6,19,5,3,5,3,0,0,1,0,0,0,0,0,804697,4001,5826658,838
201594,11,7,7060601,Marienfelder Allee Nordwest,7601236,2018,6,9,2,3,3,6,0,0,1,0,0,1,0,0,797292,5277,5817293,669
201595,11,3,3030405,Karow Nord                                                                                          ,3300411,2018,6,9,2,3,0,1,0,1,0,0,0,0,0,0,803961,91,5839728,825
201596,11,1,1011201,Wilhelmstra�e                                                                                       ,1100205,2018,6,19,5,2,6,7,0,0,1,1,0,0,0,0,797331,8453,5826930,743
201597,11,4,4030931,Breitscheidplatz,4501042,2018,6,13,2,3,0,6,0,0,1,0,0,0,1,0,793564,3232,5825754,175
201598,11,4,4030726,Droysenstra�e,4500936,2018,6,14,6,3,0,5,0,1,1,0,0,0,0,0,792058,6928,5825826,473
201599,11,1,1011202,Unter den Linden Nord,1100206,2018,6,14,2,3,5,3,0,0,1,0,0,0,1,0,797546,292,5827762,246
201600,11,2,2020203,Viktoriapark,2200209,2018,6,18,5,3,5,2,0,0,1,0,1,0,0,0,796809,728,5823979,396
201601,11,9,9051901,Dammvorstadt,9501941,2018,6,16,6,3,5,3,0,0,1,0,0,0,0,0,811061,1684,5821225,454
201602,11,2,2050803,Stralauer Kiez,2500835,2018,6,18,5,3,5,2,0,1,1,0,0,0,0,0,803027,266,5825730,507
201603,11,10,10010204,Wuhletalstra�e                                                                                      ,10100206,2018,6,18,2,3,5,3,0,1,0,0,0,0,1,0,809136,4122,5833074,857
201604,11,11,11030618,Fennpfuhl West,11300617,2018,6,18,5,3,5,3,0,1,1,0,0,0,0,0,802943,6719,5829203,248
201605,11,1,1033203,Humboldthain Nordwest                                                                               ,1300836,2018,6,13,1,3,1,5,0,1,1,0,0,0,0,0,796349,5103,5830756,627
201606,11,2,2030301,Oranienplatz,2300314,2018,6,17,1,3,6,2,0,1,0,1,0,0,0,1,800126,8537,5825897,756
201607,11,1,1033202,Humboldthain S�d,1300835,2018,6,18,5,3,5,3,0,1,1,0,0,0,0,0,797795,9953,5830051,945
201608,11,9,9051702,B�lschestra�e,9501737,2018,6,18,1,3,0,2,0,1,1,0,0,0,0,1,814250,3155,5821230,683
201609,11,12,12103218,Teichstra�e,12100205,2018,6,23,1,3,5,2,2,1,0,0,0,0,1,0,794846,4377,5833744,714
201610,11,2,2010104,Wassertorplatz,2100106,2018,6,17,5,3,3,6,0,1,1,0,0,0,0,0,799805,9123,5825701,407
201611,11,11,11030619,Fennpfuhl Ost,11300620,2018,6,20,1,2,5,7,1,0,1,0,0,0,0,0,803671,477,5829503,888
201612,11,11,11051229,Rummelsburg,11501238,2018,6,18,5,2,5,2,0,0,1,0,1,0,0,0,804077,7,5825988,599
201613,11,8,8030831,Gropiusstadt Ost,8301037,2018,6,20,1,2,5,2,0,0,1,0,0,0,0,1,804138,8655,5817811,99
201614,11,4,4051655,Babelsberger Stra�e,4501153,2018,6,17,5,3,5,3,0,1,1,0,0,0,0,0,794030,6402,5824017,587
201615,11,4,4030931,Breitscheidplatz,4501042,2018,6,19,1,3,2,2,0,0,1,0,0,0,0,0,793918,4967,5825534,544
201616,11,4,4030931,Breitscheidplatz,4501042,2018,6,17,5,3,5,2,0,1,1,0,0,0,0,0,793923,7658,5825535,155
201617,11,3,3061227,Humannplatz,3601243,2018,6,19,1,2,5,3,0,0,1,0,0,0,1,1,799678,73,5831261,708
201618,11,1,1011302,Oranienburger Stra�e                                                                                ,1100309,2018,6,16,5,3,0,7,0,1,0,0,0,0,0,0,798941,7332,5828388,398
201619,11,4,4010103,Paul-Hertz-Siedlung,4100102,2018,6,18,1,3,0,6,0,0,1,0,1,0,0,1,791150,6955,5829113,336
201620,11,8,8010213,K�rnerpark,8100208,2018,6,18,1,3,2,6,0,0,1,0,0,0,0,1,801645,586,5822542,621
201621,11,1,1011301,Charit�viertel,1100308,2018,6,15,5,3,0,1,0,1,0,0,0,0,0,0,797102,309,5828020,781
201622,11,1,1011303,Alexanderplatzviertel,1100310,2018,6,16,1,3,1,5,0,1,1,0,0,0,0,1,798985,8618,5828552,194
201623,11,12,12214126,Tegel S�d                                                                                           ,12200413,2018,6,19,6,2,8,1,0,1,0,0,0,0,0,0,789673,9341,5833891,878
201624,11,12,12214125,Waldidyll/Flughafensee,12200412,2018,6,14,1,3,5,2,0,1,0,0,0,0,1,1,791125,2494,5833981,718
201625,11,1,1033201,Brunnenstra�e                                                                                       ,1300834,2018,6,15,5,3,5,2,0,1,1,0,0,0,0,0,798437,1716,5830185,13
201626,11,9,9031101,Gr�nau,9301126,2018,6,14,1,3,5,3,0,0,1,0,0,0,0,0,809956,948,5817908,123
201627,11,8,8030829,Gropiusstadt Nord,8300934,2018,6,15,5,3,2,6,0,0,1,0,0,0,0,0,802823,6176,5818228,622
201628,11,11,11020513,Orankesee,11200512,2018,6,15,5,3,0,5,0,1,1,0,0,0,0,0,803355,3807,5831359,772
201629,11,3,3040513,Sch�nholz,3400620,2018,6,14,1,3,0,2,0,0,1,0,1,0,0,0,796761,33,5834006,873