OBJECTID,LAND,BEZ,LOR,STRASSE,LOR_ab_2021,UJAHR,UMONAT,USTUNDE,UWOCHENTAG,UKATEGORIE,UART,UTYP1,ULICHTVERH,IstRad,IstPKW,IstFuss,IstKrad,IstGkfz,IstSonstig,STRZUSTAND,LINREFX,LINREFY,XGCSWGS84,YGCSWGS84
201630,11,7,7040403,Manteuffelstra�e                                                                                    ,7400824,2018,6,14,5,3,0,2,0,1,1,0,0,0,0,0,797851,529,5821927,659
201631,11,12,1033101,Soldiner Stra�e                                                                                     ,1300730,2018,6,8,6,3,2,6,0,0,0,0,1,0,1,0,796639,4295,5832395,734
201632,11,3,3061131,Falkplatz,3601142,2018,6,13,1,3,5,3,0,1,1,0,0,0,0,0,798871,2885,5830456,561
201633,11,1,1011401,Invalidenstra�e                                                                                     ,1100415,2018,6,8,6,3,1,5,0,1,1,0,0,0,0,0,797622,3922,5829327,937
201634,11,7,7020204,Sch�neberger Insel,7200414,2018,6,13,1,3,0,7,0,0,1,0,1,0,0,0,796308,9352,5824178,83
201635,11,9,9020601,Schnellerstra�e                                                                                     ,9200613,2018,6,7,5,3,5,3,0,1,0,0,0,0,1,0,805795,1735,5821842,911
201636,11,2,2010103,Moritzplatz,2100105,2018,6,10,6,3,2,2,0,1,1,0,0,0,0,0,799144,102,5825793,934
201637,11,10,10010206,Ringkolonnaden,10100209,2018,6,11,1,3,4,5,0,0,1,0,0,0,0,0,809360,6577,5831917,261
201638,11,1,1044103,Westliche M�llerstra�e                                                                              ,1400942,2018,6,7,5,3,3,6,0,1,1,0,0,0,0,0,794646,1473,5830497,591
201639,11,6,6040703,Nikolassee,6400737,2018,6,11,1,2,5,3,0,1,1,0,0,0,0,0,787700,4262,5821696,522
201640,11,3,3061131,Falkplatz,3601142,2018,6,7,5,3,5,2,0,1,1,0,0,0,0,0,799175,4399,5831110,204
201641,11,2,2040702,Weberwiese,2400624,2018,6,8,5,3,1,5,0,1,1,0,0,0,0,0,801723,6395,5827424,2
201642,11,4,4061757,Forst Grunewald,4200207,2018,6,10,1,3,6,4,0,1,0,1,0,0,0,0,789214,4177,5824012,673
201643,11,2,2030301,Oranienplatz,2300314,2018,6,9,5,3,6,4,0,1,0,1,0,0,0,0,799857,7914,5825838,471
201644,11,3,3050923,Wei�enseer Spitze,3500934,2018,6,9,5,3,2,6,0,0,1,0,1,0,0,0,800206,7565,5832143,554
201645,11,6,6040805,Fischerh�ttenstra�e                                                                                 ,6400839,2018,6,9,1,3,0,3,0,1,1,0,0,0,0,0,788361,271,5817772,457
201646,11,8,8030830,Gropiusstadt S�d,8300935,2018,6,9,5,3,3,6,0,0,1,0,1,0,0,0,802266,2421,5817811,549
201647,11,12,12214125,Waldidyll/Flughafensee,12200414,2018,6,21,6,3,5,3,1,1,1,0,0,0,0,0,791249,903,5830915,159
201648,11,9,9020802,K�llnische Vorstadt                                                                                 ,9200819,2018,6,9,1,3,5,3,0,0,1,0,0,0,0,0,810491,5066,5820154,83
201649,11,3,3061227,Humannplatz,3601244,2018,6,10,5,3,2,6,0,0,1,0,0,1,0,0,800280,5574,5831602,847
201650,11,1,1011304,Karl-Marx-Allee,1100311,2018,6,2,1,3,5,2,2,0,1,0,0,0,0,0,799734,7099,5827562,428
201651,11,7,7040404,Marienh�he,7400826,2018,6,11,5,3,5,2,0,1,1,0,0,0,0,0,796517,8948,5819858,47
201652,11,7,7040403,Manteuffelstra�e                                                                                    ,7400825,2018,6,11,5,3,1,5,0,1,1,0,0,0,0,0,797443,9456,5820553,254
201653,11,6,6020411,Sch�tte-Lanz-Stra�e                                                                                 ,6200423,2018,6,16,1,3,0,7,0,0,0,0,1,0,0,0,793386,6102,5816217,652
201654,11,3,3010101,Bucher Forst,3100101,2018,6,13,5,3,6,2,0,0,1,1,0,0,0,0,803926,1233,5841361,318
201655,11,1,1044202,Sparrplatz,1401047,2018,6,13,5,3,6,2,0,0,1,1,0,0,0,0,795511,2262,5830736,22
201656,11,4,4020314,Messegel�nde,4200311,2018,6,12,1,2,0,1,0,1,0,0,0,0,0,0,790029,6234,5825225,984
201657,11,7,7070701,Kettinger Stra�e/Schillerstra�e                                                                     ,7601442,2018,6,13,5,3,5,2,0,0,1,0,1,0,0,0,799687,6902,5815156,227
201658,11,1,1011203,Unter den Linden S�d,1100206,2018,6,13,5,3,5,3,0,1,1,0,0,0,0,0,797598,8897,5827222,181
201659,11,5,5030730,Zitadellenweg,5300735,2018,6,6,1,3,9,1,0,0,0,0,1,0,0,0,786449,844,5830937,649
201660,11,8,8010301,Reuterkiez,8100312,2018,6,13,5,3,2,6,0,0,1,0,0,0,0,0,801097,927,5824155,3
201661,11,2,2030301,Oranienplatz,2300314,2018,6,18,1,3,0,1,0,1,0,0,0,0,0,0,799944,6837,5825744,453
201662,11,2,2020206,Graefekiez,2200213,2018,6,17,7,3,5,3,0,1,0,0,1,0,0,0,799550,9607,5824899,111
201663,11,1,1022103,Westhafen,1200517,2018,6,14,5,3,2,6,0,0,1,0,0,0,0,0,793517,406,5829306,482
201664,11,12,12214422,Klixstra�e                                                                                          ,12200310,2018,6,17,6,3,0,1,0,0,0,0,1,0,0,0,792141,6033,5833245,659
201665,11,3,3020307,Buchholz,3200309,2018,6,9,5,2,5,3,0,1,1,0,0,0,0,0,800148,7485,5837865,626
201666,11,9,9020502,Obersch�neweide Ost,9200512,2018,6,17,7,3,2,2,0,0,1,0,0,0,0,0,807894,8261,5822051,453
201667,11,10,10010309,Springpfuhl,10100312,2018,6,10,5,3,5,3,0,0,1,0,0,0,0,0,808222,3341,5829259,357
201668,11,4,4020204,Olympiagel�nde,4200203,2018,6,9,7,3,5,2,0,1,1,0,0,0,0,0,788295,9043,5826859,937
201669,11,1,1011302,Oranienburger Stra�e                                                                                ,1100309,2018,6,19,2,3,5,3,0,1,1,0,0,0,0,0,797943,8533,5828778,483
201670,11,12,12224230,Heiligensee,12400618,2018,6,12,6,3,0,5,0,1,0,0,0,0,1,0,785958,128,5839267,64
201671,11,6,6010209,Feuerbachstra�e                                                                                     ,6100209,2018,6,3,7,3,6,7,2,1,0,1,0,0,0,0,794707,5659,5821542,401
201672,11,6,6040810,Dahlem,6400844,2018,6,10,5,2,5,3,0,0,1,0,0,0,0,0,790316,5093,5820305,136
201673,11,2,2010104,Wassertorplatz,2100105,2018,6,14,7,3,6,4,0,0,1,1,0,0,0,0,799443,9053,5825667,42
201674,11,5,5010209,An der Kappe,5100211,2018,6,23,7,3,5,2,2,0,1,0,0,0,0,0,783242,9037,5830287,71
201675,11,6,6020410,Oberhofer Platz,6200422,2018,6,13,5,3,5,3,0,0,1,0,0,0,0,0,794728,1754,5816699,702
201676,11,1,2040701,Andreasviertel,2400623,2018,6,20,7,3,5,3,0,1,1,0,0,0,0,0,800174,3314,5827350,516
201677,11,7,7060603,Marienfelde Nordost,7601238,2018,6,20,7,2,2,6,0,0,1,0,1,0,0,0,797390,44,5817459,913
201678,11,7,7010102,Nollendorfplatz,7100102,2018,6,14,5,2,0,5,0,0,1,0,1,0,0,0,795104,2491,5825828,311
201679,11,2,2030402,Wrangelkiez,2300419,2018,6,19,7,3,6,7,0,0,1,1,0,0,0,0,801565,176,5825457,403
201680,11,10,10010308,Marzahner Chaussee,10100311,2018,6,14,6,3,5,2,0,1,1,0,0,0,0,0,806350,6695,5830182,182
201681,11,10,10040932,Alt-Mahlsdorf,10400939,2018,6,11,5,3,0,1,0,1,0,0,0,0,0,0,813031,58,5827677,764
201682,11,1,1033201,Brunnenstra�e                                                                                       ,1300834,2018,6,20,7,3,0,7,0,0,1,0,1,0,0,0,797763,562,5830729,99
201683,11,9,9020502,Obersch�neweide Ost,9200512,2018,6,13,5,3,0,1,0,1,0,0,0,0,0,0,808115,5965,5821899,213
201684,11,3,3010102,Buch,3100103,2018,6,19,7,3,2,6,0,0,1,0,0,0,0,0,804506,3644,5840922,886
201685,11,6,6020303,Lankwitz Kirche                                                                                     ,6200313,2018,6,19,2,3,3,6,0,0,1,0,0,0,0,0,795286,5661,5818573,961
201686,11,12,12103218,Teichstra�e,12100205,2018,6,18,7,3,2,6,0,0,1,0,0,1,0,0,795262,3942,5833286,301
201687,11,2,2040502,Friedenstra�e,2400521,2018,6,11,5,3,6,4,0,0,1,1,0,0,0,0,801173,9343,5828622,601
201688,11,12,12214422,Klixstra�e                                                                                          ,12200310,2018,6,18,7,3,0,5,0,0,1,0,0,0,1,0,791887,4279,5833474,998
201689,11,1,1011201,Wilhelmstra�e                                                                                       ,1100205,2018,6,8,6,2,0,2,0,1,1,0,0,0,0,0,796964,3005,5827041,735
201690,11,5,5020626,Adamstra�e                                                                                          ,5200630,2018,6,12,4,3,2,6,0,0,1,0,0,0,0,0,784537,8854,5827987,262
201691,11,7,7040404,Marienh�he,7400826,2018,6,17,7,3,0,3,0,0,1,0,1,0,0,0,796704,9788,5820695,831
201692,11,1,1033203,Humboldthain Nordwest                                                                               ,1300836,2018,6,9,4,3,3,6,0,1,0,0,0,1,0,0,796450,5737,5829960,476
201693,11,11,11041023,Gensinger Stra�e,11401033,2018,6,19,2,3,5,7,0,0,1,0,0,0,1,0,806657,5646,5827755,458
201694,11,12,12103117,Letteplatz,12100101,2018,6,16,4,3,6,4,0,0,1,1,0,0,0,0,795798,142,5832709,61
201695,11,4,4030725,Amtsgerichtsplatz,4300416,2018,6,17,7,2,5,3,0,0,1,0,1,0,0,0,791293,3268,5826057,734
201696,11,5,5020521,D�beritzer Weg,5200524,2018,6,17,7,2,0,7,0,0,1,0,0,0,0,0,779605,3987,5827826,168
201697,11,3,3051017,Rennbahnstra�e,3501038,2018,6,9,4,3,5,7,0,0,1,0,0,0,0,0,804465,2629,5832658,158
201698,11,2,2050803,Stralauer Kiez,2500835,2018,6,17,7,3,5,5,0,0,1,0,0,0,0,0,802732,5058,5826127,901
201699,11,7,7030301,Friedenau,7300516,2018,6,14,4,3,0,3,0,0,1,0,0,0,1,0,793999,8277,5821555,169
201700,11,4,4020313,K�nigin-Elisabeth-Stra�e,4200311,2018,6,16,7,3,2,6,0,0,1,0,0,0,0,0,790453,339,5826017,226
201701,11,4,4010102,Pl�tzensee,4100101,2018,6,19,4,3,5,2,0,1,0,0,1,0,0,0,793357,274,5829666,251
201702,11,1,1011304,Karl-Marx-Allee,1100311,2018,6,15,7,3,5,2,0,0,1,0,0,0,0,0,799734,7099,5827562,428
201703,11,7,7040401,Neu-Tempelhof,7400721,2018,6,18,2,3,5,2,0,1,1,0,0,0,0,0,797755,2275,5822532,624
201704,11,4,4051654,Wilhelmsaue,4501150,2018,6,14,7,3,1,5,0,1,0,0,0,0,1,0,793690,9414,5823956,609
201705,11,5,5020625,Borkumer Stra�e                                                                                     ,5200629,2018,6,16,4,3,3,6,0,0,1,0,1,0,0,0,784695,7646,5828533,413
201706,11,1,1011204,Leipziger Stra�e                                                                                    ,1100207,2018,6,14,7,3,5,2,0,0,1,0,1,0,0,0,798697,7014,5827085,119
201707,11,3,3040614,Pankow Zentrum                                                                                      ,3400725,2018,6,16,4,3,2,2,0,0,1,0,1,0,0,0,800048,4075,5835699,473
201708,11,3,3061430,Volkspark Prenzlauer Berg,3601450,2018,6,16,4,3,2,6,0,0,1,0,0,1,0,0,801731,8302,5830072,829
201709,11,1,1022101,Huttenkiez,1200517,2018,6,14,7,3,6,4,0,0,1,1,0,0,0,0,793521,3431,5829265,259
201710,11,8,8030831,Gropiusstadt Ost,8301036,2018,6,16,4,3,6,2,0,0,1,1,0,0,0,0,803879,8488,5818172,27
201711,11,4,4030519,Kaiserin-Augusta-Allee,4300518,2018,6,18,2,3,5,2,0,1,1,0,0,0,0,0,792061,5819,5828220,707
201712,11,4,4051551,Brabanter Platz,4501148,2018,6,14,4,3,5,3,0,1,1,0,0,0,0,0,792928,6764,5823070,949
201713,11,2,2010104,Wassertorplatz,2100106,2018,6,14,7,2,5,2,0,0,1,0,0,0,0,0,799063,639,5825597,272
201714,11,2,2050801,Traveplatz,2500831,2018,6,14,4,3,5,3,0,1,1,0,0,0,0,0,802812,6141,5827292,221
201715,11,3,3040614,Pankow Zentrum                                                                                      ,3400725,2018,6,13,7,3,5,3,0,1,1,0,0,0,0,0,799690,392,5835448,36
201716,11,2,2050802,Boxhagener Platz,2500833,2018,6,18,2,3,0,7,0,0,1,0,0,0,0,0,802139,4356,5827143,837
201717,11,8,8010212,Rollberg,8100207,2018,6,12,7,3,0,3,0,1,0,0,0,0,1,0,800712,8657,5823415,378
201718,11,3,3040614,Pankow Zentrum                                                                                      ,3400721,2018,6,13,4,3,0,5,0,1,1,0,0,0,0,0,797809,666,5832987,97
201719,11,7,7050504,Imbrosweg,7501032,2018,6,18,4,2,0,5,0,0,1,0,0,0,1,0,799435,2495,5819332,79
201720,11,11,11030824,Frankfurter Allee S�d,11300826,2018,6,12,7,3,2,2,0,0,1,0,1,0,0,0,804726,3464,5827346,767
201721,11,9,9041403,Allende II,9401433,2018,6,20,4,3,5,3,0,0,1,0,0,0,0,0,812460,2103,5820043,51
201722,11,9,9020701,Adlershof West,9200715,2018,6,9,7,3,5,3,0,0,1,0,0,0,0,0,808293,1462,5818594,729
201723,11,8,8020727,Buckow Mitte,8200832,2018,6,18,4,3,5,2,0,0,1,0,0,0,0,0,801499,5921,5817727,269
201724,11,11,11030720,Herzbergstra�e,11300721,2018,6,13,4,3,0,2,0,0,1,0,0,0,1,0,804594,897,5829941,49
201725,11,11,11041128,Sewanstra�e,11401137,2018,6,10,7,3,5,3,0,1,1,0,0,0,0,0,806984,7065,5825775,311
201726,11,10,10040931,Mahlsdorf Nord                                                                                      ,10400938,2018,6,13,4,3,5,3,0,0,1,0,0,1,0,0,814205,8,5830068,156
201727,11,1,1022103,Westhafen,1200517,2018,6,12,4,3,5,2,0,0,1,0,1,0,0,0,793690,3631,5829196,19
201728,11,4,4051653,Prager Platz,4501152,2018,6,10,7,3,0,3,0,0,1,0,1,0,0,0,794211,4459,5824771,377
201729,11,7,7060604,Marienfelde S�d,7601339,2018,6,12,4,3,6,7,0,0,0,1,0,0,1,0,795636,6777,5816072,847
201730,11,12,12214527,Alt-Tegel,12200515,2018,6,11,7,3,2,6,0,0,1,0,1,0,0,0,790245,4453,5835084,415
201731,11,5,5010310,Eckschanze,5100312,2018,6,12,7,3,6,4,0,0,1,1,0,0,0,0,784616,474,5830858,264
201732,11,1,1011201,Wilhelmstra�e                                                                                       ,1100205,2018,6,12,4,3,2,6,0,0,1,0,0,0,0,0,797134,2929,5827317,45
201733,11,1,1011402,Arkonaplatz,1100416,2018,6,13,7,3,5,2,0,1,1,0,0,0,0,0,798676,818,5829457,174
201734,11,5,5030731,Gartenfelder Stra�e                                                                                 ,5300737,2018,6,15,6,3,5,3,0,0,1,0,1,0,0,0,788001,7676,5830197,739
201735,11,1,1011201,Wilhelmstra�e                                                                                       ,1100205,2018,6,12,4,3,0,7,0,0,0,0,1,0,0,0,797038,1547,5826582,44
201736,11,1,1022207,Hansaviertel,1200629,2018,6,9,7,3,5,3,0,0,1,0,0,0,0,0,794393,5961,5827610,474
201737,11,4,4051446,Preu�enpark,4501043,2018,6,10,4,3,5,7,0,0,1,0,0,0,0,0,792749,3376,5824456,812
201738,11,1,1011104,K�rnerstra�e                                                                                        ,1100104,2018,6,16,6,3,2,6,0,0,1,0,0,0,0,0,796135,633,5825696,709
201739,11,1,1033102,Gesundbrunnen,1300733,2018,6,10,4,3,1,5,0,1,1,0,0,0,0,0,797088,4987,5831426,684
201740,11,8,8020726,Buckow West,8200831,2018,6,11,7,3,2,6,0,0,1,0,0,0,0,0,799331,5465,5816284,358
201741,11,7,7040403,Manteuffelstra�e                                                                                    ,7400823,2018,6,10,4,3,2,6,0,0,1,0,1,0,0,0,797326,636,5822158,746
201742,11,2,2030302,Lausitzer Platz,2300315,2018,6,3,7,2,0,1,1,1,0,0,0,0,0,0,800673,884,5825810,583
201743,11,1,1044102,Schillerpark,1400939,2018,6,15,7,3,5,3,0,0,0,0,1,0,1,0,795276,622,5831733,399
201744,11,9,9010201,Am Treptower Park S�d,9100202,2018,6,9,4,3,9,1,0,1,0,0,0,0,0,0,803157,6487,5824073,722
201745,11,4,4020209,Eichkamp,4200207,2018,6,17,6,3,5,3,0,1,1,0,0,0,0,0,789215,8558,5824419,914
201746,11,1,1011103,L�tzowstra�e                                                                                        ,1100103,2018,6,14,6,3,5,3,0,1,1,0,0,0,0,0,795334,6613,5826147,3
201747,11,1,1044203,Leopoldplatz,1401048,2018,6,8,4,3,2,6,0,0,1,0,0,0,0,0,795230,807,5831399,197
201748,11,7,7070704,Nahariyastra�e                                                                                      ,7601545,2018,6,18,6,3,0,2,0,1,1,0,0,0,0,0,800300,9359,5813542,967
201749,11,4,4010102,Pl�tzensee,4100101,2018,6,7,4,3,3,6,0,0,1,0,0,0,0,0,792266,368,5830682,995
201750,11,6,6030609,Augustaplatz,6300633,2018,6,8,6,3,0,7,0,1,0,0,0,0,0,0,792979,8654,5817846,727
201751,11,10,10010308,Marzahner Chaussee,10100311,2018,6,6,4,3,3,6,0,0,1,0,0,1,0,0,807611,7904,5830735,291
201752,11,7,7040401,Neu-Tempelhof,7400721,2018,6,12,6,3,5,3,0,1,1,0,0,0,0,0,797836,2656,5822536,387
201753,11,9,9051901,Dammvorstadt,9501939,2018,6,20,6,3,6,6,0,0,1,1,0,0,0,0,811043,4002,5821582,7
201754,11,4,4041136,Hagenplatz,4400728,2018,6,4,4,3,1,1,1,0,1,0,0,0,0,0,789800,4564,5823557,108
201755,11,7,7030303,Grazer Platz,7300619,2018,6,18,6,3,5,7,0,1,1,0,0,0,0,0,795350,1708,5821428,105
201756,11,4,4020310,Park Ruhwald,4200308,2018,6,1,4,3,1,5,2,0,1,0,0,0,0,0,790388,6242,5827307,521
201757,11,9,9051901,Dammvorstadt,9501941,2018,6,17,6,3,3,2,0,0,1,0,1,0,0,0,812054,7199,5821187,989
201758,11,9,9052001,K�penick Nord                                                                                       ,9502043,2018,6,18,2,2,6,4,0,0,1,1,0,0,0,0,810603,27,5823227,162
201759,11,7,7070703,John-Locke-Stra�e                                                                                   ,7601544,2018,6,17,6,3,6,7,0,0,1,1,0,0,0,0,799653,775,5813177,207
201760,11,12,12214125,Waldidyll/Flughafensee,12200414,2018,6,14,4,3,1,5,0,0,1,0,0,0,1,0,791092,5714,5831273,844
201761,11,4,4041134,Bismarckallee,4400726,2018,6,17,6,3,3,6,0,1,1,0,0,0,0,0,790850,3947,5823670,667
201762,11,6,6030605,Botanischer Garten,6300629,2018,6,16,6,3,0,2,0,1,1,0,0,0,0,0,791864,63,5819147,303
201763,11,5,5020417,Staakener Stra�e                                                                                    ,5200420,2018,6,7,4,1,5,2,0,1,0,0,0,1,0,0,783581,2157,5828668,533
201764,11,5,5020625,Borkumer Stra�e                                                                                     ,5200629,2018,6,19,6,3,2,6,1,0,1,0,0,0,0,0,784656,455,5828477,188
201765,11,1,1011302,Oranienburger Stra�e                                                                                ,1100309,2018,6,13,3,3,2,6,0,0,1,0,0,0,0,0,798363,8319,5829036,144
201766,11,1,1033102,Gesundbrunnen,1300733,2018,6,18,2,2,1,5,0,1,1,0,0,0,0,0,797093,3735,5831442,386
201767,11,4,4051655,Babelsberger Stra�e,4501153,2018,6,15,3,3,1,5,0,1,1,0,0,0,0,0,794179,3156,5823791,484
201768,11,2,2040701,Andreasviertel,2400623,2018,6,20,6,3,1,5,1,1,1,0,0,0,0,0,800655,9337,5827462,651
201769,11,1,1022106,Elberfelder Stra�e                                                                                  ,1200522,2018,6,15,3,3,5,2,0,1,1,0,0,0,0,0,793697,715,5828017,175
201770,11,8,8010404,Rixdorf,8100417,2018,6,16,6,3,5,2,0,1,1,0,0,0,0,0,802343,7243,5822760,13
201771,11,11,11030619,Fennpfuhl Ost,11300620,2018,6,18,2,3,5,2,0,0,1,0,0,0,0,0,803548,8019,5829752,365
201772,11,1,1011101,St�lerstra�e                                                                                        ,1100101,2018,6,10,6,2,3,6,0,0,1,0,0,0,0,0,795122,5915,5825908,909
201773,11,6,6010101,Fichtenberg,6100101,2018,6,16,6,3,6,4,0,1,0,1,0,0,0,0,793287,4989,5820470,175
201774,11,8,8041038,Wa�mannsdorfer Chaussee,8401244,2018,6,15,3,3,0,6,0,0,1,0,1,0,0,0,805714,8772,5816772,779
201775,11,7,7010102,Nollendorfplatz,7100102,2018,6,20,6,3,1,5,0,1,1,0,0,0,0,0,795184,2527,5825342,326
201776,11,3,3030716,M�rchenland,3300517,2018,6,21,3,3,0,1,1,0,0,0,1,0,0,0,804812,141,5837407,584
201777,11,5,5030730,Zitadellenweg,5300736,2018,6,20,3,2,1,7,0,0,1,0,0,0,1,0,786090,699,5829143,68
201778,11,6,6010102,Schlo�stra�e                                                                                        ,6100102,2018,6,20,6,3,6,4,0,0,1,1,0,0,0,0,793520,2961,5820658,563
201779,11,5,5010312,Kurstra�e                                                                                           ,5100314,2018,6,14,3,3,2,2,0,0,1,0,0,0,1,0,784818,582,5830268,373
201780,11,1,1022201,Stephankiez,1200623,2018,6,17,2,3,3,6,0,1,1,0,0,0,0,0,795388,4891,5829492,551
201781,11,11,11040926,Weitlingstra�e,11400929,2018,6,14,3,3,5,3,0,0,1,0,0,0,0,0,804770,6509,5826415,161
201782,11,1,1011402,Arkonaplatz,1100416,2018,6,21,6,3,5,3,0,1,1,0,0,0,0,0,798729,8663,5829565,338
201783,11,8,8020622,Parchimer Allee,8200726,2018,6,14,3,3,6,7,0,0,1,1,0,0,0,0,801501,8483,5820457,94
201784,11,11,11020514,Gro�e-Leege-Stra�e,11200513,2018,6,16,2,3,5,2,0,1,1,0,0,0,0,0,804372,3614,5830844,854
201785,11,4,4030929,Hindemithplatz,4501040,2018,6,14,3,3,2,6,0,0,1,0,0,0,0,0,792709,8453,5825556,51
201786,11,4,4041137,Flinsberger Platz,4400727,2018,6,15,6,2,5,3,0,1,1,0,0,0,0,0,790951,5568,5823031,413
201787,11,2,2030301,Oranienplatz,2300314,2018,6,13,3,3,0,5,0,1,1,0,0,0,0,0,799844,2164,5825802,285
201788,11,11,11020514,Gro�e-Leege-Stra�e,11200513,2018,6,15,6,3,3,6,0,0,1,0,1,0,0,0,804455,2927,5830926,525
201789,11,10,10040830,Kaulsdorf S�d                                                                                       ,10400837,2018,6,16,2,3,5,3,0,0,1,0,1,0,0,0,810766,5627,5826508,938
201790,11,3,3050923,Wei�enseer Spitze,3500934,2018,6,12,3,2,6,4,0,0,1,1,0,0,0,0,801053,6803,5831659,43
201791,11,1,1011401,Invalidenstra�e                                                                                     ,1100415,2018,6,15,6,3,0,6,0,1,0,0,0,0,1,0,798215,3263,5829357,78
201792,11,8,8020619,Buschkrugallee Nord,8200622,2018,6,14,3,3,3,6,0,0,1,0,1,0,0,0,801247,8808,5821584,114
201793,11,9,9041501,Altstadt Kietz,9401534,2018,6,13,6,3,5,3,0,1,1,0,0,0,0,0,810883,6217,5820660,769
201794,11,2,2040701,Andreasviertel,2400623,2018,6,15,3,3,5,2,0,0,1,1,1,0,0,0,801051,8871,5827067,481
201795,11,1,1033102,Gesundbrunnen,1300733,2018,6,14,6,3,1,5,0,1,1,0,0,0,0,0,797048,8428,5831564,778
201796,11,2,2020201,Gleisdreieck/Entwicklungsgebiet,2200207,2018,6,16,3,3,3,6,0,0,1,0,1,0,0,0,796819,582,5826051,147
201797,11,4,4030623,Ernst-Reuter-Platz,4300622,2018,6,16,2,3,8,1,0,1,0,0,0,0,0,0,793527,831,5826085,28
201798,11,4,4020310,Park Ruhwald,4200308,2018,6,13,6,3,3,6,0,0,1,0,0,1,0,0,788908,8233,5827616,443
201799,11,4,4030929,Hindemithplatz,4501040,2018,6,16,3,3,5,5,0,1,1,0,0,0,0,0,792711,1123,5825612,928
201800,11,4,4020311,Reichsstra�e,4200310,2018,6,12,6,3,2,6,0,0,1,0,1,0,0,0,789223,44,5826009,36
201801,11,4,4030930,George-Grosz-Platz,4501041,2018,6,16,2,3,5,7,0,0,1,0,0,0,0,0,793133,7619,5825598,719
201802,11,3,3040818,Pankow S�d                                                                                          ,3400829,2018,6,17,3,3,2,2,0,0,1,0,0,0,0,0,800024,289,5832903,103
201803,11,6,6020301,Alt-Lankwitz,6200311,2018,6,13,6,3,0,6,0,0,1,0,1,0,0,0,795875,1383,5819157,438
201804,11,4,4030930,George-Grosz-Platz,4501041,2018,6,16,3,3,0,6,0,0,1,0,0,0,1,0,792747,1865,5825472,325
201805,11,7,7040405,Rathaus Tempelhof,7400927,2018,6,15,6,2,3,6,0,1,0,0,1,0,0,0,798109,966,5821903,181
201806,11,1,1033202,Humboldthain S�d,1300835,2018,6,16,2,3,5,2,0,1,1,0,0,0,0,0,797704,2115,5829652,901
201807,11,7,7050503,Eisenacher Stra�e                                                                                   ,7501031,2018,6,14,6,3,6,7,0,0,1,1,0,0,0,0,799193,9472,5820000,827
201808,11,6,6040703,Nikolassee,6400737,2018,6,17,3,3,5,2,0,1,1,0,0,0,0,0,784496,1589,5817237,853
201809,11,4,4030725,Amtsgerichtsplatz,4300416,2018,6,16,6,2,0,1,0,0,0,0,1,0,0,0,791488,557,5826006,763
201810,11,9,9010301,Baumschulenstra�e,9100305,2018,6,17,3,3,5,2,0,1,0,0,0,1,0,0,805008,8506,5822691,438
201811,11,10,10010310,Alt-Marzahn,10100313,2018,6,21,6,2,5,2,1,0,1,0,0,0,0,0,808490,5867,5831148,601
201812,11,10,10030725,Buckower Ring,10300732,2018,6,17,3,3,5,3,0,1,1,0,0,0,0,0,810131,21,5829594,425
201813,11,9,9051701,Hirschgarten,9501736,2018,6,18,6,3,2,6,0,0,1,0,0,0,1,0,813055,1619,5821431,122
201814,11,11,11040926,Weitlingstra�e,11400929,2018,6,14,2,3,2,6,0,0,1,0,0,0,0,0,804687,227,5826326,794
201815,11,8,8010303,Donaustra�e,8100314,2018,6,17,6,3,0,4,0,0,1,1,1,0,0,0,800338,3094,5824328,392
201816,11,1,1033203,Humboldthain Nordwest                                                                               ,1300836,2018,6,18,3,2,5,3,0,1,1,0,0,0,0,0,796938,7441,5830135,83
201817,11,6,6020301,Alt-Lankwitz,6200311,2018,6,15,6,3,0,6,0,0,1,0,1,0,1,0,795832,6463,5819060,741
201818,11,12,12224230,Heiligensee,12400617,2018,6,16,6,3,5,3,0,0,1,0,0,0,0,0,785499,9486,5837386,524
201819,11,4,4030726,Droysenstra�e,4500936,2018,6,12,3,3,5,2,0,1,0,0,0,0,1,0,792288,7741,5825378,206
201820,11,5,5020625,Borkumer Stra�e                                                                                     ,5200629,2018,6,16,6,3,0,2,0,0,1,0,0,0,1,0,784550,995,5828171,701
201821,11,6,6020408,Lichterfelde S�d                                                                                    ,6200420,2018,6,15,6,3,0,3,0,1,0,0,0,0,1,0,792714,4653,5816242,783
201822,11,9,9030901,Dorf Altglienicke,9300920,2018,6,11,3,3,1,7,0,1,1,0,0,0,0,0,808735,8384,5817572,204
201823,11,6,6040804,Krumme Lanke,6400838,2018,6,14,6,3,5,3,0,0,1,0,0,0,0,0,787438,5601,5818672,83