OBJECTID,LAND,BEZ,LOR,STRASSE,LOR_ab_2021,UJAHR,UMONAT,USTUNDE,UWOCHENTAG,UKATEGORIE,UART,UTYP1,ULICHTVERH,IstRad,IstPKW,IstFuss,IstKrad,IstGkfz,IstSonstig,STRZUSTAND,LINREFX,LINREFY,XGCSWGS84,YGCSWGS84
201824,11,6,6020303,Lankwitz Kirche                                                                                     ,6200313,2018,6,14,6,3,1,1,0,0,1,0,1,0,0,0,795388,629,5818316,94
201825,11,2,2020204,Urbanstra�e,2200210,2018,6,11,3,2,3,6,0,1,1,0,0,0,0,0,798411,8868,5825281,277
201826,11,6,6020306,Lankwitz S�d                                                                                        ,6200317,2018,6,17,6,3,5,3,0,0,1,0,0,0,0,0,795629,4751,5816597,827
201827,11,5,5030730,Zitadellenweg,5300735,2018,6,11,3,3,3,2,0,0,1,0,0,1,0,0,786537,7008,5831590,615
201828,11,8,8010211,Flughafenstra�e,8100206,2018,6,16,6,3,6,4,0,0,1,1,0,0,0,0,800537,6125,5823755,661
201829,11,3,3061430,Volkspark Prenzlauer Berg,3601450,2018,6,14,2,3,5,2,0,1,1,0,0,0,0,0,802328,8842,5829223,813
201830,11,3,3050920,Wei�er See,3500933,2018,6,19,6,3,5,3,0,0,1,0,0,0,0,0,802176,1793,5832404,621
201831,11,4,4030930,George-Grosz-Platz,4501041,2018,6,11,3,3,5,3,0,0,1,0,0,0,0,0,793133,7953,5825599,988
201832,11,1,1011304,Karl-Marx-Allee,1100311,2018,6,15,6,3,0,1,0,0,0,0,1,0,0,0,800231,129,5828426,221
201833,11,1,1011303,Alexanderplatzviertel,1100310,2018,6,7,6,3,3,6,0,1,0,0,0,0,0,0,799123,635,5828465,621
201834,11,3,3050920,Wei�er See,3500933,2018,6,13,6,3,0,6,0,0,1,0,1,0,0,0,802400,1723,5832547,359
201835,11,12,12214125,Waldidyll/Flughafensee,12200412,2018,6,10,3,3,6,4,0,0,1,1,0,0,0,0,790944,421,5833823,332
201836,11,4,4030827,Karl-August-Platz,4300623,2018,6,13,6,3,5,2,0,1,1,0,0,0,0,0,792737,3592,5826592,507
201837,11,1,1011305,Heine-Viertel West,1100312,2018,6,10,3,3,3,6,0,0,1,0,1,0,0,0,799484,7804,5826631,128
201838,11,5,5020626,Adamstra�e                                                                                          ,5200631,2018,6,13,2,2,6,4,0,0,1,1,0,0,0,0,784759,9393,5827249,63
201839,11,2,2010101,Askanischer Platz,2100101,2018,6,10,3,3,5,2,0,0,1,0,0,0,0,0,797377,924,5826178,546
201840,11,1,1044203,Leopoldplatz,1401049,2018,6,12,6,3,5,3,0,1,1,0,0,0,0,0,795931,9602,5831408,203
201841,11,2,2040502,Friedenstra�e,2400521,2018,6,9,3,3,2,2,0,0,1,0,0,0,0,0,800485,7368,5828469,319
201842,11,12,12214424,Scharnweberstra�e                                                                                   ,12200309,2018,6,12,6,3,5,7,0,1,0,0,0,0,0,0,793341,5653,5832787,59
201843,11,1,1011103,L�tzowstra�e                                                                                        ,1100103,2018,6,13,2,3,3,6,0,0,1,0,0,0,1,0,795228,4564,5825975,308
201844,11,12,12224229,Konradsh�he/Tegelort,12400616,2018,6,7,3,2,1,5,0,1,1,0,0,0,0,0,786653,9295,5833207,4
201845,11,3,3010104,Lietzengraben,3100101,2018,6,12,6,2,0,7,0,0,1,0,0,0,0,0,801115,7082,5839087,507
201846,11,12,12302107,Schorfheidestra�e                                                                                   ,12601236,2018,6,8,3,3,1,5,0,1,1,0,0,0,0,0,795008,6281,5836100,322
201847,11,3,3020307,Buchholz,3200308,2018,6,12,6,3,2,2,0,0,1,0,0,0,1,0,799260,278,5837647,445
201848,11,3,3030405,Karow Nord                                                                                          ,3300411,2018,6,12,6,3,1,5,0,0,1,0,1,0,0,0,803622,721,5839004,135
201849,11,4,4051655,Babelsberger Stra�e,4501153,2018,6,13,3,2,0,1,0,0,0,0,1,0,0,0,793867,7906,5823094,564
201850,11,1,1022204,Thomasiusstra�e                                                                                     ,1200626,2018,6,12,6,2,5,2,0,1,1,0,0,0,0,0,794549,7433,5828212,47
201851,11,1,1011302,Oranienburger Stra�e                                                                                ,1100309,2018,6,12,3,3,0,1,0,0,0,0,1,0,0,0,798241,107,5828404,472
201852,11,10,10040828,Kaulsdorf Nord                                                                                      ,10400835,2018,6,8,3,3,0,1,0,0,0,0,1,0,0,0,811464,7396,5828131,616
201853,11,2,2040703,Wriezener Bahnhof/Entwicklungsgebiet,2400625,2018,6,11,6,3,2,6,0,0,1,0,0,0,0,0,800937,306,5826832,113
201854,11,2,2050601,Hausburgviertel,2500726,2018,6,18,3,3,2,6,0,0,1,0,0,0,0,0,801954,5657,5829029,481
201855,11,5,5030730,Zitadellenweg,5300736,2018,6,8,3,3,2,6,0,0,1,0,0,0,1,0,786709,1554,5829277,997
201856,11,7,7040404,Marienh�he,7400826,2018,6,11,6,3,5,2,0,1,1,0,0,0,0,0,797372,26,5820506,774
201857,11,3,3040508,Rosenthal,3400618,2018,6,7,3,3,0,1,0,0,0,0,1,0,0,0,796313,42,5836462,776
201858,11,7,7040401,Neu-Tempelhof,7400721,2018,6,10,6,3,5,3,0,1,1,0,0,0,0,0,797387,713,5822614,662
201859,11,7,7020201,Bayerischer Platz,7200307,2018,6,9,6,3,1,1,0,0,1,0,0,0,0,0,794974,6904,5824155,392
201860,11,8,8030831,Gropiusstadt Ost,8301036,2018,6,7,3,3,5,3,0,1,1,0,0,0,0,0,803326,9419,5817312,471
201861,11,1,1033101,Soldiner Stra�e                                                                                     ,1300732,2018,6,7,3,2,6,4,0,0,1,1,0,0,0,0,797710,8594,5832892,651
201862,11,10,10010203,Gewerbegebiet Bitterfelder Stra�e                                                                   ,10100205,2018,6,6,3,3,0,2,0,1,1,0,0,0,0,0,806962,4877,5832574,556
201863,11,1,1033203,Humboldthain Nordwest                                                                               ,1300836,2018,6,9,6,3,5,2,0,1,1,0,0,0,0,0,796537,2475,5829873,192
201864,11,1,1011105,N�rdlicher Landwehrkanal                                                                            ,1100102,2018,6,6,3,3,5,2,0,1,1,0,0,0,0,0,796583,934,5826874,714
201865,11,9,9020702,Adlershof Ost,9200716,2018,6,6,3,2,8,1,0,1,0,0,0,0,0,0,808813,9827,5819289,696
201866,11,6,6030503,Zehlendorf Mitte                                                                                    ,6300527,2018,6,9,6,3,5,2,0,1,0,0,0,1,0,0,790017,8903,5817505,302
201867,11,11,11051332,Karlshorst S�d,11501341,2018,6,18,3,1,5,2,0,1,0,0,0,0,1,0,805667,6788,5824354,684
201868,11,6,6030504,Teltower Damm,6300528,2018,6,16,2,3,5,2,0,1,1,0,0,0,0,0,790040,4878,5815963,628
201869,11,1,1033201,Brunnenstra�e                                                                                       ,1300834,2018,6,8,6,3,2,6,0,0,1,0,0,0,0,0,798022,305,5830085,94
201870,11,1,1044103,Westliche M�llerstra�e                                                                              ,1400942,2018,6,15,2,2,3,6,0,0,1,0,1,0,0,0,794647,232,5830522,672
201871,11,10,10010207,Marzahner Promenade,10100210,2018,6,7,6,3,5,3,0,0,1,0,0,0,0,0,808829,9745,5831804,455
201872,11,11,11041128,Sewanstra�e,11401136,2018,6,7,6,2,0,6,0,1,0,0,0,0,1,0,806017,14,5826447,234
201873,11,12,12103218,Teichstra�e,12100205,2018,6,13,2,3,2,6,0,0,1,0,0,0,0,0,794018,1526,5835329,638
201874,11,9,9031101,Gr�nau,9301126,2018,6,15,6,3,3,6,0,0,1,0,1,0,0,0,810640,595,5817393,818
201875,11,2,2020204,Urbanstra�e,2200210,2018,6,18,2,3,5,2,0,1,0,0,0,1,0,0,798287,6396,5824774,458
201876,11,10,10040933,Mahlsdorf S�d                                                                                       ,10400941,2018,6,6,6,3,5,3,0,0,1,0,1,0,0,0,813237,5393,5826237,947
201877,11,12,12214422,Klixstra�e                                                                                          ,12200310,2018,6,8,2,3,5,2,0,1,1,0,0,0,0,0,792185,2419,5832955,314
201878,11,3,3010102,Buch,3100102,2018,6,6,6,3,5,3,0,0,1,0,0,0,0,0,805467,7833,5840998,421
201879,11,2,2040701,Andreasviertel,2400623,2018,6,12,6,3,2,7,0,1,1,0,0,0,0,0,801051,8226,5827067,304
201880,11,4,4030622,Richard-Wagner-Stra�e,4300621,2018,6,7,6,3,5,2,0,1,1,0,0,0,0,0,792749,113,5826773,332
201881,11,12,12304313,Borsigwalde,12500825,2018,6,20,2,2,0,2,0,0,1,0,1,0,0,0,792562,669,5835169,46
201882,11,3,3030715,Heinersdorf,3300516,2018,6,7,6,3,5,2,0,1,1,0,0,0,0,0,801176,8707,5833193,357
201883,11,12,12103219,Sch�fersee,12100204,2018,6,22,2,2,1,1,2,0,1,0,0,0,0,0,795054,3795,5832512,245
201884,11,4,4030931,Breitscheidplatz,4501042,2018,6,6,6,2,5,2,0,1,1,0,0,0,0,0,793976,9763,5826178,331
201885,11,1,1022103,Westhafen,1200517,2018,6,22,2,3,0,1,2,0,0,0,1,0,0,0,793589,507,5829824,644
201886,11,10,10020413,Gut Hellersdorf,10200418,2018,6,0,6,2,9,1,2,0,0,0,1,0,0,0,810918,6343,5831646,17
201887,11,6,6020302,Komponistenviertel Lankwitz,6200312,2018,6,18,5,3,5,2,0,0,1,0,0,0,0,0,794832,7927,5819321,595
201888,11,4,4031032,Halensee,4500938,2018,6,21,2,3,6,4,1,0,1,1,0,0,0,0,791158,1952,5824747,526
201889,11,1,1022204,Thomasiusstra�e                                                                                     ,1200626,2018,6,23,5,3,2,7,2,1,0,0,0,0,0,0,794532,6392,5828104,84
201890,11,7,7040405,Rathaus Tempelhof,7400927,2018,6,14,6,3,5,2,0,0,1,0,1,0,0,0,799128,5582,5821712,269
201891,11,5,5020523,Maulbeerallee,5200527,2018,6,20,2,3,0,1,0,0,0,0,1,0,0,0,783111,6176,5827381,408
201892,11,1,1011301,Charit�viertel,1100308,2018,6,18,5,3,5,3,0,1,1,0,0,0,0,0,796679,2277,5828759,29
201893,11,5,5020419,Magistratsweg,5200423,2018,6,20,2,3,1,5,0,1,1,0,0,0,0,0,781375,3723,5828385,617
201894,11,11,11051330,Karlshorst West,11501339,2018,6,8,5,3,3,6,0,1,0,0,0,0,0,0,806367,5215,5824930,132
201895,11,5,5010312,Kurstra�e                                                                                           ,5100314,2018,6,20,2,3,6,4,0,0,1,1,0,0,0,0,785176,691,5829755,401
201896,11,7,7010104,Dennewitzplatz,7100205,2018,6,11,5,3,0,6,0,0,1,0,0,0,1,0,796286,5676,5824921,49
201897,11,12,12301205,Waidmannslust,12500928,2018,6,6,6,3,5,2,0,0,1,0,0,0,0,0,792417,4842,5837691,338
201898,11,4,4030623,Ernst-Reuter-Platz,4300622,2018,6,16,3,3,5,2,0,0,1,0,1,0,0,0,793790,2702,5826937,692
201899,11,5,5010314,Carl-Schurz-Stra�e                                                                                  ,5100316,2018,6,16,3,3,6,7,0,1,0,1,0,0,0,0,785189,4096,5829103,709
201900,11,4,4041343,Binger Stra�e,4400834,2018,6,12,6,3,5,5,0,1,0,0,0,0,1,1,792726,794,5823130,4
201901,11,4,4030931,Breitscheidplatz,4501042,2018,6,16,3,3,3,6,0,1,1,0,0,0,0,0,794432,8883,5825864,425
201902,11,12,12214424,Scharnweberstra�e                                                                                   ,12200309,2018,6,11,6,3,2,6,0,0,1,0,0,0,1,1,793253,827,5832492,403
201903,11,12,12304313,Borsigwalde,12500930,2018,6,10,6,3,5,2,0,0,1,0,0,0,0,1,792354,1331,5834072,136
201904,11,2,2030302,Lausitzer Platz,2300316,2018,6,16,3,3,5,2,0,0,1,0,1,0,0,0,800833,7838,5826470,365
201905,11,11,11051332,Karlshorst S�d,11501341,2018,6,10,6,3,5,3,0,0,1,0,0,0,0,0,806610,4626,5824264,62
201906,11,6,6040807,Zehlendorf Eiche                                                                                    ,6400841,2018,6,16,3,3,5,3,0,1,1,0,0,0,0,0,789823,6883,5818650,967
201907,11,7,7010104,Dennewitzplatz,7100205,2018,6,13,1,2,5,3,0,0,1,1,0,0,1,1,796035,901,5825347,385
201908,11,2,2020202,Rathaus Yorckstra�e,2200208,2018,6,10,6,3,5,3,0,0,0,0,1,0,1,0,797266,8367,5824989,889
201909,11,8,8010301,Reuterkiez,8100310,2018,6,16,3,3,4,6,0,1,1,0,0,0,0,0,800437,7252,5825127,53
201910,11,4,4030623,Ernst-Reuter-Platz,4300622,2018,6,8,6,3,5,3,0,0,1,0,1,0,0,0,792916,931,5826772,84
201911,11,4,4030726,Droysenstra�e,4500936,2018,6,8,6,3,3,6,0,0,1,0,0,0,1,0,792146,539,5825307,921
201912,11,4,4051549,Rathaus Wilmersdorf,4501146,2018,6,16,3,3,5,2,0,1,1,0,0,0,0,0,793297,2433,5823599,755
201913,11,6,6030504,Teltower Damm,6300528,2018,6,8,6,3,5,2,0,1,1,0,0,0,0,0,790850,2534,5817574,518
201914,11,11,11041128,Sewanstra�e,11401137,2018,6,8,6,3,6,7,0,0,1,1,0,0,0,0,806749,2677,5826141,435
201915,11,1,1044202,Sparrplatz,1401046,2018,6,16,3,3,0,6,0,0,0,0,1,0,1,0,794877,2149,5830203,412
201916,11,1,1022106,Elberfelder Stra�e                                                                                  ,1200522,2018,6,8,6,3,5,2,0,1,1,0,0,0,0,0,794219,9005,5828302,539
201917,11,9,9010301,Baumschulenstra�e,9100305,2018,6,16,3,2,5,2,0,0,1,0,0,0,0,0,805020,1602,5822708,997
201918,11,6,6020301,Alt-Lankwitz,6200311,2018,6,5,6,3,0,6,0,0,0,0,1,0,1,0,795874,3261,5819141,439
201919,11,12,12214424,Scharnweberstra�e                                                                                   ,12200309,2018,6,22,6,3,5,2,2,0,1,0,0,0,0,0,793217,2709,5832406,261
201920,11,3,3061435,Conrad-Blenkle-Stra�e,3601452,2018,6,17,3,3,3,7,0,1,0,0,0,0,0,0,802077,35,5829108,647
201921,11,12,12214527,Alt-Tegel,12200515,2018,6,21,6,3,5,3,2,0,1,0,1,0,0,0,790505,835,5835040,509
201922,11,3,3040818,Pankow S�d                                                                                          ,3400828,2018,6,19,7,2,5,2,0,0,1,0,1,0,0,0,799828,9747,5831980,628
201923,11,7,7050502,Fritz-Werner-Stra�e                                                                                 ,7501133,2018,6,16,3,3,2,6,0,0,1,0,0,0,0,0,798708,498,5817579,168
201924,11,2,2040701,Andreasviertel,2400623,2018,6,12,1,3,5,3,0,1,1,0,0,0,0,1,801242,5117,5827686,697
201925,11,1,1011302,Oranienburger Stra�e                                                                                ,1100309,2018,6,17,7,3,5,3,0,1,0,0,0,0,1,0,797992,7361,5828907,815
201926,11,9,9051702,B�lschestra�e,9501737,2018,6,21,6,3,5,3,1,0,1,0,0,0,0,0,814216,4302,5821995,555
201927,11,10,10010309,Springpfuhl,10100312,2018,6,17,3,3,5,2,0,1,1,0,0,0,0,0,808461,301,5829283,92
201928,11,4,4030726,Droysenstra�e,4500936,2018,6,21,6,3,5,2,2,0,1,0,0,0,0,0,792305,2186,5825383,575
201929,11,1,1044201,Reinickendorfer Stra�e                                                                              ,1401045,2018,6,9,6,2,3,6,0,0,0,0,1,1,0,0,796766,2801,5831912,199
201930,11,1,1011103,L�tzowstra�e                                                                                        ,1100103,2018,6,14,3,3,5,2,0,0,1,0,0,0,0,0,795327,698,5826172,709
201931,11,12,12304313,Borsigwalde,12500825,2018,6,9,6,2,6,4,0,0,0,1,0,0,1,1,791387,4768,5834231,718
201932,11,12,12304314,Ziekowstra�e/Freie Scholle,12500824,2018,6,9,2,3,2,6,0,0,1,0,1,0,0,0,790205,2582,5835860,8
201933,11,3,3050924,Behaimstra�e,3500935,2018,6,21,6,3,1,5,0,1,1,0,0,0,0,0,801820,6837,5831563,389
201934,11,9,9051901,Dammvorstadt,9501939,2018,6,14,3,2,6,4,0,0,0,1,1,0,0,0,811026,1279,5821821,358
201935,11,1,1033201,Brunnenstra�e                                                                                       ,1300834,2018,6,19,6,2,3,6,0,0,1,0,1,0,0,0,797736,6486,5830627,888
201936,11,2,2020206,Graefekiez,2200213,2018,6,13,3,3,2,6,0,1,1,0,0,0,0,0,800152,7958,5825092,399
201937,11,2,2010101,Askanischer Platz,2100101,2018,6,12,3,3,6,4,0,0,1,1,0,0,0,0,797250,1738,5826322,438
201938,11,9,9041501,Altstadt Kietz,9401534,2018,6,18,6,3,5,3,0,1,1,0,0,0,0,0,810883,6856,5820660,769
201939,11,4,4020311,Reichsstra�e,4200310,2018,6,12,3,2,6,4,0,0,1,1,0,0,0,0,789341,58,5826208,798
201940,11,1,1011302,Oranienburger Stra�e                                                                                ,1100309,2018,6,12,3,3,5,3,0,1,0,0,0,0,0,0,798558,4409,5828379,692
201941,11,4,4020314,Messegel�nde,4200311,2018,6,18,6,2,3,6,0,0,1,0,1,0,0,0,790394,9892,5825617,458
201942,11,3,3030715,Heinersdorf,3300516,2018,6,18,6,3,2,6,0,0,1,0,1,0,0,0,800945,5188,5833304,22
201943,11,11,11020411,Malchower Weg,11200410,2018,6,12,3,3,5,3,0,0,1,0,1,0,0,0,805291,4485,5832045,648
201944,11,2,2030301,Oranienplatz,2300417,2018,6,18,6,3,5,2,0,1,1,0,0,0,0,0,800078,585,5825636,823
201945,11,1,1044202,Sparrplatz,1401047,2018,6,12,3,3,5,3,0,0,1,0,0,0,1,0,795569,1754,5830492,357
201946,11,8,8010404,Rixdorf,8100417,2018,6,10,1,3,2,6,0,0,1,0,0,0,0,1,802603,269,5823076,336
201947,11,9,9020502,Obersch�neweide Ost,9200511,2018,6,11,3,3,5,2,0,0,1,0,0,0,0,0,806867,2697,5821981,83
201948,11,1,1022104,Emdener Stra�e                                                                                      ,1200520,2018,6,16,6,2,6,4,0,1,0,1,0,0,0,0,794561,3006,5828751,411
201949,11,6,6010206,Stadtpark,6100206,2018,6,11,3,3,0,5,0,0,1,0,1,0,0,0,795117,5215,5819578,403
201950,11,2,2010102,Mehringplatz,2100102,2018,6,11,3,3,5,3,0,1,1,0,0,0,0,0,798334,3846,5825630,75
201951,11,1,1011102,Gro�er Tiergarten,1100102,2018,6,16,6,3,3,6,0,0,1,0,1,0,0,0,795079,735,5827225,102
201952,11,2,2030402,Wrangelkiez,2300419,2018,6,11,3,3,1,5,0,1,1,0,0,0,0,0,801558,743,5825966,821
201953,11,3,3061131,Falkplatz,3601142,2018,6,1,6,3,9,1,2,1,0,0,0,0,0,0,798597,5839,5830271,207
201954,11,1,1011104,K�rnerstra�e                                                                                        ,1100104,2018,6,10,3,3,1,5,0,0,1,0,0,0,1,0,796379,5049,5826116,646
201955,11,5,5020521,D�beritzer Weg,5200524,2018,6,7,6,3,0,1,0,1,0,0,0,0,0,0,780790,4245,5827988,346
201956,11,5,5010207,Darbystra�e                                                                                         ,5100209,2018,6,9,3,3,2,6,0,0,1,0,0,0,0,0,783666,8911,5830170,255
201957,11,7,7020203,Kaiser-Wilhelm-Platz,7200410,2018,6,15,1,3,5,2,0,0,1,0,0,0,0,1,795557,8678,5823675,929
201958,11,9,9010301,Baumschulenstra�e,9100304,2018,6,13,6,3,6,4,0,0,1,1,0,0,0,0,804759,3636,5822303,386
201959,11,6,6010103,Markelstra�e                                                                                        ,6100103,2018,6,10,3,3,5,5,0,1,1,0,0,0,0,0,793901,4417,5820976,963
201960,11,7,7040403,Manteuffelstra�e                                                                                    ,7400823,2018,6,16,6,3,3,6,0,0,0,0,1,1,0,1,797288,432,5821355,837
201961,11,7,7020203,Kaiser-Wilhelm-Platz,7200409,2018,6,9,3,3,1,5,0,1,1,0,0,0,0,0,795770,598,5824291,634
201962,11,11,11040925,Victoriastadt,11400927,2018,6,18,1,3,1,5,0,0,1,0,0,0,0,1,803614,1375,5826530,145
201963,11,8,8030829,Gropiusstadt Nord,8300934,2018,6,8,3,3,5,2,0,0,1,0,0,0,0,0,803160,2796,5818438,18
201964,11,2,11051229,Rummelsburg,11501238,2018,6,16,6,3,0,1,0,0,0,0,1,0,0,0,803274,8367,5826016,953
201965,11,1,1011204,Leipziger Stra�e                                                                                    ,1100207,2018,6,8,3,3,0,5,0,1,1,0,0,0,1,0,798756,927,5826895,592
201966,11,7,7020204,Sch�neberger Insel,7200413,2018,6,17,7,3,4,6,0,0,1,0,0,0,0,1,796384,8143,5823242,525
201967,11,4,4041134,Bismarckallee,4400726,2018,6,8,3,3,5,3,0,1,1,0,0,0,0,0,790855,5935,5823646,646
201968,11,3,3061227,Humannplatz,3601243,2018,6,15,6,3,2,6,0,0,1,0,0,0,0,0,799573,7615,5831767,9
201969,11,4,4041137,Flinsberger Platz,4400727,2018,6,8,3,3,2,6,0,0,1,0,0,0,0,0,790877,8562,5822910,359
201970,11,4,4031032,Halensee,4500938,2018,6,14,6,3,6,7,0,0,1,1,0,0,0,0,791506,7741,5824897,324
201971,11,7,7020202,Volkspark (Rudolf-Wilde-Park),7200308,2018,6,14,6,3,1,5,0,1,1,0,0,0,0,0,794712,8627,5823868,665
201972,11,3,3071537,Kollwitzplatz,3701555,2018,6,8,3,3,5,3,0,1,1,0,0,0,0,0,799595,4127,5829903,551
201973,11,7,7030301,Friedenau,7300516,2018,6,13,6,3,1,5,0,1,1,0,0,0,0,1,794179,45,5821924,724
201974,11,2,2010102,Mehringplatz,2100102,2018,6,18,7,2,6,4,0,0,1,1,0,0,0,0,798004,9929,5825936,24
201975,11,8,8010214,Glasower Stra�e,8100209,2018,6,8,3,3,5,7,0,1,1,0,0,0,0,0,801809,997,5821967,979
201976,11,4,4051549,Rathaus Wilmersdorf,4501146,2018,6,11,1,3,6,2,0,0,1,1,0,0,0,1,792466,666,5824009,503
201977,11,4,4030725,Amtsgerichtsplatz,4300416,2018,6,17,7,3,5,3,0,0,1,0,0,0,0,0,791471,2284,5825793,94
201978,11,2,2020203,Viktoriapark,2200209,2018,6,7,3,3,2,6,0,1,1,0,0,0,0,0,797033,8381,5824294,41
201979,11,4,4051448,Schaperstra�e,4501045,2018,6,13,6,3,5,7,0,1,1,0,0,0,0,0,794198,4679,5825052,231
201980,11,10,10010308,Marzahner Chaussee,10100311,2018,6,19,7,3,5,2,0,0,1,0,1,0,0,1,806552,2818,5829129,18
201981,11,7,7010102,Nollendorfplatz,7100102,2018,6,7,3,3,1,5,0,1,1,0,0,0,0,0,795376,4192,5825317,912
201982,11,9,9020802,K�llnische Vorstadt                                                                                 ,9200819,2018,6,13,6,3,5,3,0,0,0,0,0,0,1,0,810696,9191,5819289,938
201983,11,4,4030724,Lietzensee,4300415,2018,6,7,3,3,2,6,0,0,1,0,1,0,0,0,791169,9968,5826049,788
201984,11,5,5010209,An der Kappe,5100211,2018,6,13,6,2,5,2,0,0,1,0,1,0,0,1,781908,5108,5829570,1
201985,11,1,1044101,Rehberge,1400937,2018,6,13,6,3,5,3,0,0,1,0,0,0,0,0,794122,7864,5831523,788
201986,11,7,7030303,Grazer Platz,7300619,2018,6,7,3,3,5,3,0,1,1,0,0,0,0,0,795356,213,5822234,997
201987,11,7,7060602,Kirchstra�e                                                                                         ,7601237,2018,6,15,5,3,5,3,0,1,0,0,0,0,1,0,797318,9791,5817096,756
201988,11,4,4030930,George-Grosz-Platz,4501041,2018,6,14,5,3,5,3,0,1,1,0,0,0,0,1,793129,5584,5825593,25
201989,11,12,12304314,Ziekowstra�e/Freie Scholle,12500824,2018,6,6,3,3,0,6,0,0,1,0,1,0,0,1,790168,9282,5835931,597
201990,11,1,1011303,Alexanderplatzviertel,1100310,2018,6,15,5,3,0,5,0,1,0,0,0,0,1,0,798498,8574,5828173,886
201991,11,2,2030401,Reichenberger Stra�e,2300418,2018,6,18,7,3,4,6,0,0,1,0,0,0,0,0,801215,5939,5825397,457
201992,11,1,1033101,Soldiner Stra�e                                                                                     ,1300732,2018,6,22,3,3,6,4,2,1,0,1,0,0,0,0,797278,2307,5832202,73
201993,11,4,4020208,Kranzallee,4200206,2018,6,23,7,3,5,3,2,0,1,0,0,0,1,1,786925,587,5825815,844
201994,11,8,8010509,Schulenburgpark,8100521,2018,6,23,5,3,6,4,2,0,1,1,0,0,0,0,803737,139,5822199,36
201995,11,1,1011104,K�rnerstra�e                                                                                        ,1100104,2018,6,21,3,3,5,2,1,1,1,0,0,0,0,0,796254,1249,5825960,37
201996,11,2,2040502,Friedenstra�e,2400521,2018,6,21,5,3,0,1,1,1,0,0,0,0,0,0,800476,5799,5828214,737
201997,11,1,1011303,Alexanderplatzviertel,1100310,2018,6,20,5,3,5,3,1,1,1,0,0,0,0,0,799325,3067,5828614,767
201998,11,7,7010102,Nollendorfplatz,7100103,2018,6,19,3,3,3,6,0,1,1,0,0,0,0,0,795884,2465,5825168,575
201999,11,1,1033203,Humboldthain Nordwest                                                                               ,1300836,2018,6,20,5,3,6,4,0,0,1,1,0,0,0,0,796605,4279,5829814,865
202000,11,7,7070701,Kettinger Stra�e/Schillerstra�e                                                                     ,7601442,2018,6,8,2,3,5,3,0,0,1,0,0,0,0,1,799169,947,5815011,724
202001,11,11,11041128,Sewanstra�e,11401136,2018,6,19,5,3,6,4,0,1,0,1,0,0,0,0,805771,2462,5825899,214
202002,11,1,1011203,Unter den Linden S�d,1100206,2018,6,19,3,3,5,2,0,1,1,0,0,0,0,0,797767,5479,5827349,592
202003,11,10,10020415,Hellersdorfer Promenade,10200422,2018,6,18,5,3,5,3,0,1,1,0,0,0,0,0,812129,6757,5831346,982
202004,11,4,4041344,R�desheimer Platz,4400835,2018,6,13,2,3,6,4,0,0,1,1,0,0,0,0,792980,186,5822542,418
202005,11,5,5020417,Staakener Stra�e                                                                                    ,5200420,2018,6,18,5,3,3,6,0,1,1,0,0,0,0,0,781880,9197,5829077,58
202006,11,4,4031032,Halensee,4500937,2018,6,18,3,3,1,5,0,1,1,0,0,0,0,0,791314,4578,5825030,123
202007,11,1,1011302,Oranienburger Stra�e                                                                                ,1100309,2018,6,17,5,3,5,2,0,1,1,0,0,0,0,0,798636,1165,5828816,181
202008,11,11,11020412,Hauptstra�e,11200411,2018,6,17,3,3,5,5,0,0,1,0,1,0,0,0,804883,6103,5831341,396
202009,11,8,8010303,Donaustra�e,8100314,2018,6,17,3,3,1,5,0,1,1,0,0,0,0,0,801421,4503,5823867,638
202010,11,2,2040702,Weberwiese,2400624,2018,6,17,5,3,5,3,0,1,1,0,0,0,0,0,801932,6735,5827696,998
202011,11,2,2010103,Moritzplatz,2100104,2018,6,16,5,3,2,2,0,0,1,0,0,0,0,0,799348,2365,5826190,359
202012,11,6,6040810,Dahlem,6400844,2018,6,12,3,3,8,1,0,0,1,0,0,0,0,0,790199,6732,5819872,611
202013,11,9,9051702,B�lschestra�e,9501737,2018,6,19,5,3,5,3,0,0,1,0,0,0,0,0,814405,104,5820801,855
202014,11,9,9020502,Obersch�neweide Ost,9200511,2018,6,15,3,2,0,1,0,1,0,0,0,0,0,0,806626,9313,5822054,98
202015,11,1,1011303,Alexanderplatzviertel,1100310,2018,6,22,1,3,5,3,2,1,1,0,0,0,0,1,799336,4685,5827710,789
202016,11,2,2010101,Askanischer Platz,2100101,2018,6,22,7,3,2,6,2,0,1,0,0,0,0,1,797873,589,5825498,745
202017,11,1,1022104,Emdener Stra�e                                                                                      ,1200520,2018,6,22,7,2,5,3,2,0,1,0,0,0,0,1,794576,822,5828732,651