OBJECTID,LAND,BEZ,LOR,STRASSE,LOR_ab_2021,UJAHR,UMONAT,USTUNDE,UWOCHENTAG,UKATEGORIE,UART,UTYP1,ULICHTVERH,IstRad,IstPKW,IstFuss,IstKrad,IstGkfz,IstSonstig,STRZUSTAND,LINREFX,LINREFY,XGCSWGS84,YGCSWGS84
202018,11,1,1011402,Arkonaplatz,1100416,2018,6,13,3,3,0,1,0,1,0,0,0,0,0,0,798730,2985,5829566,216
202019,11,2,2050801,Traveplatz,2500831,2018,6,16,5,3,5,3,0,0,1,0,1,0,0,0,802945,7744,5827202,38
202020,11,9,9041402,Siedlung K�mmereiheide,9401432,2018,6,16,3,3,0,1,0,1,0,0,0,0,0,0,812134,9234,5820306,23
202021,11,11,11010308,Zingster Stra�e Ost,11100308,2018,6,17,2,3,6,7,0,0,1,1,0,0,0,0,805071,14,5833551,14
202022,11,12,12231101,Hermsdorf,12400723,2018,6,16,5,3,5,2,0,1,1,0,0,0,0,1,791958,121,5838049,951
202023,11,3,3061228,Erich-Weinert-Stra�e,3601245,2018,6,8,2,3,5,2,0,1,1,0,0,0,0,0,800874,394,5831067,314
202024,11,10,10030727,Biesdorf S�d                                                                                        ,10300734,2018,6,13,2,3,6,4,0,0,1,1,0,0,0,0,809711,7146,5826226,793
202025,11,11,11020411,Malchower Weg,11200410,2018,6,15,5,2,5,2,0,1,0,0,0,0,1,1,806123,7528,5832009,863
202026,11,10,10040932,Alt-Mahlsdorf,10400939,2018,6,6,2,3,2,6,0,1,1,0,0,0,0,0,813717,2838,5827360,325
202027,11,6,6020409,K�nigsberger Stra�e                                                                                 ,6200421,2018,6,15,5,3,5,3,0,0,1,0,1,0,0,1,793541,7251,5817921,916
202028,11,1,1011304,Karl-Marx-Allee,1100311,2018,6,23,2,3,5,2,2,0,1,0,0,0,0,0,799736,1476,5827565,327
202029,11,4,4051653,Prager Platz,4501152,2018,6,15,5,3,2,3,0,0,1,0,1,0,0,1,793976,9904,5824453,379
202030,11,2,2010101,Askanischer Platz,2100101,2018,6,22,2,2,5,2,2,0,0,0,1,0,0,0,797621,9529,5825579,59
202031,11,7,7050502,Fritz-Werner-Stra�e                                                                                 ,7501133,2018,6,19,1,2,0,1,0,0,0,0,1,0,0,1,798257,1783,5818379,848
202032,11,1,3040614,Pankow Zentrum                                                                                      ,3400721,2018,6,16,7,2,0,4,0,0,0,1,0,0,1,0,797716,728,5832896,218
202033,11,1,1011303,Alexanderplatzviertel,1100310,2018,6,20,2,2,6,4,0,0,1,1,0,0,0,0,799594,2417,5828256,108
202034,11,2,2020203,Viktoriapark,2200209,2018,6,15,5,3,5,2,0,1,1,0,0,0,0,1,797765,9272,5824734,798
202035,11,3,3061441,Eldenaer Stra�e,3601453,2018,6,18,2,3,0,7,0,1,0,0,0,0,0,0,802335,4175,5828895,189
202036,11,7,7040403,Manteuffelstra�e                                                                                    ,7400823,2018,6,17,7,3,2,2,0,0,1,0,0,0,0,0,797236,384,5820695,505
202037,11,3,3061228,Erich-Weinert-Stra�e,3601245,2018,6,15,5,3,5,2,0,1,1,0,0,0,0,1,800192,9689,5830930,912
202038,11,7,7060601,Marienfelder Allee Nordwest,7601236,2018,6,18,2,3,6,2,0,0,0,1,0,0,1,0,797299,9481,5817287,576
202039,11,1,1044101,Rehberge,1400937,2018,6,15,5,3,2,6,0,0,1,0,0,0,0,1,793998,8217,5832012,413
202040,11,5,5010314,Carl-Schurz-Stra�e                                                                                  ,5100316,2018,6,16,7,3,5,3,0,0,1,0,0,0,1,1,784794,6684,5828792,99
202041,11,2,2020203,Viktoriapark,2200209,2018,6,15,5,3,6,4,0,0,0,1,0,0,1,1,797101,6186,5824474,373
202042,11,10,10010203,Gewerbegebiet Bitterfelder Stra�e                                                                   ,10100205,2018,6,18,2,3,5,2,0,0,1,0,0,0,0,0,808296,8553,5833314,366
202043,11,1,1011102,Gro�er Tiergarten,1100102,2018,6,16,2,3,5,3,0,1,1,0,0,0,0,0,795221,5632,5826710,643
202044,11,1,1011301,Charit�viertel,1100308,2018,6,15,5,3,5,2,0,1,1,0,0,0,0,1,796903,4967,5828888,57
202045,11,2,2020204,Urbanstra�e,2200210,2018,6,16,2,3,3,6,0,0,1,0,0,0,0,0,798640,792,5824687,696
202046,11,5,5020522,Pillnitzer Weg,5200526,2018,6,15,5,3,2,6,0,0,1,0,0,0,0,1,782357,3286,5827038,449
202047,11,9,9020701,Adlershof West,9200715,2018,6,16,2,3,5,3,0,1,1,0,0,0,0,0,807881,4066,5819184,309
202048,11,4,4030725,Amtsgerichtsplatz,4300416,2018,6,14,5,3,0,1,0,0,0,0,1,0,0,1,791723,4245,5826097,708
202049,11,6,6010206,Stadtpark,6100206,2018,6,16,2,3,1,5,0,1,1,0,0,0,0,0,794519,5205,5820027,274
202050,11,9,9041601,M�ggelheim,9401635,2018,6,14,1,3,2,7,0,0,1,0,0,0,0,1,816682,3747,5817373,249
202051,11,7,7010104,Dennewitzplatz,7100206,2018,6,15,7,3,2,6,0,0,1,0,0,0,0,0,796820,476,5824785,23
202052,11,10,10020517,Adele-Sandrock-Stra�e                                                                               ,10200524,2018,6,16,2,3,2,6,0,0,1,0,0,0,1,0,812764,9237,5830268,616
202053,11,1,1011401,Invalidenstra�e                                                                                     ,1100415,2018,6,14,5,3,0,1,0,1,0,0,0,0,0,1,797838,3622,5829083,467
202054,11,8,8020726,Buckow West,8200831,2018,6,15,2,3,5,3,0,1,1,0,0,0,0,0,799335,75,5816286,28
202055,11,8,8010301,Reuterkiez,8100312,2018,6,14,5,3,0,2,0,1,1,0,0,0,0,1,800994,81,5824208,135
202056,11,9,9051702,B�lschestra�e,9501737,2018,6,14,5,3,1,5,0,1,1,0,0,0,0,0,814725,3151,5821751,599
202057,11,8,8010211,Flughafenstra�e,8100206,2018,6,15,2,3,5,3,0,0,1,0,0,0,1,0,800654,4466,5823653,935
202058,11,5,5010314,Carl-Schurz-Stra�e                                                                                  ,5100316,2018,6,13,5,3,2,6,0,0,1,0,0,0,0,1,785321,7545,5829293,8
202059,11,4,4010103,Paul-Hertz-Siedlung,4100102,2018,6,15,7,3,8,1,0,0,1,0,0,0,0,1,791297,9654,5829729,219
202060,11,7,7050505,Hundsteinweg,7501134,2018,6,13,5,3,0,1,0,1,0,0,0,0,0,1,799342,8334,5819050,914
202061,11,6,6030504,Teltower Damm,6300528,2018,6,15,2,2,5,3,0,1,0,0,0,0,1,0,788950,9513,5816401,826
202062,11,1,1011204,Leipziger Stra�e                                                                                    ,1100207,2018,6,13,5,3,0,5,0,0,1,0,1,0,0,1,798088,2733,5827068,324
202063,11,8,8020622,Parchimer Allee,8200726,2018,6,15,2,2,2,6,0,0,1,0,0,0,0,0,801253,4084,5819775,711
202064,11,4,4030930,George-Grosz-Platz,4501041,2018,6,14,7,3,2,6,0,0,1,0,0,0,0,0,792936,4953,5825532,89
202065,11,9,9051702,B�lschestra�e,9501737,2018,6,7,2,2,6,4,0,0,1,1,0,0,0,0,814210,1986,5821945,945
202066,11,8,8030831,Gropiusstadt Ost,8301037,2018,6,13,5,3,5,3,0,1,1,0,0,0,0,0,804119,4265,5817641,829
202067,11,4,4030828,Savignyplatz,4300624,2018,6,12,5,3,0,6,0,0,1,0,1,0,0,1,793126,3818,5826082,273
202068,11,1,1044202,Sparrplatz,1401046,2018,6,15,2,3,5,2,0,1,1,0,0,0,0,0,794898,2901,5830243,987
202069,11,7,7010102,Nollendorfplatz,7100103,2018,6,3,1,2,9,1,2,0,1,0,0,0,0,1,795612,3795,5825462,815
202070,11,7,7050501,Rathausstra�e                                                                                       ,7501029,2018,6,10,5,3,5,3,0,0,1,0,0,0,0,0,797691,9495,5818768,186
202071,11,11,11040926,Weitlingstra�e,11400930,2018,6,7,2,3,5,3,0,1,0,0,0,0,1,0,805585,9744,5826430,998
202072,11,6,6010208,Bergstra�e                                                                                          ,6100208,2018,6,10,5,2,5,3,0,1,0,0,0,0,1,0,794606,6498,5820284,654
202073,11,4,4030623,Ernst-Reuter-Platz,4300622,2018,6,10,5,3,2,6,0,0,1,0,1,0,0,0,793253,59,5826900,807
202074,11,3,3071537,Kollwitzplatz,3701556,2018,6,8,2,2,5,2,0,1,0,0,0,0,0,0,799785,3534,5829587,283
202075,11,3,3061227,Humannplatz,3601244,2018,6,10,5,3,5,3,0,0,1,0,0,0,0,0,800086,2845,5831671,75
202076,11,4,4020313,K�nigin-Elisabeth-Stra�e,4200311,2018,6,12,2,3,2,6,0,0,1,0,0,1,0,0,790522,7178,5826475,702
202077,11,4,4051445,Eisenzahnstra�e,4500939,2018,6,10,5,3,1,1,0,1,1,0,0,0,0,0,792706,3995,5824242,941
202078,11,3,3030715,Heinersdorf,3300516,2018,6,9,2,3,2,6,0,0,0,0,0,0,1,0,800845,137,5833481,235
202079,11,1,1033102,Gesundbrunnen,1300733,2018,6,10,5,3,5,2,0,1,0,0,0,0,1,0,797659,2597,5831883,29
202080,11,4,4041134,Bismarckallee,4400726,2018,6,9,2,2,2,6,0,0,1,0,0,0,0,0,790892,5296,5824728,972
202081,11,11,11020412,Hauptstra�e,11200411,2018,6,10,2,3,5,3,0,0,1,0,0,0,0,0,805621,48,5831778,71
202082,11,12,12304314,Ziekowstra�e/Freie Scholle,12500824,2018,6,9,5,3,6,7,0,1,0,1,0,0,0,0,790976,4024,5835825,803
202083,11,4,4020313,K�nigin-Elisabeth-Stra�e,4200311,2018,6,10,2,3,6,7,0,1,0,1,0,0,0,0,790466,136,5826696,41
202084,11,8,8010301,Reuterkiez,8100312,2018,6,9,5,3,5,7,0,0,1,0,1,0,0,0,800774,6963,5824319,77
202085,11,4,4051654,Wilhelmsaue,4501150,2018,6,11,2,3,6,7,0,0,1,1,0,0,0,0,793838,9095,5823991,651
202086,11,7,7040403,Manteuffelstra�e                                                                                    ,7400824,2018,6,9,5,3,0,3,0,0,1,0,0,0,1,0,797680,8932,5821353,315
202087,11,3,3020210,Herthaplatz,3200207,2018,6,9,5,3,6,4,0,0,1,1,0,0,0,0,798484,8211,5834887,44
202088,11,10,10030724,Oberfeldstra�e                                                                                      ,10300731,2018,6,12,2,3,2,6,0,0,1,0,1,0,0,0,809600,1639,5828518,551
202089,11,9,9041501,Altstadt Kietz,9401534,2018,6,8,5,3,5,3,0,1,1,0,0,0,0,0,810885,7469,5820660,769
202090,11,1,1011302,Oranienburger Stra�e                                                                                ,1100309,2018,6,14,2,3,0,1,0,1,0,0,0,0,0,0,799037,1327,5828952,543
202091,11,12,12302107,Schorfheidestra�e                                                                                   ,12601236,2018,6,8,2,2,5,3,0,0,1,0,0,0,0,0,793844,5839,5836157,961
202092,11,5,5010339,Freiheit,5100317,2018,6,7,2,3,0,7,0,1,0,0,0,0,0,1,785770,6132,5828522,592
202093,11,10,10020621,Gelbes Viertel,10200628,2018,6,8,5,3,5,2,0,1,1,0,0,0,0,0,811654,8571,5829779,77
202094,11,1,1011306,Heine-Viertel Ost,1100313,2018,6,2,2,3,0,1,2,1,0,0,0,0,0,0,799971,9995,5826913,856
202095,11,12,12302211,L�barser Stra�e,12601031,2018,6,15,2,3,2,7,0,0,1,0,0,1,0,0,793356,8911,5836535,73
202096,11,1,1033203,Humboldthain Nordwest                                                                               ,1300836,2018,6,7,5,3,6,4,0,0,1,1,0,0,0,0,796819,6043,5830286,504
202097,11,4,4030519,Kaiserin-Augusta-Allee,4300518,2018,6,14,2,3,5,2,0,1,0,0,0,0,1,0,791354,3806,5828702,115
202098,11,1,1044202,Sparrplatz,1401047,2018,6,7,5,3,5,2,0,1,1,0,0,0,0,0,795620,7345,5830523,304
202099,11,4,4030931,Breitscheidplatz,4501042,2018,6,4,1,3,1,7,0,0,1,1,0,0,0,0,793673,3678,5825964,465
202100,11,3,3010101,Bucher Forst,3100101,2018,6,7,5,3,5,3,0,1,1,0,0,0,0,0,804265,2991,5841804,64
202101,11,8,8020619,Buschkrugallee Nord,8200622,2018,6,23,1,3,5,2,2,0,1,0,0,0,0,0,801240,8757,5821609,568
202102,11,12,12231101,Hermsdorf,12400722,2018,6,17,1,3,8,1,0,0,1,0,0,0,0,0,790384,9405,5839353,129
202103,11,1,1022201,Stephankiez,1200623,2018,6,23,1,3,6,4,2,0,1,1,0,0,0,0,794648,5452,5829021,891
202104,11,2,2030301,Oranienplatz,2300314,2018,6,8,5,3,6,4,0,1,0,1,0,0,0,0,799663,6855,5826088,535
202105,11,1,1044202,Sparrplatz,1401046,2018,6,21,1,3,5,2,1,0,1,0,0,0,0,0,794895,266,5830241,549
202106,11,5,5010314,Carl-Schurz-Stra�e                                                                                  ,5100316,2018,6,7,5,3,2,6,0,0,1,0,0,0,0,0,784842,6026,5829214,66
202107,11,1,1011402,Arkonaplatz,1100416,2018,6,21,1,2,6,4,0,0,1,1,0,0,0,0,798826,2084,5829747,457
202108,11,9,9051901,Dammvorstadt,9501939,2018,6,19,1,3,2,6,0,0,1,0,0,0,1,1,810644,2246,5821060,878
202109,11,1,1011105,N�rdlicher Landwehrkanal                                                                            ,1100102,2018,6,14,7,3,2,6,0,0,1,0,1,0,0,0,796604,9987,5826881,496
202110,11,1,1044201,Reinickendorfer Stra�e                                                                              ,1401044,2018,6,20,1,3,5,3,0,1,1,0,0,0,0,0,796795,3254,5831285,681
202111,11,3,3050923,Wei�enseer Spitze,3500934,2018,6,8,5,3,5,3,0,1,1,0,0,0,0,0,801070,5357,5831429,892
202112,11,8,8010118,Silbersteinstra�e,8100104,2018,6,19,1,3,5,3,0,1,1,0,0,0,0,0,800772,673,5822754,522
202113,11,1,1044202,Sparrplatz,1401047,2018,6,19,1,3,5,2,0,1,1,0,0,0,0,0,796016,2756,5830355,813
202114,11,1,1011302,Oranienburger Stra�e                                                                                ,1100309,2018,6,15,4,3,2,2,0,1,1,0,1,0,0,0,798514,2955,5829057,465
202115,11,7,7060601,Marienfelder Allee Nordwest,7601236,2018,6,17,1,2,6,2,0,0,1,1,0,0,0,0,797142,3479,5817014,403
202116,11,2,2050601,Hausburgviertel,2500726,2018,6,9,4,2,5,7,0,0,1,0,0,1,0,0,801842,3152,5828567,376
202117,11,5,5010312,Kurstra�e                                                                                           ,5100314,2018,6,11,7,3,2,6,0,0,1,0,0,0,1,0,785424,1019,5829270,387
202118,11,3,3050923,Wei�enseer Spitze,3500934,2018,6,19,4,2,5,3,0,1,0,0,0,0,0,0,800357,7144,5831794,51
202119,11,5,5020524,Weinmeisterhornweg,5200528,2018,6,10,1,3,0,3,0,0,0,0,1,0,1,0,783884,5137,5826550,19
202120,11,3,3050924,Behaimstra�e,3500935,2018,6,19,4,3,6,4,0,1,0,1,0,0,0,0,801400,7423,5831279,175
202121,11,1,1044101,Rehberge,1400937,2018,6,17,1,3,0,2,0,1,1,0,0,0,0,0,793671,313,5832264,4
202122,11,4,4020208,Kranzallee,4200206,2018,6,12,1,3,2,6,0,0,1,0,0,0,0,1,788348,347,5826011,289
202123,11,3,3020210,Herthaplatz,3200207,2018,6,11,7,3,5,3,0,0,1,0,0,0,0,0,798593,3826,5835445,877
202124,11,1,1033101,Soldiner Stra�e                                                                                     ,1300732,2018,6,19,7,3,2,2,0,0,1,0,0,0,0,0,797281,4915,5832222,543
202125,11,6,6040703,Nikolassee,6400737,2018,6,16,1,3,5,2,0,1,0,0,0,0,0,0,784630,978,5819890,156
202126,11,7,7010104,Dennewitzplatz,7100205,2018,6,19,4,3,6,4,0,0,1,1,0,0,0,0,796072,8338,5825367,81
202127,11,2,2050801,Traveplatz,2500830,2018,6,16,1,2,1,5,0,1,1,0,0,0,0,0,802464,8131,5827411,305
202128,11,4,4030417,Schlo�stra�e,4300414,2018,6,19,4,3,5,3,0,1,1,0,0,0,0,0,790846,3934,5826735,306
202129,11,1,1011302,Oranienburger Stra�e                                                                                ,1100309,2018,6,18,4,3,2,6,0,0,1,0,1,0,0,0,798446,5739,5829048,15
202130,11,1,1033101,Soldiner Stra�e                                                                                     ,1300730,2018,6,16,1,2,6,4,0,0,0,1,1,0,0,0,796389,8542,5832031,805
202131,11,5,5020521,D�beritzer Weg,5200524,2018,6,18,4,2,2,2,0,0,1,0,0,0,0,0,780073,935,5827689,723
202132,11,8,8041037,Alt-Rudow,8401243,2018,6,13,2,3,1,5,0,1,1,0,0,0,0,0,805792,7038,5817167,516
202133,11,4,4030724,Lietzensee,4300415,2018,6,10,7,3,6,2,0,0,0,1,1,0,0,0,790666,4746,5826002,376
202134,11,1,1011201,Wilhelmstra�e                                                                                       ,1100205,2018,6,18,4,3,3,6,0,0,1,0,0,1,0,0,796958,1841,5826726,55
202135,11,5,5020625,Borkumer Stra�e                                                                                     ,5200629,2018,6,15,1,3,2,6,0,0,1,0,0,0,0,0,784717,8096,5828569,892
202136,11,11,11040926,Weitlingstra�e,11400929,2018,6,18,4,3,5,2,0,0,1,0,1,0,0,0,805476,524,5826956,319
202137,11,7,7010101,Wittenbergplatz/Viktoria-Luise-Platz,7100101,2018,6,9,7,3,2,4,0,0,1,1,1,0,0,0,794989,5149,5824918,53
202138,11,7,7070705,Franziusweg/Rohrbachstra�e                                                                          ,7601546,2018,6,18,4,2,5,3,0,1,1,0,0,0,0,0,798172,78,5814267,59
202139,11,1,1033202,Humboldthain S�d,1300835,2018,6,15,1,3,5,2,0,1,1,0,0,0,0,0,796982,7884,5830169,83
202140,11,6,6020306,Lankwitz S�d                                                                                        ,6200317,2018,6,17,4,2,0,3,0,1,0,0,1,0,0,0,795731,3255,5816907,936
202141,11,6,6020303,Lankwitz Kirche                                                                                     ,6200313,2018,6,14,1,3,5,3,0,1,1,0,0,0,0,0,795190,877,5818770,361
202142,11,4,4010102,Pl�tzensee,4100101,2018,6,9,1,3,5,2,0,0,1,0,0,0,0,1,793341,673,5829714,923
202143,11,1,1022207,Hansaviertel,1200629,2018,6,2,7,3,2,6,2,0,1,0,0,0,0,1,794717,7263,5827645,676
202144,11,7,7010102,Nollendorfplatz,7100102,2018,6,17,4,3,6,7,0,0,1,1,0,0,0,0,795221,1911,5825599,503
202145,11,3,3050925,Komponistenviertel Wei�ensee,3500936,2018,6,14,1,3,5,3,0,1,1,0,0,0,0,0,802794,4316,5831197,809
202146,11,4,4030519,Kaiserin-Augusta-Allee,4300518,2018,6,17,4,3,2,6,0,0,1,0,0,0,0,0,792329,8153,5828656,7
202147,11,1,1011301,Charit�viertel,1100308,2018,6,22,7,2,0,1,2,0,0,0,1,0,1,1,797470,5212,5828831,363
202148,11,3,3040614,Pankow Zentrum                                                                                      ,3400721,2018,6,17,4,3,2,6,0,1,1,0,0,0,0,0,798247,9851,5833057,52
202149,11,10,10010207,Marzahner Promenade,10100210,2018,6,14,1,3,1,5,0,0,1,1,0,0,0,0,808102,4693,5831039,306
202150,11,11,11051229,Rummelsburg,11501238,2018,6,17,4,3,5,2,0,1,1,0,0,0,0,0,805606,6058,5824295,528
202151,11,10,10040931,Mahlsdorf Nord                                                                                      ,10400938,2018,6,8,2,3,2,6,0,0,1,0,1,0,0,0,813005,5611,5828503,133
202152,11,1,1033101,Soldiner Stra�e                                                                                     ,1300731,2018,6,23,7,2,1,5,2,0,1,0,0,0,0,1,797417,7871,5832967,163
202153,11,5,5020629,B�rnicker Stra�e                                                                                    ,5200634,2018,6,13,1,3,5,2,0,0,1,0,0,0,0,0,785568,6919,5826169,214
202154,11,1,1011204,Leipziger Stra�e                                                                                    ,1100207,2018,6,17,4,3,5,2,0,1,1,0,0,0,0,0,798771,8391,5827483,243
202155,11,5,5030731,Gartenfelder Stra�e                                                                                 ,5300737,2018,6,13,1,3,2,6,0,0,1,0,0,0,0,0,786975,8946,5829431,9
202156,11,6,6040806,Fischtal,6400840,2018,6,14,6,3,5,7,0,0,1,0,1,0,0,0,789486,9651,5819061,38
202157,11,11,11030618,Fennpfuhl West,11300618,2018,6,17,4,3,0,2,0,1,0,0,0,0,1,0,802414,218,5828968,51
202158,11,3,3020209,Niedersch�nhausen,3200205,2018,6,12,1,3,0,1,0,1,0,0,0,0,0,0,797160,5958,5835663,355
202159,11,9,9031001,Bohnsdorf,9301025,2018,6,16,4,3,5,3,0,0,1,0,0,0,0,0,811080,1722,5815578,995
202160,11,11,11051331,Karlshorst Nord,11501340,2018,6,10,1,3,5,3,0,0,1,0,0,0,0,0,808010,5141,5824740,171
202161,11,12,12103219,Sch�fersee,12100204,2018,6,17,6,3,6,4,0,0,1,1,0,0,0,0,795612,9031,5833077,121
202162,11,1,1044102,Schillerpark,1400940,2018,6,7,1,3,5,3,0,1,1,0,0,0,0,0,795883,2108,5832064,578
202163,11,6,6040810,Dahlem,6400844,2018,6,16,4,3,2,6,0,0,1,0,0,0,0,0,790332,6782,5820525,322
202164,11,10,10040933,Mahlsdorf S�d                                                                                       ,10400941,2018,6,16,4,3,2,6,0,0,1,0,0,0,0,0,813545,7051,5827140,541
202165,11,1,1022206,L�neburger Stra�e                                                                                   ,1200628,2018,6,3,1,2,5,2,2,0,1,0,0,0,0,0,795526,372,5828204,53
202166,11,1,1011203,Unter den Linden S�d,1100206,2018,6,16,4,3,5,3,0,1,1,0,0,0,0,0,797766,4445,5827448,963
202167,11,12,12214528,Tegeler Forst,12400619,2018,6,0,1,3,1,5,2,1,1,0,0,0,0,0,788552,5672,5835461,405
202168,11,9,9010301,Baumschulenstra�e,9100305,2018,6,9,1,3,5,2,0,0,1,0,0,0,0,1,805016,457,5822703,232
202169,11,10,10040830,Kaulsdorf S�d                                                                                       ,10400837,2018,6,12,6,3,4,7,0,0,1,0,0,0,0,0,810255,9269,5823801,894
202170,11,4,4020311,Reichsstra�e,4200310,2018,6,15,1,3,1,5,0,1,1,0,0,0,0,0,789480,1131,5826648,88
202171,11,11,11030619,Fennpfuhl Ost,11300620,2018,6,16,4,3,2,6,0,0,1,0,0,0,1,0,804184,4479,5829563,972
202172,11,9,9051702,B�lschestra�e,9501737,2018,6,13,7,3,1,5,0,1,1,0,0,0,0,0,814508,9033,5821234,311
202173,11,7,7040401,Neu-Tempelhof,7400720,2018,6,10,7,3,6,6,0,0,1,1,0,0,0,0,796814,6486,5823254,687
202174,11,8,8010301,Reuterkiez,8100311,2018,6,15,4,3,0,2,0,0,1,0,0,0,1,0,800528,7567,5824459,226
202175,11,9,9020502,Obersch�neweide Ost,9200512,2018,6,10,7,3,1,3,0,1,1,0,0,0,0,0,807785,9728,5821961,693
202176,11,7,7070701,Kettinger Stra�e/Schillerstra�e                                                                     ,7601442,2018,6,1,7,2,5,2,2,0,0,0,1,0,0,0,799277,5342,5816259,25
202177,11,7,7030301,Friedenau,7300517,2018,6,15,4,3,5,2,0,0,1,0,0,0,0,0,794244,893,5822030,269
202178,11,7,7040403,Manteuffelstra�e                                                                                    ,7400825,2018,6,0,7,3,0,3,2,0,1,0,1,0,0,0,797580,3222,5820789,132
202179,11,6,6020409,K�nigsberger Stra�e                                                                                 ,6200421,2018,6,14,4,2,5,2,0,0,1,0,0,0,0,0,794065,9405,5818778,118
202180,11,1,1022104,Emdener Stra�e                                                                                      ,1200519,2018,6,0,7,3,9,1,2,0,1,0,0,0,0,0,793933,3256,5828814,952
202181,11,9,9010202,K�penicker Landstra�e,9100203,2018,6,14,4,3,1,5,0,0,1,0,0,0,0,0,804134,1635,5823622,532
202182,11,8,8010301,Reuterkiez,8100310,2018,6,23,7,3,6,4,2,1,0,1,0,0,0,0,800897,8724,5824983,69
202183,11,1,1011401,Invalidenstra�e                                                                                     ,1100415,2018,6,21,1,2,0,1,2,1,0,0,0,0,0,0,797906,8248,5829292,131
202184,11,3,3050925,Komponistenviertel Wei�ensee,3500936,2018,6,11,6,3,2,6,0,0,1,0,0,0,0,1,802747,2579,5831733,506
202185,11,12,12301205,Waidmannslust,12500928,2018,6,21,7,3,0,1,0,1,0,0,0,0,0,0,791751,6145,5836861,661
202186,11,3,3061430,Volkspark Prenzlauer Berg,3601450,2018,6,12,4,3,1,7,0,0,1,0,0,0,0,0,802069,5344,5829581,46
202187,11,1,1011301,Charit�viertel,1100308,2018,6,20,7,3,5,7,1,1,1,0,0,0,0,0,797628,8433,5828203,894
202188,11,12,12304314,Ziekowstra�e/Freie Scholle,12500824,2018,6,16,7,3,0,2,0,0,1,1,0,0,0,1,790629,6627,5835976,531
202189,11,2,2020204,Urbanstra�e,2200210,2018,6,20,7,3,5,3,0,1,0,0,1,0,0,0,798900,5844,5825093,412
202190,11,4,4031032,Halensee,4500937,2018,6,12,4,3,5,7,0,1,1,0,0,0,0,0,791184,8003,5825101,171
202191,11,6,6030610,Lichterfelde West                                                                                   ,6300634,2018,6,18,7,3,5,3,0,0,1,0,0,0,0,0,792366,3961,5818474,675
202192,11,10,10030727,Biesdorf S�d                                                                                        ,10300734,2018,6,13,4,3,5,3,0,1,1,0,0,0,0,0,809533,7205,5826903,297
202193,11,12,12214125,Waldidyll/Flughafensee,12200412,2018,6,11,6,3,2,6,0,0,1,0,0,1,1,1,790231,1778,5833689,524
202194,11,10,10020414,Helle Mitte,10200421,2018,6,12,4,3,6,4,0,0,1,1,0,0,0,0,812114,297,5830904,23
202195,11,7,7040406,Germaniagarten,7400928,2018,6,18,7,3,2,7,0,0,1,0,0,0,1,0,800071,2366,5821925,461
202196,11,11,11020411,Malchower Weg,11200410,2018,6,12,4,3,0,7,0,0,0,0,1,0,0,1,806377,485,5832180,529
202197,11,2,2030301,Oranienplatz,2300314,2018,6,18,7,3,5,2,0,1,1,0,0,0,0,0,800207,3342,5825980,533
202198,11,1,1011306,Heine-Viertel Ost,1100313,2018,6,11,1,3,5,3,0,0,1,0,0,0,0,1,800149,4232,5826616,33
202199,11,1,1022201,Stephankiez,1200623,2018,6,9,6,3,5,2,0,1,1,0,0,0,0,0,795035,1485,5829162,478
202200,11,3,3061429,Greifswalder Stra�e,3601449,2018,6,13,4,3,5,3,0,1,1,0,0,0,0,0,801815,905,5830282,795
202201,11,10,10040933,Mahlsdorf S�d                                                                                       ,10400941,2018,6,17,7,3,5,7,0,0,1,0,0,0,0,0,813199,5828,5825944,664
202202,11,2,2020203,Viktoriapark,2200207,2018,6,12,4,2,5,2,0,1,1,0,0,1,0,0,797089,3822,5824711,789
202203,11,6,6040804,Krumme Lanke,6400838,2018,6,16,7,3,4,6,0,0,1,0,0,0,0,0,786758,1537,5818130,944
202204,11,3,3030405,Karow Nord                                                                                          ,3300411,2018,6,14,1,3,5,3,0,1,1,0,0,0,0,0,803886,2829,5839526,178
202205,11,5,5020625,Borkumer Stra�e                                                                                     ,5200629,2018,6,15,7,3,0,7,0,0,1,0,0,0,0,0,784342,8917,5828694,388
202206,11,4,4030620,Alt-Lietzow,4300619,2018,6,12,4,3,5,2,0,0,1,0,1,0,0,0,792973,577,5827556,692
202207,11,7,7060603,Marienfelde Nordost,7601238,2018,6,15,7,3,0,7,0,0,1,0,0,0,0,0,798541,4159,5816803,186