OBJECTID,LAND,BEZ,LOR,STRASSE,LOR_ab_2021,UJAHR,UMONAT,USTUNDE,UWOCHENTAG,UKATEGORIE,UART,UTYP1,ULICHTVERH,IstRad,IstPKW,IstFuss,IstKrad,IstGkfz,IstSonstig,STRZUSTAND,LINREFX,LINREFY,XGCSWGS84,YGCSWGS84
202603,11,9,9020701,Adlershof West,9200715,2018,6,16,2,3,5,3,0,0,1,0,0,0,0,0,807409,4252,5818302,644
202604,11,1,1011305,Heine-Viertel West,1100312,2018,7,13,2,3,5,3,0,1,1,0,0,0,0,0,798968,137,5827277,611
202605,11,9,9020502,Obersch�neweide Ost,9200511,2018,7,15,2,3,4,6,0,1,1,0,0,0,0,0,807076,5069,5821847,619
202606,11,6,6040804,Krumme Lanke,6400838,2018,6,16,2,3,0,2,0,1,1,0,0,0,0,0,787724,2415,5818254,783
202607,11,8,8041040,Waltersdorfer Chaussee Ost,8401246,2018,6,13,6,2,6,7,0,0,1,1,0,0,0,0,806837,148,5816822,56
202608,11,2,2010104,Wassertorplatz,2100106,2018,7,22,1,2,5,3,2,0,1,0,0,0,0,0,798580,4792,5825563,383
202609,11,2,2030402,Wrangelkiez,2300419,2018,7,15,2,3,6,4,0,1,0,1,0,0,0,0,801766,4515,5825804,475
202610,11,8,8020727,Buckow Mitte,8200832,2018,6,16,2,3,1,5,0,0,1,0,0,0,0,0,800711,8133,5816201,854
202611,11,7,7030301,Friedenau,7300517,2018,7,15,2,3,5,7,0,0,1,0,1,0,0,0,794303,3517,5822119,891
202612,11,3,3040512,Wilhelmsruh,3400619,2018,6,11,7,3,2,2,0,0,1,0,0,0,0,0,796951,429,5835829,9
202613,11,8,8010301,Reuterkiez,8100312,2018,7,14,2,3,1,5,0,1,1,0,0,0,0,0,801275,2668,5824007,708
202614,11,12,12214422,Klixstra�e                                                                                          ,12200310,2018,6,16,2,3,2,6,0,0,1,0,0,0,0,0,792133,3769,5833197,402
202615,11,6,6020410,Oberhofer Platz,6200422,2018,7,14,2,3,3,6,0,1,0,0,0,1,0,0,794165,403,5817494,187
202616,11,3,3020307,Buchholz,3200309,2018,6,7,6,3,5,2,0,1,1,0,0,0,0,0,800097,9831,5837573,702
202617,11,6,6030610,Lichterfelde West                                                                                   ,6300634,2018,6,16,2,3,5,3,0,0,1,0,1,0,0,0,791123,7675,5817817,986
202618,11,7,7030303,Grazer Platz,7300619,2018,7,7,2,3,1,5,0,1,1,0,0,0,0,0,795367,5561,5822150,936
202619,11,3,3040614,Pankow Zentrum                                                                                      ,3400724,2018,7,14,2,3,2,6,0,1,0,0,0,0,0,0,799981,5107,5835110,9
202620,11,4,4051654,Wilhelmsaue,4501150,2018,6,14,2,3,1,6,0,0,1,0,0,0,0,0,793324,4,5823934,681
202621,11,2,2030402,Wrangelkiez,2300419,2018,7,14,2,3,2,6,0,0,1,0,0,0,0,0,801701,1605,5825858,646
202622,11,2,2010103,Moritzplatz,2100104,2018,6,17,5,3,1,5,0,1,1,0,0,0,0,0,799279,2674,5826121,151
202623,11,8,8020622,Parchimer Allee,8200726,2018,6,20,7,2,3,6,1,1,1,0,0,0,0,0,801259,2608,5819805,55
202624,11,6,6030503,Zehlendorf Mitte                                                                                    ,6300526,2018,6,13,2,3,5,3,0,1,1,0,0,0,0,0,789348,292,5817268,96
202625,11,9,9010401,Johannisthal West,9100407,2018,6,16,6,3,2,6,0,1,1,0,0,0,0,0,806333,7071,5820980,886
202626,11,5,5010314,Carl-Schurz-Stra�e                                                                                  ,5100316,2018,7,13,4,3,0,2,0,1,1,0,0,0,0,0,784832,9529,5829239,796
202627,11,11,11020412,Hauptstra�e,11200411,2018,7,13,4,3,6,4,0,0,1,1,0,0,0,0,805603,1146,5831232,675
202628,11,1,1033102,Gesundbrunnen,1300733,2018,7,8,7,3,5,7,0,0,1,0,0,0,0,0,797284,3551,5831264,346
202629,11,10,10040932,Alt-Mahlsdorf,10400939,2018,7,11,4,3,0,1,0,1,0,0,0,0,0,0,812932,8701,5827910,823
202630,11,4,4030621,Spreestadt,4300620,2018,7,16,6,3,5,3,0,1,1,0,0,0,0,0,793522,6974,5827321,87
202631,11,2,2040502,Friedenstra�e,2400521,2018,7,13,6,2,3,6,0,1,0,0,0,0,0,0,801247,2711,5827814,494
202632,11,8,8010211,Flughafenstra�e,8100206,2018,7,10,4,3,5,7,0,0,1,0,0,0,0,0,800381,9345,5824125,467
202633,11,1,1011202,Unter den Linden Nord,1100206,2018,7,9,6,3,6,7,0,0,1,0,0,0,1,0,797578,7511,5827691,53
202634,11,4,4010102,Pl�tzensee,4100101,2018,7,10,4,3,5,2,0,0,1,0,0,0,0,0,791665,8682,5830679,36
202635,11,1,1033201,Brunnenstra�e                                                                                       ,1300834,2018,7,11,6,3,2,2,0,1,1,0,0,0,0,0,798082,606,5829987,349
202636,11,2,2020203,Viktoriapark,2200208,2018,7,9,4,3,1,5,0,1,1,0,0,0,0,0,797354,94,5824863,246
202637,11,2,2010104,Wassertorplatz,2100106,2018,7,2,6,3,5,3,2,0,1,0,0,0,0,0,799578,1164,5825656,975
202638,11,5,5010339,Freiheit,5100317,2018,7,7,6,3,1,5,0,1,1,0,0,0,0,0,787081,8016,5828217,981
202639,11,1,1022205,Zillesiedlung,1200627,2018,7,8,4,3,5,3,0,0,1,0,1,0,0,0,796015,2631,5828579,523
202640,11,2,2040502,Friedenstra�e,2400521,2018,7,2,6,3,5,2,2,0,1,0,0,0,0,0,800460,9747,5828462,451
202641,11,4,4010101,Jungfernheide,4100101,2018,7,15,6,3,2,6,0,0,1,0,0,0,0,0,790386,697,5829031,703
202642,11,8,8020625,Handwerker-Siedlung,8200730,2018,7,8,4,3,1,7,0,0,1,0,0,0,1,0,801452,5299,5818594,568
202643,11,1,1011105,N�rdlicher Landwehrkanal                                                                            ,1100102,2018,7,0,6,3,0,7,2,1,0,0,0,0,0,0,795325,1369,5826632,31
202644,11,11,11020514,Gro�e-Leege-Stra�e,11200513,2018,7,16,4,3,0,1,0,0,0,0,1,0,0,0,804470,712,5830932,358
202645,11,9,9020701,Adlershof West,9200715,2018,7,22,6,3,5,3,2,1,1,0,0,0,0,0,807405,1348,5818330,199
202646,11,4,4051445,Eisenzahnstra�e,4500939,2018,7,17,6,3,5,2,0,0,1,0,0,0,0,0,792405,5826,5824099,591
202647,11,2,2020204,Urbanstra�e,2200210,2018,7,23,4,3,5,2,2,1,1,0,0,0,0,1,798310,2325,5825310,718
202648,11,7,7040401,Neu-Tempelhof,7400720,2018,7,20,6,3,4,6,1,1,1,0,0,0,0,0,796946,1483,5823100,761
202649,11,4,4030931,Breitscheidplatz,4501042,2018,7,6,4,3,3,6,0,0,1,0,0,0,1,0,794000,2916,5825937,997
202650,11,1,1011402,Arkonaplatz,1100416,2018,7,20,6,3,1,5,0,1,1,0,0,0,0,0,798790,5853,5829136,374
202651,11,11,11051229,Rummelsburg,11501238,2018,7,22,4,3,5,3,2,1,1,0,0,0,0,1,803700,1944,5826249,349
202652,11,11,11020515,Landsberger Allee,11200514,2018,7,19,6,3,5,3,0,1,1,0,0,0,0,0,804890,9329,5830549,28
202653,11,9,9010101,Elsenstra�e                                                                                         ,9100101,2018,7,19,6,3,5,3,1,0,1,0,1,0,0,0,801669,784,5825156,381
202654,11,8,8010404,Rixdorf,8100415,2018,7,6,4,3,5,3,0,0,1,0,0,0,0,0,801998,273,5823294,51
202655,11,8,8010301,Reuterkiez,8100311,2018,7,19,6,2,1,5,0,1,1,0,0,0,0,0,800488,9677,5824462,28
202656,11,7,7030301,Friedenau,7300517,2018,7,19,6,3,5,2,0,1,1,0,0,0,0,0,793941,2863,5822513,844
202657,11,11,11030720,Herzbergstra�e,11300721,2018,7,5,4,3,0,1,0,0,0,0,1,0,0,1,804702,1544,5829940,591
202658,11,2,2010102,Mehringplatz,2100103,2018,7,19,6,3,5,3,0,1,0,0,0,0,0,0,798480,5099,5825553,352
202659,11,10,10010308,Marzahner Chaussee,10100311,2018,7,5,4,3,0,1,0,0,0,0,1,0,0,1,806554,6878,5828790,423
202660,11,2,2010103,Moritzplatz,2100105,2018,7,0,4,3,5,3,2,1,1,0,0,0,0,1,799593,7557,5825829,699
202661,11,6,6010205,S�dende,6100205,2018,7,18,6,3,0,2,0,0,1,0,1,0,0,0,794789,75,5820062,992
202662,11,7,7070701,Kettinger Stra�e/Schillerstra�e                                                                     ,7601442,2018,7,0,4,3,5,2,2,0,1,0,0,0,0,1,799277,2075,5816259,99
202663,11,12,12214424,Scharnweberstra�e                                                                                   ,12200309,2018,7,20,4,3,5,3,1,1,1,0,0,0,0,0,793230,906,5832405,52
202664,11,6,6030609,Augustaplatz,6300633,2018,7,16,6,3,2,6,0,1,0,0,0,0,1,0,793212,1001,5819784,832
202665,11,11,11020513,Orankesee,11200512,2018,7,17,6,3,4,5,0,1,1,0,0,0,0,0,804179,7657,5831035,572
202666,11,4,4051445,Eisenzahnstra�e,4500939,2018,7,17,4,3,5,3,0,0,1,0,1,0,0,1,792203,8583,5824083,219
202667,11,1,1044203,Leopoldplatz,1401049,2018,7,16,6,3,1,1,0,1,1,0,0,0,0,0,796050,9274,5831991,812
202668,11,9,9041402,Siedlung K�mmereiheide,9401432,2018,7,17,4,3,5,3,0,0,1,0,0,0,1,0,812116,7894,5820612,4
202669,11,3,3050923,Wei�enseer Spitze,3500934,2018,7,16,4,3,5,2,0,1,1,0,0,0,0,0,800324,457,5831637,7
202670,11,9,9010401,Johannisthal West,9100407,2018,7,16,6,3,3,2,0,1,1,0,0,0,0,0,806313,8026,5820945,838
202671,11,4,4041344,R�desheimer Platz,4400835,2018,7,16,4,3,5,3,0,0,1,0,0,0,0,1,793379,7,5821960,236
202672,11,1,1011102,Gro�er Tiergarten,1100102,2018,7,16,4,3,2,6,0,0,1,0,1,0,0,1,795349,3942,5827382,782
202673,11,7,7030303,Grazer Platz,7300619,2018,7,16,6,3,5,3,0,1,1,0,0,0,0,0,794950,2407,5821594,482
202674,11,7,7060604,Marienfelde S�d,7601340,2018,7,16,4,3,2,2,0,0,1,0,0,0,0,1,796571,3927,5815881,744
202675,11,3,3040614,Pankow Zentrum                                                                                      ,3400723,2018,7,15,6,3,5,2,0,0,1,0,1,0,0,0,799086,803,5833833,497
202676,11,1,1011204,Leipziger Stra�e                                                                                    ,1100207,2018,7,16,4,3,1,5,0,1,1,0,0,0,1,1,797849,2641,5826895,302
202677,11,1,1022206,L�neburger Stra�e                                                                                   ,1200628,2018,7,15,6,3,3,6,0,1,1,0,0,0,0,0,795796,7677,5828244,914
202678,11,2,2040701,Andreasviertel,2400623,2018,7,16,4,3,6,2,0,0,1,1,0,0,0,0,800671,9687,5827566,381
202679,11,11,11020513,Orankesee,11200512,2018,7,15,6,3,6,2,0,0,1,1,0,0,0,0,802920,3434,5831214,572
202680,11,5,5010314,Carl-Schurz-Stra�e                                                                                  ,5100316,2018,7,16,4,3,5,3,0,0,1,0,1,0,0,1,784959,5825,5828843,251
202681,11,3,3061126,Arnimplatz,3601140,2018,7,15,6,3,5,3,0,1,0,0,1,0,0,0,798418,2035,5831795,341
202682,11,11,11040926,Weitlingstra�e,11400931,2018,7,16,4,3,5,2,0,0,1,0,0,0,0,0,805771,3675,5827175,273
202683,11,4,4041239,Stadion Wilmersdorf,4400830,2018,7,16,4,3,2,7,0,1,1,0,0,0,0,1,791672,7785,5823354,393
202684,11,12,12214424,Scharnweberstra�e                                                                                   ,12200309,2018,7,15,6,3,2,6,0,0,1,0,0,0,0,0,792448,7726,5832867,843
202685,11,4,4030725,Amtsgerichtsplatz,4300416,2018,7,22,4,2,6,4,2,0,1,1,0,0,0,1,791912,3525,5826231,463
202686,11,5,5010207,Darbystra�e                                                                                         ,5100209,2018,7,19,4,2,2,6,0,0,1,0,0,0,0,0,783457,5887,5830237,515
202687,11,7,7060603,Marienfelde Nordost,7601238,2018,7,14,6,3,2,2,0,0,1,0,0,0,0,0,797652,1203,5817291,581
202688,11,3,3040818,Pankow S�d                                                                                          ,3400827,2018,7,18,4,3,1,5,0,1,1,0,0,0,0,1,799253,3904,5832478,467
202689,11,9,9020502,Obersch�neweide Ost,9200511,2018,7,14,6,2,6,4,0,1,0,1,0,0,0,0,807365,5509,5821745,24
202690,11,3,3071536,Teutoburger Platz,3701554,2018,7,12,6,3,2,6,0,1,1,0,0,0,0,0,799068,796,5829525,729
202691,11,9,9020802,K�llnische Vorstadt                                                                                 ,9200819,2018,7,22,4,3,8,1,2,0,0,0,1,0,0,0,810055,136,5819442,677
202692,11,2,2030402,Wrangelkiez,2300419,2018,7,12,6,3,1,5,0,1,0,0,0,1,0,0,801848,9327,5825735,37
202693,11,11,11040925,Victoriastadt,11400927,2018,7,7,3,3,5,3,0,1,1,0,0,0,0,0,803486,6539,5826528,46
202694,11,1,1022206,L�neburger Stra�e                                                                                   ,1200628,2018,7,18,3,3,5,2,0,1,1,0,0,0,0,0,795703,6173,5828178,103
202695,11,3,3061429,Greifswalder Stra�e,3601449,2018,7,12,6,3,5,3,0,1,1,0,0,0,0,0,802023,738,5830445,154
202696,11,1,1011303,Alexanderplatzviertel,1100310,2018,7,23,3,3,5,2,2,1,0,0,0,0,1,1,799761,2637,5828637,936
202697,11,6,6010102,Schlo�stra�e                                                                                        ,6100102,2018,7,19,6,3,0,6,0,0,1,0,0,0,1,0,793608,487,5820611,84
202698,11,4,4030623,Ernst-Reuter-Platz,4300622,2018,7,15,3,3,5,2,0,1,1,0,0,0,0,0,793586,3,5826420,756
202699,11,1,1022205,Zillesiedlung,1200627,2018,7,18,6,3,5,3,0,0,1,0,0,0,0,0,795485,56,5828418,882
202700,11,5,5020417,Staakener Stra�e                                                                                    ,5200420,2018,7,19,6,3,2,6,0,0,1,0,0,0,0,0,783554,3108,5828659,324
202701,11,2,2010101,Askanischer Platz,2100101,2018,7,14,3,2,5,2,0,1,0,0,0,1,0,0,797034,4751,5825879,369
202702,11,11,11051229,Rummelsburg,11501238,2018,7,19,6,3,2,6,0,0,1,0,0,0,0,0,805100,494,5824958,122
202703,11,2,2030302,Lausitzer Platz,2300316,2018,7,19,6,3,1,5,0,1,1,0,0,0,1,0,801495,4046,5826064,2
202704,11,8,8010212,Rollberg,8100207,2018,7,11,3,3,5,5,0,0,1,0,0,0,0,0,801030,7729,5823503,424
202705,11,9,9020502,Obersch�neweide Ost,9200511,2018,7,21,6,3,1,5,0,0,1,0,0,0,0,0,807461,297,5821875,67
202706,11,6,6020411,Sch�tte-Lanz-Stra�e                                                                                 ,6200423,2018,7,11,3,3,5,2,0,1,1,0,0,0,0,0,793713,5802,5815759,736
202707,11,12,12302110,Dannenwalder Weg,12601235,2018,7,11,5,3,5,2,0,0,1,0,0,0,0,0,795279,246,5836365,42
202708,11,2,2010101,Askanischer Platz,2100101,2018,7,10,3,3,1,5,0,0,0,0,1,0,1,0,797472,706,5826085,851
202709,11,2,2050801,Traveplatz,2500832,2018,7,0,5,3,2,6,2,1,0,0,1,0,0,0,803634,5675,5827371,944
202710,11,12,12214424,Scharnweberstra�e                                                                                   ,12200411,2018,7,9,5,3,3,6,0,0,1,0,0,0,1,0,793002,3236,5832181,827
202711,11,3,3071633,Th�lmannpark,3701657,2018,7,9,3,3,5,3,0,1,1,0,0,0,0,0,800113,8716,5830737,388
202712,11,11,11020411,Malchower Weg,11200410,2018,7,14,5,3,5,7,0,0,1,0,1,0,0,0,805045,153,5832935,46
202713,11,1,1011102,Gro�er Tiergarten,1100102,2018,7,11,5,3,2,6,0,0,1,0,0,0,0,0,795052,64,5827184,91
202714,11,6,6040809,Thielallee,6400843,2018,7,9,3,3,1,7,0,0,1,0,0,0,1,0,791515,9086,5820648,843
202715,11,1,1011302,Oranienburger Stra�e                                                                                ,1100309,2018,7,11,5,3,6,4,0,0,1,1,0,0,0,0,798690,476,5828343,569
202716,11,1,1044202,Sparrplatz,1401046,2018,7,10,5,3,2,6,0,0,1,0,0,0,0,0,795236,5951,5830444,409
202717,11,5,5010310,Eckschanze,5100312,2018,7,8,3,3,2,6,0,0,0,0,1,0,1,0,784749,28,5830491,935
202718,11,10,10010308,Marzahner Chaussee,10100311,2018,7,9,5,2,5,3,0,1,1,0,0,0,0,0,807517,9851,5828997,42
202719,11,2,2010104,Wassertorplatz,2100106,2018,7,8,3,3,2,2,0,0,1,0,0,0,1,0,799966,8133,5825447,4
202720,11,11,11010308,Zingster Stra�e Ost,11100307,2018,7,19,1,3,1,5,0,1,1,0,0,0,0,0,805040,5682,5833872,389
202721,11,4,4010101,Jungfernheide,4100101,2018,7,8,3,3,5,2,0,0,1,0,0,0,0,0,791284,7777,5830682,715
202722,11,2,2050804,Stralauer Halbinsel,2500836,2018,7,9,5,3,5,7,0,1,1,0,0,0,0,0,803230,5077,5825631,95
202723,11,7,7010102,Nollendorfplatz,7100103,2018,7,21,1,2,9,1,0,0,1,0,0,0,0,0,795788,4866,5825415,126
202724,11,4,4030620,Alt-Lietzow,4300619,2018,7,9,5,3,5,2,0,1,1,0,0,0,0,0,792764,3411,5827047,279
202725,11,8,8010117,Schillerpromenade,8100102,2018,7,3,1,3,0,7,2,1,0,0,0,0,0,0,800573,2591,5823261,144
202726,11,2,2050802,Boxhagener Platz,2500833,2018,7,8,3,3,5,2,0,1,1,0,0,0,0,0,802074,846,5827362,473
202727,11,1,1011305,Heine-Viertel West,1100312,2018,7,8,5,3,1,7,0,1,1,0,0,0,0,0,798889,64,5827153,791
202728,11,9,9051901,Dammvorstadt,9501939,2018,7,8,3,3,2,6,0,0,1,0,0,0,1,0,810570,1849,5821094,195
202729,11,12,12103117,Letteplatz,12100101,2018,7,14,1,3,5,3,0,0,1,0,0,0,1,0,796636,5172,5832414,281
202730,11,9,9020502,Obersch�neweide Ost,9200511,2018,7,14,7,3,0,2,0,1,1,0,0,0,0,0,806810,1202,5821999,212
202731,11,8,8010508,Wei�e Siedlung,8100520,2018,7,5,3,3,2,6,0,0,1,0,0,1,0,0,803193,4126,5822725,639
202732,11,3,3020307,Buchholz,3200309,2018,7,6,5,3,5,3,0,1,1,0,0,0,0,0,800456,984,5836188,59
202733,11,7,7030302,Cecilieng�rten,7300618,2018,7,5,3,3,1,5,0,0,1,0,1,0,0,0,794456,5311,5821912,537
202734,11,1,1011302,Oranienburger Stra�e                                                                                ,1100309,2018,7,12,7,2,6,4,0,0,1,1,0,0,0,0,798580,3905,5829084,9
202735,11,4,4020204,Olympiagel�nde,4200203,2018,7,22,7,3,5,3,2,1,1,0,0,0,0,0,788308,4722,5826875,263
202736,11,4,4030623,Ernst-Reuter-Platz,4300622,2018,7,15,3,3,2,7,0,0,0,0,0,1,1,0,793883,9911,5826225,487
202737,11,1,1022104,Emdener Stra�e                                                                                      ,1200520,2018,7,14,5,2,5,3,0,1,1,0,0,0,0,0,794571,7758,5828742,71
202738,11,4,4030827,Karl-August-Platz,4300623,2018,7,11,3,2,5,3,0,1,1,0,0,0,0,0,792401,1875,5826525,273
202739,11,2,2030301,Oranienplatz,2300314,2018,7,20,7,3,5,7,1,1,1,0,0,0,0,0,800108,2802,5825756,261
202740,11,4,4030623,Ernst-Reuter-Platz,4300622,2018,7,13,3,2,5,2,0,0,1,0,0,0,0,0,793524,7535,5826483,877
202741,11,5,5030731,Gartenfelder Stra�e                                                                                 ,5300737,2018,7,7,5,2,4,6,0,0,1,0,0,0,1,0,787352,1698,5829817,659
202742,11,8,8020619,Buschkrugallee Nord,8200623,2018,7,9,3,2,6,3,0,0,1,1,0,0,0,0,802618,4121,5820749,228
202743,11,2,2020204,Urbanstra�e,2200210,2018,7,19,7,3,1,5,0,1,1,0,0,0,0,0,798294,6641,5824841,344
202744,11,10,10010206,Ringkolonnaden,10100209,2018,7,14,5,3,2,6,0,0,1,0,0,0,0,0,809971,1309,5832033,896
202745,11,8,8010407,Gewerbegebiet Ederstra�e,8100418,2018,7,18,7,3,5,2,0,0,1,0,1,0,0,0,802417,755,5823728,98
202746,11,8,8010404,Rixdorf,8100417,2018,7,9,3,2,4,1,0,0,1,0,0,1,1,0,802562,4754,5823094,944
202747,11,4,4020313,K�nigin-Elisabeth-Stra�e,4200311,2018,7,9,5,3,0,3,0,0,1,0,0,0,1,0,790296,124,5826006,991
202748,11,3,3061434,Anton-Saefkow-Park,3601451,2018,7,12,3,3,5,3,0,1,1,0,0,0,0,0,801462,4578,5829791,211
202749,11,10,10010309,Springpfuhl,10100312,2018,7,18,7,3,5,2,0,1,1,0,0,0,0,0,807940,7434,5829230,257
202750,11,6,6020305,Gemeindepark Lankwitz,6200316,2018,7,16,7,3,5,2,0,0,1,0,0,0,0,0,796009,7433,5817694,838
202751,11,4,4020314,Messegel�nde,4200311,2018,7,8,3,2,3,6,0,0,1,0,1,0,0,0,790113,3898,5825346,283
202752,11,6,6040701,Wannsee,6400735,2018,7,0,5,3,8,1,2,0,1,0,0,0,0,0,784612,8593,5816630,231
202753,11,4,4020314,Messegel�nde,4200311,2018,7,14,3,3,0,1,0,1,0,0,0,0,0,0,790550,6819,5825359,498
202754,11,8,8010404,Rixdorf,8100417,2018,7,14,7,3,3,6,0,1,0,0,0,0,1,0,802455,222,5823185,403
202755,11,11,11041022,Rosenfelder Ring,11401032,2018,7,3,5,3,0,7,2,1,0,0,0,0,0,0,806612,5233,5827512,851
202756,11,2,2010104,Wassertorplatz,2100106,2018,7,22,3,2,2,6,2,0,1,0,0,0,0,0,798684,3495,5825585,193
202757,11,2,2050802,Boxhagener Platz,2500833,2018,7,10,5,2,0,1,0,1,0,0,0,0,0,0,802256,6422,5827116,518
202758,11,1,1033201,Brunnenstra�e                                                                                       ,1300834,2018,7,14,7,3,6,4,0,0,1,1,0,0,0,0,798027,3666,5830098,905
202759,11,4,4020311,Reichsstra�e,4200309,2018,7,12,5,3,0,7,0,1,0,0,0,0,0,0,789015,9923,5827054,202
202760,11,2,2050602,Samariterviertel,2500728,2018,7,13,7,3,5,3,0,0,1,0,0,0,0,0,803178,4,5828310,779
202761,11,9,9020702,Adlershof Ost,9200717,2018,7,21,3,3,1,5,1,1,1,0,0,0,0,0,809078,4759,5819624,595
202762,11,2,2050803,Stralauer Kiez,2500835,2018,7,19,3,3,0,6,0,0,1,0,1,0,0,0,803022,7025,5825769,689
202763,11,6,6010208,Bergstra�e                                                                                          ,6100208,2018,7,18,5,3,1,6,0,1,1,0,0,0,0,0,794608,8809,5820324,524
202764,11,4,4030415,Schlo�garten,4300412,2018,7,18,3,3,3,6,0,0,1,0,0,0,0,0,791091,5157,5827434,53
202765,11,5,5010101,Hakenfelde Nord,5100103,2018,7,13,7,3,2,6,0,0,1,0,0,0,0,0,785323,2886,5832475,947
202766,11,6,6040805,Fischerh�ttenstra�e                                                                                 ,6400839,2018,7,19,5,3,1,5,0,1,0,0,0,0,1,0,788689,449,5818368,589
202767,11,12,12231102,Frohnau,12400721,2018,7,13,7,3,5,3,0,0,1,0,0,0,0,0,791116,4181,5841058,239
202768,11,1,1011105,N�rdlicher Landwehrkanal                                                                            ,1100102,2018,7,17,3,3,3,2,0,0,1,0,1,0,0,0,795588,8678,5826666,408
202769,11,2,2030302,Lausitzer Platz,2300316,2018,7,22,5,3,5,2,2,1,1,0,0,0,0,0,801469,455,5826032,938
202770,11,5,5010101,Hakenfelde Nord,5100104,2018,7,17,3,3,5,2,0,0,1,0,1,0,0,0,785672,4735,5831760,128
202771,11,5,5020524,Weinmeisterhornweg,5200528,2018,7,12,7,3,2,6,0,0,1,0,0,0,0,0,783450,1008,5826733,226
202772,11,9,9051901,Dammvorstadt,9501941,2018,7,10,7,3,5,3,0,0,1,0,0,0,0,0,811203,3078,5821188,898
202773,11,12,12214125,Waldidyll/Flughafensee,12200412,2018,7,22,2,3,0,3,2,1,1,0,0,0,0,0,791381,661,5833134,436
202774,11,4,4010101,Jungfernheide,4100101,2018,7,21,5,3,2,6,1,0,1,0,0,0,0,0,791244,5937,5829711,1
202775,11,8,8030829,Gropiusstadt Nord,8300934,2018,7,20,2,3,5,3,0,0,0,0,1,0,1,0,803574,3906,5818136,88
202776,11,3,3040513,Sch�nholz,3400620,2018,7,20,5,3,2,2,0,0,1,0,0,0,0,0,797416,3586,5833969,319
202777,11,6,6020302,Komponistenviertel Lankwitz,6200312,2018,7,9,7,3,4,6,0,1,1,0,0,0,0,0,794463,2954,5818028,7
202778,11,11,11020411,Malchower Weg,11200410,2018,7,15,5,3,6,7,0,1,0,1,0,0,0,0,805067,8454,5832856,375
202779,11,2,2030301,Oranienplatz,2300314,2018,7,20,2,3,3,6,0,1,1,0,0,0,0,0,800131,5117,5825762,254
202780,11,12,12231101,Hermsdorf,12400722,2018,7,18,5,3,2,6,0,0,1,0,0,0,0,0,790700,84,5837445,989
202781,11,7,7010104,Dennewitzplatz,7100206,2018,7,18,5,3,5,2,0,1,0,0,0,0,1,0,796681,7515,5824820,982
202782,11,6,6020304,Kaiser-Wilhelm-Stra�e                                                                               ,6200314,2018,7,10,7,3,2,6,0,0,1,0,0,0,0,0,795140,73,5818220,308
202783,11,4,4051445,Eisenzahnstra�e,4500939,2018,7,19,2,3,5,2,0,1,1,0,0,0,0,0,792433,9159,5824092,808
202784,11,1,1011202,Unter den Linden Nord,1100206,2018,7,18,5,3,2,2,0,0,1,0,0,0,0,0,797197,3527,5827500,741
202785,11,2,2040502,Friedenstra�e,2400521,2018,7,18,2,3,6,4,0,1,0,1,0,0,0,0,800734,8765,5828488,325
202786,11,11,11041128,Sewanstra�e,11401136,2018,7,9,7,3,5,2,0,1,1,0,0,0,0,0,805885,3188,5825856,221
202787,11,3,3040614,Pankow Zentrum                                                                                      ,3400723,2018,7,18,2,3,5,2,0,1,1,0,0,0,0,0,798609,4511,5833050,366
202788,11,5,5010314,Carl-Schurz-Stra�e                                                                                  ,5100316,2018,7,18,5,3,5,2,0,0,0,0,1,0,1,0,784488,8502,5829372,3
202789,11,1,1033203,Humboldthain Nordwest                                                                               ,1300836,2018,7,19,5,2,0,1,0,1,0,0,0,0,0,0,796477,7494,5829934,71
202790,11,1,1033102,Gesundbrunnen,1300733,2018,7,17,2,3,2,6,0,0,1,0,1,0,0,0,797309,455,5831875,114
202791,11,6,6040810,Dahlem,6400844,2018,7,9,7,3,5,2,0,1,1,0,0,0,0,0,790387,9079,5820839,826
202792,11,1,1011303,Alexanderplatzviertel,1100310,2018,7,23,7,3,6,4,2,1,0,1,0,0,0,0,799501,8846,5828350,133
202793,11,3,3030715,Heinersdorf,3300516,2018,7,18,5,3,8,1,0,0,1,0,0,0,0,0,801051,9537,5833859,345
202794,11,1,1011203,Unter den Linden S�d,1100206,2018,7,17,2,3,2,6,0,0,1,0,0,0,0,0,797540,1955,5827523,632
202795,11,9,9031101,Gr�nau,9301126,2018,7,22,5,3,0,1,2,0,0,0,1,0,0,0,812369,6465,5816489,336
202796,11,2,2050803,Stralauer Kiez,2500835,2018,7,23,7,3,5,3,2,0,1,0,0,0,0,0,802104,9779,5826357,861
202797,11,7,7050503,Eisenacher Stra�e                                                                                   ,7501031,2018,7,17,5,2,5,3,0,0,1,0,0,0,1,0,799229,9833,5820080,551
202798,11,2,2050803,Stralauer Kiez,2500835,2018,7,19,7,2,5,2,0,0,1,0,1,0,0,0,803012,5315,5825740,494
202799,11,1,1022102,Beusselkiez,1200518,2018,7,17,2,3,5,3,0,0,1,0,1,0,0,0,793320,5124,5828538,909
202800,11,4,4030518,Tegeler Weg,4300517,2018,7,18,5,3,5,2,0,0,1,0,0,0,0,0,791387,9783,5828586,252
202801,11,1,1044101,Rehberge,1400937,2018,7,12,7,2,6,4,0,0,0,1,1,0,0,0,793685,9133,5832195,811
202802,11,4,4051655,Babelsberger Stra�e,4501153,2018,7,17,5,3,5,2,0,1,1,0,0,0,0,0,793862,3474,5823228,992
202803,11,1,1044102,Schillerpark,1400939,2018,7,3,7,3,9,1,2,0,1,0,0,0,0,0,794538,2689,5831583,983
202804,11,5,5020625,Borkumer Stra�e                                                                                     ,5200629,2018,7,17,2,3,6,2,0,0,1,1,0,0,0,0,784459,3086,5828663,322
202805,11,7,7030301,Friedenau,7300516,2018,7,17,5,3,0,2,0,1,1,0,0,0,0,0,793996,6196,5821570,156