OBJECTID,LAND,BEZ,LOR,STRASSE,LOR_ab_2021,UJAHR,UMONAT,USTUNDE,UWOCHENTAG,UKATEGORIE,UART,UTYP1,ULICHTVERH,IstRad,IstPKW,IstFuss,IstKrad,IstGkfz,IstSonstig,STRZUSTAND,LINREFX,LINREFY,XGCSWGS84,YGCSWGS84
202806,11,1,1044101,Rehberge,1400937,2018,7,14,2,3,3,6,0,1,0,0,0,0,1,0,791752,435,5831102,968
202807,11,10,10020413,Gut Hellersdorf,10200420,2018,7,1,7,2,9,1,2,0,0,0,1,0,0,0,811823,93,5830851,861
202808,11,9,9051702,B�lschestra�e,9501737,2018,7,20,2,3,5,3,0,0,1,0,0,0,0,0,815016,2855,5821294,576
202809,11,2,2050802,Boxhagener Platz,2500834,2018,7,17,5,3,6,4,0,0,1,1,0,0,0,0,802587,866,5826877,696
202810,11,2,2020204,Urbanstra�e,2200210,2018,7,20,2,2,5,3,0,1,1,0,0,0,0,0,798317,1063,5824984,908
202811,11,2,2040502,Friedenstra�e,2400521,2018,7,8,6,2,5,2,0,1,0,0,0,0,1,0,801250,8631,5827844,601
202812,11,11,11030720,Herzbergstra�e,11300721,2018,7,17,5,3,5,3,0,1,1,0,0,0,0,0,804920,1109,5829935,206
202813,11,5,5010310,Eckschanze,5100312,2018,7,8,6,3,1,3,0,0,1,0,0,0,1,0,784626,5468,5830362,887
202814,11,10,10010310,Alt-Marzahn,10100313,2018,7,17,2,2,5,3,0,0,1,0,1,0,0,0,809390,8101,5831073,593
202815,11,8,8010301,Reuterkiez,8100312,2018,7,17,5,3,5,2,0,1,1,0,0,0,0,0,801412,807,5824468,793
202816,11,2,2020203,Viktoriapark,2200209,2018,7,6,6,3,5,2,0,1,1,0,0,0,0,0,797101,4674,5824478,345
202817,11,1,1022103,Westhafen,1200517,2018,7,15,5,3,2,6,0,0,1,0,0,0,0,0,793518,3719,5829295,897
202818,11,8,8010213,K�rnerpark,8100208,2018,7,16,6,3,2,7,0,1,1,0,0,0,0,0,801648,562,5822529,694
202819,11,11,11020412,Hauptstra�e,11200411,2018,7,17,2,2,1,5,0,1,1,0,0,0,0,0,804909,2732,5831700,842
202820,11,1,1011304,Karl-Marx-Allee,1100311,2018,7,15,5,3,5,2,0,1,0,0,0,1,0,0,799676,2617,5827574,434
202821,11,7,7020202,Volkspark (Rudolf-Wilde-Park),7200308,2018,7,17,2,3,5,2,0,1,1,0,0,0,0,0,795216,5623,5823538,931
202822,11,4,4030827,Karl-August-Platz,4300623,2018,7,22,6,3,6,4,2,1,1,1,0,0,0,0,792420,716,5826104,23
202823,11,7,7040401,Neu-Tempelhof,7400721,2018,7,17,6,3,1,5,0,0,1,0,0,0,0,0,797066,6478,5823152,273
202824,11,2,2040701,Andreasviertel,2400623,2018,7,8,2,3,3,6,0,1,0,0,0,1,0,0,800587,945,5827030,415
202825,11,8,8010211,Flughafenstra�e,8100206,2018,7,15,5,3,0,3,0,0,1,0,1,0,0,0,800622,3578,5823768,144
202826,11,7,7030303,Grazer Platz,7300619,2018,7,8,2,3,5,2,0,0,1,0,0,0,0,0,795237,9053,5822271,613
202827,11,8,8010404,Rixdorf,8100415,2018,7,16,6,3,5,2,0,1,1,0,0,0,0,0,802030,6274,5823470,596
202828,11,4,4030415,Schlo�garten,4300412,2018,7,9,2,3,0,6,0,0,1,0,1,0,0,0,790687,8415,5827366,137
202829,11,4,4010103,Paul-Hertz-Siedlung,4100102,2018,7,16,5,3,5,2,0,1,1,0,0,0,0,0,791429,789,5829183,339
202830,11,7,7010102,Nollendorfplatz,7100102,2018,7,9,2,3,2,6,0,0,1,0,0,0,1,0,795536,6178,5825528,92
202831,11,10,10030725,Buckower Ring,10300732,2018,7,17,6,3,5,3,0,1,1,0,0,0,0,0,809906,9779,5829668,928
202832,11,7,7040405,Rathaus Tempelhof,7400927,2018,7,14,5,2,6,4,0,0,1,1,0,0,0,0,797997,1756,5821158,51
202833,11,7,7040403,Manteuffelstra�e                                                                                    ,7400824,2018,7,16,6,3,5,3,0,1,0,0,0,0,1,0,797864,806,5821786,266
202834,11,8,8030829,Gropiusstadt Nord,8300934,2018,7,15,2,2,6,4,0,0,0,1,0,0,1,0,802619,68,5818811,51
202835,11,2,2020206,Graefekiez,2200213,2018,7,14,5,3,0,4,0,1,0,1,0,0,0,0,799658,791,5825210,576
202836,11,6,6030609,Augustaplatz,6300633,2018,7,11,2,3,1,5,0,1,1,0,0,0,0,0,792995,7753,5819676,239
202837,11,2,2030402,Wrangelkiez,2300419,2018,7,2,6,3,6,4,2,0,1,1,0,0,0,1,802025,6466,5825582,662
202838,11,6,6010209,Feuerbachstra�e                                                                                     ,6100209,2018,7,15,6,2,5,3,0,1,1,0,0,0,0,0,794681,2912,5821654,622
202839,11,5,5010207,Darbystra�e                                                                                         ,5100209,2018,7,11,2,3,5,7,0,0,1,0,0,0,0,0,783588,101,5830204,631
202840,11,3,3050924,Behaimstra�e,3500935,2018,7,13,5,3,1,5,0,1,1,0,0,0,0,0,801482,5415,5831232,8
202841,11,7,7010104,Dennewitzplatz,7100205,2018,7,12,2,3,5,3,0,0,1,0,0,0,0,0,796354,7958,5825083,563
202842,11,9,9041501,Altstadt Kietz,9401534,2018,7,17,5,3,6,7,0,1,0,1,0,0,0,0,811172,5035,5820369,732
202843,11,6,6020409,K�nigsberger Stra�e                                                                                 ,6200421,2018,7,12,2,3,1,5,0,1,1,0,0,0,0,0,793027,2926,5816833,156
202844,11,9,9051901,Dammvorstadt,9501941,2018,7,15,6,3,5,2,0,1,1,0,0,0,0,0,811704,248,5821147,723
202845,11,5,5010101,Hakenfelde Nord,5100101,2018,7,15,6,2,5,3,0,0,1,0,1,0,0,0,785349,7988,5832587,331
202846,11,4,4030415,Schlo�garten,4300412,2018,7,13,2,3,5,2,0,1,1,0,0,0,0,0,790797,7448,5827378,9
202847,11,1,1011303,Alexanderplatzviertel,1100310,2018,7,23,5,3,0,1,2,0,0,0,1,0,0,0,799659,5209,5828733,559
202848,11,3,3020307,Buchholz,3200310,2018,7,16,2,3,2,6,0,0,1,0,0,0,0,0,799269,9889,5837679,1
202849,11,7,7040405,Rathaus Tempelhof,7400927,2018,7,13,6,2,2,6,0,0,1,0,0,0,0,0,799474,6495,5821794,523
202850,11,1,1022102,Beusselkiez,1200518,2018,7,15,2,3,5,2,0,0,1,0,1,0,0,0,793555,6771,5828923,732
202851,11,9,9010301,Baumschulenstra�e,9100304,2018,7,11,5,1,0,1,0,0,1,0,1,0,0,0,804589,6998,5822462,533
202852,11,6,6040703,Nikolassee,6400737,2018,7,15,2,3,5,7,0,1,1,0,0,0,0,0,784495,9179,5817237,221
202853,11,9,9051701,Hirschgarten,9501736,2018,7,12,4,3,2,6,0,0,1,0,0,0,0,0,813005,752,5821408,862
202854,11,7,7010102,Nollendorfplatz,7100103,2018,7,14,6,2,6,7,0,0,0,1,0,0,1,0,795716,7572,5825434,943
202855,11,9,9051801,Rahnsdorf/Hessenwinkel,9501838,2018,7,10,4,3,4,6,0,1,0,0,0,0,0,0,822060,5092,5819318,812
202856,11,4,4030931,Breitscheidplatz,4501042,2018,7,13,6,3,5,2,0,0,1,0,0,0,1,0,793513,2429,5825446,718
202857,11,2,2040701,Andreasviertel,2400623,2018,7,14,2,3,5,2,0,0,1,0,0,1,0,0,800589,203,5827046,864
202858,11,3,3010104,Lietzengraben,3100101,2018,7,22,4,3,5,2,2,1,1,0,0,0,0,0,801104,6927,5839072,674
202859,11,12,12302212,Rollbergesiedlung,12601032,2018,7,15,2,2,6,3,0,0,1,1,0,0,0,0,792785,5127,5837466,635
202860,11,7,7020204,Sch�neberger Insel,7200412,2018,7,13,6,2,6,2,0,0,1,1,0,0,0,0,796270,7573,5822959,468
202861,11,9,9010402,Johannisthal Ost,9100408,2018,7,12,6,3,5,2,0,1,1,0,0,0,0,0,806452,564,5820712,775
202862,11,1,1044201,Reinickendorfer Stra�e                                                                              ,1401043,2018,7,15,2,2,1,1,0,0,1,0,0,0,1,0,796017,5499,5831323,783
202863,11,6,6040808,H�ttenweg,6400842,2018,7,21,4,3,5,3,2,1,1,0,0,0,0,0,790135,2543,5819771,27
202864,11,7,7050504,Imbrosweg,7501032,2018,7,16,2,2,2,1,0,0,1,0,0,0,0,0,799960,5347,5820428,33
202865,11,3,3020209,Niedersch�nhausen,3200205,2018,7,21,4,3,5,2,0,1,1,0,0,0,0,0,798074,9335,5835807,668
202866,11,5,5010209,An der Kappe,5100211,2018,7,12,6,3,0,1,0,1,0,0,0,0,0,0,783537,4745,5829161,625
202867,11,11,11020412,Hauptstra�e,11200411,2018,7,19,4,3,5,2,0,0,1,0,1,0,0,0,805477,4845,5831615,13
202868,11,1,1011202,Unter den Linden Nord,1100206,2018,7,7,2,3,3,6,0,1,0,0,0,0,1,0,797168,641,5827641,937
202869,11,7,7050505,Hundsteinweg,7501134,2018,7,18,4,3,2,6,0,0,1,0,0,0,1,0,799048,7333,5819072,919
202870,11,8,8041035,Blumenviertel,8401241,2018,7,12,6,3,2,2,0,0,0,0,1,0,1,0,804083,8237,5819271,856
202871,11,1,1011105,N�rdlicher Landwehrkanal                                                                            ,1100102,2018,7,12,6,3,5,2,0,0,1,0,1,0,0,0,796113,4613,5826715,491
202872,11,7,7030301,Friedenau,7300516,2018,7,18,4,3,5,3,0,0,1,0,0,0,0,0,793705,1073,5821648,972
202873,11,4,4030726,Droysenstra�e,4500936,2018,7,6,2,3,5,2,0,0,0,0,1,0,1,0,792292,5608,5825373,417
202874,11,3,3020307,Buchholz,3200310,2018,7,18,4,3,5,3,0,1,1,0,0,0,0,0,799425,3842,5837877,187
202875,11,12,12103219,Sch�fersee,12100204,2018,7,11,6,3,1,5,0,1,1,0,0,0,0,0,794833,7179,5832867,648
202876,11,9,9051901,Dammvorstadt,9501939,2018,7,18,4,3,6,4,0,0,1,1,0,0,0,0,811040,235,5821850,75
202877,11,11,11030721,R�digerstra�e,11300722,2018,7,11,6,3,2,6,0,0,0,0,1,0,0,1,804080,4812,5828685,6
202878,11,9,9020701,Adlershof West,9200715,2018,7,8,2,3,2,6,0,1,1,0,0,0,0,0,808411,3402,5818728,999
202879,11,4,4051652,Nikolsburger Platz,4501149,2018,7,17,4,3,5,2,0,1,1,0,0,0,0,0,793448,3832,5824501,578
202880,11,3,3061227,Humannplatz,3601243,2018,7,8,2,3,0,3,0,1,1,0,0,0,0,0,799495,3387,5831781,735
202881,11,1,1044102,Schillerpark,1400940,2018,7,16,6,3,5,3,0,0,0,0,1,0,1,0,795864,6792,5832063,217
202882,11,4,4031032,Halensee,4500938,2018,7,10,6,3,6,7,0,0,1,1,0,0,0,1,791736,8368,5824831,822
202883,11,3,3020210,Herthaplatz,3200207,2018,7,17,4,3,5,3,0,1,1,0,0,0,0,0,798492,4517,5835387,465
202884,11,1,1011304,Karl-Marx-Allee,1100311,2018,7,8,2,3,2,2,0,0,1,0,0,0,0,0,799730,6362,5827581,111
202885,11,2,2020205,Chamissokiez,2200211,2018,7,20,4,3,1,5,0,0,1,0,0,0,1,0,798519,2254,5824620,823
202886,11,3,3030715,Heinersdorf,3300516,2018,7,9,6,3,5,2,0,1,1,0,0,0,0,0,800351,3646,5833765,71
202887,11,2,2050802,Boxhagener Platz,2500833,2018,7,20,4,2,6,4,0,1,0,1,0,0,0,0,802344,737,5827093,823
202888,11,5,5020626,Adamstra�e                                                                                          ,5200631,2018,7,9,6,3,0,1,0,0,0,0,1,0,0,0,784759,2047,5827262,713
202889,11,6,6010103,Markelstra�e                                                                                        ,6100103,2018,7,8,2,3,1,5,0,0,1,0,1,0,0,0,793133,4224,5821695,39
202890,11,1,1033102,Gesundbrunnen,1300733,2018,7,20,4,2,5,2,0,0,1,0,1,0,0,0,797146,694,5831798,786
202891,11,9,9020802,K�llnische Vorstadt                                                                                 ,9200819,2018,7,7,6,3,2,6,0,0,1,0,0,1,0,1,809778,611,5820456,192
202892,11,3,3061227,Humannplatz,3601243,2018,7,6,6,3,5,3,0,1,1,0,0,0,0,0,799748,815,5831751,385
202893,11,2,2030301,Oranienplatz,2300314,2018,7,0,2,3,0,1,2,0,0,0,1,0,0,0,799913,8048,5825990,55
202894,11,1,1011301,Charit�viertel,1100308,2018,7,8,4,3,0,2,0,1,1,0,0,0,0,0,797131,111,5827859,577
202895,11,1,1011401,Invalidenstra�e                                                                                     ,1100415,2018,7,16,2,3,5,3,0,0,1,0,0,0,1,0,798315,203,5829372,365
202896,11,3,3061429,Greifswalder Stra�e,3601449,2018,7,2,4,3,1,5,2,0,1,0,0,0,0,0,801471,287,5830226,44
202897,11,1,1033203,Humboldthain Nordwest                                                                               ,1300836,2018,7,17,5,3,5,2,0,0,1,0,0,0,0,1,796300,4414,5830671,219
202898,11,6,6040807,Zehlendorf Eiche                                                                                    ,6400841,2018,7,19,1,3,1,5,0,0,1,0,0,0,0,0,789827,7706,5818718,801
202899,11,6,6020409,K�nigsberger Stra�e                                                                                 ,6200421,2018,7,17,4,3,2,6,0,0,1,0,0,0,1,0,793748,5478,5818349,657
202900,11,1,1033201,Brunnenstra�e                                                                                       ,1300834,2018,7,14,1,3,5,7,0,0,1,0,1,0,0,0,797650,6699,5830785,373
202901,11,7,7050501,Rathausstra�e                                                                                       ,7501029,2018,7,17,5,2,5,2,0,0,1,0,1,0,0,0,797681,4908,5819315,721
202902,11,1,1011304,Karl-Marx-Allee,1100311,2018,7,19,1,2,5,2,0,0,1,0,0,0,0,0,799737,1399,5827567,328
202903,11,7,7010104,Dennewitzplatz,7100205,2018,7,17,4,3,0,6,0,0,1,0,1,0,0,0,796337,9489,5825297,369
202904,11,7,7050501,Rathausstra�e                                                                                       ,7501029,2018,7,17,5,3,6,4,0,0,1,1,0,0,0,1,797018,3319,5819767,274
202905,11,1,1044103,Westliche M�llerstra�e                                                                              ,1400942,2018,7,17,4,3,5,3,0,0,1,0,0,0,0,0,795002,693,5830659,745
202906,11,9,9020702,Adlershof Ost,9200716,2018,7,17,5,3,6,2,0,0,0,1,0,0,1,1,808895,1135,5819345,936
202907,11,9,9041301,Kietzer Feld/Nachtheide                                                                             ,9401329,2018,7,19,1,3,3,6,0,1,1,0,0,0,0,1,811411,59,5819603,296
202908,11,6,6020304,Kaiser-Wilhelm-Stra�e                                                                               ,6200314,2018,7,16,4,3,5,2,0,1,1,0,0,0,0,0,795065,3977,5818152,215
202909,11,5,5010207,Darbystra�e                                                                                         ,5100209,2018,7,17,1,3,5,2,0,0,1,0,0,0,0,0,783697,7316,5830177,81
202910,11,3,3050925,Komponistenviertel Wei�ensee,3500936,2018,7,19,5,3,5,3,0,1,1,0,0,0,0,1,802772,6669,5831545,336
202911,11,1,1011301,Charit�viertel,1100308,2018,7,12,5,3,0,1,0,0,0,0,1,0,0,1,796772,4577,5828814,4
202912,11,8,8041038,Wa�mannsdorfer Chaussee,8401244,2018,7,19,1,3,6,4,0,0,1,1,0,0,0,0,805275,1758,5816236,547
202913,11,3,3051021,Buschallee,3501037,2018,7,15,4,3,5,2,0,1,1,0,0,0,0,0,803155,258,5832211,22
202914,11,11,11051331,Karlshorst Nord,11501340,2018,7,17,1,3,1,5,0,1,1,0,0,0,0,0,808067,384,5823793,214
202915,11,2,2050801,Traveplatz,2500832,2018,7,19,5,2,0,7,0,0,1,0,0,0,0,1,803571,721,5826962,48
202916,11,8,8020727,Buckow Mitte,8200832,2018,7,13,1,3,3,6,0,1,1,0,0,0,0,0,801611,6568,5817419,257
202917,11,4,4030417,Schlo�stra�e,4300414,2018,7,16,4,3,5,3,0,0,1,0,0,0,0,0,791744,7592,5827321,38
202918,11,7,7020202,Volkspark (Rudolf-Wilde-Park),7200308,2018,7,7,1,3,2,6,0,0,1,0,0,0,0,0,794965,7799,5823170,682
202919,11,12,12214422,Klixstra�e                                                                                          ,12200310,2018,7,21,5,2,0,1,2,0,0,0,1,0,0,1,792055,78,5833370,387
202920,11,1,1011302,Oranienburger Stra�e                                                                                ,1100309,2018,7,21,5,3,5,2,2,1,1,0,0,0,0,1,798666,2841,5828556,397
202921,11,7,7040403,Manteuffelstra�e                                                                                    ,7400823,2018,7,12,1,3,5,2,0,0,1,0,0,0,0,0,797353,5149,5821936,39
202922,11,3,3020307,Buchholz,3200308,2018,7,15,4,3,0,7,0,1,0,0,0,0,0,0,798977,4654,5837833,365
202923,11,9,9041601,M�ggelheim,9401635,2018,7,9,1,2,5,3,0,1,1,0,0,0,0,0,817078,73,5817101,86
202924,11,8,8010404,Rixdorf,8100415,2018,7,23,5,2,6,2,2,0,1,1,0,0,0,1,801547,2027,5823814,983
202925,11,11,11030618,Fennpfuhl West,11300619,2018,7,15,4,3,5,3,0,1,1,0,0,0,0,0,803417,6749,5828790,645
202926,11,11,11030618,Fennpfuhl West,11300618,2018,7,23,5,3,5,3,2,1,1,0,0,0,0,1,802425,8438,5828888,784
202927,11,7,7050506,Birnhornweg,7501135,2018,7,9,1,3,5,2,0,0,1,0,0,0,0,0,798865,993,5817219,676
202928,11,7,7040401,Neu-Tempelhof,7400721,2018,7,15,4,3,0,2,0,0,1,0,1,0,0,1,797826,501,5822576,75
202929,11,9,9010301,Baumschulenstra�e,9100305,2018,7,8,1,3,5,2,0,0,1,0,1,0,0,0,805017,4516,5822704,78
202930,11,3,3061430,Volkspark Prenzlauer Berg,3601450,2018,7,15,5,2,5,2,0,1,1,0,0,0,0,1,801966,278,5829731,856
202931,11,12,12304314,Ziekowstra�e/Freie Scholle,12500824,2018,7,15,5,3,2,2,0,1,1,0,0,0,0,1,790667,3776,5835480,804
202932,11,1,1022103,Westhafen,1401046,2018,7,4,1,3,8,1,2,0,1,1,0,0,0,0,794607,2386,5829863,316
202933,11,7,7010104,Dennewitzplatz,7100205,2018,7,22,4,3,0,1,2,1,0,0,0,0,0,0,796216,8806,5825331,269
202934,11,2,2020206,Graefekiez,2200213,2018,7,1,1,3,1,5,2,1,1,0,0,0,0,0,799952,5144,5824756,392
202935,11,4,4031032,Halensee,4500937,2018,7,14,5,3,0,1,0,0,1,0,1,0,0,1,791903,9314,5825216,917
202936,11,2,2050602,Samariterviertel,2500728,2018,7,18,7,3,5,2,0,1,1,0,0,0,0,0,803084,9583,5827631,234
202937,11,1,1033101,Soldiner Stra�e                                                                                     ,1300732,2018,7,13,4,3,5,2,0,1,1,0,0,0,0,0,797337,4683,5832358,795
202938,11,3,11030618,Fennpfuhl West,11300617,2018,7,23,7,3,6,4,2,0,1,1,0,0,0,0,802621,8025,5829321,262
202939,11,8,8041037,Alt-Rudow,8401243,2018,7,12,4,3,0,5,0,0,1,0,0,0,0,0,805657,4921,5817024,614
202940,11,5,5040934,Alt-Gatow,5400942,2018,7,14,5,3,2,6,0,0,1,0,0,0,0,1,783708,4422,5824587,151
202941,11,9,9020701,Adlershof West,9200715,2018,7,13,4,3,5,2,0,0,1,0,0,0,0,0,807713,4199,5818120,829
202942,11,2,2020204,Urbanstra�e,2200210,2018,7,13,5,3,0,6,0,0,0,0,1,0,1,1,798296,5997,5825345,181
202943,11,1,1011301,Charit�viertel,1100308,2018,7,23,7,3,2,6,2,0,1,0,1,0,0,0,797614,9977,5828331,773
202944,11,4,4010101,Jungfernheide,4100101,2018,7,12,4,3,0,6,0,0,0,0,1,0,1,0,790407,426,5829024,748
202945,11,1,1011301,Charit�viertel,1100308,2018,7,21,7,3,0,1,1,1,0,0,0,0,0,0,796679,5459,5829749,14
202946,11,9,9020702,Adlershof Ost,9200716,2018,7,12,5,3,5,7,0,0,1,0,0,0,0,1,809381,1857,5819004,346
202947,11,12,12214424,Scharnweberstra�e                                                                                   ,12200309,2018,7,12,5,3,5,2,0,0,1,0,0,0,0,1,793277,7366,5832576,995
202948,11,4,4030623,Ernst-Reuter-Platz,4300622,2018,7,12,4,3,5,2,0,1,0,0,0,1,0,0,793794,2019,5826919,805
202949,11,2,2010102,Mehringplatz,2100102,2018,7,12,5,3,5,2,0,0,1,0,0,0,0,1,798370,5,5826337,726
202950,11,3,3061429,Greifswalder Stra�e,3601449,2018,7,19,7,3,0,1,0,0,1,0,1,0,0,0,801146,9875,5830398,79
202951,11,2,2010101,Askanischer Platz,2100101,2018,7,11,4,3,5,2,0,1,1,0,0,0,0,0,797858,107,5825635,107
202952,11,1,1033201,Brunnenstra�e                                                                                       ,1300834,2018,7,20,7,3,5,3,0,1,1,0,0,0,0,0,798508,1782,5830232,657
202953,11,4,4030725,Amtsgerichtsplatz,4300416,2018,7,11,5,3,0,2,0,0,1,0,0,0,1,1,791938,6815,5826105,342
202954,11,1,1011301,Charit�viertel,1100308,2018,7,11,5,3,2,6,0,0,1,0,0,0,0,1,797024,546,5828929,776
202955,11,12,12214125,Waldidyll/Flughafensee,12200414,2018,7,18,7,3,5,2,0,1,1,0,0,0,0,0,791906,2974,5831504,651
202956,11,8,8041035,Blumenviertel,8401241,2018,7,10,4,3,1,5,0,0,1,0,1,0,0,0,804076,223,5819164,445
202957,11,1,1011105,N�rdlicher Landwehrkanal                                                                            ,1100102,2018,7,18,7,3,5,2,0,0,1,0,0,0,0,0,796582,24,5826874,367
202958,11,11,11010310,M�hlengrund,11100309,2018,7,10,4,3,5,2,0,1,1,0,0,0,0,0,805419,3122,5833322,524
202959,11,4,4031032,Halensee,4500938,2018,7,11,5,3,5,2,0,1,1,0,0,0,0,1,792069,2581,5824913,334
202960,11,1,1011302,Oranienburger Stra�e                                                                                ,1100309,2018,7,10,4,3,1,5,0,1,1,0,0,0,0,0,797880,8354,5828338,31
202961,11,9,9052001,K�penick Nord                                                                                       ,9502043,2018,7,18,7,3,5,2,0,1,1,0,0,0,0,0,811252,203,5822281,31
202962,11,1,1022101,Huttenkiez,1200517,2018,7,10,4,3,5,2,0,1,1,0,0,0,0,0,793291,94,5829029,876
202963,11,2,2020204,Urbanstra�e,2200210,2018,7,10,4,3,5,2,0,1,1,0,0,0,0,0,798005,5156,5825273,365
202964,11,2,2010102,Mehringplatz,2100102,2018,7,9,5,3,1,5,0,1,0,0,0,0,1,1,797999,792,5825967,404
202965,11,9,9051701,Hirschgarten,9501736,2018,7,18,7,2,3,6,0,1,1,0,0,0,0,0,812694,189,5821273,356
202966,11,4,4030929,Hindemithplatz,4501040,2018,7,9,4,3,0,7,0,1,1,0,0,0,0,0,792427,923,5825775,944
202967,11,2,2040502,Friedenstra�e,2400521,2018,7,17,7,3,5,3,0,1,0,0,1,0,0,0,801248,424,5827823,23
202968,11,1,1011204,Leipziger Stra�e                                                                                    ,1100207,2018,7,8,5,3,5,2,0,1,1,0,0,0,0,1,798490,6881,5826659,538
202969,11,2,2040503,Richard-Sorge-Viertel,2400522,2018,7,8,5,3,2,6,0,0,1,0,0,1,0,1,801337,2051,5828711,715
202970,11,5,5010207,Darbystra�e                                                                                         ,5100209,2018,7,17,7,3,5,3,0,1,1,0,0,0,0,0,783279,8923,5830688,639
202971,11,12,12214422,Klixstra�e                                                                                          ,12200310,2018,7,8,4,3,5,3,0,1,1,0,0,0,0,0,792095,6933,5832969,645
202972,11,7,7010102,Nollendorfplatz,7100102,2018,7,8,5,3,5,3,0,0,1,0,0,0,0,1,795491,3969,5825559,416
202973,11,1,1011203,Unter den Linden S�d,1100206,2018,7,8,4,3,1,5,0,1,1,0,0,0,0,0,797651,1645,5827031,727
202974,11,7,7040401,Neu-Tempelhof,7400721,2018,7,8,4,3,5,2,0,1,1,0,0,0,0,0,798735,9318,5823947,705
202975,11,11,11020514,Gro�e-Leege-Stra�e,11200513,2018,7,16,7,3,5,3,0,0,1,0,0,0,0,0,804670,5178,5830738,32
202976,11,4,4030827,Karl-August-Platz,4300623,2018,7,7,4,3,2,6,0,0,1,0,0,0,0,0,792390,561,5826105,456
202977,11,1,1033101,Soldiner Stra�e                                                                                     ,1300730,2018,7,8,5,3,3,6,0,0,1,0,0,0,1,1,796664,6572,5831986,956
202978,11,2,2040701,Andreasviertel,2400623,2018,7,7,4,3,5,2,0,1,1,0,0,0,0,0,800310,3304,5827625,699
202979,11,1,1033201,Brunnenstra�e                                                                                       ,1300834,2018,7,14,5,3,0,1,0,0,0,0,1,0,0,1,798289,7406,5830105,525
202980,11,2,2030302,Lausitzer Platz,2300315,2018,7,15,7,3,5,3,0,0,1,0,0,0,0,0,800497,9617,5825998,891
202981,11,3,3030711,Blankenburg,3300514,2018,7,7,4,3,5,3,0,1,1,0,0,0,0,0,801570,3087,5837855,683
202982,11,6,6010209,Feuerbachstra�e                                                                                     ,6100209,2018,7,14,5,2,0,7,0,0,1,0,0,0,0,0,794054,3542,5821159,64
202983,11,8,8041039,Frauenviertel,8401245,2018,7,13,4,3,0,2,0,0,1,0,0,0,1,0,806776,2681,5815610,892
202984,11,9,9051702,B�lschestra�e,9501737,2018,7,6,5,2,4,1,1,0,1,0,0,0,0,1,813919,4,5820704,59
202985,11,3,3071536,Teutoburger Platz,3701554,2018,7,15,7,2,0,1,0,1,0,0,0,0,0,0,799108,2738,5829219,574
202986,11,3,3061430,Volkspark Prenzlauer Berg,3601450,2018,7,12,4,3,2,6,0,0,1,0,0,0,0,0,802342,5412,5829201,868
202987,11,5,5010339,Freiheit,5100317,2018,7,14,7,3,1,1,0,1,1,0,0,0,1,0,786366,2098,5828455,357
202988,11,2,2020203,Viktoriapark,2200209,2018,7,6,5,2,5,3,1,1,1,0,0,0,0,1,797757,507,5824596,935
202989,11,5,5030731,Gartenfelder Stra�e                                                                                 ,5300737,2018,7,14,7,3,1,5,0,0,1,0,0,0,0,0,787158,4057,5829720,977
202990,11,11,11040926,Weitlingstra�e,11400931,2018,7,12,4,3,6,4,0,1,0,1,0,0,0,0,806000,8011,5827075,579
202991,11,11,11010205,Falkenberg West,11100204,2018,7,0,5,2,2,6,2,0,1,0,1,0,0,1,805899,2894,5833638,388
202992,11,6,6020410,Oberhofer Platz,6200422,2018,7,9,4,3,2,7,0,0,1,0,0,0,0,0,794206,9258,5817194,158
202993,11,7,7010101,Wittenbergplatz/Viktoria-Luise-Platz,7100101,2018,7,23,4,3,2,6,2,0,1,0,0,0,0,1,794920,3113,5825539,334
202994,11,10,10010102,Havemannstra�e                                                                                      ,10100103,2018,7,14,7,3,5,3,0,0,1,0,0,0,0,0,809127,527,5833832,96
202995,11,6,6040805,Fischerh�ttenstra�e                                                                                 ,6400839,2018,7,7,4,2,5,3,0,0,1,0,0,0,0,0,788471,1082,5818501,2
202996,11,1,1011303,Alexanderplatzviertel,1100310,2018,7,13,7,3,1,5,0,1,1,0,0,0,0,0,798998,8281,5828615,16
202997,11,6,6020410,Oberhofer Platz,6200422,2018,7,23,4,3,5,3,2,1,1,0,0,0,0,1,794099,1293,5817410,87
202998,11,2,2050601,Hausburgviertel,2500726,2018,7,9,4,3,5,2,0,1,1,0,0,0,0,0,801868,8676,5829008,274
202999,11,7,7010103,Barbarossaplatz,7100204,2018,7,13,7,3,4,6,0,1,1,0,0,0,0,0,795512,7051,5824871,259
203000,11,10,10010204,Wuhletalstra�e                                                                                      ,10100206,2018,7,5,4,3,5,3,0,0,1,0,0,0,0,0,809856,6308,5833214,159
203001,11,10,10010310,Alt-Marzahn,10100313,2018,7,18,4,3,2,6,0,0,1,0,0,0,1,0,807975,9059,5830835,111
203002,11,7,7040405,Rathaus Tempelhof,7400927,2018,7,12,7,3,1,5,0,1,0,0,0,1,0,0,798031,6781,5822047,343
203003,11,9,9052001,K�penick Nord                                                                                       ,9502043,2018,7,6,4,3,5,2,0,1,1,0,0,0,0,0,810364,158,5823538,992
203004,11,5,5040935,Gro�-Glienicker Weg,5400942,2018,7,16,4,3,5,2,0,1,1,0,0,0,0,1,782283,8462,5820430,861
203005,11,10,10040933,Mahlsdorf S�d                                                                                       ,10400940,2018,7,16,4,3,5,3,0,1,1,0,0,0,0,0,812971,702,5826707,882