OBJECTID,LAND,BEZ,LOR,STRASSE,LOR_ab_2021,UJAHR,UMONAT,USTUNDE,UWOCHENTAG,UKATEGORIE,UART,UTYP1,ULICHTVERH,IstRad,IstPKW,IstFuss,IstKrad,IstGkfz,IstSonstig,STRZUSTAND,LINREFX,LINREFY,XGCSWGS84,YGCSWGS84
203006,11,9,9010302,Sp�thsfelde,9100306,2018,7,13,7,3,2,2,0,0,1,0,1,0,0,0,803660,881,5820714,589
203007,11,1,1011104,K�rnerstra�e                                                                                        ,1100104,2018,7,10,3,3,2,6,0,0,1,0,0,0,0,0,796359,197,5826129,738
203008,11,6,6040703,Nikolassee,6400737,2018,7,12,7,3,2,6,0,0,1,0,0,0,0,0,785351,683,5817606,4
203009,11,4,4030931,Breitscheidplatz,4501042,2018,7,15,4,3,5,5,0,0,1,0,1,0,0,0,794140,4395,5825977,336
203010,11,6,6040805,Fischerh�ttenstra�e                                                                                 ,6400839,2018,7,12,7,3,5,3,0,1,1,0,0,0,0,0,789258,4874,5818046,419
203011,11,9,9041301,Kietzer Feld/Nachtheide                                                                             ,9401329,2018,7,13,3,3,5,3,0,1,1,0,0,0,0,0,811749,6966,5819775,758
203012,11,5,5020625,Borkumer Stra�e                                                                                     ,5200629,2018,7,12,7,3,5,3,0,0,1,0,0,0,0,0,784357,865,5828478,591
203013,11,10,10010204,Wuhletalstra�e                                                                                      ,10100206,2018,7,16,4,3,5,2,0,0,1,0,0,0,1,1,809325,7434,5832707,251
203014,11,11,11010310,M�hlengrund,11100309,2018,7,16,3,3,6,4,0,1,0,1,0,0,0,0,805340,6657,5833268,113
203015,11,4,4030929,Hindemithplatz,4501040,2018,7,15,4,2,2,6,0,1,0,0,0,1,0,0,792364,3168,5825398,419
203016,11,7,7010102,Nollendorfplatz,7100102,2018,7,11,7,3,0,5,0,1,1,0,0,0,0,0,795189,7155,5825417,708
203017,11,7,7060604,Marienfelde S�d,7601339,2018,7,17,3,3,5,3,0,1,0,0,0,0,0,0,795818,6664,5815351,18
203018,11,9,9051801,Rahnsdorf/Hessenwinkel,9501838,2018,7,10,7,2,5,3,0,1,1,0,0,0,0,0,819386,3494,5820522,65
203019,11,7,7010102,Nollendorfplatz,7100102,2018,7,13,4,3,5,3,0,0,1,0,1,0,0,0,795545,833,5825250,247
203020,11,9,9051702,B�lschestra�e,9501737,2018,7,13,4,3,0,2,0,1,0,0,0,0,1,0,815059,662,5821927,27
203021,11,2,2020204,Urbanstra�e,2200210,2018,7,18,3,3,0,6,0,0,1,0,1,0,0,0,798304,7017,5825483,455
203022,11,3,3061126,Arnimplatz,3601141,2018,7,15,5,3,2,6,0,0,1,0,0,0,1,0,799049,3424,5831443,548
203023,11,10,10040931,Mahlsdorf Nord                                                                                      ,10400938,2018,7,14,3,3,0,7,0,0,0,0,1,0,0,1,813477,5766,5829458,44
203024,11,6,6010207,Mittelstra�e                                                                                        ,6100207,2018,7,14,3,3,0,6,0,1,0,0,0,0,1,0,793879,93,5820485,892
203025,11,5,5010207,Darbystra�e                                                                                         ,5100209,2018,7,14,5,3,6,7,0,1,0,1,0,0,0,0,783703,6052,5830184,201
203026,11,1,1011203,Unter den Linden S�d,1100206,2018,7,13,3,2,5,3,0,1,1,0,0,0,0,0,798042,3656,5827396,72
203027,11,6,6030502,Zehlendorf S�d                                                                                      ,6300525,2018,7,14,5,3,5,3,0,1,1,0,0,0,0,0,789714,537,5815446,453
203028,11,5,5030832,Rohrdamm,5300841,2018,7,13,3,3,2,6,0,0,1,0,0,1,0,0,789774,17,5829265,313
203029,11,5,5020524,Weinmeisterhornweg,5200528,2018,7,13,5,3,2,6,0,0,1,0,0,0,0,0,782962,9565,5826869,548
203030,11,4,4030725,Amtsgerichtsplatz,4300416,2018,7,12,5,3,6,2,0,0,1,1,0,0,0,0,791995,6767,5825982,455
203031,11,8,8010404,Rixdorf,8100417,2018,7,13,3,3,5,3,0,0,0,0,1,0,1,0,802488,5098,5823164,484
203032,11,11,11030619,Fennpfuhl Ost,11300620,2018,7,13,3,3,2,6,0,0,1,0,0,1,0,0,804119,5063,5829830,73
203033,11,1,1033102,Gesundbrunnen,1300733,2018,7,12,5,3,5,3,0,1,0,0,1,0,0,0,797554,889,5831891,514
203034,11,9,9010301,Baumschulenstra�e,9100305,2018,7,12,3,3,0,3,0,1,1,0,0,0,0,0,804931,4743,5822551,129
203035,11,1,1044202,Sparrplatz,1401047,2018,7,12,3,3,2,6,0,0,1,0,0,0,0,0,795513,4291,5830719,682
203036,11,1,1011301,Charit�viertel,1100308,2018,7,10,3,3,0,3,0,0,1,0,1,0,0,0,797108,4172,5829252,833
203037,11,9,9051801,Rahnsdorf/Hessenwinkel,9501838,2018,7,12,5,3,0,5,0,0,1,0,1,0,0,1,817665,5552,5820933,585
203038,11,12,12224230,Heiligensee,12400619,2018,7,9,3,3,5,2,0,0,1,0,1,0,0,0,787299,2696,5836410,59
203039,11,3,3071537,Kollwitzplatz,3701556,2018,7,23,7,2,6,4,2,0,1,1,0,0,0,0,799676,7667,5829221,526
203040,11,12,12231102,Frohnau,12400721,2018,7,9,3,3,1,5,0,1,1,0,0,0,0,0,790259,9519,5840223,6
203041,11,10,10030726,Alt-Biesdorf,10300733,2018,7,11,5,3,2,6,0,0,1,0,0,0,0,0,809522,2121,5827209,481
203042,11,12,12304314,Ziekowstra�e/Freie Scholle,12500824,2018,7,8,3,3,5,3,0,0,1,0,0,0,1,0,790683,959,5835386,855
203043,11,12,12231102,Frohnau,12400721,2018,7,9,5,3,5,3,0,0,1,0,0,0,0,0,790999,9165,5841493,25
203044,11,12,12214421,Reinickes Hof,12200307,2018,7,22,7,2,6,4,2,0,0,1,0,0,1,0,793454,3675,5833514,43
203045,11,6,6010205,S�dende,6100205,2018,7,8,3,3,0,6,0,0,1,0,1,0,0,0,795352,6809,5819977,277
203046,11,1,1011303,Alexanderplatzviertel,1100310,2018,7,22,7,3,5,2,2,0,1,0,0,0,0,0,799245,364,5828468,812
203047,11,4,4031032,Halensee,4500938,2018,7,9,5,3,5,2,0,1,1,0,0,0,0,0,791578,102,5824880,66
203048,11,2,2020203,Viktoriapark,2200207,2018,7,8,5,3,2,2,0,0,1,0,0,0,0,0,797091,4706,5824724,16
203049,11,3,3061228,Erich-Weinert-Stra�e,3601245,2018,7,7,3,3,5,2,0,1,1,0,0,0,0,0,800293,1595,5831557,77
203050,11,1,1011202,Unter den Linden Nord,1100206,2018,7,21,7,3,0,1,2,1,1,0,0,0,0,1,797562,8704,5827892,291
203051,11,2,2050801,Traveplatz,2500831,2018,7,6,3,3,5,3,0,0,1,0,1,0,0,0,803068,6657,5827455,451
203052,11,7,7030303,Grazer Platz,7300619,2018,7,9,5,3,5,2,0,1,1,0,0,0,0,0,795351,5498,5821418,3
203053,11,7,7020203,Kaiser-Wilhelm-Platz,7200409,2018,7,10,3,3,5,2,0,0,1,0,0,0,0,0,795621,4896,5824465,648
203054,11,7,7040405,Rathaus Tempelhof,7400927,2018,7,8,5,3,5,3,0,0,1,0,0,0,1,0,798635,5946,5820660,234
203055,11,6,6040810,Dahlem,6400844,2018,7,20,7,3,5,3,1,0,1,0,0,0,0,1,792681,3714,5821720,32
203056,11,7,7040405,Rathaus Tempelhof,7400927,2018,7,11,3,3,5,7,0,0,1,0,0,0,0,0,799381,4669,5821774,48
203057,11,1,1022201,Stephankiez,1200623,2018,7,8,5,3,5,2,0,0,1,0,1,0,0,0,795413,988,5829564,874
203058,11,2,2030402,Wrangelkiez,2300419,2018,7,8,3,2,1,5,0,1,0,0,0,0,1,0,801556,7882,5825888,8
203059,11,12,12103219,Sch�fersee,12100204,2018,7,7,5,3,5,2,0,1,1,0,0,0,0,0,795051,311,5832461,86
203060,11,1,1044103,Westliche M�llerstra�e                                                                              ,1400942,2018,7,20,7,3,6,4,0,0,0,1,0,0,1,1,795185,9517,5831034,453
203061,11,10,10030724,Oberfeldstra�e                                                                                      ,10300731,2018,7,7,3,2,6,4,0,0,1,1,0,0,0,0,809112,9798,5830206,115
203062,11,11,11051331,Karlshorst Nord,11501340,2018,7,18,6,3,2,7,0,0,1,0,1,0,0,0,807296,4479,5824563,225
203063,11,1,1011204,Leipziger Stra�e                                                                                    ,1100207,2018,7,7,5,3,0,3,0,0,1,0,1,0,0,0,798573,9759,5826871,667
203064,11,6,6030608,Schweizer Viertel,6300632,2018,7,17,6,3,2,2,0,1,1,0,0,0,0,0,791043,357,5816474,952
203065,11,6,6020409,K�nigsberger Stra�e                                                                                 ,6200421,2018,7,11,3,3,0,1,0,0,0,0,1,0,0,0,793076,7988,5816633,605
203066,11,7,7020201,Bayerischer Platz,7200307,2018,7,14,6,3,3,6,0,0,1,0,1,0,0,0,794930,8441,5824691,18
203067,11,1,1011303,Alexanderplatzviertel,1100310,2018,7,6,5,3,5,3,0,1,0,0,0,0,1,0,799334,2321,5828610,671
203068,11,11,11041128,Sewanstra�e,11401135,2018,7,13,6,3,2,2,0,1,1,0,0,0,0,0,806411,403,5825633,2
203069,11,2,2040502,Friedenstra�e,2400521,2018,7,2,3,3,0,1,2,1,0,0,0,0,0,0,800751,2754,5828477,226
203070,11,12,12214424,Scharnweberstra�e                                                                                   ,12200309,2018,7,6,5,3,1,5,0,1,1,0,0,0,1,0,793193,4781,5832622,342
203071,11,8,8041035,Blumenviertel,8401241,2018,7,18,2,3,0,1,0,1,0,0,0,0,0,0,803954,8931,5819036,122
203072,11,1,1011302,Oranienburger Stra�e                                                                                ,1100309,2018,7,0,5,3,1,5,2,1,0,0,1,0,0,0,798938,522,5828950,996
203073,11,8,8020625,Handwerker-Siedlung,8200730,2018,7,13,6,3,1,1,0,0,1,0,0,0,0,0,801443,6238,5818689,295
203074,11,11,11030720,Herzbergstra�e,11300721,2018,7,10,2,2,5,2,0,0,1,0,0,0,1,0,804594,897,5829941,49
203075,11,6,6040703,Nikolassee,6400737,2018,7,12,6,3,5,2,0,1,1,0,0,0,0,0,786748,7733,5817511,889
203076,11,8,8010303,Donaustra�e,8100314,2018,7,18,4,3,2,2,0,1,1,0,0,0,0,0,801025,7738,5823879,254
203077,11,2,2050801,Traveplatz,2500831,2018,7,12,4,3,6,4,0,0,1,1,0,0,0,0,802859,8413,5827208,36
203078,11,6,6020408,Lichterfelde S�d                                                                                    ,6200420,2018,7,10,6,3,5,3,0,0,1,0,1,0,0,0,792941,3226,5816526,982
203079,11,7,7050501,Rathausstra�e                                                                                       ,7501029,2018,7,10,2,3,1,5,0,0,1,0,0,0,0,0,797305,3559,5819448,64
203080,11,2,2010103,Moritzplatz,2100104,2018,7,10,6,3,1,5,0,1,1,0,0,0,0,0,799585,5207,5826100,842
203081,11,1,1022104,Emdener Stra�e                                                                                      ,1200520,2018,7,11,4,3,5,2,0,1,1,0,0,0,0,0,794554,2348,5829045,88
203082,11,1,1011303,Alexanderplatzviertel,1100310,2018,7,8,6,3,5,2,0,1,1,0,0,0,0,0,799130,7091,5828465,461
203083,11,10,10030724,Oberfeldstra�e                                                                                      ,10300731,2018,7,10,2,2,5,3,0,0,1,0,1,0,0,0,809655,7046,5830273,554
203084,11,9,9020501,Obersch�neweide West,9200510,2018,7,8,6,3,0,2,0,1,1,0,0,0,0,0,806598,9764,5822748,708
203085,11,1,1011301,Charit�viertel,1100308,2018,7,11,4,3,6,7,0,0,1,1,0,0,0,0,797169,5428,5829040,526
203086,11,5,5030731,Gartenfelder Stra�e                                                                                 ,5300737,2018,7,9,2,3,3,6,0,0,1,0,0,1,0,0,787122,9262,5829381,398
203087,11,10,10010310,Alt-Marzahn,10100313,2018,7,15,4,3,2,6,0,0,1,0,0,0,0,0,808049,2423,5830868,809
203088,11,3,3071536,Teutoburger Platz,3701554,2018,7,14,6,3,5,2,0,1,1,0,0,0,0,0,799195,1814,5830030,784
203089,11,8,8041039,Frauenviertel,8401245,2018,7,9,2,3,0,6,0,0,0,0,0,0,1,0,806753,4745,5815625,995
203090,11,8,8041035,Blumenviertel,8401241,2018,7,7,6,3,6,2,0,0,1,1,0,0,0,0,804070,2321,5818534,295
203091,11,9,9020502,Obersch�neweide Ost,9200511,2018,7,15,4,3,2,6,0,1,0,0,0,0,1,0,807361,8671,5822342,485
203092,11,6,6020409,K�nigsberger Stra�e                                                                                 ,6200421,2018,7,14,4,3,2,6,0,0,1,0,1,0,0,0,793452,5624,5817170,147
203093,11,1,1022106,Elberfelder Stra�e                                                                                  ,1200522,2018,7,9,2,3,0,2,0,0,1,0,1,0,0,0,793815,5788,5828153,15
203094,11,1,1011204,Leipziger Stra�e                                                                                    ,1100207,2018,7,14,4,3,6,4,0,1,0,1,0,0,0,0,797888,7856,5826658,555
203095,11,2,2030302,Lausitzer Platz,2300316,2018,7,7,6,3,1,5,0,1,1,0,0,0,0,0,801175,342,5826255,928
203096,11,7,7010104,Dennewitzplatz,7100206,2018,7,8,2,3,4,6,0,1,0,0,0,0,0,0,796844,4795,5824778,693
203097,11,12,12214125,Waldidyll/Flughafensee,12200412,2018,7,17,6,3,5,7,0,0,1,0,1,0,0,0,790806,7111,5834331,476
203098,11,7,7010102,Nollendorfplatz,7100102,2018,7,13,4,3,3,6,0,0,0,0,1,0,1,0,794983,6639,5825696,644
203099,11,5,5010339,Freiheit,5100317,2018,7,13,4,3,2,6,0,0,1,0,0,0,0,0,787525,164,5828058,13
203100,11,1,1033201,Brunnenstra�e                                                                                       ,1300834,2018,7,17,6,3,0,7,0,1,0,0,0,0,0,0,797797,6005,5830493,55
203101,11,1,1022104,Emdener Stra�e                                                                                      ,1200519,2018,7,7,2,3,5,7,0,1,1,0,0,0,0,0,793590,7558,5829126,555
203102,11,1,1011302,Oranienburger Stra�e                                                                                ,1100309,2018,7,18,6,3,5,2,0,0,1,0,1,0,0,0,797999,6578,5828901,28
203103,11,10,10010311,Landsberger Tor,10100316,2018,7,13,4,3,5,2,0,1,1,0,0,0,0,0,810062,4087,5831666,791
203104,11,11,11010102,Dorf Wartenberg,11100101,2018,7,14,6,3,2,2,0,0,1,0,0,0,0,0,806169,648,5834545,31
203105,11,8,8030829,Gropiusstadt Nord,8300934,2018,7,5,2,3,5,3,0,0,1,0,1,0,0,0,803159,2297,5818450,726
203106,11,7,7040403,Manteuffelstra�e                                                                                    ,7400823,2018,7,12,6,3,0,5,0,1,0,0,0,0,1,0,797287,3341,5821192,66
203107,11,11,11041023,Gensinger Stra�e,11401033,2018,7,17,2,3,6,7,0,0,1,1,0,0,0,0,806802,4701,5827518,893
203108,11,8,8010118,Silbersteinstra�e,8100104,2018,7,13,4,3,6,4,0,0,0,1,1,0,0,0,800825,9605,5822578,711
203109,11,1,1022102,Beusselkiez,1200518,2018,7,20,2,3,2,2,1,0,0,0,1,0,1,0,793546,1165,5829009,96
203110,11,12,12302108,M�rkisches Zentrum,12601134,2018,7,13,4,3,2,6,0,0,1,0,0,0,0,0,794113,6314,5836506,75
203111,11,5,5030730,Zitadellenweg,5300736,2018,7,11,6,2,0,2,0,1,1,0,0,0,0,0,785889,9298,5829232,206
203112,11,1,1011401,Invalidenstra�e                                                                                     ,1100415,2018,7,20,2,3,3,6,0,1,1,0,0,0,0,0,798339,8192,5829326,499
203113,11,7,7040403,Manteuffelstra�e                                                                                    ,7400823,2018,7,10,6,2,5,2,0,0,1,0,1,0,0,0,797316,5829,5822178,184
203114,11,2,2010102,Mehringplatz,2100103,2018,7,12,4,3,2,6,0,1,1,0,0,0,0,0,798470,7738,5825552,375
203115,11,6,6010102,Schlo�stra�e                                                                                        ,6100102,2018,7,12,4,3,6,2,0,0,1,1,0,0,0,0,793643,5804,5820604,216
203116,11,11,11030720,Herzbergstra�e,11300721,2018,7,9,6,3,2,2,0,0,1,0,0,0,0,0,805197,8494,5828967,97
203117,11,1,1011103,L�tzowstra�e                                                                                        ,1100103,2018,7,17,2,3,5,3,0,0,1,0,1,0,0,0,795327,6884,5826172,717
203118,11,2,2040701,Andreasviertel,2400623,2018,7,11,4,2,5,3,0,1,0,0,0,0,1,0,800274,306,5827632,433
203119,11,11,11020513,Orankesee,11200512,2018,7,9,4,3,5,7,0,0,1,0,0,0,0,0,803231,1548,5830234,174
203120,11,6,6010205,S�dende,6100205,2018,7,7,6,2,5,2,0,1,0,0,0,1,0,0,795313,4474,5819983,31
203121,11,4,4041241,Breite Stra�e,4400832,2018,7,17,2,3,5,2,0,1,1,0,0,0,0,0,791622,1445,5822439,606
203122,11,4,4020314,Messegel�nde,4200311,2018,7,1,6,3,9,1,2,0,1,0,0,0,0,0,789934,7209,5825099,385
203123,11,3,3061228,Erich-Weinert-Stra�e,3601245,2018,7,17,2,3,5,2,0,0,1,0,0,0,0,0,800303,7185,5831589,668
203124,11,9,9051701,Hirschgarten,9501736,2018,7,9,4,3,2,6,0,0,1,0,0,0,0,0,812930,2138,5821375,652
203125,11,9,9020501,Obersch�neweide West,9200510,2018,7,16,2,3,2,2,0,0,1,0,0,1,0,0,806410,8704,5822983,523
203126,11,3,3030405,Karow Nord                                                                                          ,3300411,2018,7,21,6,3,5,3,1,1,0,0,0,0,0,1,803759,6805,5839301,749
203127,11,3,3020209,Niedersch�nhausen,3200206,2018,7,15,2,3,5,3,0,1,1,0,0,0,0,0,798074,1058,5834704,588
203128,11,4,4030623,Ernst-Reuter-Platz,4300622,2018,7,14,2,3,5,2,0,1,1,0,0,0,0,0,793310,2339,5827215,865
203129,11,1,1011105,N�rdlicher Landwehrkanal                                                                            ,1100102,2018,7,8,4,2,5,2,0,0,1,0,1,0,0,0,796166,9714,5826503,645
203130,11,7,7040401,Neu-Tempelhof,7400721,2018,7,19,6,2,6,4,0,1,0,1,0,0,0,0,797884,473,5823868,9
203131,11,6,6020304,Kaiser-Wilhelm-Stra�e                                                                               ,6200314,2018,7,14,2,3,1,5,0,1,1,0,0,0,0,0,794731,3128,5818047,932
203132,11,2,2010104,Wassertorplatz,2100106,2018,7,20,6,3,5,2,1,0,1,0,0,0,0,0,799071,4734,5825609,753
203133,11,8,8020727,Buckow Mitte,8200832,2018,7,7,4,2,2,2,0,0,1,0,1,0,0,0,801518,603,5817603,427
203134,11,8,8041038,Wa�mannsdorfer Chaussee,8401244,2018,7,7,4,3,7,7,0,0,1,0,0,0,0,0,805552,111,5816109,35
203135,11,9,9051702,B�lschestra�e,9501737,2018,7,13,2,3,5,3,0,0,1,0,1,0,0,0,814524,165,5821053,373
203136,11,8,8010301,Reuterkiez,8100311,2018,7,20,6,3,1,5,0,1,1,0,0,0,0,0,800607,251,5824419,714
203137,11,11,11030720,Herzbergstra�e,11300721,2018,7,13,2,3,2,6,0,0,0,0,0,0,1,0,804224,2068,5829847,651
203138,11,1,1011105,N�rdlicher Landwehrkanal                                                                            ,1100102,2018,7,9,4,3,0,5,0,1,1,0,0,0,0,0,796705,6063,5826841,482
203139,11,4,4030929,Hindemithplatz,4501040,2018,7,13,2,3,1,5,0,1,1,0,0,0,0,0,792341,137,5825888,26
203140,11,8,8010508,Wei�e Siedlung,8100520,2018,7,22,4,3,5,2,2,0,1,0,0,0,0,0,803196,5835,5822714,564
203141,11,2,2030301,Oranienplatz,2300417,2018,7,19,6,3,2,4,1,1,0,1,0,0,0,0,800093,4984,5825671,844
203142,11,4,4030620,Alt-Lietzow,4300619,2018,7,12,2,3,6,7,0,0,1,1,0,0,0,0,792235,4288,5827265,665
203143,11,4,4010103,Paul-Hertz-Siedlung,4100102,2018,7,19,4,3,5,2,0,0,1,0,0,0,0,0,791427,1738,5829179,256
203144,11,11,11030721,R�digerstra�e,11300722,2018,7,15,2,3,2,6,0,0,1,0,0,0,0,0,803413,4752,5828617,351
203145,11,8,8041037,Alt-Rudow,8401243,2018,7,18,6,3,2,6,0,0,1,0,0,0,0,0,805421,179,5818371,26
203146,11,5,5010339,Freiheit,5100317,2018,7,11,2,3,2,6,0,0,1,0,0,0,0,0,787091,442,5828152,221
203147,11,2,2020204,Urbanstra�e,2200210,2018,7,18,4,3,5,2,0,1,1,0,0,0,0,0,798843,5331,5825088,206
203148,11,8,8010404,Rixdorf,8100415,2018,7,14,2,3,5,3,0,0,1,0,0,0,1,0,802161,2793,5823376,831
203149,11,8,8041040,Waltersdorfer Chaussee Ost,8401246,2018,7,9,6,3,5,3,0,1,1,0,0,0,0,0,806799,9996,5817066,59
203150,11,9,9041402,Siedlung K�mmereiheide,9401432,2018,7,18,2,2,5,3,0,1,0,0,1,0,0,0,812132,1758,5820446,148
203151,11,2,2020204,Urbanstra�e,2200210,2018,7,17,5,3,5,3,0,1,1,0,0,0,0,0,798537,8412,5824746,845
203152,11,3,3050923,Wei�enseer Spitze,3500934,2018,7,17,4,3,0,2,0,1,1,0,0,0,0,0,801109,5664,5831520,624
203153,11,9,9051901,Dammvorstadt,9501939,2018,7,17,5,3,5,3,0,1,1,0,0,0,0,0,809933,694,5821624,267
203154,11,7,7030303,Grazer Platz,7300619,2018,7,17,2,2,5,3,0,0,1,0,1,0,1,0,794956,4508,5821604,103
203155,11,11,11040926,Weitlingstra�e,11400929,2018,7,14,4,3,5,7,0,0,1,0,0,0,0,0,805293,3428,5827144,78
203156,11,6,6040804,Krumme Lanke,6400838,2018,7,16,2,2,0,1,0,1,0,0,0,0,0,0,788197,5537,5819834,18
203157,11,1,1011105,N�rdlicher Landwehrkanal                                                                            ,1100102,2018,7,15,4,3,1,5,0,1,1,0,0,0,1,0,796854,4312,5826771,448
203158,11,2,2050801,Traveplatz,2500831,2018,7,22,5,3,5,3,2,0,1,0,1,0,0,0,802865,717,5827469,16
203159,11,4,4030828,Savignyplatz,4300624,2018,7,16,2,3,1,5,0,1,1,0,0,0,0,0,792758,896,5826109,13
203160,11,12,12214424,Scharnweberstra�e                                                                                   ,12200309,2018,7,19,5,3,5,3,0,1,1,0,0,0,0,0,793266,6359,5832584,56
203161,11,9,9010101,Elsenstra�e                                                                                         ,9100101,2018,7,22,4,2,1,5,2,1,1,0,0,0,0,0,801877,8615,5825072,84
203162,11,7,7070702,Alt-Lichtenrade/T�pchiner Weg,7601443,2018,7,22,4,2,1,5,2,1,1,0,0,0,0,0,800047,4222,5814326,324
203163,11,12,12301206,L�bars,12500929,2018,7,19,5,3,4,6,0,0,0,0,0,0,1,0,794335,2268,5838386,232
203164,11,2,2040701,Andreasviertel,2400623,2018,7,10,2,3,1,6,0,1,1,0,0,1,0,0,800617,5627,5827206,51
203165,11,11,11030721,R�digerstra�e,11300725,2018,7,18,5,3,4,6,0,0,1,0,0,0,0,0,804990,9107,5827740,7
203166,11,3,3030715,Heinersdorf,3300516,2018,7,19,4,2,1,5,0,1,1,0,0,0,0,0,800368,4664,5833524,117
203167,11,11,11010103,Dorf Falkenberg,11100102,2018,7,17,4,2,5,2,0,1,1,0,0,0,0,0,807845,2335,5833947,888
203168,11,1,1033102,Gesundbrunnen,1300733,2018,7,18,5,3,1,7,0,1,1,0,0,0,0,0,797119,9316,5831802,761
203169,11,4,4020313,K�nigin-Elisabeth-Stra�e,4200311,2018,7,20,1,2,1,5,0,1,1,0,0,0,0,0,790484,4419,5826120,481
203170,11,5,5010311,Eiswerder,5100313,2018,7,18,5,3,5,2,0,0,1,0,1,0,0,0,785503,7984,5830281,688
203171,11,11,11051330,Karlshorst West,11501339,2018,7,21,4,1,5,2,2,1,0,0,0,0,1,0,807282,1195,5825410,39
203172,11,11,11051331,Karlshorst Nord,11501340,2018,7,18,5,3,1,1,0,0,1,0,1,0,0,0,807390,5961,5824269,692
203173,11,4,4010101,Jungfernheide,4100101,2018,7,14,1,3,0,6,0,0,1,0,1,0,0,0,791178,205,5829731,228
203174,11,12,12214423,Mellerbogen,12200308,2018,7,21,5,3,2,6,1,0,1,0,0,0,0,0,792787,2271,5833870,677
203175,11,11,11020514,Gro�e-Leege-Stra�e,11200513,2018,7,10,3,3,2,6,0,0,1,0,0,0,0,0,805073,3448,5830657,42
203176,11,1,1011302,Oranienburger Stra�e                                                                                ,1100309,2018,7,13,1,3,0,3,0,1,1,0,0,0,0,0,798532,5204,5828982,531
203177,11,1,1011105,N�rdlicher Landwehrkanal                                                                            ,1100102,2018,7,20,3,3,6,7,0,0,0,1,1,0,0,0,796711,9723,5826463,787
203178,11,1,1022206,L�neburger Stra�e                                                                                   ,1200628,2018,7,20,5,3,0,2,0,0,1,0,0,0,1,0,796255,7922,5828499,7
203179,11,7,7010104,Dennewitzplatz,7100206,2018,7,13,1,3,5,3,0,1,1,0,0,0,0,0,796686,9797,5824718,254
203180,11,2,2040701,Andreasviertel,2400521,2018,7,21,5,2,5,3,2,1,1,0,0,0,0,0,800719,271,5827886,36
203181,11,3,3040614,Pankow Zentrum                                                                                      ,3400721,2018,7,21,3,3,3,6,1,0,1,0,0,0,1,0,798226,5816,5833057,906
203182,11,4,4030931,Breitscheidplatz,4501042,2018,7,20,3,3,5,7,0,0,1,0,1,0,0,0,793944,7929,5826056,994
203183,11,1,1011103,L�tzowstra�e                                                                                        ,1100103,2018,7,19,5,3,0,2,0,1,1,0,1,0,0,0,795273,1052,5826037,167
203184,11,9,9020701,Adlershof West,9200715,2018,7,13,1,3,6,2,0,0,1,1,0,0,0,0,808649,611,5819158,87
203185,11,6,6030605,Botanischer Garten,6300629,2018,7,18,5,2,5,2,0,1,1,0,0,0,0,0,791864,63,5819147,303
203186,11,4,4051654,Wilhelmsaue,4501150,2018,7,17,3,3,5,2,0,1,1,0,0,0,0,0,793786,9975,5823969,516
203187,11,2,2010102,Mehringplatz,2100102,2018,7,13,1,3,5,3,0,0,1,0,0,0,0,0,798181,1801,5826512,935
203188,11,5,5010312,Kurstra�e                                                                                           ,5100314,2018,7,16,5,2,5,3,0,1,1,0,0,0,0,0,784896,6918,5830127,147
203189,11,5,5020419,Magistratsweg,5200423,2018,7,13,1,3,5,3,0,1,1,0,0,0,0,0,782292,7713,5828505,812
203190,11,12,12103218,Teichstra�e,12100205,2018,7,12,3,3,0,2,0,1,1,0,0,0,0,0,794514,3339,5834270,442
203191,11,4,4031032,Halensee,4500937,2018,7,13,1,3,4,6,0,1,0,0,0,0,0,0,790738,3973,5825037,491
203192,11,6,6040810,Dahlem,6400844,2018,7,6,3,3,5,3,0,1,1,0,0,0,0,0,791952,3783,5821445,809
203193,11,1,1022206,L�neburger Stra�e                                                                                   ,1200628,2018,7,17,5,3,0,3,0,0,1,0,1,0,0,0,795730,1955,5828197,826
203194,11,1,1022103,Westhafen,1200517,2018,7,17,5,2,2,6,0,0,1,0,1,0,0,0,795114,3713,5829603,287
203195,11,4,4030828,Savignyplatz,4300624,2018,7,12,1,3,2,6,0,0,1,0,1,0,0,0,792881,2077,5826105,215
203196,11,3,3040614,Pankow Zentrum                                                                                      ,3400725,2018,7,17,5,3,5,3,0,1,0,0,0,0,1,0,800051,5246,5835720,446
203197,11,2,2050803,Stralauer Kiez,2500835,2018,7,7,3,3,0,2,0,0,1,0,0,0,0,0,803012,8015,5825741,269
203198,11,1,1022104,Emdener Stra�e                                                                                      ,1200519,2018,7,11,1,3,1,5,0,0,1,0,0,0,1,0,793898,1734,5828888,812
203199,11,7,7010104,Dennewitzplatz,7100205,2018,7,0,3,3,0,2,2,0,1,0,0,0,0,0,796046,354,5825344,573