OBJECTID,LAND,BEZ,LOR,STRASSE,LOR_ab_2021,UJAHR,UMONAT,USTUNDE,UWOCHENTAG,UKATEGORIE,UART,UTYP1,ULICHTVERH,IstRad,IstPKW,IstFuss,IstKrad,IstGkfz,IstSonstig,STRZUSTAND,LINREFX,LINREFY,XGCSWGS84,YGCSWGS84
203200,11,6,6030605,Botanischer Garten,6300629,2018,7,17,5,3,5,3,0,0,1,0,0,0,0,0,792444,4769,5819760,799
203201,11,4,4061757,Forst Grunewald,4200207,2018,7,10,1,3,2,6,0,0,1,0,1,0,0,0,785042,4274,5822546,188
203202,11,1,1033203,Humboldthain Nordwest                                                                               ,1300836,2018,7,17,5,3,2,6,0,0,1,0,0,0,0,0,796354,4786,5830051,367
203203,11,2,2010102,Mehringplatz,2100102,2018,7,11,3,3,2,6,0,1,1,0,0,0,0,0,798184,33,5826495,196
203204,11,3,3030715,Heinersdorf,3300516,2018,7,12,3,3,0,1,0,1,1,0,0,0,0,0,800736,2086,5833304,187
203205,11,10,10020412,Alte Hellersdorfer Stra�e,10200417,2018,7,17,5,3,2,6,0,0,1,0,0,1,0,0,812059,1586,5831806,766
203206,11,11,11010205,Falkenberg West,11100204,2018,7,10,1,3,8,1,0,0,0,0,1,0,0,0,806024,536,5833596,73
203207,11,1,1011204,Leipziger Stra�e                                                                                    ,1100207,2018,7,16,5,3,2,6,0,1,1,0,0,0,0,0,797651,1335,5826931,59
203208,11,8,8030830,Gropiusstadt S�d,8300935,2018,7,9,1,3,1,5,0,1,1,0,0,0,0,0,802327,543,5818068,172
203209,11,4,4030621,Spreestadt,4300620,2018,7,20,3,2,5,7,0,0,1,0,1,0,0,0,793530,1025,5827902,459
203210,11,2,2050802,Boxhagener Platz,2500833,2018,7,1,1,2,1,5,2,1,1,0,0,0,1,0,802729,7683,5827034,761
203211,11,4,4041241,Breite Stra�e,4400832,2018,7,15,5,2,5,2,0,1,0,0,0,1,0,0,791292,634,5822046,13
203212,11,1,1011201,Wilhelmstra�e                                                                                       ,1100207,2018,7,16,1,3,5,3,0,1,1,0,0,0,0,0,797894,86,5826569,565
203213,11,1,1011103,L�tzowstra�e                                                                                        ,1100103,2018,7,18,7,3,5,2,0,0,1,0,1,0,0,0,795188,4344,5825887,539
203214,11,5,5020417,Staakener Stra�e                                                                                    ,5200420,2018,7,20,3,3,5,2,0,1,1,0,0,0,0,0,783584,6007,5828663,21
203215,11,12,12103218,Teichstra�e,12100205,2018,7,15,5,3,2,6,0,0,1,0,0,0,1,0,794216,896,5835422,628
203216,11,6,6010103,Markelstra�e                                                                                        ,6100103,2018,7,18,7,3,3,6,0,1,1,0,0,0,0,0,793401,439,5821330,572
203217,11,4,4031032,Halensee,4500937,2018,7,15,5,3,6,2,0,0,1,1,0,0,0,0,790950,8457,5824821,173
203218,11,11,11030618,Fennpfuhl West,11300619,2018,7,19,3,2,6,4,0,0,1,1,0,0,0,0,803240,5216,5828767,81
203219,11,11,11010205,Falkenberg West,11100204,2018,7,15,5,3,5,2,0,1,1,0,0,0,0,0,805961,5771,5833712,714
203220,11,5,5010207,Darbystra�e                                                                                         ,5100209,2018,7,17,7,3,5,2,0,0,1,0,1,0,0,0,783699,8798,5830176,597
203221,11,5,5010209,An der Kappe,5100211,2018,7,16,7,3,2,6,0,1,0,0,0,0,0,0,782804,9347,5830383,577
203222,11,8,8041035,Blumenviertel,8401241,2018,7,15,5,3,8,1,0,0,0,0,1,0,0,0,804773,931,5817840,829
203223,11,1,1044103,Westliche M�llerstra�e                                                                              ,1400942,2018,7,17,3,3,2,6,0,0,1,0,0,0,0,0,794668,5398,5830854,291
203224,11,1,1022205,Zillesiedlung,1200627,2018,7,18,3,2,6,4,0,0,1,1,0,0,0,0,796054,3341,5828512,187
203225,11,12,12214424,Scharnweberstra�e                                                                                   ,12200309,2018,7,16,7,3,2,2,0,0,1,0,1,0,0,0,793475,7359,5832424,19
203226,11,2,2010102,Mehringplatz,2100102,2018,7,15,5,3,5,3,0,1,1,0,0,0,0,0,798310,5519,5825628,188
203227,11,6,6030610,Lichterfelde West                                                                                   ,6300634,2018,7,13,7,3,0,2,0,0,1,0,1,0,0,0,791976,7429,5818997,684
203228,11,6,6030610,Lichterfelde West                                                                                   ,6300634,2018,7,18,3,3,0,5,0,1,1,0,0,0,0,0,792138,7688,5818785,191
203229,11,12,12231102,Frohnau,12400721,2018,7,12,7,3,5,3,0,1,1,0,0,0,0,0,790149,3562,5842633,257
203230,11,8,8010303,Donaustra�e,8100314,2018,7,18,3,3,5,2,0,0,1,0,0,0,0,0,801013,5565,5823907,694
203231,11,5,5010206,G�tersloher Weg,5100208,2018,7,17,5,3,2,6,0,0,1,0,0,0,0,0,782175,6646,5830050,866
203232,11,6,6010210,Bismarckstra�e                                                                                      ,6100210,2018,7,12,7,3,1,5,0,1,1,0,0,0,0,0,795102,833,5820958,93
203233,11,2,2010103,Moritzplatz,2100104,2018,7,9,3,3,5,2,0,1,0,0,0,0,1,0,799327,485,5826227,317
203234,11,5,5020628,Graetschelsteig,5200528,2018,7,10,7,3,0,2,0,1,1,0,0,0,0,0,783922,6358,5826614,423
203235,11,8,8020620,Tempelhofer Weg,8200725,2018,7,7,3,2,1,1,0,0,0,0,1,1,1,0,801123,1515,5819590,56
203236,11,2,2020203,Viktoriapark,2200208,2018,7,15,5,2,5,1,0,1,1,0,0,0,0,0,797831,1672,5824902,726
203237,11,9,9020502,Obersch�neweide Ost,9200512,2018,7,10,7,3,5,2,0,0,1,0,1,0,0,0,808184,2537,5821880,76
203238,11,1,1033201,Brunnenstra�e                                                                                       ,1300834,2018,7,10,5,3,5,3,0,1,0,0,0,0,1,0,797890,5414,5831000,728
203239,11,9,9010402,Johannisthal Ost,9100408,2018,7,6,3,3,9,1,0,0,0,0,1,0,0,0,806361,3769,5820890,416
203240,11,7,7060604,Marienfelde S�d,7601340,2018,7,10,5,3,1,5,0,0,1,0,0,0,1,0,796126,148,5815934,625
203241,11,4,4030931,Breitscheidplatz,4501042,2018,7,14,7,3,5,2,0,1,1,0,0,0,0,0,793924,6472,5825795,981
203242,11,3,3071537,Kollwitzplatz,3701555,2018,7,8,5,3,5,3,0,1,1,0,0,0,0,0,799708,3189,5830076,499
203243,11,6,6010209,Feuerbachstra�e                                                                                     ,6100209,2018,7,11,3,3,5,3,0,0,1,0,0,0,0,0,794463,3775,5821339,256
203244,11,4,4051446,Preu�enpark,4501043,2018,7,13,7,3,1,5,0,1,1,0,0,0,0,0,792661,9247,5825312,53
203245,11,12,12103115,Breitkopfbecken,12100103,2018,7,17,3,3,3,6,0,0,1,0,0,0,0,0,796048,5272,5833927,878
203246,11,5,5040934,Alt-Gatow,5400942,2018,7,8,5,2,2,6,0,0,1,0,0,0,0,0,783736,1259,5824304,37
203247,11,7,7040405,Rathaus Tempelhof,7400927,2018,7,12,7,3,0,1,0,0,0,0,1,0,0,0,798450,2937,5821039,43
203248,11,4,4030620,Alt-Lietzow,4300619,2018,7,16,3,3,5,3,0,1,0,0,1,0,0,0,792447,589,5827189,603
203249,11,7,7030301,Friedenau,7300515,2018,7,13,7,2,9,1,0,0,0,0,1,0,0,0,793952,2053,5822259,665
203250,11,11,11010309,Zingster Stra�e West,11100308,2018,7,16,3,3,6,4,0,1,0,1,0,0,0,0,804924,899,5833129,433
203251,11,11,11030720,Herzbergstra�e,11300721,2018,7,14,5,3,5,3,0,0,1,0,0,0,0,0,804291,4803,5829080,253
203252,11,5,5010209,An der Kappe,5100211,2018,7,0,7,3,0,1,2,0,0,0,1,0,0,0,781899,8352,5829476,502
203253,11,9,9010402,Johannisthal Ost,9100408,2018,7,7,5,3,5,2,0,1,1,0,0,0,0,0,806547,6051,5820533,124
203254,11,12,12103117,Letteplatz,12100101,2018,7,16,3,2,5,2,0,0,1,0,0,0,0,0,795785,9124,5832579,689
203255,11,3,3061126,Arnimplatz,3601140,2018,7,15,3,3,0,2,0,1,1,0,0,0,0,0,798410,9327,5831802,117
203256,11,1,1011203,Unter den Linden S�d,1100206,2018,7,13,5,2,2,6,0,0,0,0,1,1,0,0,797742,8369,5827564,159
203257,11,9,9051801,Rahnsdorf/Hessenwinkel,9501838,2018,7,19,7,2,2,7,0,0,1,0,0,0,0,0,820959,6314,5819480,909
203258,11,8,8010404,Rixdorf,8100416,2018,7,13,5,3,5,3,0,0,1,0,0,0,1,0,801422,2148,5823488,784
203259,11,9,9020802,K�llnische Vorstadt                                                                                 ,9200819,2018,7,15,3,3,5,2,0,1,0,0,0,0,1,0,809948,2465,5820448,737
203260,11,5,5010209,An der Kappe,5100211,2018,7,13,5,3,0,6,0,0,1,0,1,0,0,0,782308,417,5829451,279
203261,11,2,2020206,Graefekiez,2200213,2018,7,19,7,3,1,5,0,0,1,0,1,0,0,0,799589,9185,5824896,77
203262,11,6,6030609,Augustaplatz,6300633,2018,7,6,5,3,1,7,0,0,1,0,0,0,0,0,793207,5982,5818349,565
203263,11,2,2040702,Weberwiese,2400624,2018,7,15,3,3,1,5,0,1,1,0,0,0,0,0,802026,9234,5827372,27
203264,11,9,9051801,Rahnsdorf/Hessenwinkel,9501838,2018,7,19,7,3,1,5,0,1,1,0,0,0,0,0,819805,8273,5819595,828
203265,11,8,8030830,Gropiusstadt S�d,8300935,2018,7,14,3,3,0,6,0,0,0,0,1,0,1,0,802376,8291,5817882,842
203266,11,9,9020701,Adlershof West,9200715,2018,7,13,5,2,5,3,0,0,1,0,0,0,0,0,808101,6768,5818954,392
203267,11,5,5020524,Weinmeisterhornweg,5200528,2018,7,18,7,3,5,2,0,0,0,0,1,0,0,0,783902,8358,5826600,568
203268,11,5,5020625,Borkumer Stra�e                                                                                     ,5200629,2018,7,13,5,3,6,4,0,1,0,1,0,0,0,0,783455,7536,5828545,333
203269,11,2,2010103,Moritzplatz,2100104,2018,7,14,3,3,0,3,0,0,1,0,1,0,0,0,799407,7082,5826160,489
203270,11,4,4051551,Brabanter Platz,4501148,2018,7,14,3,3,5,7,0,0,1,0,1,0,0,0,793326,1287,5823445,52
203271,11,6,6010207,Mittelstra�e                                                                                        ,6100207,2018,7,13,5,3,6,2,0,0,1,1,0,0,0,0,793550,4311,5820063,799
203272,11,6,6020410,Oberhofer Platz,6200422,2018,7,14,6,3,5,3,0,1,0,0,0,1,0,0,794186,1241,5817496,363
203273,11,3,3040818,Pankow S�d                                                                                          ,3400826,2018,7,12,5,3,5,3,0,0,1,0,0,0,0,0,798926,6254,5832600,61
203274,11,10,10010102,Havemannstra�e                                                                                      ,10100102,2018,7,8,6,3,5,3,0,1,0,0,0,0,1,0,809450,5534,5834611,965
203275,11,11,11020412,Hauptstra�e,11200411,2018,7,12,5,3,5,3,0,0,1,0,0,0,0,0,805610,3565,5831364,74
203276,11,9,9052001,K�penick Nord                                                                                       ,9502043,2018,7,13,3,3,5,3,0,1,1,0,0,0,0,0,810986,9191,5821976,291
203277,11,1,1044203,Leopoldplatz,1401048,2018,7,13,3,3,4,5,0,0,1,0,1,0,0,0,795426,742,5831305,66
203278,11,8,8010303,Donaustra�e,8100314,2018,7,12,5,3,1,5,0,0,1,0,1,0,0,0,800670,421,5824248,299
203279,11,1,1011402,Arkonaplatz,1100416,2018,7,8,6,3,1,5,0,1,1,0,0,0,0,0,798811,5077,5829343,629
203280,11,7,7030301,Friedenau,7300517,2018,7,11,5,3,1,5,0,0,1,0,0,0,0,0,794340,481,5822185,49
203281,11,4,4051446,Preu�enpark,4501043,2018,7,14,2,3,5,3,0,0,1,0,0,0,0,0,793008,6784,5824422,6
203282,11,5,5010314,Carl-Schurz-Stra�e                                                                                  ,5100316,2018,7,10,5,2,5,2,0,0,1,0,0,0,0,0,784796,38,5828785,87
203283,11,7,7070704,Nahariyastra�e                                                                                      ,7601545,2018,7,7,6,3,6,4,0,1,0,1,0,0,0,0,800158,4249,5814067,546
203284,11,4,4020310,Park Ruhwald,4200308,2018,7,10,5,3,2,6,0,0,1,0,0,1,0,0,790340,7232,5827414,516
203285,11,3,3010102,Buch,3100103,2018,7,7,6,3,5,3,0,0,1,0,0,0,0,0,804231,561,5840164,3
203286,11,11,11051330,Karlshorst West,11501339,2018,7,13,2,3,2,6,0,0,0,0,1,0,1,0,807185,2654,5825633,8
203287,11,8,8010301,Reuterkiez,8100311,2018,7,5,6,3,1,5,0,1,1,0,0,0,0,0,800457,6765,5824495,68
203288,11,1,1033102,Gesundbrunnen,1300733,2018,7,12,2,3,6,7,0,0,1,1,0,0,0,0,797234,2494,5831303,76
203289,11,11,11020514,Gro�e-Leege-Stra�e,11200513,2018,7,8,5,3,5,3,0,1,1,0,0,0,0,0,804454,8046,5830938,94
203290,11,12,12214125,Waldidyll/Flughafensee,12200412,2018,7,1,6,2,1,1,2,0,1,0,1,0,0,0,791251,5815,5833304,409
203291,11,12,12301203,Wittenau S�d                                                                                        ,12500926,2018,7,10,5,2,5,2,0,0,1,0,1,0,0,0,793864,4207,5835438,706
203292,11,2,2040502,Friedenstra�e,2400521,2018,7,9,2,3,2,2,0,1,1,0,0,0,0,0,801247,5893,5827816,906
203293,11,5,5020625,Borkumer Stra�e                                                                                     ,5200629,2018,7,17,2,3,0,6,0,0,1,0,0,0,1,0,783605,5973,5828665,69
203294,11,10,10020414,Helle Mitte,10200421,2018,7,18,4,3,2,6,0,0,1,0,0,0,0,0,812216,6528,5830681,872
203295,11,1,1011101,St�lerstra�e                                                                                        ,1100101,2018,7,22,6,3,0,1,2,0,1,0,1,0,0,0,794747,6709,5826221,939
203296,11,2,2020204,Urbanstra�e,2200210,2018,7,0,4,2,6,4,2,0,1,1,0,0,0,0,798304,5153,5824808,912
203297,11,6,6010206,Stadtpark,6100206,2018,7,18,6,3,3,2,0,0,1,0,0,1,0,0,794720,1785,5820031,586
203298,11,3,3010104,Lietzengraben,3100101,2018,7,15,2,3,5,3,0,1,1,0,0,0,0,0,801493,4633,5839005,915
203299,11,7,7010104,Dennewitzplatz,7100205,2018,7,17,6,3,5,7,0,1,1,0,0,0,0,0,796423,129,5824893,256
203300,11,1,1033102,Gesundbrunnen,1300733,2018,7,8,4,3,5,2,0,1,1,0,0,0,0,0,797663,288,5831882,226
203301,11,7,7040403,Manteuffelstra�e                                                                                    ,7400823,2018,7,17,6,3,5,3,0,0,1,0,1,0,0,0,797147,8915,5822170,876
203302,11,1,1011301,Charit�viertel,1100308,2018,7,18,2,3,1,5,0,1,1,0,0,0,0,0,797098,665,5828190,954
203303,11,2,2040701,Andreasviertel,2400623,2018,7,19,2,3,5,3,0,1,1,0,0,0,0,0,800310,7778,5827609,816
203304,11,2,2040502,Friedenstra�e,2400521,2018,7,16,6,3,5,3,0,0,1,0,1,0,0,0,801249,38,5827831,795
203305,11,7,7020203,Kaiser-Wilhelm-Platz,7200409,2018,7,9,4,3,0,7,0,0,0,0,1,0,0,1,795044,9495,5824338,375
203306,11,7,7050501,Rathausstra�e                                                                                       ,7501029,2018,7,16,6,3,2,2,0,0,1,0,0,0,0,0,797689,5547,5818767,497
203307,11,9,9051901,Dammvorstadt,9501939,2018,7,17,2,3,6,4,0,1,0,1,0,0,0,0,810999,7484,5821764,803
203308,11,12,12214424,Scharnweberstra�e                                                                                   ,12200411,2018,7,15,6,3,5,7,0,0,1,0,0,0,0,0,793175,5132,5832310,39
203309,11,1,1044203,Leopoldplatz,1401049,2018,7,21,2,3,6,4,2,0,0,1,0,0,1,0,796345,97,5831942,189
203310,11,4,4030622,Richard-Wagner-Stra�e,4300621,2018,7,8,4,3,5,3,0,1,1,0,0,0,0,0,792254,778,5826694,754
203311,11,4,4041342,Schlangenbader Stra�e,4400833,2018,7,15,6,3,5,5,0,0,1,0,1,0,0,0,792261,4362,5822337,352
203312,11,1,1011303,Alexanderplatzviertel,1100310,2018,7,9,4,3,2,6,0,1,0,0,0,0,1,0,799157,381,5828979,497
203313,11,3,3040614,Pankow Zentrum                                                                                      ,3400725,2018,7,19,2,3,5,2,0,0,1,0,1,0,0,0,799287,2005,5835205,935
203314,11,3,3040818,Pankow S�d                                                                                          ,3400828,2018,7,20,2,3,5,3,0,0,1,0,0,0,0,0,800030,7457,5832021,805
203315,11,3,3030406,Alt-Karow,3300412,2018,7,21,6,3,4,6,2,1,1,0,0,0,0,0,802551,8032,5838750,191
203316,11,9,9020501,Obersch�neweide West,9200510,2018,7,10,4,3,5,2,0,0,1,0,1,0,0,0,806081,1792,5823430,284
203317,11,4,4030623,Ernst-Reuter-Platz,4300622,2018,7,19,6,3,2,6,0,0,1,0,0,0,0,0,793824,1602,5826720,723
203318,11,1,1011305,Heine-Viertel West,1100312,2018,7,19,2,3,1,5,0,1,0,0,0,0,1,0,799513,9775,5827367,1
203319,11,4,4041238,Kissinger Stra�e,4400830,2018,7,19,6,3,5,3,1,1,0,0,0,0,0,0,791135,7412,5822805,67
203320,11,6,6020408,Lichterfelde S�d                                                                                    ,6200420,2018,7,16,2,3,5,3,0,0,1,0,0,0,0,0,792857,9804,5816466,494
203321,11,6,6030504,Teltower Damm,6300528,2018,7,12,4,3,2,6,0,0,1,0,0,0,0,0,790169,6883,5815255,826
203322,11,4,4020310,Park Ruhwald,4200308,2018,7,18,6,3,8,1,0,0,1,0,0,0,0,0,790333,6367,5827298,724
203323,11,5,5020626,Adamstra�e                                                                                          ,5200630,2018,7,15,2,3,2,6,0,0,1,0,0,0,0,0,784539,8869,5827995,558
203324,11,4,4030518,Tegeler Weg,4300517,2018,7,14,2,3,3,6,0,1,0,0,0,0,0,0,791688,17,5827817,979
203325,11,6,6040703,Nikolassee,6400737,2018,7,12,4,3,5,3,0,0,1,0,0,0,0,0,784800,8494,5817595,439
203326,11,10,10020517,Adele-Sandrock-Stra�e                                                                               ,10200524,2018,7,19,6,3,6,4,0,0,1,1,0,0,0,0,813424,4241,5830089,18
203327,11,3,3051017,Rennbahnstra�e,3501037,2018,7,19,4,3,5,2,0,1,1,0,0,0,0,0,802544,3406,5832699,602
203328,11,8,8030830,Gropiusstadt S�d,8300935,2018,7,15,6,3,5,3,0,0,1,0,0,0,1,0,802370,1911,5817878,797
203329,11,6,6030605,Botanischer Garten,6300629,2018,7,13,2,3,5,2,0,1,1,0,0,0,0,0,791748,4789,5819299,764
203330,11,8,8041037,Alt-Rudow,8401243,2018,7,7,4,3,0,6,0,1,1,0,0,0,0,0,805572,1713,5818611,965
203331,11,4,4030929,Hindemithplatz,4501040,2018,7,15,6,3,6,4,0,0,1,1,0,0,0,0,792419,863,5825393,362
203332,11,6,6030502,Zehlendorf S�d                                                                                      ,6300525,2018,7,18,4,3,3,6,0,0,0,0,1,0,1,0,789441,1058,5815836,403
203333,11,1,1011203,Unter den Linden S�d,1100206,2018,7,12,2,3,1,5,0,1,1,0,0,0,0,0,797930,7567,5827211,63
203334,11,8,8041036,Zittauer Stra�e,8401242,2018,7,16,4,3,0,2,0,1,1,0,0,0,0,0,805252,3463,5817247,834
203335,11,4,4020209,Eichkamp,4200207,2018,7,8,6,3,5,3,0,1,1,0,0,0,0,0,788896,5679,5826031,946
203336,11,5,5020417,Staakener Stra�e                                                                                    ,5200420,2018,7,21,2,3,0,2,1,0,1,0,0,0,1,0,783523,8709,5828655,38
203337,11,3,3040614,Pankow Zentrum                                                                                      ,3400724,2018,7,16,6,3,1,5,0,0,1,0,0,0,0,0,799269,1052,5834477,264
203338,11,1,1033101,Soldiner Stra�e                                                                                     ,1300732,2018,7,22,2,2,6,4,1,0,1,1,0,0,0,0,797627,7026,5832807,912
203339,11,12,12214528,Tegeler Forst,12400619,2018,7,16,4,3,4,6,0,0,1,0,0,0,0,0,788688,754,5836143,876
203340,11,1,1011102,Gro�er Tiergarten,1100102,2018,7,11,6,3,2,6,0,0,1,0,0,0,0,0,795192,7527,5827242,241
203341,11,8,8010213,K�rnerpark,8100208,2018,7,16,4,3,2,6,0,0,1,0,0,0,1,0,801629,7931,5822630,883
203342,11,12,12301206,L�bars,12500929,2018,7,20,2,2,0,1,0,0,0,0,1,0,0,0,795340,1116,5837595,493
203343,11,1,1022104,Emdener Stra�e                                                                                      ,1200520,2018,7,18,2,3,1,5,0,1,1,0,0,0,0,0,794280,989,5829153,779
203344,11,1,1022201,Stephankiez,1200623,2018,7,16,4,3,5,2,0,1,1,0,0,0,0,0,795407,6393,5829565,239
203345,11,11,11030720,Herzbergstra�e,11300721,2018,7,11,6,3,2,6,0,0,1,0,0,1,0,0,805646,3021,5830060,81
203346,11,8,8041035,Blumenviertel,8401241,2018,7,16,4,3,5,3,0,0,1,0,0,0,1,0,804754,8272,5818461,923
203347,11,1,1022206,L�neburger Stra�e                                                                                   ,1200628,2018,7,13,2,2,6,4,0,0,1,1,0,0,0,0,795925,8372,5828324,794
203348,11,8,8041038,Wa�mannsdorfer Chaussee,8401244,2018,7,15,4,2,5,3,0,0,1,0,0,0,0,0,805659,175,5816433,714
203349,11,5,5010339,Freiheit,5100317,2018,7,12,6,3,2,6,0,0,1,0,0,0,0,0,786729,3905,5828227,319
203350,11,1,1044201,Reinickendorfer Stra�e                                                                              ,1401043,2018,7,15,4,3,5,3,0,0,1,0,0,0,0,0,795777,7725,5830776,111
203351,11,5,5010101,Hakenfelde Nord,5100101,2018,7,13,2,2,0,1,0,0,1,0,1,0,0,0,785332,6472,5833399,379
203352,11,7,7050505,Hundsteinweg,7501134,2018,7,13,2,3,0,1,0,0,0,0,1,0,0,0,799442,9934,5817765,702
203353,11,3,3040513,Sch�nholz,3400620,2018,7,15,4,3,6,4,0,0,1,1,0,0,0,0,798050,5519,5833598,3
203354,11,9,9020702,Adlershof Ost,9200717,2018,7,13,6,3,5,2,0,0,1,0,1,0,0,0,809804,269,5819174,719
203355,11,5,5010314,Carl-Schurz-Stra�e                                                                                  ,5100316,2018,7,15,4,3,0,1,0,0,1,0,1,0,0,0,785272,4368,5829300,964
203356,11,12,12302212,Rollbergesiedlung,12601032,2018,7,12,2,3,1,5,0,0,1,0,0,0,0,0,793273,3052,5837725,1
203357,11,1,1011201,Wilhelmstra�e                                                                                       ,1100205,2018,7,7,6,3,5,3,0,1,1,0,0,0,0,0,797154,2139,5826451,926
203358,11,4,4030931,Breitscheidplatz,4501042,2018,7,0,2,3,5,3,2,0,1,0,0,0,0,0,793924,7335,5826057,446
203359,11,9,9010402,Johannisthal Ost,9100409,2018,7,15,4,3,2,6,0,1,1,0,0,0,0,0,806673,9181,5818614,499
203360,11,8,8010510,Gewerbegebiet K�llnische Heide,8100521,2018,7,5,6,3,5,7,0,1,1,0,0,0,0,0,803197,5686,5821990,661
203361,11,6,6040809,Thielallee,6400843,2018,7,14,4,3,5,3,0,0,1,0,0,0,0,0,791217,7751,5819695,393
203362,11,1,1011401,Invalidenstra�e                                                                                     ,1100415,2018,7,2,2,3,0,1,2,1,0,0,0,0,0,0,798469,538,5829104,753
203363,11,10,10040932,Alt-Mahlsdorf,10400939,2018,7,6,2,3,8,1,0,0,1,0,0,0,0,0,813032,5334,5827685,86
203364,11,8,8020622,Parchimer Allee,8200727,2018,7,14,4,3,5,2,0,1,1,0,0,0,0,0,801357,2671,5819371,517
203365,11,11,11020516,Wei�e Taube,11200515,2018,7,13,6,3,5,3,0,0,1,0,1,0,0,0,805856,5645,5830613,865
203366,11,1,1011301,Charit�viertel,1100308,2018,7,13,4,3,2,6,0,0,1,0,0,0,0,0,797136,9853,5827817,354
203367,11,2,2010102,Mehringplatz,2100103,2018,7,7,2,3,3,6,0,0,1,0,0,0,0,0,798463,129,5826529,533
203368,11,2,2030402,Wrangelkiez,2300419,2018,7,13,4,3,5,3,0,1,0,0,0,0,0,0,801518,955,5825819,192
203369,11,3,3071537,Kollwitzplatz,3701556,2018,7,8,6,3,2,3,0,1,1,0,0,0,0,0,799733,5832,5829383,731
203370,11,5,5010101,Hakenfelde Nord,5100101,2018,7,11,4,2,2,6,0,0,1,0,1,0,0,0,784725,8425,5834619,566
203371,11,4,4030931,Breitscheidplatz,4501042,2018,7,13,6,3,2,6,0,0,1,0,0,0,1,0,793850,335,5826060,336
203372,11,1,1044203,Leopoldplatz,1401049,2018,7,8,2,3,0,2,0,1,1,0,0,0,0,0,795876,6775,5831960,977
203373,11,5,5030730,Zitadellenweg,5300735,2018,7,9,6,3,5,2,0,0,1,0,1,0,0,0,786564,3077,5830551,497
203374,11,7,7040401,Neu-Tempelhof,7400721,2018,7,8,2,3,5,3,0,0,1,0,0,0,0,0,797083,4579,5823507,618
203375,11,8,8010406,Treptower Stra�e Nord,8100419,2018,7,23,4,3,4,6,2,1,1,0,0,0,0,0,801906,5,5824392,53
203376,11,1,1011101,St�lerstra�e                                                                                        ,1100101,2018,7,10,6,3,5,2,0,1,0,0,0,1,0,0,795231,1619,5826608,827
203377,11,5,5020625,Borkumer Stra�e                                                                                     ,5200629,2018,7,23,4,3,5,3,2,0,1,0,1,0,0,0,784352,6699,5828488,539
203378,11,3,3050923,Wei�enseer Spitze,3500934,2018,7,8,2,3,5,3,0,0,1,0,0,0,0,0,801057,9875,5831434,883
203379,11,1,1011202,Unter den Linden Nord,1100206,2018,7,8,2,3,2,7,0,1,0,0,0,0,0,0,798350,581,5827714,99
203380,11,2,2020206,Graefekiez,2200213,2018,7,10,6,3,5,2,0,0,1,0,0,0,0,0,799565,112,5824900,95
203381,11,3,3040818,Pankow S�d                                                                                          ,3400828,2018,7,9,2,3,1,5,0,1,1,0,0,0,0,0,799940,5283,5832573,915
203382,11,7,7060604,Marienfelde S�d,7601341,2018,7,21,4,3,5,3,1,0,1,0,0,0,0,0,797745,9103,5815401,632
203383,11,9,9020701,Adlershof West,9200715,2018,7,13,6,2,5,2,0,0,1,0,0,0,0,0,807705,37,5818379,587
203384,11,4,4041137,Flinsberger Platz,4400727,2018,7,20,4,3,3,6,1,0,1,0,1,0,0,0,790944,893,5823012,517
203385,11,1,1033202,Humboldthain S�d,1300835,2018,7,9,2,3,5,2,0,1,1,0,0,0,0,0,797773,4377,5829745,118
203386,11,4,4030725,Amtsgerichtsplatz,4300416,2018,7,9,2,3,3,6,0,1,1,0,0,0,0,0,791476,9777,5826081,87
203387,11,7,7010101,Wittenbergplatz/Viktoria-Luise-Platz,7100101,2018,7,20,4,3,5,2,0,1,1,0,0,0,0,0,794991,7866,5824930,29
203388,11,1,1022201,Stephankiez,1200623,2018,7,9,6,3,2,6,0,1,0,0,0,0,0,0,795386,9791,5828550,974
203389,11,3,3061227,Humannplatz,3601243,2018,7,19,4,3,1,5,0,1,1,0,0,0,0,0,799352,69,5831792,108
203390,11,12,12214424,Scharnweberstra�e                                                                                   ,12200309,2018,7,7,6,3,2,6,0,0,1,0,0,0,0,0,792558,7344,5832831,524
203391,11,7,7050502,Fritz-Werner-Stra�e                                                                                 ,7501133,2018,7,9,2,3,5,2,0,0,1,0,0,1,0,0,797576,81,5818421,451
203392,11,1,1044203,Leopoldplatz,1401049,2018,7,6,6,3,5,3,0,1,1,0,0,0,0,0,795963,7193,5831986,155
203393,11,4,4020311,Reichsstra�e,4200309,2018,7,18,4,2,5,3,0,0,1,0,0,0,0,0,788993,7503,5826717,463