OBJECTID,LAND,BEZ,LOR,STRASSE,LOR_ab_2021,UJAHR,UMONAT,USTUNDE,UWOCHENTAG,UKATEGORIE,UART,UTYP1,ULICHTVERH,IstRad,IstPKW,IstFuss,IstKrad,IstGkfz,IstSonstig,STRZUSTAND,LINREFX,LINREFY,XGCSWGS84,YGCSWGS84
203394,11,12,12302110,Dannenwalder Weg,12601235,2018,7,7,6,2,5,2,0,1,1,0,0,0,0,0,795169,661,5836349,287
203395,11,9,9020602,Oberspree,9200614,2018,7,8,6,3,5,3,0,1,1,0,0,0,0,0,808381,1736,5820893,538
203396,11,1,1011105,N�rdlicher Landwehrkanal                                                                            ,1100102,2018,7,9,2,3,5,2,0,1,0,0,1,0,0,0,795847,4889,5826686,418
203397,11,2,2030401,Reichenberger Stra�e,2300417,2018,7,18,4,3,5,3,0,1,1,0,0,0,0,0,800641,5277,5825695,677
203398,11,1,1022204,Thomasiusstra�e                                                                                     ,1200626,2018,7,9,6,3,0,1,0,1,0,0,0,0,0,0,794549,6925,5828303,951
203399,11,7,7070702,Alt-Lichtenrade/T�pchiner Weg,7601443,2018,7,18,4,3,5,2,0,1,1,0,0,0,0,0,799864,7759,5814546,63
203400,11,5,5020625,Borkumer Stra�e                                                                                     ,5200629,2018,7,10,2,3,3,6,0,0,1,0,0,0,1,0,784628,5076,5828388,1
203401,11,1,1011302,Oranienburger Stra�e                                                                                ,1100309,2018,7,10,2,3,2,7,0,0,1,0,0,0,0,0,798642,3666,5828801,333
203402,11,1,1011301,Charit�viertel,1100308,2018,7,12,4,3,0,1,0,0,0,0,1,0,0,0,797552,5398,5828706,88
203403,11,9,9041601,M�ggelheim,9401635,2018,7,14,6,3,4,7,0,0,1,0,0,0,0,0,816942,926,5817164,11
203404,11,6,6030606,Hindenburgdamm,6300630,2018,7,10,2,3,5,7,0,0,1,0,1,0,0,0,793604,3981,5819190,436
203405,11,4,4030828,Savignyplatz,4300624,2018,7,0,6,3,0,1,2,1,0,0,0,0,0,0,793268,6312,5826077,629
203406,11,4,4051551,Brabanter Platz,4501148,2018,7,16,5,2,1,5,0,1,1,0,0,0,1,0,792783,3133,5823167,382
203407,11,4,4020310,Park Ruhwald,4200308,2018,7,22,3,3,5,2,2,1,1,0,0,0,0,0,790374,6693,5827305,264
203408,11,4,4041344,R�desheimer Platz,4400835,2018,7,23,5,3,1,1,2,1,1,0,0,0,0,0,792891,5684,5821898,187
203409,11,4,4051653,Prager Platz,4501152,2018,7,10,2,3,2,6,0,0,1,0,0,0,0,0,793993,3317,5824432,156
203410,11,1,1011202,Unter den Linden Nord,1100206,2018,7,21,5,3,0,2,1,1,1,0,0,0,0,0,797704,83,5827789,483
203411,11,10,10040933,Mahlsdorf S�d                                                                                       ,10400941,2018,7,10,2,2,5,2,0,0,0,0,1,1,0,0,813544,8585,5827161,584
203412,11,3,3040614,Pankow Zentrum                                                                                      ,3400722,2018,7,19,3,3,1,5,0,0,1,0,1,0,0,0,798712,3688,5833746,388
203413,11,1,1033102,Gesundbrunnen,1300733,2018,7,15,5,3,1,5,0,1,1,0,0,0,0,0,797202,233,5831350,84
203414,11,5,5010103,Amorbacher Weg,5100105,2018,7,11,2,3,2,2,0,0,1,0,0,0,0,0,784592,9915,5831091,348
203415,11,7,7030303,Grazer Platz,7300619,2018,7,7,5,3,1,5,0,1,1,0,0,0,0,0,794706,1028,5821937,615
203416,11,8,8010406,Treptower Stra�e Nord,8100419,2018,7,11,2,3,5,3,0,0,1,0,0,0,0,0,802383,1869,5824029,764
203417,11,5,5010312,Kurstra�e                                                                                           ,5100314,2018,7,18,3,3,6,4,0,0,1,1,0,0,0,0,785126,8981,5829585,64
203418,11,7,7020201,Bayerischer Platz,7200307,2018,7,21,5,3,9,1,1,0,1,0,0,0,0,0,794909,7062,5824669,75
203419,11,3,3040818,Pankow S�d                                                                                          ,3400826,2018,7,18,3,3,9,1,0,0,1,0,0,0,0,0,799006,1484,5833188,422
203420,11,1,1033202,Humboldthain S�d,1300835,2018,7,8,2,3,0,4,0,0,1,1,0,0,0,0,797251,5718,5829762,372
203421,11,5,5030730,Zitadellenweg,5300736,2018,7,18,3,3,5,7,0,0,1,0,0,1,0,0,786819,8159,5829729,91
203422,11,1,1011103,L�tzowstra�e                                                                                        ,1100103,2018,7,22,5,3,2,2,2,1,1,0,0,0,0,0,795856,4618,5826054,739
203423,11,3,3040614,Pankow Zentrum                                                                                      ,3400723,2018,7,12,1,3,5,3,0,1,1,0,0,0,0,0,799229,9119,5833712,374
203424,11,7,7010104,Dennewitzplatz,7100205,2018,7,20,5,3,5,2,0,1,1,0,0,0,0,0,795995,7691,5824957,305
203425,11,1,1011402,Arkonaplatz,1100416,2018,7,16,1,2,0,1,0,1,0,0,0,0,0,0,798619,1896,5829345,442
203426,11,1,1044201,Reinickendorfer Stra�e                                                                              ,1401045,2018,7,18,3,3,2,7,0,0,1,0,0,0,1,0,796689,4036,5831764,31
203427,11,1,1011301,Charit�viertel,1100308,2018,7,20,5,3,1,5,0,1,1,0,0,0,0,0,797089,8125,5828095,198
203428,11,2,2030302,Lausitzer Platz,2300316,2018,7,17,3,2,5,2,0,1,1,0,0,0,0,0,801421,3875,5826062,369
203429,11,4,4061757,Forst Grunewald,4400729,2018,7,13,1,2,4,6,0,0,1,0,0,0,0,0,789288,4629,5822740,698
203430,11,2,2050801,Traveplatz,2500830,2018,7,15,1,3,6,7,0,0,1,1,0,0,0,0,802576,789,5827456,85
203431,11,10,10040931,Mahlsdorf Nord                                                                                      ,10400938,2018,7,16,3,2,2,5,0,0,1,0,1,0,0,0,813066,768,5828626,511
203432,11,10,10040933,Mahlsdorf S�d                                                                                       ,10400940,2018,7,19,5,2,5,3,0,1,1,0,0,0,0,0,812386,244,5824307,392
203433,11,7,7050502,Fritz-Werner-Stra�e                                                                                 ,7501133,2018,7,17,1,3,0,7,0,0,0,0,1,0,1,1,798169,2779,5819022,629
203434,11,5,5010206,G�tersloher Weg,5100208,2018,7,16,3,3,2,6,0,0,1,0,0,0,0,0,781451,578,5830721,48
203435,11,2,2050601,Hausburgviertel,2500726,2018,7,18,5,3,5,3,0,1,1,0,0,0,0,0,801867,6094,5828983,997
203436,11,8,8040933,Vogelviertel S�d,8401139,2018,7,14,1,3,5,2,0,0,1,0,0,0,0,0,803010,2373,5819363,657
203437,11,6,6040701,Wannsee,6400735,2018,7,15,1,2,1,5,0,1,1,0,0,0,0,0,784511,5508,5816482,268
203438,11,4,4030623,Ernst-Reuter-Platz,4300622,2018,7,16,3,3,5,3,0,0,1,0,0,0,0,0,793162,61,5826887,28
203439,11,4,4030623,Ernst-Reuter-Platz,4300622,2018,7,18,5,3,2,6,0,0,1,0,1,0,0,0,793195,5391,5826902,433
203440,11,3,3040818,Pankow S�d                                                                                          ,3400827,2018,7,16,3,3,1,5,0,1,1,0,0,0,0,0,799339,2458,5831872,406
203441,11,4,4020313,K�nigin-Elisabeth-Stra�e,4200311,2018,7,15,1,3,0,3,0,0,1,0,1,0,0,0,790523,4015,5826301,254
203442,11,7,7060601,Marienfelder Allee Nordwest,7601236,2018,7,15,3,3,5,2,0,1,1,0,0,0,0,0,796466,825,5816472,615
203443,11,8,8010404,Rixdorf,8100415,2018,7,19,5,3,2,2,0,0,1,0,1,0,0,0,801231,6021,5823675,457
203444,11,6,6010209,Feuerbachstra�e                                                                                     ,6100209,2018,7,15,3,3,5,3,0,1,1,0,0,0,0,0,794506,5291,5821621,948
203445,11,12,12231101,Hermsdorf,12400723,2018,7,14,1,2,5,3,0,0,1,0,1,0,0,0,791960,253,5838741,81
203446,11,5,5020626,Adamstra�e                                                                                          ,5200630,2018,7,17,5,3,5,3,0,0,1,0,0,0,0,0,784752,4685,5827199,567
203447,11,6,6030608,Schweizer Viertel,6300632,2018,7,10,1,2,5,3,0,1,1,0,0,0,0,0,790983,6341,5817434,969
203448,11,4,4020311,Reichsstra�e,4200310,2018,7,15,3,2,5,2,0,1,1,0,0,0,0,0,789909,6123,5826697,333
203449,11,1,1011303,Alexanderplatzviertel,1100310,2018,7,17,5,3,2,2,0,0,0,0,1,0,0,0,799510,4607,5828112,883
203450,11,4,4010103,Paul-Hertz-Siedlung,4100102,2018,7,14,3,3,3,6,0,0,0,0,1,0,1,0,791212,28,5829140,703
203451,11,1,1011303,Alexanderplatzviertel,1100310,2018,7,9,1,3,0,4,0,0,0,1,0,0,1,0,799349,8027,5828621,9
203452,11,8,8010301,Reuterkiez,8100312,2018,7,12,1,3,2,6,0,1,1,0,0,0,0,0,801150,6288,5824881,748
203453,11,10,10040933,Mahlsdorf S�d                                                                                       ,10400941,2018,8,8,3,3,5,2,0,0,1,0,1,0,0,0,812579,9996,5824275,504
203454,11,1,1044203,Leopoldplatz,1401048,2018,8,8,5,3,0,3,0,0,1,0,1,0,0,0,795654,2278,5831548,598
203455,11,7,7070705,Franziusweg/Rohrbachstra�e                                                                          ,7601546,2018,8,8,3,3,5,2,0,1,1,0,0,0,0,0,798556,397,5814414,395
203456,11,1,1011303,Alexanderplatzviertel,1100310,2018,8,16,6,3,0,2,0,1,0,0,0,0,1,0,799593,8715,5828713,818
203457,11,7,7040401,Neu-Tempelhof,7400721,2018,8,8,3,3,5,2,0,1,1,0,0,0,0,0,798737,8807,5823947,455
203458,11,4,4030416,Klausenerplatz,4300413,2018,8,17,6,3,5,3,1,1,0,0,0,0,0,0,791035,3432,5827005,66
203459,11,11,11020411,Malchower Weg,11200410,2018,8,6,5,3,6,7,0,0,1,1,0,0,0,0,804943,6077,5833101,287
203460,11,1,1022106,Elberfelder Stra�e                                                                                  ,1200522,2018,8,14,6,3,5,2,0,1,1,0,0,0,0,0,794556,9976,5828351,919
203461,11,1,1011103,L�tzowstra�e                                                                                        ,1100103,2018,8,18,4,3,5,2,1,0,1,0,0,0,0,0,795407,3316,5825824,733
203462,11,2,2010104,Wassertorplatz,2100106,2018,8,8,3,3,5,3,0,1,1,0,0,0,0,0,798585,1452,5825555,457
203463,11,8,8041037,Alt-Rudow,8401243,2018,8,15,6,3,5,2,0,0,1,0,0,0,0,0,805539,5673,5818565,93
203464,11,4,4051448,Schaperstra�e,4501045,2018,8,8,3,3,5,2,0,1,1,0,0,0,0,0,794199,3921,5825041,222
203465,11,4,4020313,K�nigin-Elisabeth-Stra�e,4200311,2018,8,14,4,3,2,6,0,0,1,0,0,0,0,0,790390,9483,5827225,238
203466,11,7,7010102,Nollendorfplatz,7100103,2018,8,14,4,3,1,7,0,0,1,0,0,0,1,0,795694,9775,5825468,867
203467,11,1,1044203,Leopoldplatz,1401048,2018,8,14,6,3,5,2,0,1,0,0,0,1,0,0,795445,5553,5831605,513
203468,11,6,6010209,Feuerbachstra�e                                                                                     ,6100209,2018,8,7,3,3,3,6,0,1,1,0,0,0,0,0,794591,453,5820882,122
203469,11,3,3030715,Heinersdorf,3300516,2018,8,14,6,3,5,2,0,1,1,0,0,0,0,0,801114,7007,5835003,788
203470,11,9,9041601,M�ggelheim,9401635,2018,8,12,4,2,6,4,0,0,1,1,0,0,0,0,816610,5701,5817430,975
203471,11,7,7060603,Marienfelde Nordost,7601238,2018,8,14,6,3,1,5,0,0,1,0,0,0,1,0,798536,4687,5815970,451
203472,11,4,4030621,Spreestadt,4300620,2018,8,7,3,3,2,6,0,0,1,0,0,0,1,0,793510,5827638,4,13
203473,11,4,4051551,Brabanter Platz,4501148,2018,8,11,6,3,2,6,0,0,1,0,0,0,0,0,792818,4399,5823199,607
203474,11,1,1033203,Humboldthain Nordwest                                                                               ,1300836,2018,8,8,6,3,5,3,0,1,1,0,0,0,0,0,796807,2544,5830352,763
203475,11,4,4051447,Ludwigkirchplatz,4501044,2018,8,11,4,3,5,5,0,1,1,0,0,0,0,0,793095,7328,5824498,781
203476,11,1,1022201,Stephankiez,1200623,2018,8,7,6,3,5,3,0,1,1,0,0,0,0,0,795486,9244,5829584,766
203477,11,11,11020412,Hauptstra�e,11200411,2018,8,6,3,2,5,2,0,0,0,0,1,1,0,0,805873,5945,5831376,75
203478,11,5,5020625,Borkumer Stra�e                                                                                     ,5200629,2018,8,11,6,3,0,2,0,0,1,0,0,0,1,0,784662,9951,5828498,777
203479,11,4,4030417,Schlo�stra�e,4300414,2018,8,9,4,3,5,2,0,0,1,0,0,0,0,0,791752,789,5827251,674
203480,11,7,7050505,Hundsteinweg,7501134,2018,8,13,6,3,0,6,0,0,1,0,0,1,0,0,799441,7353,5817761,319
203481,11,7,7030302,Cecilieng�rten,7300618,2018,8,9,4,3,5,3,0,0,1,0,0,0,0,0,794959,4813,5822480,47
203482,11,8,8010301,Reuterkiez,8100311,2018,8,1,3,2,6,4,2,0,1,1,0,0,0,0,800655,2267,5824395,661
203483,11,11,11051331,Karlshorst Nord,11501340,2018,8,14,6,3,0,6,0,1,1,0,0,0,0,0,807241,5113,5824240,774
203484,11,6,6040810,Dahlem,6400844,2018,8,15,1,3,5,2,0,1,0,0,0,0,0,0,792689,889,5821712,973
203485,11,1,1011103,L�tzowstra�e                                                                                        ,1100103,2018,8,17,3,2,0,2,0,0,1,0,1,0,0,0,795320,3543,5826139,556
203486,11,1,1033102,Gesundbrunnen,1300733,2018,8,9,4,2,5,2,0,1,1,0,0,0,0,0,797005,8131,5831494,175
203487,11,1,1011101,St�lerstra�e                                                                                        ,1100101,2018,8,14,1,3,3,6,0,0,1,0,1,0,0,0,795306,376,5826207,261
203488,11,2,2010101,Askanischer Platz,2100101,2018,8,8,4,3,2,6,0,1,0,0,0,0,0,0,797691,3799,5826229,83
203489,11,12,12214125,Waldidyll/Flughafensee,12200412,2018,8,7,6,3,1,5,0,1,1,0,0,0,0,0,788448,4868,5832436,392
203490,11,3,3020209,Niedersch�nhausen,3200205,2018,8,11,3,3,0,3,0,1,1,0,0,0,0,0,797130,4734,5835652,665
203491,11,3,3061126,Arnimplatz,3601140,2018,8,7,6,3,5,3,0,1,0,0,0,0,0,0,798347,645,5831634,223
203492,11,10,10040931,Mahlsdorf Nord                                                                                      ,10400938,2018,8,7,4,2,5,2,0,0,1,0,1,0,0,0,813471,8735,5829446,593
203493,11,6,6010102,Schlo�stra�e                                                                                        ,6100102,2018,8,6,6,3,5,3,0,0,1,0,0,0,0,0,793427,7303,5820321,982
203494,11,1,1011105,N�rdlicher Landwehrkanal                                                                            ,1100102,2018,8,7,4,3,5,2,0,1,1,0,0,0,0,0,796853,7161,5826968,507
203495,11,5,5030832,Rohrdamm,5300839,2018,8,17,2,3,5,3,0,1,1,0,0,0,0,0,789057,2193,5829678,471
203496,11,9,9031202,Schm�ckwitz/Rauchfangswerder,9301228,2018,8,7,6,2,5,3,0,1,1,0,0,0,0,0,815997,2893,5813234,339
203497,11,12,12214424,Scharnweberstra�e                                                                                   ,12200411,2018,8,7,4,3,2,3,0,1,0,0,0,0,1,0,792627,6163,5832650,775
203498,11,10,10010310,Alt-Marzahn,10100313,2018,8,21,6,2,3,6,2,1,0,0,0,0,0,0,808765,1737,5831035,148
203499,11,6,6040810,Dahlem,6400844,2018,8,10,4,3,2,7,0,0,1,0,0,0,0,0,790315,264,5820298,878
203500,11,2,2030301,Oranienplatz,2300314,2018,8,17,2,3,5,2,0,0,1,0,0,0,1,0,800112,226,5825741,248
203501,11,7,7070701,Kettinger Stra�e/Schillerstra�e                                                                     ,7601442,2018,8,21,6,2,6,2,2,0,1,1,0,0,0,0,798696,216,5816020,843
203502,11,4,4020310,Park Ruhwald,4200308,2018,8,17,2,3,5,7,0,0,1,0,1,0,0,0,790304,4609,5827700,28
203503,11,3,3020307,Buchholz,3200309,2018,8,7,4,3,3,6,0,1,0,0,0,0,0,0,800814,9825,5837224,98
203504,11,1,1044102,Schillerpark,1400939,2018,8,14,2,3,1,5,0,1,1,0,0,0,0,0,794957,179,5831355,27
203505,11,11,11010308,Zingster Stra�e Ost,11100308,2018,8,20,6,3,5,3,0,0,1,0,0,0,1,0,805054,8086,5833538,91
203506,11,12,12214424,Scharnweberstra�e                                                                                   ,12200309,2018,8,15,2,3,5,2,0,1,1,0,0,0,0,0,793396,4855,5832399,491
203507,11,4,4041134,Bismarckallee,4400726,2018,8,10,4,3,0,1,0,0,0,0,1,0,0,0,790883,1304,5824690,259
203508,11,10,10010308,Marzahner Chaussee,10100311,2018,8,14,2,3,3,6,0,0,1,0,0,1,0,0,806520,53,5830214,338
203509,11,3,3061434,Anton-Saefkow-Park,3601451,2018,8,19,6,2,5,2,0,0,1,0,0,0,0,0,801200,4113,5829481,34
203510,11,4,4030930,George-Grosz-Platz,4501041,2018,8,0,4,3,0,1,2,0,0,0,1,0,0,0,793380,4937,5825672,715
203511,11,6,6010209,Feuerbachstra�e                                                                                     ,6100209,2018,8,19,6,3,3,6,0,0,1,0,1,0,0,0,794687,2398,5821655,734
203512,11,1,1011401,Invalidenstra�e                                                                                     ,1100415,2018,8,22,4,3,0,1,2,1,0,0,0,0,0,0,798269,4914,5829365,141
203513,11,10,10010310,Alt-Marzahn,10100313,2018,8,19,2,3,1,5,0,1,1,0,0,0,0,0,808320,4341,5830800,804
203514,11,6,6030608,Schweizer Viertel,6300632,2018,8,19,6,3,6,4,0,1,0,1,0,0,0,0,792781,787,5817502,86
203515,11,11,11030721,R�digerstra�e,11300722,2018,8,7,2,3,3,6,0,1,0,0,0,0,1,0,803913,2924,5828410,451
203516,11,9,9041501,Altstadt Kietz,9401534,2018,8,22,4,2,0,7,2,0,0,0,1,0,0,0,811016,12,5820296,379
203517,11,1,1033102,Gesundbrunnen,1300733,2018,8,19,4,3,5,2,0,0,1,0,1,0,0,0,797071,95,5831447,369
203518,11,4,4030828,Savignyplatz,4300624,2018,8,11,2,3,1,5,0,1,1,0,0,0,0,0,792778,5161,5826108,42
203519,11,3,3061430,Volkspark Prenzlauer Berg,3601450,2018,8,18,6,3,1,5,0,1,0,0,0,0,1,0,802273,4177,5829172,35
203520,11,12,12103219,Sch�fersee,12100204,2018,8,12,2,3,5,3,0,1,1,0,0,0,0,0,795658,3014,5832376,837
203521,11,4,4051445,Eisenzahnstra�e,4500939,2018,8,18,4,3,5,2,0,0,1,0,0,0,0,0,792441,168,5824104,11
203522,11,12,12301206,L�bars,12500929,2018,8,10,2,3,6,4,0,0,1,1,0,0,0,0,795051,6095,5838064,529
203523,11,8,8010301,Reuterkiez,8100312,2018,8,16,6,3,6,7,0,1,0,1,0,0,0,0,801316,2394,5824332,687
203524,11,4,4030621,Spreestadt,4300620,2018,8,9,2,3,5,2,0,0,1,0,1,0,0,0,793819,8488,5827033,402
203525,11,4,4041136,Hagenplatz,4400728,2018,8,18,4,2,5,7,0,0,1,0,1,0,0,0,790673,3679,5822853,781
203526,11,10,10040932,Alt-Mahlsdorf,10400939,2018,8,17,6,3,2,2,0,0,1,0,0,0,0,0,812945,3841,5827867,231
203527,11,2,2040701,Andreasviertel,2400521,2018,8,18,4,3,5,2,0,1,1,0,0,0,0,0,800718,131,5827873,272
203528,11,12,12302211,L�barser Stra�e,12601031,2018,8,9,2,3,2,6,0,0,1,0,1,0,0,0,793507,455,5836958,209
203529,11,12,12302108,M�rkisches Zentrum,12601134,2018,8,16,6,3,5,2,0,1,1,0,0,0,0,0,794654,728,5836954,65
203530,11,2,2020206,Graefekiez,2200212,2018,8,19,2,3,5,3,0,1,1,0,0,0,0,0,800017,639,5824454,633
203531,11,2,2010103,Moritzplatz,2100104,2018,8,18,4,3,5,3,0,1,1,0,0,0,0,0,799280,8859,5826219,97
203532,11,4,4051549,Rathaus Wilmersdorf,4501146,2018,8,17,4,3,5,2,0,0,1,0,0,0,0,0,792397,6211,5823693,28
203533,11,3,3061227,Humannplatz,3601244,2018,8,16,6,2,6,4,0,0,0,1,0,0,1,0,800202,9956,5831646,87
203534,11,6,6010207,Mittelstra�e                                                                                        ,6100207,2018,8,16,4,3,5,2,0,1,1,0,0,0,0,0,793950,863,5820445,371
203535,11,1,1011201,Wilhelmstra�e                                                                                       ,1100205,2018,8,8,2,3,5,7,0,1,1,0,0,0,0,0,797332,987,5827150,647
203536,11,4,4020204,Olympiagel�nde,4200203,2018,8,16,6,3,5,3,0,1,1,0,0,0,0,0,788312,7599,5826876,14
203537,11,1,1011102,Gro�er Tiergarten,1100102,2018,8,8,2,3,4,6,0,1,0,0,0,0,0,0,795129,5006,5827082,216
203538,11,2,2040502,Friedenstra�e,2400521,2018,8,15,4,3,5,2,0,0,1,0,0,0,0,0,800464,2322,5828467,104
203539,11,3,3050925,Komponistenviertel Wei�ensee,3500936,2018,8,15,4,3,5,7,0,1,1,0,0,0,0,0,801733,775,5831061,193
203540,11,7,7010101,Wittenbergplatz/Viktoria-Luise-Platz,7100101,2018,8,8,2,3,2,6,0,0,1,0,0,0,0,0,794969,66,5824906,499
203541,11,2,2010104,Wassertorplatz,2100106,2018,8,16,6,3,5,2,0,0,1,0,0,0,0,0,799061,6428,5825597,129
203542,11,2,2040502,Friedenstra�e,2400521,2018,8,8,2,3,5,2,0,1,0,0,0,0,1,0,801247,5575,5827816,665
203543,11,12,12214125,Waldidyll/Flughafensee,12200412,2018,8,12,1,2,5,3,0,1,0,0,0,0,0,0,788334,683,5832033,9
203544,11,7,7020201,Bayerischer Platz,7200307,2018,8,15,4,3,2,6,0,0,1,0,0,0,1,0,794942,1123,5824376,88
203545,11,2,2050601,Hausburgviertel,2500726,2018,8,8,2,3,5,2,0,1,1,0,0,0,0,0,801879,39,5828989,946
203546,11,4,4051652,Nikolsburger Platz,4501149,2018,8,18,6,2,0,7,0,1,0,0,0,0,0,0,793443,29,5824193,869
203547,11,1,1011303,Alexanderplatzviertel,1100310,2018,8,16,2,3,1,5,0,1,0,0,0,0,1,0,799295,8451,5827573,532
203548,11,1,1011402,Arkonaplatz,1100416,2018,8,7,5,2,0,1,0,1,0,0,0,0,0,0,798683,4134,5829470,625
203549,11,4,4030620,Alt-Lietzow,4300619,2018,8,14,4,3,2,6,0,0,1,0,0,0,1,0,792126,4833,5827313,729
203550,11,1,1011303,Alexanderplatzviertel,1100310,2018,8,22,5,3,0,2,2,0,1,0,0,0,1,0,799146,9614,5828305,441
203551,11,7,7010104,Dennewitzplatz,7100205,2018,8,14,4,2,0,7,0,0,1,0,1,0,0,0,796487,1,5824870,75
203552,11,1,1011204,Leipziger Stra�e                                                                                    ,1100207,2018,8,15,2,3,5,2,0,1,1,0,0,1,0,0,798486,3387,5826667,23
203553,11,9,9041301,Kietzer Feld/Nachtheide                                                                             ,9401329,2018,8,21,5,3,6,2,2,0,1,1,0,0,0,0,812102,8335,5819739,717
203554,11,9,9020502,Obersch�neweide Ost,9200511,2018,8,15,1,2,9,1,0,0,0,0,1,0,0,0,807470,5971,5821414,6
203555,11,10,10040931,Mahlsdorf Nord                                                                                      ,10400938,2018,8,7,2,3,2,6,0,0,1,0,0,0,1,0,813002,9916,5828497,895
203556,11,3,3050919,Gustav-Adolf-Stra�e,3500932,2018,8,14,4,3,5,3,0,1,1,0,0,0,0,0,801444,9204,5833145,763
203557,11,4,4051445,Eisenzahnstra�e,4500939,2018,8,11,1,3,5,2,0,1,1,0,0,0,0,0,792043,7301,5824074,294
203558,11,11,11020412,Hauptstra�e,11200411,2018,7,21,3,3,6,4,2,0,0,1,1,0,0,0,805734,7557,5831823,371
203559,11,9,9020802,K�llnische Vorstadt                                                                                 ,9200819,2018,8,20,2,3,6,2,1,0,1,1,0,0,0,0,810042,4386,5820422,678
203560,11,8,8020727,Buckow Mitte,8200832,2018,8,20,5,3,2,6,1,0,1,0,1,0,0,0,801543,8609,5817531,774
203561,11,1,1022201,Stephankiez,1200623,2018,7,21,3,3,1,1,0,1,1,0,0,0,0,0,794596,7996,5829040,468
203562,11,6,6030504,Teltower Damm,6300528,2018,7,8,3,3,5,3,0,1,1,0,0,0,0,0,790374,8274,5816669,989
203563,11,7,7040403,Manteuffelstra�e                                                                                    ,7400823,2018,8,12,2,3,5,2,0,0,1,0,0,0,0,0,797346,1997,5821929,679
203564,11,8,8030831,Gropiusstadt Ost,8301037,2018,8,20,5,3,6,4,0,0,1,1,0,0,0,0,804473,2282,5817383,143
203565,11,1,1033102,Gesundbrunnen,1300733,2018,8,11,2,3,5,2,0,0,1,0,0,0,0,0,797707,7075,5831843,889
203566,11,1,1044101,Rehberge,1400937,2018,8,18,5,3,3,6,0,1,0,0,0,0,0,0,794143,14,5831892,181
203567,11,7,7060604,Marienfelde S�d,7601341,2018,7,18,3,3,5,3,0,1,1,0,0,0,0,0,797747,8358,5815403,593
203568,11,11,11010103,Dorf Falkenberg,11100102,2018,8,18,5,3,2,6,0,0,1,0,0,0,0,0,808272,7688,5834031,679
203569,11,7,7050501,Rathausstra�e                                                                                       ,7501029,2018,8,6,2,3,0,2,0,0,0,0,0,0,1,0,797481,1677,5818704,691
203570,11,1,1011401,Invalidenstra�e                                                                                     ,1100415,2018,8,18,5,2,5,7,0,0,1,0,1,0,0,0,798465,6995,5829111,321
203571,11,2,2020204,Urbanstra�e,2200210,2018,8,15,5,3,5,3,0,1,1,0,0,0,0,0,798352,6404,5825512,331
203572,11,10,11020516,Wei�e Taube,11200515,2018,7,13,3,3,2,6,0,0,1,0,0,0,0,0,806287,1642,5830224,282
203573,11,9,9051702,B�lschestra�e,9501737,2018,8,16,2,3,2,6,0,0,1,0,0,0,0,0,814341,462,5823287,819
203574,11,4,4030620,Alt-Lietzow,4300619,2018,8,15,5,3,2,6,0,0,1,0,0,0,0,0,792342,712,5827236,676
203575,11,1,1022204,Thomasiusstra�e                                                                                     ,1200626,2018,8,15,1,3,0,3,0,1,0,0,0,0,0,0,794814,2046,5828306,995
203576,11,10,10040830,Kaulsdorf S�d                                                                                       ,10400837,2018,8,16,2,3,5,3,0,0,1,0,0,0,0,0,810459,9867,5825563,28
203577,11,12,12302212,Rollbergesiedlung,12601032,2018,7,10,3,3,6,7,0,0,0,1,0,0,1,0,793080,1838,5837629,26
203578,11,2,2040502,Friedenstra�e,2400521,2018,7,19,3,3,0,2,0,1,0,0,1,0,0,0,801250,6248,5827842,695
203579,11,11,11040926,Weitlingstra�e,11400929,2018,8,14,5,2,5,2,0,0,1,0,0,0,0,0,804649,591,5826541,945
203580,11,4,4020312,Branitzer Platz,4200308,2018,8,6,2,2,5,3,0,0,1,0,1,0,0,0,789455,9965,5827396,378
203581,11,9,9051901,Dammvorstadt,9501939,2018,8,14,5,2,0,4,0,0,1,1,0,0,0,0,810907,3267,5821513,836
203582,11,1,1011302,Oranienburger Stra�e                                                                                ,1100309,2018,7,10,3,3,0,1,0,1,0,0,0,0,0,0,798123,878,5828447,6
203583,11,2,2030301,Oranienplatz,2300314,2018,8,12,5,3,1,5,0,1,1,0,0,0,0,0,799600,9838,5826243,833
203584,11,1,1044103,Westliche M�llerstra�e                                                                              ,1400942,2018,7,10,3,3,2,6,0,0,1,0,0,0,0,0,794605,8205,5830793,298
203585,11,1,1022204,Thomasiusstra�e                                                                                     ,1200626,2018,8,17,2,2,2,6,0,0,1,1,0,0,0,0,795139,6252,5828263,278