OBJECTID,LAND,BEZ,LOR,STRASSE,LOR_ab_2021,UJAHR,UMONAT,USTUNDE,UWOCHENTAG,UKATEGORIE,UART,UTYP1,ULICHTVERH,IstRad,IstPKW,IstFuss,IstKrad,IstGkfz,IstSonstig,STRZUSTAND,LINREFX,LINREFY,XGCSWGS84,YGCSWGS84
203586,11,7,7020203,Kaiser-Wilhelm-Platz,7200409,2018,8,13,5,3,5,2,0,1,1,0,0,0,0,0,795376,4543,5824020,771
203587,11,1,1011402,Arkonaplatz,1100416,2018,7,17,3,3,5,2,0,1,0,0,0,0,1,0,798517,1514,5830045,684
203588,11,6,6020410,Oberhofer Platz,6200422,2018,8,13,5,3,0,1,0,1,0,0,0,0,0,0,794456,5868,5816572,719
203589,11,11,11041022,Rosenfelder Ring,11401032,2018,8,15,2,2,5,3,0,1,1,0,0,0,0,0,805835,514,5827397,823
203590,11,7,7030302,Cecilieng�rten,7300618,2018,8,13,5,3,0,7,0,0,1,0,0,0,0,0,795001,695,5822962,183
203591,11,12,12214424,Scharnweberstra�e                                                                                   ,12200309,2018,7,9,3,2,3,6,0,1,0,0,0,0,0,0,793395,8074,5832509,55
203592,11,10,10030724,Oberfeldstra�e                                                                                      ,10300731,2018,8,2,5,2,5,3,2,0,1,0,0,0,0,0,809120,1913,5829712,56
203593,11,1,1011203,Unter den Linden S�d,1100206,2018,8,10,2,2,5,3,0,0,1,0,1,0,0,0,797759,9604,5827455,63
203594,11,12,12103218,Teichstra�e,12100205,2018,8,12,5,3,5,2,0,0,1,0,0,1,0,0,794827,323,5834453,11
203595,11,4,4031032,Halensee,4500937,2018,8,9,2,2,6,4,0,0,0,1,1,0,0,0,791831,5767,5825189,911
203596,11,9,9041501,Altstadt Kietz,9401534,2018,7,20,3,3,0,2,1,0,1,0,1,0,0,0,811385,1159,5820153,131
203597,11,1,1033101,Soldiner Stra�e                                                                                     ,1300731,2018,8,18,2,2,5,3,0,0,1,0,1,0,0,0,796730,8127,5832437,21
203598,11,4,4020310,Park Ruhwald,4200308,2018,8,11,5,3,0,2,0,1,1,0,0,0,0,0,790269,2958,5827910,743
203599,11,7,7030302,Cecilieng�rten,7300618,2018,7,20,3,2,5,3,0,1,1,0,0,0,0,0,794156,9972,5821835,513
203600,11,8,8041036,Zittauer Stra�e,8401242,2018,8,11,5,3,5,3,0,1,1,0,0,0,0,0,804479,6811,5816941,223
203601,11,1,1011201,Wilhelmstra�e                                                                                       ,1100205,2018,7,9,3,3,2,6,0,0,1,0,1,0,0,0,797228,4025,5827420,196
203602,11,8,8041037,Alt-Rudow,8401243,2018,8,21,2,3,1,5,2,1,1,0,0,0,0,0,805705,6,5816972,16
203603,11,11,11010205,Falkenberg West,11100204,2018,8,11,5,3,0,3,0,0,1,0,1,0,0,0,806500,2922,5833032,448
203604,11,8,8010405,Hertzbergplatz,8100418,2018,8,3,2,3,2,6,2,0,0,0,0,0,1,0,802136,1574,5823934,414
203605,11,1,1044202,Sparrplatz,1401046,2018,7,20,3,3,5,2,0,0,1,0,0,0,0,0,794896,1195,5830242,237
203606,11,12,12214125,Waldidyll/Flughafensee,12200414,2018,8,10,1,3,5,3,0,0,1,0,0,0,0,0,791939,8725,5831495,932
203607,11,4,4041241,Breite Stra�e,4400832,2018,7,9,3,3,2,7,0,1,1,0,0,0,0,0,792001,1296,5822152,264
203608,11,1,1022106,Elberfelder Stra�e                                                                                  ,1200522,2018,8,21,1,3,5,3,1,1,0,0,0,0,0,0,794245,8587,5827707,247
203609,11,12,12231102,Frohnau,12400720,2018,8,10,5,3,5,3,0,0,1,0,0,0,0,0,789316,6793,5839733,632
203610,11,7,7010104,Dennewitzplatz,7100206,2018,8,21,1,3,5,3,1,1,1,0,0,0,0,0,796016,1857,5824630,804
203611,11,10,10010308,Marzahner Chaussee,10100311,2018,7,18,3,3,2,6,0,0,1,0,0,0,1,0,806459,6046,5829881,43
203612,11,2,2020206,Graefekiez,2200213,2018,7,8,3,3,5,2,0,1,1,0,0,0,0,0,799773,5713,5824814,292
203613,11,6,6010205,S�dende,6100205,2018,8,19,1,3,1,5,0,1,1,0,0,0,0,0,795635,9072,5819938,913
203614,11,4,4051653,Prager Platz,4501152,2018,8,10,5,3,2,6,0,0,1,0,0,0,0,0,793950,8162,5824735,489
203615,11,7,7050503,Eisenacher Stra�e                                                                                   ,7501031,2018,8,18,1,2,1,1,0,0,1,0,1,0,0,0,799179,8262,5819987,826
203616,11,7,7010104,Dennewitzplatz,7100205,2018,7,7,3,3,0,6,0,0,1,0,0,0,1,0,796336,8883,5824939,616
203617,11,12,12103115,Breitkopfbecken,12100103,2018,8,18,1,3,2,6,0,0,1,0,0,0,0,0,795507,2872,5833435,57
203618,11,1,1033102,Gesundbrunnen,1300733,2018,8,9,5,3,3,6,0,1,0,0,0,0,0,0,797018,1181,5831529,911
203619,11,5,5010206,G�tersloher Weg,5100208,2018,8,16,1,3,3,6,0,0,1,0,1,0,0,0,782133,3483,5829890,59
203620,11,1,1044201,Reinickendorfer Stra�e                                                                              ,1401045,2018,7,18,3,3,2,6,0,0,1,0,0,0,0,0,796981,6568,5831897,995
203621,11,1,1044101,Rehberge,1400937,2018,8,7,5,3,2,2,0,0,1,0,1,0,0,0,793670,5032,5832264,832
203622,11,7,7040403,Manteuffelstra�e                                                                                    ,7400823,2018,7,18,3,3,5,2,0,1,1,0,0,0,0,0,797290,971,5821387,284
203623,11,2,2020206,Graefekiez,2200212,2018,8,16,1,2,5,7,0,0,1,0,1,0,0,0,799237,4246,5824556,11
203624,11,8,8010118,Silbersteinstra�e,8100105,2018,8,6,5,3,5,2,0,0,0,0,1,1,0,0,801080,7805,5821969,742
203625,11,1,1011305,Heine-Viertel West,1100312,2018,8,14,1,2,3,6,0,1,0,0,0,0,0,0,799449,9334,5826543,984
203626,11,6,6010102,Schlo�stra�e                                                                                        ,6100102,2018,7,17,3,2,3,6,0,1,0,0,0,0,1,0,793740,4275,5821062,746
203627,11,11,11010103,Dorf Falkenberg,11100102,2018,8,10,1,3,4,6,0,1,0,0,0,0,0,0,809296,257,5834515,84
203628,11,3,3040614,Pankow Zentrum                                                                                      ,3400724,2018,7,17,3,3,5,2,0,1,1,0,0,0,0,0,800024,285,5834538,645
203629,11,2,2010101,Askanischer Platz,2100101,2018,8,15,1,3,5,2,0,0,1,0,1,0,0,0,797174,9321,5826406,886
203630,11,1,1044202,Sparrplatz,1401047,2018,8,5,5,3,1,1,0,0,1,0,0,0,0,0,795579,8983,5830498,794
203631,11,10,10020413,Gut Hellersdorf,10200420,2018,8,14,1,3,5,3,0,1,1,0,0,0,0,0,811990,4124,5830702,916
203632,11,1,1033201,Brunnenstra�e                                                                                       ,1300834,2018,8,11,1,3,5,3,0,0,1,0,0,0,0,0,797820,766,5830450,999
203633,11,10,10020517,Adele-Sandrock-Stra�e                                                                               ,10200524,2018,7,6,3,3,6,4,0,0,1,1,0,0,0,0,813242,1513,5831053,25
203634,11,5,5030833,Motardstra�e                                                                                        ,5300840,2018,8,7,5,2,5,2,0,0,1,0,0,0,0,0,788186,3009,5829353,592
203635,11,11,11030720,Herzbergstra�e,11300721,2018,8,13,1,3,0,7,0,0,1,0,1,0,0,1,804615,5698,5829088,647
203636,11,4,4030725,Amtsgerichtsplatz,4300416,2018,8,6,5,3,5,2,0,1,1,0,0,0,0,0,791440,1497,5826079,451
203637,11,10,10040933,Mahlsdorf S�d                                                                                       ,10400940,2018,7,16,3,3,0,7,0,0,1,0,0,0,1,0,813049,8006,5826699,565
203638,11,11,11030720,Herzbergstra�e,11300721,2018,8,8,1,2,2,6,0,0,1,0,0,0,0,0,805554,8295,5830060,722
203639,11,1,1011301,Charit�viertel,1100308,2018,8,8,5,3,2,6,0,1,1,0,0,0,0,0,797198,669,5829147,53
203640,11,11,11040926,Weitlingstra�e,11400929,2018,7,16,3,3,5,3,0,0,1,0,0,0,0,0,805478,6359,5826961,296
203641,11,8,8010404,Rixdorf,8100417,2018,8,12,1,3,5,3,0,1,0,0,0,0,0,0,802279,6093,5823014,796
203642,11,12,12304313,Borsigwalde,12500825,2018,8,0,1,2,0,7,2,0,0,0,0,0,1,0,792168,7897,5835289,367
203643,11,4,4041344,R�desheimer Platz,4400835,2018,8,9,5,3,5,3,0,0,1,0,0,0,1,0,793379,7339,5821960,236
203644,11,9,9051801,Rahnsdorf/Hessenwinkel,9501838,2018,8,22,1,2,3,6,2,1,1,0,0,0,0,0,821586,8263,5819411,547
203645,11,12,12103117,Letteplatz,12100101,2018,7,16,3,3,2,6,0,0,1,0,0,0,1,0,796717,3784,5833198,15
203646,11,2,2040503,Richard-Sorge-Viertel,2400522,2018,8,10,5,3,4,6,0,0,1,0,0,0,1,0,801407,2449,5827932,837
203647,11,2,2010104,Wassertorplatz,2100106,2018,7,16,3,3,1,5,0,1,1,0,0,0,0,0,799027,3932,5825500,577
203648,11,2,2040703,Wriezener Bahnhof/Entwicklungsgebiet,2400624,2018,8,4,7,3,0,1,2,0,0,0,1,0,0,0,801928,8908,5826807,774
203649,11,7,7020202,Volkspark (Rudolf-Wilde-Park),7200308,2018,8,8,5,2,0,1,0,0,0,0,1,0,0,0,794603,4472,5823444,986
203650,11,10,10020413,Gut Hellersdorf,10200420,2018,8,22,7,3,5,3,2,0,1,0,1,0,0,0,812010,162,5830591,741
203651,11,11,11010102,Dorf Wartenberg,11100101,2018,7,15,3,3,5,3,0,0,1,0,1,0,0,0,806083,443,5834569,409
203652,11,2,2020204,Urbanstra�e,2200210,2018,8,8,1,3,3,6,0,0,1,0,0,0,0,0,798847,455,5825104,737
203653,11,7,7010104,Dennewitzplatz,7100205,2018,7,14,3,3,6,4,0,0,1,1,0,0,0,0,796004,5014,5825139,423
203654,11,1,1011105,N�rdlicher Landwehrkanal                                                                            ,1100102,2018,8,17,7,3,2,6,0,0,1,0,0,0,1,0,795859,929,5826686,65
203655,11,11,11030619,Fennpfuhl Ost,11300620,2018,8,6,5,3,0,1,0,1,0,0,0,0,0,0,803829,6642,5829048,638
203656,11,6,6010102,Schlo�stra�e                                                                                        ,6100102,2018,8,16,7,2,0,4,0,0,0,1,1,0,0,0,793672,6663,5820598,655
203657,11,4,4051653,Prager Platz,4501152,2018,8,16,5,3,5,2,0,1,1,0,0,0,0,0,793992,3865,5824447,343
203658,11,3,3040614,Pankow Zentrum                                                                                      ,3400724,2018,7,14,3,3,2,2,0,0,1,0,0,0,1,0,800023,247,5834679,478
203659,11,6,6020301,Alt-Lankwitz,6200311,2018,8,23,5,3,0,6,2,1,1,0,0,0,0,1,795771,8478,5818998,544
203660,11,1,1022202,Heidestra�e                                                                                         ,1200624,2018,8,15,7,3,5,2,0,1,1,0,0,0,0,0,795658,7704,5829733,22
203661,11,4,4041137,Flinsberger Platz,4400727,2018,8,13,5,3,5,3,0,1,1,0,0,0,0,0,791675,569,5823747,436
203662,11,1,1011301,Charit�viertel,1100308,2018,8,19,7,3,5,3,0,0,1,0,0,0,0,0,797073,4438,5828191,628
203663,11,1,1011402,Arkonaplatz,1100416,2018,8,15,4,3,2,6,0,0,1,0,0,0,0,0,798090,11,5829973,107
203664,11,4,4030931,Breitscheidplatz,4501042,2018,7,13,3,3,2,6,0,1,1,0,0,0,0,0,793516,4028,5825504,45
203665,11,1,1011202,Unter den Linden Nord,1100206,2018,8,13,7,3,5,2,0,1,1,0,0,0,0,0,797199,138,5827496,139
203666,11,12,12103117,Letteplatz,12100101,2018,8,20,4,2,5,2,1,0,1,0,0,0,0,0,795781,6287,5832577,778
203667,11,5,5010311,Eiswerder,5100313,2018,8,12,7,3,5,3,0,1,1,0,0,0,0,0,785409,9684,5830167,564
203668,11,12,12103117,Letteplatz,12100101,2018,8,13,7,3,5,3,0,1,1,0,0,0,0,0,795863,1829,5832638,216
203669,11,7,7040403,Manteuffelstra�e                                                                                    ,7400824,2018,7,6,3,3,6,7,0,1,0,1,0,0,0,0,797638,8061,5821576,154
203670,11,8,8010404,Rixdorf,8100417,2018,8,12,7,3,5,3,0,0,1,0,0,0,1,0,802484,4145,5823141,378
203671,11,12,12103117,Letteplatz,12100101,2018,8,20,4,2,6,4,0,0,0,1,0,0,1,0,795967,6071,5832636,703
203672,11,1,1011306,Heine-Viertel Ost,1100313,2018,8,18,4,3,5,3,0,1,0,0,0,0,0,0,800062,7935,5826416,979
203673,11,11,11020412,Hauptstra�e,11200411,2018,8,12,7,3,0,6,0,0,1,0,1,0,0,0,805762,9005,5831834,916
203674,11,11,11030721,R�digerstra�e,11300722,2018,7,12,3,3,2,2,0,1,1,0,0,0,0,0,804299,1407,5828380,4
203675,11,11,11010204,Falkenberg Ost,11100203,2018,7,11,3,3,5,3,0,1,1,0,0,0,0,0,806820,9875,5833813,188
203676,11,1,1022106,Elberfelder Stra�e                                                                                  ,1200522,2018,8,18,4,3,2,6,0,0,1,0,0,0,0,0,793706,9942,5828013,215
203677,11,1,1022104,Emdener Stra�e                                                                                      ,1200520,2018,8,11,7,3,5,2,0,0,1,0,0,0,0,0,794550,2014,5829057,458
203678,11,1,1011302,Oranienburger Stra�e                                                                                ,1100309,2018,8,6,4,3,2,6,0,1,1,0,0,0,0,0,797612,9358,5828616,316
203679,11,9,9031101,Gr�nau,9301126,2018,7,10,3,3,0,2,0,1,1,0,0,0,0,0,811253,2731,5817645,62
203680,11,5,5010209,An der Kappe,5100211,2018,8,18,4,3,5,3,0,0,1,0,0,0,0,0,783241,6513,5830281,981
203681,11,4,4010103,Paul-Hertz-Siedlung,4100102,2018,7,20,3,3,0,7,1,1,0,0,0,0,0,0,791132,802,5829159,266
203682,11,7,2020203,Viktoriapark,2200207,2018,8,10,7,3,5,2,0,1,1,0,0,0,0,0,797066,997,5824720,482
203683,11,1,1033202,Humboldthain S�d,1300835,2018,8,17,4,3,5,2,0,1,1,0,0,0,0,0,797703,5773,5829653,351
203684,11,12,12301203,Wittenau S�d                                                                                        ,12500930,2018,7,14,3,3,0,2,0,0,1,0,0,0,1,0,792405,6698,5834151,43
203685,11,4,4031032,Halensee,4500937,2018,8,17,4,3,5,2,0,1,1,0,0,0,0,0,790986,1886,5824832,941
203686,11,11,11030720,Herzbergstra�e,11300721,2018,7,13,3,3,2,6,0,0,1,0,0,0,0,0,804879,9651,5829950,157
203687,11,12,12224230,Heiligensee,12400619,2018,8,10,7,2,5,3,0,0,1,0,0,0,1,0,786587,95,5836776,38
203688,11,6,6010102,Schlo�stra�e                                                                                        ,6100102,2018,8,17,4,3,5,2,0,1,1,0,0,0,0,0,793834,8014,5820511,53
203689,11,6,6010206,Stadtpark,6100206,2018,8,10,7,3,5,2,0,0,1,0,0,0,0,0,794723,2316,5820057,8
203690,11,4,4030725,Amtsgerichtsplatz,4300416,2018,7,7,3,3,5,3,0,0,1,0,0,0,1,0,791689,4476,5826222,32
203691,11,4,4020310,Park Ruhwald,4200308,2018,8,9,7,2,3,6,0,0,1,0,1,0,0,0,790451,7403,5827317,73
203692,11,10,10040830,Kaulsdorf S�d                                                                                       ,10400837,2018,8,17,4,3,0,3,0,0,1,0,0,0,1,0,810460,1518,5825563,872
203693,11,8,8010404,Rixdorf,8100415,2018,8,22,7,2,0,7,2,1,0,0,0,0,0,0,802057,854,5823469,673
203694,11,10,10010310,Alt-Marzahn,10100315,2018,7,14,2,3,2,6,0,0,1,0,0,0,0,0,809922,4165,5831561,978
203695,11,3,3061227,Humannplatz,3601244,2018,8,10,4,2,6,2,0,0,1,0,0,0,1,0,800061,8346,5831270,205
203696,11,9,9041601,M�ggelheim,9401635,2018,7,18,2,3,4,6,0,1,0,0,0,0,0,0,818016,2843,5818651,879
203697,11,2,2030302,Lausitzer Platz,2300316,2018,8,5,7,2,5,2,0,1,1,0,0,0,0,0,801428,2984,5826066,122
203698,11,6,6030504,Teltower Damm,6300528,2018,8,16,4,3,5,2,0,0,1,0,1,0,0,0,790570,7926,5815966,676
203699,11,7,7010101,Wittenbergplatz/Viktoria-Luise-Platz,7100101,2018,7,18,2,3,6,7,0,0,1,1,0,0,0,0,794807,9733,5825859,655
203700,11,7,7070701,Kettinger Stra�e/Schillerstra�e                                                                     ,7601442,2018,8,16,4,3,2,6,0,0,1,0,1,0,0,0,798805,5925,5815847,122
203701,11,7,7040401,Neu-Tempelhof,7400721,2018,7,8,2,3,3,6,0,1,0,0,0,0,0,0,798778,9969,5823942,192
203702,11,3,3050925,Komponistenviertel Wei�ensee,3500936,2018,8,19,6,3,6,2,0,0,1,1,0,0,0,0,802643,5406,5831133,573
203703,11,3,3071639,B�tzowstra�e,3701660,2018,8,15,4,3,1,5,0,0,1,0,1,0,0,0,800466,7516,5829495,888
203704,11,4,4030725,Amtsgerichtsplatz,4300416,2018,8,19,6,3,2,6,0,0,1,0,0,0,0,0,791874,3824,5826465,17
203705,11,10,10010102,Havemannstra�e                                                                                      ,10100102,2018,7,16,2,2,5,2,0,0,1,0,1,0,0,0,809347,4585,5834283,547
203706,11,4,4030621,Spreestadt,4300620,2018,7,16,2,3,5,2,0,1,0,0,1,0,0,0,793880,4454,5826962,743
203707,11,1,1011302,Oranienburger Stra�e                                                                                ,1100309,2018,8,17,6,3,3,6,0,1,1,0,0,0,0,0,797965,294,5828533,62
203708,11,3,3020209,Niedersch�nhausen,3200205,2018,8,15,4,3,5,3,0,0,1,0,0,0,0,0,797869,2921,5836018,32
203709,11,1,1033101,Soldiner Stra�e                                                                                     ,1300732,2018,8,16,6,3,5,2,0,1,1,0,0,0,0,0,797676,2378,5832855,153
203710,11,1,1011202,Unter den Linden Nord,1100206,2018,7,16,2,2,0,4,0,0,0,1,1,0,0,0,797690,5523,5827914,83
203711,11,4,4051550,Leon-Jessel-Platz,4501147,2018,8,16,6,3,5,7,0,0,1,0,1,0,0,0,792935,1897,5824247,3
203712,11,11,11051330,Karlshorst West,11501339,2018,8,15,4,3,5,2,0,0,1,0,0,0,0,0,806051,8711,5825128,384
203713,11,9,9020802,K�llnische Vorstadt                                                                                 ,9200819,2018,8,17,6,3,5,3,0,1,1,0,0,0,0,0,810275,199,5819575,623
203714,11,2,2050802,Boxhagener Platz,2500833,2018,7,16,2,3,4,1,0,1,1,0,0,0,0,0,802108,6187,5827150,967
203715,11,4,4030620,Alt-Lietzow,4300619,2018,8,12,4,3,5,2,0,1,1,0,0,0,0,0,792638,1331,5827087,61
203716,11,3,3061227,Humannplatz,3601243,2018,7,15,2,2,5,3,0,0,1,0,0,0,0,0,799890,178,5831729,564
203717,11,9,9051702,B�lschestra�e,9501737,2018,8,15,6,3,5,3,0,0,1,0,0,0,0,0,815026,7879,5821286,314
203718,11,1,3071536,Teutoburger Platz,3701556,2018,8,11,4,3,5,3,0,1,1,0,0,0,0,0,799081,8404,5829023,217
203719,11,4,4041344,R�desheimer Platz,4400835,2018,8,16,6,3,5,3,0,0,1,0,1,0,0,0,793379,7,5821960,236
203720,11,7,7050503,Eisenacher Stra�e                                                                                   ,7501031,2018,7,15,2,3,5,7,0,0,1,0,1,0,0,0,798674,312,5819654,624
203721,11,7,7040403,Manteuffelstra�e                                                                                    ,7400823,2018,7,15,2,3,2,6,0,0,1,0,0,0,1,0,797062,7946,5822166,885
203722,11,11,11030824,Frankfurter Allee S�d,11300826,2018,8,19,6,3,4,6,0,0,1,0,0,0,0,0,804681,3864,5827197,207
203723,11,7,7050506,Birnhornweg,7501135,2018,8,11,4,3,5,2,0,0,1,0,1,0,0,0,799046,155,5816806,822
203724,11,12,12103218,Teichstra�e,12100205,2018,8,19,6,3,0,1,0,0,1,0,1,0,0,0,794719,4181,5833509,9
203725,11,11,11040925,Victoriastadt,11400927,2018,8,10,4,3,5,2,0,1,1,0,0,0,0,0,803410,9094,5826628,472
203726,11,3,3061435,Conrad-Blenkle-Stra�e,3601452,2018,8,20,6,3,5,3,1,1,0,0,1,0,0,0,801613,7125,5829357,155
203727,11,7,7040403,Manteuffelstra�e                                                                                    ,7400824,2018,7,15,2,3,2,6,0,0,1,0,0,0,0,0,797864,806,5821786,266
203728,11,3,3040614,Pankow Zentrum                                                                                      ,3400721,2018,8,18,7,3,2,7,0,0,1,0,0,0,0,0,798006,8529,5833233,979
203729,11,9,9041501,Altstadt Kietz,9401534,2018,7,17,2,2,4,6,0,1,0,0,0,0,0,0,810833,647,5820306,656
203730,11,7,7010102,Nollendorfplatz,7100103,2018,8,17,6,3,1,5,0,0,1,0,1,0,0,0,795841,723,5824962,606
203731,11,6,6030504,Teltower Damm,6300528,2018,8,9,4,3,5,3,0,0,1,0,0,0,0,0,790065,4592,5815862,147
203732,11,5,5010206,G�tersloher Weg,5100208,2018,8,21,6,3,5,3,1,0,1,0,1,0,0,0,782104,9491,5830172,21
203733,11,10,10010102,Havemannstra�e                                                                                      ,10100102,2018,7,15,2,3,5,2,0,0,1,0,0,0,0,0,809345,7923,5834284,324
203734,11,11,11040926,Weitlingstra�e,11400931,2018,8,13,6,3,5,2,0,1,1,0,0,0,0,0,805565,9933,5827271,318
203735,11,3,3050923,Wei�enseer Spitze,3500934,2018,8,13,4,2,5,2,0,0,1,0,0,0,0,0,800197,4287,5832137,628
203736,11,12,12214424,Scharnweberstra�e                                                                                   ,12200309,2018,8,17,6,3,2,2,0,0,1,0,0,0,0,0,793282,2428,5832585,333
203737,11,2,2030302,Lausitzer Platz,2300316,2018,8,13,4,3,0,5,0,0,1,0,0,0,1,0,800684,6674,5826561,757
203738,11,1,1011102,Gro�er Tiergarten,1100102,2018,7,15,2,3,2,6,0,0,1,0,0,0,0,0,795180,2753,5826952,334
203739,11,8,8010302,Bouch�stra�e,8100313,2018,8,11,7,3,1,5,0,1,1,0,0,0,0,0,801968,4306,5824594,721
203740,11,7,7020201,Bayerischer Platz,7200307,2018,8,13,4,3,6,2,0,0,1,1,0,0,0,0,794946,475,5824298,254
203741,11,5,5030833,Motardstra�e                                                                                        ,5300840,2018,7,14,2,3,5,3,0,0,1,0,0,0,0,0,788411,5379,5829340,62
203742,11,2,2050801,Traveplatz,2500832,2018,8,20,6,3,0,7,1,0,1,0,1,0,0,1,803640,7308,5827385,123
203743,11,2,2030302,Lausitzer Platz,2300316,2018,8,13,4,3,5,3,0,0,0,0,1,0,0,0,801323,8885,5826153,769
203744,11,11,11041128,Sewanstra�e,11401137,2018,8,20,6,3,3,6,0,0,1,0,0,0,0,0,807088,1548,5825791,633
203745,11,11,11030619,Fennpfuhl Ost,11300620,2018,7,14,2,3,2,6,0,0,1,0,0,0,0,0,803979,758,5829808,641
203746,11,2,2050802,Boxhagener Platz,2500833,2018,8,16,7,3,1,5,0,1,0,0,0,0,1,0,802333,3715,5827096,712
203747,11,4,4041344,R�desheimer Platz,4400835,2018,8,15,1,3,2,6,0,0,1,0,1,0,0,0,793307,9239,5822275,683
203748,11,2,2040502,Friedenstra�e,2400521,2018,7,14,2,3,6,3,0,0,0,1,0,0,1,0,801208,78,5828641,166
203749,11,4,4010103,Paul-Hertz-Siedlung,4100102,2018,8,17,6,3,0,1,0,0,0,0,1,0,0,0,791139,2034,5829124,683
203750,11,8,8010303,Donaustra�e,8100314,2018,8,14,4,3,3,5,0,1,0,0,0,0,1,0,801244,8453,5823811,898
203751,11,11,11040925,Victoriastadt,11400927,2018,8,15,6,3,6,2,0,0,1,1,0,0,0,0,803407,9744,5826616,289
203752,11,6,6030609,Augustaplatz,6300633,2018,8,9,4,3,3,6,0,1,0,0,0,1,0,0,793142,4845,5818164,812
203753,11,12,12214125,Waldidyll/Flughafensee,12200412,2018,7,13,2,3,5,3,0,0,1,0,1,0,0,0,790906,966,5833913,683
203754,11,11,11030618,Fennpfuhl West,11300617,2018,8,8,4,3,6,4,0,1,0,1,0,0,0,0,803031,2387,5829185,236
203755,11,4,4020310,Park Ruhwald,4200308,2018,8,13,6,3,2,6,0,0,1,0,0,0,0,0,788212,6487,5827804,788
203756,11,5,5010103,Amorbacher Weg,5100105,2018,8,14,4,3,5,3,0,1,1,0,0,0,0,0,784409,91,5831050,278
203757,11,4,4030725,Amtsgerichtsplatz,4300416,2018,7,13,2,2,5,7,0,0,1,0,1,0,0,0,791691,2589,5826102,469
203758,11,8,8010211,Flughafenstra�e,8100206,2018,8,22,7,2,5,7,2,0,1,0,1,0,0,0,800404,3394,5824032,107
203759,11,3,3071639,B�tzowstra�e,3701660,2018,7,13,2,3,5,7,0,0,1,0,1,0,0,0,800855,118,5829183,482
203760,11,2,2040703,Wriezener Bahnhof/Entwicklungsgebiet,2400625,2018,8,7,4,2,5,2,0,0,0,0,1,0,1,0,801292,1115,5827403,863
203761,11,1,1022206,L�neburger Stra�e                                                                                   ,1200628,2018,8,15,6,3,0,2,0,0,1,0,0,0,1,0,796236,5,5828487,58
203762,11,8,8030829,Gropiusstadt Nord,8300934,2018,8,6,4,2,3,6,0,0,1,0,1,0,0,0,803525,78,5818194,367
203763,11,1,1044202,Sparrplatz,1401046,2018,7,15,2,3,2,6,0,0,1,0,0,0,0,0,794786,2701,5830111,324
203764,11,6,6040703,Nikolassee,6400737,2018,8,17,7,2,5,3,0,0,1,0,1,0,0,0,784910,6989,5817540,358
203765,11,7,7030302,Cecilieng�rten,7300618,2018,8,8,4,3,6,2,0,0,1,1,0,0,0,0,794584,9291,5821853,431
203766,11,4,4030623,Ernst-Reuter-Platz,4300622,2018,7,23,2,3,3,6,2,0,1,0,0,0,1,0,793861,5108,5826257,302
203767,11,6,6040809,Thielallee,6400843,2018,8,13,6,2,5,2,0,1,1,0,0,0,0,0,791101,957,5819247,768
203768,11,2,2010102,Mehringplatz,2100102,2018,8,4,4,3,6,4,0,0,1,1,1,0,0,0,798169,6582,5826504,707
203769,11,8,8020619,Buschkrugallee Nord,8200623,2018,8,12,6,2,5,3,0,0,1,0,1,0,0,0,801396,3526,5821135,667
203770,11,2,2050801,Traveplatz,2500830,2018,7,20,2,3,5,3,1,1,1,0,0,0,0,0,802696,6051,5827351,466
203771,11,1,1011105,N�rdlicher Landwehrkanal                                                                            ,1100102,2018,8,16,7,2,0,7,0,1,0,0,0,0,0,0,796090,961,5826216,9
203772,11,2,2010102,Mehringplatz,2100102,2018,7,20,2,3,1,5,0,0,1,0,1,0,0,0,797952,3553,5826268,545
203773,11,12,12224230,Heiligensee,12400618,2018,8,10,4,2,5,2,0,1,1,0,0,0,0,0,787344,963,5837836,655
203774,11,4,4010102,Pl�tzensee,4100101,2018,8,12,6,3,2,6,0,0,1,0,0,0,0,0,793359,92,5829660,617
203775,11,6,6010205,S�dende,6100205,2018,8,12,4,3,0,1,0,0,0,0,1,0,0,0,795531,7,5819952,234
203776,11,1,1011201,Wilhelmstra�e                                                                                       ,1100205,2018,7,19,2,3,5,3,0,1,1,0,0,0,0,0,797157,6352,5826452,467
203777,11,12,12301205,Waidmannslust,12500928,2018,8,8,4,2,0,7,0,0,0,0,0,1,0,0,792463,8281,5837326,309
203778,11,1,1011301,Charit�viertel,1100308,2018,7,19,2,3,4,2,0,1,1,0,0,0,0,0,797560,3386,5828206,481
203779,11,2,2050802,Boxhagener Platz,2500834,2018,8,12,6,3,5,3,0,1,0,0,0,0,0,0,803252,3241,5826574,597
203780,11,3,3040818,Pankow S�d                                                                                          ,3400831,2018,8,1,4,2,0,1,2,1,0,0,0,0,0,0,799961,7942,5833858,139
203781,11,1,1011303,Alexanderplatzviertel,1100310,2018,7,18,2,3,2,6,0,0,1,0,1,0,0,0,799544,2603,5828805,759
203782,11,4,4031032,Halensee,4500937,2018,8,14,7,3,2,2,0,0,1,0,0,0,0,0,791293,6216,5825005,135
203783,11,1,1011303,Alexanderplatzviertel,1100310,2018,7,14,2,3,5,2,0,1,0,0,0,1,0,0,799594,9464,5828255,708
203784,11,11,11051229,Rummelsburg,11501238,2018,8,11,6,3,5,3,0,1,1,0,0,0,0,0,804759,3465,5825398,817