OBJECTID,LAND,BEZ,LOR,STRASSE,LOR_ab_2021,UJAHR,UMONAT,USTUNDE,UWOCHENTAG,UKATEGORIE,UART,UTYP1,ULICHTVERH,IstRad,IstPKW,IstFuss,IstKrad,IstGkfz,IstSonstig,STRZUSTAND,LINREFX,LINREFY,XGCSWGS84,YGCSWGS84
203785,11,11,11030721,R�digerstra�e,11300722,2018,8,15,4,2,0,1,0,1,0,0,0,0,0,0,804270,4991,5827838,454
203786,11,10,10020622,Kaulsdorf Nord I                                                                                    ,10200629,2018,8,10,6,2,5,2,0,0,1,0,1,0,0,0,810960,558,5828200,778
203787,11,4,4030518,Tegeler Weg,4300517,2018,8,12,7,3,0,7,0,1,1,0,0,0,0,0,791543,5128,5828035,45
203788,11,5,5010311,Eiswerder,5100313,2018,8,11,4,3,2,6,0,1,0,0,0,0,1,0,785389,2636,5830610,596
203789,11,6,6030607,Goerzwerke,6300631,2018,7,12,2,3,5,2,0,1,0,0,0,0,1,0,790821,5361,5815581,551
203790,11,6,6040703,Nikolassee,6400737,2018,8,10,6,3,5,3,0,1,1,0,0,0,0,0,786576,9283,5817919,472
203791,11,8,8040934,Vogelviertel Nord,8401140,2018,8,10,4,2,0,7,0,1,0,0,0,0,0,0,803085,8451,5819436,98
203792,11,2,2010103,Moritzplatz,2100104,2018,8,9,6,2,6,7,0,0,0,1,0,0,1,0,798838,468,5826147,727
203793,11,3,3061126,Arnimplatz,3601141,2018,8,10,7,3,5,3,0,1,1,0,0,0,0,0,799220,1336,5831773,676
203794,11,12,12214125,Waldidyll/Flughafensee,12200412,2018,7,12,2,3,4,6,0,1,0,0,0,0,0,0,790967,506,5833827,196
203795,11,8,8010118,Silbersteinstra�e,8100104,2018,8,7,6,3,2,6,0,1,0,0,0,1,0,0,800822,8699,5822577,938
203796,11,4,4041136,Hagenplatz,4400728,2018,8,9,4,1,3,2,0,1,0,0,0,1,0,0,789617,2306,5823355,486
203797,11,4,4051655,Babelsberger Stra�e,4501153,2018,7,11,2,3,5,7,0,1,1,0,0,0,0,0,794155,3468,5824090,758
203798,11,7,7060604,Marienfelde S�d,7601341,2018,8,13,3,3,2,6,0,0,1,0,0,0,0,0,797768,7469,5815365,412
203799,11,6,6030504,Teltower Damm,6300528,2018,7,11,2,3,2,2,0,0,1,0,0,0,0,0,790856,1987,5817577,641
203800,11,5,5030731,Gartenfelder Stra�e                                                                                 ,5300737,2018,8,13,6,3,0,1,0,0,0,0,1,0,0,0,787941,8229,5830041,628
203801,11,3,3051022,Hansastra�e,3501038,2018,8,21,3,3,0,2,1,1,1,0,0,0,0,0,803675,203,5832011,683
203802,11,1,1011402,Arkonaplatz,1100416,2018,8,8,6,2,3,6,0,1,0,0,0,0,1,0,798795,232,5829697,445
203803,11,5,5010101,Hakenfelde Nord,5100104,2018,7,10,2,2,6,2,0,0,1,1,0,0,0,0,785230,2384,5831827,416
203804,11,5,5010103,Amorbacher Weg,5100105,2018,8,8,7,3,5,3,0,0,1,0,0,0,0,0,784422,2338,5831394,259
203805,11,12,12214422,Klixstra�e                                                                                          ,12200310,2018,7,11,2,3,2,2,0,0,1,0,0,0,0,0,792338,3165,5833919,286
203806,11,9,9020702,Adlershof Ost,9200717,2018,8,20,6,3,6,4,0,0,1,1,0,0,0,0,809125,7963,5819503,525
203807,11,10,10010207,Marzahner Promenade,10100210,2018,8,15,3,3,5,2,0,1,1,0,0,0,0,0,808832,5403,5831785,379
203808,11,12,12231101,Hermsdorf,12400723,2018,8,6,6,3,1,5,0,0,1,0,0,0,0,0,791674,2532,5838930,715
203809,11,1,1011302,Oranienburger Stra�e                                                                                ,1100309,2018,7,10,2,3,5,3,0,0,1,0,1,0,0,0,798638,5914,5828375,791
203810,11,11,11030721,R�digerstra�e,11300725,2018,8,5,6,3,0,1,1,1,1,0,0,0,0,0,805154,4337,5827552,117
203811,11,2,2020203,Viktoriapark,2200208,2018,8,19,3,3,5,2,0,1,1,0,0,0,0,0,797841,88,5824926,909
203812,11,9,9031202,Schm�ckwitz/Rauchfangswerder,9301228,2018,8,23,6,3,3,6,2,0,1,0,0,0,0,0,819516,896,5812746,895
203813,11,6,6030610,Lichterfelde West                                                                                   ,6300634,2018,7,9,2,3,0,2,0,0,0,0,0,0,1,0,792950,1745,5817757,965
203814,11,7,7040401,Neu-Tempelhof,7400721,2018,7,9,2,3,5,2,0,1,1,0,0,0,0,0,798741,9674,5823946,932
203815,11,9,9051801,Rahnsdorf/Hessenwinkel,9501838,2018,8,13,6,1,5,3,0,0,1,0,0,0,1,0,820705,8761,5819508,274
203816,11,1,1044201,Reinickendorfer Stra�e                                                                              ,1401045,2018,8,19,3,3,2,6,0,0,1,0,0,0,1,0,796833,4614,5831550,256
203817,11,4,4030929,Hindemithplatz,4501040,2018,8,20,5,3,3,6,0,1,0,0,0,0,0,0,792396,4,5825696,51
203818,11,7,7040403,Manteuffelstra�e                                                                                    ,7400823,2018,7,13,2,3,2,6,0,0,1,0,0,0,1,0,797283,4989,5821136,54
203819,11,9,9051901,Dammvorstadt,9501939,2018,8,19,3,3,5,2,0,1,1,0,0,0,0,0,810269,7148,5821458,38
203820,11,8,8010406,Treptower Stra�e Nord,8100419,2018,7,23,1,3,5,3,2,1,1,0,0,0,0,0,802382,7977,5824029,199
203821,11,1,1011304,Karl-Marx-Allee,1100311,2018,8,6,5,3,6,4,0,1,0,1,0,0,0,0,799859,1913,5828614,747
203822,11,1,1011303,Alexanderplatzviertel,1100310,2018,8,18,3,3,2,2,0,0,1,0,1,0,0,0,799108,22,5828990,793
203823,11,7,7070707,Wittelsbacherstra�e                                                                                 ,7601548,2018,8,16,5,2,2,6,0,1,0,0,0,0,0,0,800694,3523,5813334,38
203824,11,1,1022104,Emdener Stra�e                                                                                      ,1200520,2018,7,22,1,3,2,6,2,0,1,0,0,0,0,0,794573,515,5828466,901
203825,11,1,1044101,Rehberge,1400938,2018,8,9,7,3,2,6,0,0,1,0,0,0,0,0,794153,406,5830305,591
203826,11,3,3040818,Pankow S�d                                                                                          ,3400831,2018,7,21,1,3,5,2,0,0,1,0,0,0,0,0,800075,9512,5833884,354
203827,11,7,7030303,Grazer Platz,7300619,2018,8,19,5,3,0,2,0,1,1,0,0,0,0,0,795243,7,5822261,7
203828,11,1,1022204,Thomasiusstra�e                                                                                     ,1200626,2018,8,17,3,3,6,2,0,0,1,1,0,0,0,0,795022,3644,5828267,938
203829,11,6,6030503,Zehlendorf Mitte                                                                                    ,6300526,2018,8,13,5,3,1,5,0,1,0,0,0,0,1,0,789459,3901,5817461,902
203830,11,3,3071537,Kollwitzplatz,3701555,2018,8,10,1,3,5,3,0,1,0,0,1,0,0,0,799256,2326,5830052,7
203831,11,1,1011302,Oranienburger Stra�e                                                                                ,1100309,2018,7,20,1,3,5,2,0,1,1,0,0,0,0,0,798871,6369,5828554,599
203832,11,9,9051701,Hirschgarten,9501736,2018,8,13,5,3,5,2,0,0,0,0,1,0,1,0,813011,4913,5821411,709
203833,11,12,12301206,L�bars,12500929,2018,8,18,3,2,5,7,0,0,1,0,1,0,0,0,794315,759,5838370,375
203834,11,4,4030930,George-Grosz-Platz,4501041,2018,8,13,5,3,1,5,0,0,1,0,0,0,0,0,793135,993,5825664,325
203835,11,12,12304313,Borsigwalde,12500825,2018,8,18,3,3,0,1,0,0,0,0,1,0,0,0,791473,4168,5834321,361
203836,11,4,4030931,Breitscheidplatz,4501042,2018,7,20,1,3,6,4,1,1,0,1,0,0,0,0,793926,1415,5825855,242
203837,11,3,3050925,Komponistenviertel Wei�ensee,3500936,2018,8,10,7,3,5,3,0,0,1,0,0,0,0,0,802308,3785,5831352,526
203838,11,2,2030301,Oranienplatz,2300314,2018,8,17,3,3,5,2,0,1,1,0,0,0,0,0,799948,2895,5826085,13
203839,11,1,1044101,Rehberge,1400938,2018,7,20,1,3,2,7,0,0,1,0,1,0,0,0,794218,792,5830909,855
203840,11,6,6010102,Schlo�stra�e                                                                                        ,6100102,2018,8,12,5,3,2,6,0,1,0,0,0,0,1,0,793720,8382,5821024,835
203841,11,5,5030731,Gartenfelder Stra�e                                                                                 ,5300737,2018,8,17,3,3,5,2,0,0,1,0,1,0,0,0,787324,703,5829803,638
203842,11,2,2020204,Urbanstra�e,2200210,2018,8,11,5,3,2,6,0,0,1,0,1,0,0,0,798267,6849,5824785,905
203843,11,8,8010303,Donaustra�e,8100314,2018,7,19,1,3,2,6,0,0,1,0,0,0,0,0,800666,5144,5824329,139
203844,11,1,1011201,Wilhelmstra�e                                                                                       ,1100205,2018,8,6,7,3,8,1,0,0,0,0,1,0,0,0,796966,6676,5826826,281
203845,11,8,8010301,Reuterkiez,8100312,2018,7,19,1,3,6,4,0,1,0,1,0,0,0,0,801466,989,5824429,702
203846,11,5,5030731,Gartenfelder Stra�e                                                                                 ,5300737,2018,8,17,3,3,3,6,0,0,1,0,1,0,0,0,787499,5418,5829891,361
203847,11,12,12214422,Klixstra�e                                                                                          ,12200310,2018,7,19,1,3,2,6,0,0,1,0,0,0,0,0,791754,7298,5832941,183
203848,11,9,9051702,B�lschestra�e,9501737,2018,8,11,5,2,2,2,0,0,1,0,0,0,0,0,814715,1639,5821936,887
203849,11,8,8010510,Gewerbegebiet K�llnische Heide,8100521,2018,8,17,3,3,5,3,0,0,1,0,0,0,0,0,803584,897,5821664,781
203850,11,6,6010103,Markelstra�e                                                                                        ,6100103,2018,8,10,5,3,2,6,0,0,1,0,0,0,0,0,793213,8917,5821603,89
203851,11,1,1011306,Heine-Viertel Ost,1100313,2018,7,17,1,3,5,2,0,1,1,0,0,0,0,0,800077,1882,5826454,975
203852,11,1,1033202,Humboldthain S�d,1300835,2018,7,16,1,3,2,6,0,1,1,0,0,0,0,0,797821,33,5830253,544
203853,11,9,9020502,Obersch�neweide Ost,9200512,2018,8,10,5,3,2,2,0,0,1,0,0,0,0,0,809382,4719,5821484,221
203854,11,3,3050923,Wei�enseer Spitze,3500934,2018,8,17,3,3,5,3,0,0,1,0,0,0,0,0,801069,9318,5831430,162
203855,11,9,9051901,Dammvorstadt,9501939,2018,8,9,5,3,2,6,0,0,1,0,0,0,1,0,809792,984,5821572,84
203856,11,4,4010101,Jungfernheide,4100101,2018,8,16,3,3,2,6,0,0,1,0,0,0,0,0,791290,4777,5830670,547
203857,11,8,8020619,Buschkrugallee Nord,8200623,2018,7,15,1,3,5,3,0,0,1,0,0,0,0,0,802483,8835,5820700,931
203858,11,9,9041301,Kietzer Feld/Nachtheide                                                                             ,9401329,2018,8,16,3,3,1,5,0,1,1,0,0,0,0,0,812210,499,5818373,575
203859,11,3,3071638,Winsstra�e,3701659,2018,8,8,5,3,1,5,0,1,1,0,0,0,0,0,799989,4366,5829407,602
203860,11,1,1022104,Emdener Stra�e                                                                                      ,1200520,2018,8,16,3,3,2,6,0,0,1,0,0,0,1,0,794213,3037,5828455,234
203861,11,1,1022103,Westhafen,1200517,2018,8,16,3,3,5,2,0,0,1,0,1,0,0,0,794983,8576,5829554,586
203862,11,1,1011402,Arkonaplatz,1100416,2018,7,14,1,3,6,2,0,0,1,1,0,0,0,0,798681,1845,5829454,4
203863,11,1,1044201,Reinickendorfer Stra�e                                                                              ,1401045,2018,8,7,5,3,5,3,0,1,0,0,0,0,1,0,796466,6269,5831941,932
203864,11,12,12103218,Teichstra�e,12100205,2018,8,16,3,2,0,7,0,0,1,0,0,0,0,0,794563,954,5834878,439
203865,11,2,2030302,Lausitzer Platz,2300316,2018,8,6,5,2,5,2,0,0,1,0,1,0,0,0,800733,5817,5826516,747
203866,11,6,6010205,S�dende,6100205,2018,7,13,1,3,1,5,0,0,1,0,0,0,1,0,795449,3366,5819961,781
203867,11,4,4020209,Eichkamp,4200207,2018,7,11,1,3,4,6,0,1,1,0,0,0,0,0,789413,663,5824708,659
203868,11,2,2010102,Mehringplatz,2100102,2018,8,22,5,3,4,6,2,0,1,0,1,0,0,0,798319,7789,5825600,363
203869,11,8,8010303,Donaustra�e,8100314,2018,8,15,3,3,5,2,0,1,1,0,0,0,0,0,801016,1576,5823905,202
203870,11,1,1011301,Charit�viertel,1100308,2018,7,11,1,3,1,5,0,1,1,0,0,0,0,0,796416,2588,5829387,134
203871,11,8,8010117,Schillerpromenade,8100103,2018,8,15,3,3,3,6,0,1,1,0,0,0,0,0,800677,6533,5822973,371
203872,11,2,2050801,Traveplatz,2500830,2018,8,15,3,3,1,5,0,1,1,0,0,0,0,0,802630,7436,5827375,232
203873,11,4,4010102,Pl�tzensee,4100101,2018,8,21,5,3,3,6,0,0,1,0,0,0,0,0,792227,3069,5830683,651
203874,11,7,7070704,Nahariyastra�e                                                                                      ,7601545,2018,8,15,3,3,5,3,0,0,1,0,0,0,0,0,800176,3563,5814059,55
203875,11,4,4030931,Breitscheidplatz,4501042,2018,7,4,1,3,5,2,2,0,1,0,0,0,0,1,794479,6624,5825854,963
203876,11,1,1011203,Unter den Linden S�d,1100206,2018,8,14,3,3,5,2,0,0,1,0,1,0,0,0,797758,76,5827447,685
203877,11,4,4030620,Alt-Lietzow,4300619,2018,7,9,1,3,0,7,0,0,1,1,0,0,0,0,791894,9065,5827476,316
203878,11,9,9041601,M�ggelheim,9401635,2018,8,20,5,3,5,2,0,1,1,0,0,0,0,0,817329,2072,5816867,315
203879,11,1,1022103,Westhafen,1400938,2018,8,13,3,2,2,6,0,0,1,0,0,0,1,0,793868,3631,5830048,735
203880,11,9,9052001,K�penick Nord                                                                                       ,9502043,2018,7,18,7,3,5,2,0,0,1,0,1,0,0,0,810976,727,5822187,999
203881,11,2,2050802,Boxhagener Platz,2500833,2018,8,13,3,3,0,1,0,1,0,0,0,0,0,0,802394,9074,5827077,867
203882,11,9,9051901,Dammvorstadt,9501939,2018,7,16,7,3,6,4,0,0,1,1,0,0,0,0,810915,6319,5821536,984
203883,11,5,5030832,Rohrdamm,5300841,2018,8,16,5,3,4,6,0,1,0,0,0,0,1,0,789515,286,5829457,419
203884,11,6,6040804,Krumme Lanke,6400838,2018,8,13,3,3,6,4,0,0,1,1,0,0,0,0,788142,671,5818760,96
203885,11,2,2050801,Traveplatz,2500831,2018,8,18,5,3,1,5,0,1,1,0,1,0,0,0,803255,4386,5827387,748
203886,11,7,7010102,Nollendorfplatz,7100102,2018,7,15,7,3,6,6,0,1,0,1,0,0,0,0,795032,38,5825762,726
203887,11,11,11041022,Rosenfelder Ring,11401032,2018,8,16,5,3,2,6,0,0,1,0,0,0,0,0,806602,4057,5827729,639
203888,11,2,2010103,Moritzplatz,2100104,2018,8,13,3,3,0,6,0,0,1,0,0,0,1,0,799256,762,5826228,776
203889,11,7,7060603,Marienfelde Nordost,7601238,2018,7,15,7,3,0,3,0,1,0,0,1,0,0,0,798666,2025,5816279,343
203890,11,1,1011104,K�rnerstra�e                                                                                        ,1100104,2018,8,13,3,3,5,2,0,1,1,0,0,0,0,0,796252,4569,5825960,788
203891,11,1,1011203,Unter den Linden S�d,1100206,2018,7,15,7,3,6,4,0,0,1,1,0,0,0,0,797764,5125,5827426,78
203892,11,9,9010401,Johannisthal West,9100407,2018,8,16,5,3,1,5,0,1,0,0,0,0,1,0,806360,149,5821015,231
203893,11,8,8020622,Parchimer Allee,8200726,2018,8,12,3,2,5,2,0,0,1,0,0,0,0,0,801415,202,5820227,269
203894,11,9,9051901,Dammvorstadt,9501939,2018,8,15,5,3,5,2,0,0,1,0,1,0,0,0,809644,4521,5821497,963
203895,11,1,1044201,Reinickendorfer Stra�e                                                                              ,1401043,2018,7,17,7,2,5,2,0,0,1,0,1,0,0,0,795580,1396,5830796,288
203896,11,8,8010508,Wei�e Siedlung,8100520,2018,7,13,7,2,5,2,0,0,1,0,1,0,0,0,803203,5032,5822714,108
203897,11,2,2030401,Reichenberger Stra�e,2300417,2018,8,15,5,3,5,7,0,1,1,0,0,1,0,0,800573,1965,5825705,504
203898,11,5,5010101,Hakenfelde Nord,5100104,2018,8,11,3,3,2,6,0,0,1,0,0,0,0,0,786153,6206,5831675,685
203899,11,6,6020304,Kaiser-Wilhelm-Stra�e                                                                               ,6200314,2018,7,10,7,3,6,4,0,1,0,1,0,0,0,0,794771,8475,5817728,422
203900,11,9,9052001,K�penick Nord                                                                                       ,9502043,2018,8,14,5,3,2,7,0,1,1,0,0,0,0,0,810320,3773,5823209,504
203901,11,2,2030302,Lausitzer Platz,2300316,2018,8,11,3,3,5,3,0,0,1,0,1,0,0,0,800720,9684,5826209,417
203902,11,9,9051901,Dammvorstadt,9501939,2018,7,10,7,3,5,3,0,1,0,0,0,0,1,0,809945,2174,5821592,516
203903,11,6,6040703,Nikolassee,6400737,2018,7,9,7,3,5,2,0,0,1,0,1,0,0,0,785007,9566,5817561,731
203904,11,10,10020415,Hellersdorfer Promenade,10200422,2018,8,14,5,3,6,4,0,0,1,1,0,0,0,0,812376,6466,5831450,111
203905,11,5,5020523,Maulbeerallee,5200527,2018,8,10,3,3,1,5,0,0,1,0,0,0,1,0,783299,1018,5827625,466
203906,11,1,1011303,Alexanderplatzviertel,1100310,2018,8,14,5,3,0,1,0,1,0,0,0,0,0,0,799480,507,5828849,429
203907,11,6,6010209,Feuerbachstra�e                                                                                     ,6100209,2018,7,7,7,3,6,4,0,1,0,1,0,0,0,0,794502,9352,5821449,748
203908,11,7,7070702,Alt-Lichtenrade/T�pchiner Weg,7601443,2018,8,14,5,3,5,3,0,1,1,0,0,0,0,0,800042,6868,5814359,157
203909,11,5,5020625,Borkumer Stra�e                                                                                     ,5200629,2018,8,9,3,3,2,6,0,0,1,0,0,0,0,0,784627,6099,5828632,735
203910,11,5,5020629,B�rnicker Stra�e                                                                                    ,5200634,2018,8,13,5,3,2,6,0,0,1,0,0,1,0,0,785050,846,5826304,19
203911,11,2,2030302,Lausitzer Platz,2300316,2018,7,17,7,3,6,4,0,1,0,1,0,0,0,0,801181,4606,5825953,271
203912,11,2,2040502,Friedenstra�e,2400521,2018,8,9,3,3,5,2,0,1,1,0,0,0,0,0,800463,57,5828234,979
203913,11,11,11040925,Victoriastadt,11400927,2018,7,1,7,3,5,2,2,1,1,0,0,0,0,0,803707,3198,5826284,579
203914,11,2,2040701,Andreasviertel,2400623,2018,8,13,5,3,6,4,0,0,0,1,1,0,0,0,801114,5056,5827221,712
203915,11,8,8020622,Parchimer Allee,8200726,2018,8,8,3,2,0,6,0,0,1,0,0,0,1,0,802363,5592,5819912,372
203916,11,2,2010103,Moritzplatz,2100105,2018,8,13,5,3,0,7,0,1,0,0,0,0,0,0,799078,6833,5825673,131
203917,11,10,10010308,Marzahner Chaussee,10100311,2018,7,1,7,2,0,1,2,0,0,0,1,0,0,0,806311,5206,5830181,167
203918,11,2,2030301,Oranienplatz,2300314,2018,8,9,5,2,6,4,0,0,0,1,1,0,0,0,799912,3782,5825986,122
203919,11,4,4051446,Preu�enpark,4501043,2018,8,0,6,2,5,3,2,0,1,0,0,0,0,0,793107,381,5825211,242
203920,11,6,6020305,Gemeindepark Lankwitz,6200315,2018,8,15,5,3,5,2,0,1,1,0,0,0,0,0,795447,9708,5817834,48
203921,11,3,3040818,Pankow S�d                                                                                          ,3400828,2018,8,15,5,2,5,3,0,1,1,0,0,0,0,0,800069,5807,5832592,142
203922,11,10,10020414,Helle Mitte,10200421,2018,8,17,1,3,3,6,0,0,1,0,0,0,0,0,812189,3892,5830920,303
203923,11,1,1011204,Leipziger Stra�e                                                                                    ,1100207,2018,8,8,5,3,2,2,0,1,1,0,0,0,0,0,798693,2242,5827088,175
203924,11,3,3061228,Erich-Weinert-Stra�e,3601245,2018,8,14,5,3,5,2,0,1,1,0,0,0,0,0,800938,789,5831179,531
203925,11,10,10040931,Mahlsdorf Nord                                                                                      ,10400938,2018,8,15,6,3,2,6,0,0,1,0,0,0,0,0,813442,2739,5829387,37
203926,11,3,3061434,Anton-Saefkow-Park,3601451,2018,8,8,5,3,1,5,0,1,1,0,0,0,0,0,801263,1179,5829684,997
203927,11,1,1022106,Elberfelder Stra�e                                                                                  ,1200522,2018,8,19,1,3,5,2,0,1,1,0,0,0,0,0,793694,7658,5827999,626
203928,11,7,7050501,Rathausstra�e                                                                                       ,7501029,2018,8,8,5,3,6,2,0,0,1,1,0,0,0,0,797538,6076,5819910,867
203929,11,7,7050502,Fritz-Werner-Stra�e                                                                                 ,7501133,2018,8,15,7,3,1,5,0,1,1,0,0,0,0,0,797953,1172,5818019,668
203930,11,1,1011304,Karl-Marx-Allee,1100311,2018,8,8,5,3,5,2,0,1,1,0,0,0,0,0,800189,5458,5828453,118
203931,11,9,9020601,Schnellerstra�e                                                                                     ,9200613,2018,8,7,5,3,5,2,0,1,1,0,0,0,0,0,807998,7235,5820988,83
203932,11,2,2050802,Boxhagener Platz,2500833,2018,8,21,6,3,4,6,2,0,1,0,1,0,0,0,802080,8743,5827157,263
203933,11,8,8010404,Rixdorf,8100415,2018,8,19,7,3,2,6,1,1,1,0,0,0,0,0,801667,1957,5823730,188
203934,11,3,3050923,Wei�enseer Spitze,3500934,2018,8,7,5,3,5,2,0,1,0,0,0,0,1,0,800208,1617,5832144,47
203935,11,3,3071536,Teutoburger Platz,3701554,2018,8,19,6,3,6,4,0,0,0,1,0,0,1,0,799111,3725,5830273,468
203936,11,7,7010102,Nollendorfplatz,7100102,2018,8,6,5,2,5,3,0,1,0,0,0,0,0,0,795616,7384,5824975,978
203937,11,4,4051653,Prager Platz,4501152,2018,8,12,6,3,5,3,0,0,1,0,1,0,0,0,794003,3428,5824714,314
203938,11,5,5030731,Gartenfelder Stra�e                                                                                 ,5300736,2018,8,6,5,2,1,5,0,0,0,0,1,0,1,0,786883,561,5830120,623
203939,11,9,9051901,Dammvorstadt,9501939,2018,8,0,5,3,2,6,2,0,1,0,0,0,0,0,810646,6337,5821008,41
203940,11,11,11040926,Weitlingstra�e,11400931,2018,8,11,2,2,5,3,0,0,1,0,0,0,1,0,806684,2841,5826911,442
203941,11,3,3020210,Herthaplatz,3200207,2018,8,15,5,3,2,6,0,0,1,0,0,0,0,0,800105,3712,5836220,547
203942,11,1,1044101,Rehberge,1400938,2018,8,15,5,3,3,6,0,0,0,0,1,0,1,0,793886,1112,5830093,9
203943,11,9,9051901,Dammvorstadt,9501939,2018,8,14,7,3,0,6,0,0,1,0,0,0,1,0,810019,4181,5821597,135
203944,11,7,7050505,Hundsteinweg,7501134,2018,8,15,5,3,2,6,0,0,1,0,0,0,0,0,799062,7046,5819071,851
203945,11,4,4020313,K�nigin-Elisabeth-Stra�e,4200311,2018,8,6,6,3,5,2,0,1,1,0,0,0,0,0,790305,8068,5826019,544
203946,11,12,12103115,Breitkopfbecken,12100103,2018,8,15,5,3,5,2,0,1,1,0,0,0,0,0,796298,4374,5833956,814
203947,11,2,2050602,Samariterviertel,2500727,2018,8,8,6,3,5,2,0,0,1,0,1,0,0,0,802635,9694,5827910,3
203948,11,12,12214424,Scharnweberstra�e                                                                                   ,12200309,2018,8,14,5,3,5,2,0,1,1,0,0,0,0,0,793148,703,5832637,256
203949,11,7,7050502,Fritz-Werner-Stra�e                                                                                 ,7501133,2018,8,13,5,3,5,3,0,0,1,0,0,0,0,0,797832,7382,5818571,602
203950,11,9,9031202,Schm�ckwitz/Rauchfangswerder,9301228,2018,8,11,1,3,4,6,0,1,0,0,0,0,0,0,816984,396,5812871,116
203951,11,6,6020305,Gemeindepark Lankwitz,6200316,2018,8,13,5,3,0,2,0,0,1,1,0,0,0,0,796046,5439,5817527,594
203952,11,9,9051901,Dammvorstadt,9501941,2018,8,13,5,3,2,6,0,0,1,0,0,0,0,0,810999,5738,5821240,246
203953,11,12,12304314,Ziekowstra�e/Freie Scholle,12500824,2018,8,21,7,3,9,1,2,0,1,0,0,0,0,0,791067,6035,5835471,843
203954,11,5,5020628,Graetschelsteig,5200633,2018,8,12,5,3,5,2,0,0,1,0,0,0,0,0,784054,1413,5827140,529
203955,11,11,11040926,Weitlingstra�e,11400931,2018,8,14,6,3,5,2,0,1,1,0,0,0,0,0,806700,5561,5826908,17
203956,11,3,3061228,Erich-Weinert-Stra�e,3601245,2018,8,12,5,3,2,6,0,1,1,0,0,0,0,0,800605,518,5831002,3
203957,11,8,8041038,Wa�mannsdorfer Chaussee,8401244,2018,8,12,5,3,2,6,0,0,1,0,0,0,0,0,805714,2701,5816772,239
203958,11,3,3050923,Wei�enseer Spitze,3500934,2018,8,21,1,2,9,1,2,0,1,0,1,0,0,0,800198,812,5832138,476
203959,11,6,6030610,Lichterfelde West                                                                                   ,6300634,2018,8,12,5,3,5,7,0,0,1,0,0,0,0,0,792031,4289,5818926,318
203960,11,5,5040934,Alt-Gatow,5400942,2018,8,19,5,3,5,2,0,0,1,0,0,0,0,0,783770,417,5823774,365
203961,11,6,6010205,S�dende,6100205,2018,8,19,5,3,5,2,0,0,1,0,0,0,1,0,795061,447,5820015,39
203962,11,2,2020204,Urbanstra�e,2200210,2018,8,17,1,3,5,2,0,1,1,0,0,0,0,0,798491,8426,5825234,498
203963,11,4,4020208,Kranzallee,4200206,2018,8,17,5,3,5,3,0,0,1,0,0,0,0,0,786224,4614,5825998,361
203964,11,7,7060604,Marienfelde S�d,7601341,2018,8,16,5,3,5,2,0,0,1,0,0,0,0,0,797614,2788,5815560,757
203965,11,2,2010101,Askanischer Platz,2100101,2018,8,2,7,3,5,3,2,1,1,0,0,0,0,0,797623,1885,5825589,43
203966,11,8,8020727,Buckow Mitte,8200832,2018,8,19,6,2,5,2,0,0,1,0,1,0,0,0,801615,9683,5817421,417
203967,11,4,4020310,Park Ruhwald,4200308,2018,8,12,4,3,2,6,0,0,1,0,0,0,0,0,790527,1298,5827329,925
203968,11,4,4051446,Preu�enpark,4501043,2018,8,16,6,3,2,7,0,1,1,0,0,0,0,0,792378,653,5825113,271
203969,11,1,1011103,L�tzowstra�e                                                                                        ,1100103,2018,8,12,4,3,2,7,0,0,1,0,1,0,0,0,795934,3942,5825633,359
203970,11,3,3061126,Arnimplatz,3601141,2018,8,11,4,3,0,3,0,1,0,0,0,0,1,0,799195,86,5831606,819
203971,11,1,1011302,Oranienburger Stra�e                                                                                ,1100309,2018,8,20,6,3,6,4,1,1,0,1,0,0,0,0,798635,384,5828817,921
203972,11,2,2010104,Wassertorplatz,2100106,2018,8,20,7,3,2,6,1,0,1,0,1,0,0,0,799806,9356,5825701,486
203973,11,4,4030415,Schlo�garten,4300412,2018,8,11,4,3,6,4,0,0,1,1,0,0,0,0,791671,4714,5827710,417
203974,11,12,12214422,Klixstra�e                                                                                          ,12200310,2018,8,18,6,3,5,3,0,0,1,0,0,0,0,0,792131,7391,5833150,296
203975,11,12,12231102,Frohnau,12400720,2018,8,11,4,3,6,2,0,0,1,1,0,0,0,0,790093,4708,5839995,799
203976,11,8,8041035,Blumenviertel,8401241,2018,8,13,6,3,5,3,0,0,1,0,0,0,0,0,804754,8419,5818461,913
203977,11,4,4041135,Hundekehle,4400729,2018,8,10,4,3,0,6,0,0,1,0,1,0,0,0,790635,2675,5822637,634
203978,11,4,4030620,Alt-Lietzow,4300619,2018,8,21,6,3,2,2,2,0,1,0,0,0,0,0,792427,742,5827179,357
203979,11,12,12214125,Waldidyll/Flughafensee,12200414,2018,8,10,4,3,2,2,0,0,1,0,0,0,0,0,791187,4249,5830907,191
203980,11,4,4030828,Savignyplatz,4300624,2018,8,14,6,3,6,4,0,0,1,1,0,0,0,0,793248,5926,5826078,208