OBJECTID,LAND,BEZ,LOR,STRASSE,LOR_ab_2021,UJAHR,UMONAT,USTUNDE,UWOCHENTAG,UKATEGORIE,UART,UTYP1,ULICHTVERH,IstRad,IstPKW,IstFuss,IstKrad,IstGkfz,IstSonstig,STRZUSTAND,LINREFX,LINREFY,XGCSWGS84,YGCSWGS84
203981,11,2,2050803,Stralauer Kiez,2500836,2018,8,9,4,3,5,2,0,1,1,0,0,0,0,0,803251,4652,5826004,197
203982,11,9,9020701,Adlershof West,9200715,2018,8,18,1,2,2,6,0,0,1,0,1,0,0,0,809329,936,5818506,396
203983,11,2,2040701,Andreasviertel,2400623,2018,8,8,4,3,5,7,0,0,1,0,0,0,0,0,800999,1812,5826978,347
203984,11,5,5030730,Zitadellenweg,5300735,2018,8,19,6,3,5,3,0,1,1,0,0,0,0,0,786451,257,5831101,381
203985,11,4,4030828,Savignyplatz,4300624,2018,8,18,7,3,5,3,0,0,1,0,0,0,0,0,793468,6622,5826413,193
203986,11,7,7050505,Hundsteinweg,7501134,2018,8,20,4,3,5,2,0,0,1,0,1,0,0,0,799054,8007,5819072,455
203987,11,1,1011401,Invalidenstra�e                                                                                     ,1100415,2018,8,19,4,3,2,6,0,1,0,0,0,0,0,0,798290,2862,5829368,48
203988,11,6,6030610,Lichterfelde West                                                                                   ,6300634,2018,8,10,6,3,0,1,0,0,0,0,1,0,0,0,792061,1836,5818887,566
203989,11,7,7040403,Manteuffelstra�e                                                                                    ,7400823,2018,8,18,4,2,5,2,0,0,1,0,1,0,0,0,797323,6745,5822178,505
203990,11,2,2020205,Chamissokiez,2200211,2018,8,17,4,3,0,2,0,1,1,0,0,0,0,0,798250,921,5824522,282
203991,11,12,12301203,Wittenau S�d                                                                                        ,12500930,2018,8,16,1,3,2,6,0,0,1,0,0,0,1,0,792851,9,5835141,827
203992,11,1,1011402,Arkonaplatz,1100416,2018,8,11,4,2,0,1,0,1,0,0,0,0,0,0,798557,9718,5829217,779
203993,11,4,4010102,Pl�tzensee,4100101,2018,8,12,4,3,5,3,0,0,1,0,0,0,0,0,792257,71,5830690,421
203994,11,11,11030721,R�digerstra�e,11300722,2018,8,17,1,3,2,6,0,0,1,0,0,0,0,0,803976,4034,5827895,706
203995,11,12,12214424,Scharnweberstra�e                                                                                   ,12200309,2018,8,14,7,3,0,5,0,0,1,0,0,0,1,0,793424,5428,5832485,129
203996,11,9,9051801,Rahnsdorf/Hessenwinkel,9501838,2018,8,17,4,2,0,1,0,1,0,0,0,0,0,0,816884,7522,5821243,203
203997,11,3,3030715,Heinersdorf,3300516,2018,8,7,6,3,5,3,0,1,0,0,0,0,0,0,800433,5676,5832620,964
203998,11,3,3050923,Wei�enseer Spitze,3500934,2018,8,17,4,3,1,5,0,1,0,0,0,0,1,0,801196,7293,5831816,889
203999,11,1,1022206,L�neburger Stra�e                                                                                   ,1200628,2018,8,12,4,2,0,1,0,1,0,0,0,0,0,0,796185,2989,5828458,56
204000,11,3,3020307,Buchholz,3200309,2018,8,14,1,3,2,6,0,0,1,0,0,0,0,0,800138,6775,5837726,415
204001,11,9,9020701,Adlershof West,9200715,2018,8,17,4,3,5,2,0,1,1,0,0,0,0,0,808529,5465,5819080,842
204002,11,5,5020626,Adamstra�e                                                                                          ,5200630,2018,8,15,6,3,6,4,0,0,0,1,0,0,1,0,784472,1159,5827757,912
204003,11,9,9020601,Schnellerstra�e                                                                                     ,9200613,2018,8,17,1,3,1,5,0,1,1,0,0,0,0,0,806410,8887,5821451,958
204004,11,12,12304313,Borsigwalde,12500825,2018,8,16,4,3,5,2,0,1,1,0,0,0,0,0,791485,276,5834331,952
204005,11,3,3061332,Helmholtzplatz,3601348,2018,8,11,7,3,1,5,0,1,1,0,0,0,0,0,799818,8787,5830279,993
204006,11,1,1011401,Invalidenstra�e                                                                                     ,1100415,2018,8,16,4,3,0,1,0,1,0,0,0,0,0,0,797976,7559,5829308,351
204007,11,6,6010209,Feuerbachstra�e                                                                                     ,6100209,2018,8,12,6,2,5,2,0,1,1,0,0,0,0,0,794444,952,5821518,645
204008,11,9,9052001,K�penick Nord                                                                                       ,9502043,2018,8,16,4,3,2,6,0,0,1,0,0,0,0,0,811304,3419,5822401,68
204009,11,2,2030401,Reichenberger Stra�e,2300418,2018,8,13,7,3,0,2,0,1,1,0,0,0,0,0,801281,8867,5825357,739
204010,11,11,11051229,Rummelsburg,11501238,2018,8,16,4,3,3,6,0,1,0,0,0,0,0,0,804971,6154,5825163,227
204011,11,11,11010310,M�hlengrund,11100309,2018,8,16,6,3,5,3,0,0,1,0,0,0,0,0,805621,9418,5833091,46
204012,11,9,9052001,K�penick Nord                                                                                       ,9502043,2018,8,16,4,2,0,6,0,0,1,0,0,0,1,0,811228,1516,5822193,313
204013,11,9,9051702,B�lschestra�e,9501737,2018,8,15,4,3,5,2,0,1,1,0,0,0,0,0,814483,7663,5820801,754
204014,11,3,3061131,Falkplatz,3601142,2018,8,19,1,3,5,2,0,1,1,0,0,0,0,0,799140,4697,5830367,506
204015,11,12,12302108,M�rkisches Zentrum,12601134,2018,8,15,4,3,2,2,0,0,0,0,1,0,1,0,795418,841,5837480,628
204016,11,9,9031202,Schm�ckwitz/Rauchfangswerder,9301228,2018,8,8,5,3,5,3,0,1,0,0,0,0,1,0,814018,4968,5812937,758
204017,11,2,2030402,Wrangelkiez,2300419,2018,8,15,4,3,2,6,0,1,0,0,1,0,0,0,801659,7168,5825788,164
204018,11,7,7020201,Bayerischer Platz,7200307,2018,8,13,6,3,5,7,0,0,1,0,1,0,0,0,794974,808,5824864,741
204019,11,1,1044103,Westliche M�llerstra�e                                                                              ,1400942,2018,8,18,6,2,5,3,0,1,0,0,0,0,0,0,794761,4989,5830944,892
204020,11,8,8010508,Wei�e Siedlung,8100520,2018,8,15,4,2,6,4,0,0,0,1,1,0,0,0,803293,9995,5822823,431
204021,11,3,3051017,Rennbahnstra�e,3501038,2018,8,15,4,3,5,3,0,1,0,0,0,0,0,0,803505,3794,5832536,278
204022,11,1,1033102,Gesundbrunnen,1300733,2018,8,20,5,3,2,6,0,0,1,0,0,0,0,0,797308,5136,5831258,47
204023,11,4,4030726,Droysenstra�e,4500936,2018,8,15,4,3,5,2,0,1,1,0,0,0,0,0,792090,9944,5825291,828
204024,11,6,6040703,Nikolassee,6400737,2018,8,14,4,3,2,7,0,0,1,0,0,0,0,0,786864,688,5817439,825
204025,11,3,3061441,Eldenaer Stra�e,3601453,2018,8,14,4,2,0,1,0,1,0,0,0,0,0,0,802578,396,5828691,197
204026,11,4,4010101,Jungfernheide,4100101,2018,8,21,1,3,2,6,2,0,1,0,0,0,0,0,791258,8677,5830728,409
204027,11,4,4030930,George-Grosz-Platz,4501041,2018,8,14,4,3,1,5,0,1,1,0,0,0,0,0,792933,6467,5825549,874
204028,11,12,12301206,L�bars,12500929,2018,8,20,5,2,4,6,2,0,1,0,1,0,0,0,795405,328,5838827,217
204029,11,8,8041036,Zittauer Stra�e,8401242,2018,8,14,4,3,5,3,0,0,1,0,1,0,0,0,805253,3543,5817246,706
204030,11,4,4010102,Pl�tzensee,4100101,2018,8,14,6,3,5,7,0,0,1,0,1,0,0,0,791712,412,5830681,389
204031,11,3,3040508,Rosenthal,3400618,2018,8,13,4,3,5,2,0,0,1,0,0,0,1,0,796791,3253,5836056,32
204032,11,8,8020727,Buckow Mitte,8200832,2018,8,21,1,3,1,5,2,0,0,0,1,0,0,0,801738,9034,5817091,57
204033,11,4,4030827,Karl-August-Platz,4300623,2018,8,23,5,3,2,3,2,0,1,0,0,0,0,0,792717,9916,5826095,145
204034,11,2,2030401,Reichenberger Stra�e,2300417,2018,8,12,4,3,6,4,0,1,0,1,0,0,0,0,800490,1222,5825757,69
204035,11,10,10040828,Kaulsdorf Nord                                                                                      ,10400835,2018,8,15,7,3,5,3,0,1,1,0,0,0,0,0,811915,3158,5829746,381
204036,11,2,2020205,Chamissokiez,2200211,2018,8,21,5,3,9,1,2,0,1,0,0,0,0,0,798308,8925,5824462,688
204037,11,12,12301203,Wittenau S�d                                                                                        ,12500926,2018,8,15,3,3,5,2,0,0,1,0,0,0,0,0,793425,7865,5836091,149
204038,11,3,3061131,Falkplatz,3601142,2018,8,9,6,3,2,6,0,0,1,0,1,0,0,0,799194,7865,5831109,232
204039,11,5,5020626,Adamstra�e                                                                                          ,5200631,2018,8,20,7,2,5,7,2,1,1,0,0,0,0,0,784761,3395,5826713,977
204040,11,2,2030301,Oranienplatz,2300314,2018,8,11,3,3,6,7,0,1,0,1,0,0,0,0,799806,2036,5826018,272
204041,11,3,3061126,Arnimplatz,3601141,2018,8,22,3,3,5,2,2,1,1,0,0,0,0,0,799242,643,5831771,584
204042,11,5,5030731,Gartenfelder Stra�e                                                                                 ,5300737,2018,8,12,6,3,3,6,0,0,1,0,1,0,0,0,787035,8453,5829473,442
204043,11,7,7030303,Grazer Platz,7300619,2018,8,20,3,3,6,4,2,0,1,1,0,0,0,0,795046,8279,5821912,455
204044,11,9,9020702,Adlershof Ost,9200717,2018,8,18,3,3,0,3,0,0,1,0,1,0,0,1,809531,2824,5818799,191
204045,11,11,11040925,Victoriastadt,11400927,2018,8,10,2,3,5,2,0,1,0,0,0,0,1,0,803716,17,5826344,123
204046,11,10,10040828,Kaulsdorf Nord                                                                                      ,10400835,2018,8,18,3,3,0,7,0,1,0,0,0,0,0,0,812443,458,5828662,12
204047,11,7,7050503,Eisenacher Stra�e                                                                                   ,7501031,2018,8,16,5,3,5,2,0,1,0,0,0,0,1,0,798990,9303,5819649,536
204048,11,11,11040926,Weitlingstra�e,11400929,2018,8,17,3,3,5,3,0,0,1,0,0,0,0,0,805122,2168,5826543,979
204049,11,1,1022103,Westhafen,1200517,2018,8,14,7,3,0,1,0,0,0,0,1,0,0,0,793861,3551,5830041,939
204050,11,2,2040502,Friedenstra�e,2400521,2018,8,17,3,3,5,2,0,1,1,0,0,0,0,0,801247,6338,5827817,242
204051,11,4,4010102,Pl�tzensee,4100101,2018,8,7,6,3,5,2,0,0,1,0,0,0,1,0,793352,206,5829681,351
204052,11,1,1011301,Charit�viertel,1100308,2018,8,17,3,3,5,5,0,1,1,0,0,0,0,0,796864,3091,5829197,976
204053,11,11,11040926,Weitlingstra�e,11400931,2018,8,15,3,3,5,2,0,1,1,0,0,0,0,0,806698,4459,5826917,582
204054,11,4,4020204,Olympiagel�nde,4200203,2018,8,16,1,3,6,7,0,0,1,1,0,0,0,0,787043,713,5826313,84
204055,11,2,2030301,Oranienplatz,2300314,2018,8,15,3,3,5,3,0,0,1,0,0,0,0,0,799768,952,5826286,552
204056,11,7,7010101,Wittenbergplatz/Viktoria-Luise-Platz,7100101,2018,8,15,3,3,5,3,0,1,0,0,1,0,0,0,794693,4499,5825759,692
204057,11,6,6040701,Wannsee,6400735,2018,8,11,1,3,2,7,0,1,0,0,0,0,1,0,784156,6404,5816179,467
204058,11,7,7040401,Neu-Tempelhof,7400721,2018,8,15,3,3,6,7,0,0,1,1,0,0,0,0,797449,1821,5822878,618
204059,11,12,12214125,Waldidyll/Flughafensee,12200412,2018,8,10,5,3,2,6,0,0,1,0,0,0,0,0,791601,4343,5834007,285
204060,11,7,7070701,Kettinger Stra�e/Schillerstra�e                                                                     ,7601442,2018,8,15,3,3,5,2,0,1,0,0,0,0,1,0,799250,4284,5816260,323
204061,11,1,1022202,Heidestra�e                                                                                         ,1200624,2018,8,21,7,3,2,6,2,0,1,0,0,0,0,0,795667,9738,5829741,255
204062,11,4,4030931,Breitscheidplatz,4501042,2018,8,13,3,3,6,2,0,0,1,1,0,0,0,0,793900,8845,5825531,397
204063,11,12,12103117,Letteplatz,12100101,2018,8,16,6,2,6,4,0,0,1,1,0,0,0,0,796207,4181,5832760,483
204064,11,1,1011204,Leipziger Stra�e                                                                                    ,1100207,2018,8,12,3,3,6,4,0,1,0,1,0,0,0,0,797967,7811,5826998,942
204065,11,4,4010102,Pl�tzensee,4100101,2018,8,20,3,3,5,5,1,0,1,0,0,0,0,0,793381,3933,5829952,134
204066,11,12,12103218,Teichstra�e,12100205,2018,8,11,1,2,2,6,0,0,1,0,1,0,0,0,793775,2648,5832716,29
204067,11,8,8020728,Buckow Ost,8200833,2018,8,21,3,3,2,6,2,0,0,0,1,0,0,0,801892,2137,5816983,628
204068,11,3,3061126,Arnimplatz,3601140,2018,8,16,5,3,5,2,0,1,1,0,0,0,0,0,798664,908,5831793,744
204069,11,1,1022104,Emdener Stra�e                                                                                      ,1200519,2018,8,16,3,3,0,2,0,0,0,1,1,0,0,0,793702,8482,5828501,82
204070,11,2,2040702,Weberwiese,2400625,2018,8,7,6,3,5,2,0,1,1,0,0,0,0,0,801285,3894,5827419,919
204071,11,3,3020209,Niedersch�nhausen,3200205,2018,8,15,3,2,5,2,0,1,1,0,0,0,0,0,797327,9862,5835281,961
204072,11,4,4030931,Breitscheidplatz,4501042,2018,8,11,5,3,0,7,0,0,0,0,1,0,0,0,794033,1067,5826055,983
204073,11,10,10040830,Kaulsdorf S�d                                                                                       ,10400837,2018,8,16,3,2,5,3,0,0,1,0,1,0,0,0,811362,682,5826841,245
204074,11,3,3040818,Pankow S�d                                                                                          ,3400831,2018,8,9,7,3,5,2,0,0,1,0,0,0,0,0,800070,8804,5833884,909
204075,11,3,3040818,Pankow S�d                                                                                          ,3400831,2018,8,14,3,2,5,3,0,0,1,0,1,0,0,0,799822,5785,5833798,372
204076,11,12,12214422,Klixstra�e                                                                                          ,12200310,2018,8,19,6,3,1,5,1,1,1,0,0,0,1,0,792170,6995,5833423,54
204077,11,1,1022203,L�becker Stra�e                                                                                     ,1200625,2018,8,14,3,3,1,5,0,1,0,0,0,0,1,0,795102,1346,5828479,349
204078,11,8,8010211,Flughafenstra�e,8100206,2018,8,17,5,3,1,5,0,1,1,0,0,0,0,0,800709,734,5823880,955
204079,11,9,9020502,Obersch�neweide Ost,9200512,2018,8,14,3,3,5,3,0,0,1,0,0,0,0,0,808160,6169,5821871,359
204080,11,11,11030619,Fennpfuhl Ost,11300620,2018,8,18,1,3,5,3,0,0,1,0,0,0,0,0,804219,711,5829078,468
204081,11,8,8010117,Schillerpromenade,8100102,2018,8,10,3,3,0,6,0,0,1,0,1,0,0,0,800391,1841,5823704,212
204082,11,1,7010102,Nollendorfplatz,7100102,2018,8,18,5,2,0,7,0,0,0,0,1,0,1,1,795190,275,5825860,8
204083,11,7,7010102,Nollendorfplatz,7100103,2018,8,22,6,3,5,3,2,0,1,0,0,0,0,0,795711,2609,5825464,174
204084,11,12,12214421,Reinickes Hof,12200307,2018,8,10,3,3,1,5,0,1,1,0,0,0,0,0,793432,8569,5833465,853
204085,11,1,1011402,Arkonaplatz,1100416,2018,8,15,6,3,6,4,0,1,0,1,0,0,0,0,798540,2977,5829178,55
204086,11,8,8041037,Alt-Rudow,8401243,2018,8,9,3,3,5,2,0,0,1,0,0,0,0,0,805237,3107,5818125,555
204087,11,6,6010103,Markelstra�e                                                                                        ,6100103,2018,8,8,3,3,5,3,0,1,1,0,0,0,0,0,793796,9477,5821195,778
204088,11,6,6030503,Zehlendorf Mitte                                                                                    ,6300527,2018,8,18,5,3,2,2,0,0,1,0,0,0,0,0,790890,5655,5817751,35
204089,11,6,6020302,Komponistenviertel Lankwitz,6200312,2018,8,8,3,3,2,6,0,1,0,0,0,0,0,0,794309,627,5819264,931
204090,11,9,9051901,Dammvorstadt,9501939,2018,8,7,3,3,3,6,0,1,1,0,0,0,0,0,810447,4486,5821233,181
204091,11,2,2020203,Viktoriapark,2200209,2018,8,17,5,3,5,2,0,1,1,0,0,0,0,0,797746,93,5824596,591
204092,11,12,12103117,Letteplatz,12100101,2018,8,7,3,3,5,3,0,1,1,0,0,0,0,0,795864,3389,5832617,674
204093,11,9,9010301,Baumschulenstra�e,9100304,2018,8,16,7,2,5,2,0,0,1,0,0,0,1,0,804395,9764,5821744,687
204094,11,5,5010313,Ackerstra�e                                                                                         ,5100315,2018,8,10,3,2,5,2,0,0,1,0,1,0,0,0,784665,788,5829707,58
204095,11,5,5010339,Freiheit,5100317,2018,8,18,5,3,5,2,0,1,0,0,0,0,0,0,787670,7178,5828012,786
204096,11,5,5030833,Motardstra�e                                                                                        ,5300840,2018,8,5,3,2,5,7,1,1,1,0,0,0,0,0,788412,6083,5829353,59
204097,11,10,10010308,Marzahner Chaussee,10100311,2018,8,10,6,3,5,2,0,1,1,0,0,0,0,0,806558,366,5829131,591
204098,11,8,8010213,K�rnerpark,8100208,2018,8,22,6,3,2,6,2,0,1,0,0,0,0,0,801646,2859,5822538,958
204099,11,5,5030730,Zitadellenweg,5300736,2018,8,8,3,3,2,6,0,0,1,0,0,0,0,0,786057,179,5829175,292
204100,11,4,4051655,Babelsberger Stra�e,4501153,2018,8,11,3,2,5,2,0,1,1,0,0,0,0,0,793922,184,5823255,19
204101,11,12,12214527,Alt-Tegel,12200515,2018,8,10,2,3,5,3,0,1,0,0,1,0,0,0,789923,741,5835686,2
204102,11,1,1011104,K�rnerstra�e                                                                                        ,1100104,2018,8,18,3,3,5,2,0,1,1,0,0,0,0,0,796269,8253,5825955,939
204103,11,9,9020801,Spindlersfeld,9200818,2018,8,18,5,3,6,7,0,0,0,1,0,0,1,0,810540,2112,5820692,742
204104,11,1,1022204,Thomasiusstra�e                                                                                     ,1200626,2018,8,8,2,3,6,4,0,1,0,1,0,0,0,0,795125,2077,5828253,155
204105,11,11,11051331,Karlshorst Nord,11501340,2018,8,10,7,2,5,7,0,1,1,0,0,0,0,0,807363,2239,5824277,989
204106,11,11,11030619,Fennpfuhl Ost,11300620,2018,8,18,5,2,2,6,0,0,1,0,0,0,0,0,803677,7501,5829777,521
204107,11,8,8010118,Silbersteinstra�e,8100105,2018,8,13,2,3,2,6,0,0,1,0,0,0,1,0,800484,2588,5822023,124
204108,11,5,5040936,J�gerallee,5400943,2018,8,15,7,2,5,2,0,1,0,0,0,0,1,0,781112,8,5820064,624
204109,11,1,1011304,Karl-Marx-Allee,1100311,2018,8,19,5,3,5,2,0,1,1,0,0,0,0,0,799581,5669,5828045,246
204110,11,1,1011303,Alexanderplatzviertel,1100310,2018,8,11,2,3,5,2,0,1,1,0,0,0,0,0,799107,6063,5828466,74
204111,11,3,3071537,Kollwitzplatz,3701555,2018,8,8,6,3,5,3,0,1,1,0,0,0,0,0,799701,9604,5830084,835
204112,11,8,8010301,Reuterkiez,8100310,2018,8,22,2,3,5,3,2,1,0,0,0,0,0,0,800717,3005,5825074,256
204113,11,12,12301205,Waidmannslust,12500928,2018,8,21,2,3,2,2,2,0,1,0,0,0,0,0,791769,8248,5836886,747
204114,11,1,1033201,Brunnenstra�e                                                                                       ,1300834,2018,8,12,1,3,5,2,0,1,1,0,0,0,0,0,798267,3254,5830093,476
204115,11,1,1011204,Leipziger Stra�e                                                                                    ,1100207,2018,8,21,2,3,5,2,2,0,1,0,1,0,0,0,797853,5002,5826868,703
204116,11,6,6020410,Oberhofer Platz,6200422,2018,8,17,5,3,5,7,0,0,1,0,0,0,0,0,794295,8766,5817068,343
204117,11,1,1011302,Oranienburger Stra�e                                                                                ,1100309,2018,8,19,2,3,5,2,0,1,1,0,0,0,0,0,798125,81,5828962,85
204118,11,7,7050503,Eisenacher Stra�e                                                                                   ,7501031,2018,8,11,7,3,5,2,0,0,1,0,1,0,0,0,798902,9316,5819470,7
204119,11,4,4020208,Kranzallee,4200206,2018,8,8,2,3,0,6,0,0,1,0,1,0,0,0,785967,633,5825980,341
204120,11,12,12214527,Alt-Tegel,12200515,2018,8,12,6,2,5,3,0,0,1,0,1,0,0,0,789991,2589,5834763,237
204121,11,1,1011203,Unter den Linden S�d,1100206,2018,8,17,2,3,5,2,0,1,0,0,0,0,0,0,797896,3564,5827372,7
204122,11,1,1011302,Oranienburger Stra�e                                                                                ,1100309,2018,8,17,2,3,2,6,0,0,1,0,1,0,0,1,798351,9249,5829034,435
204123,11,2,2030401,Reichenberger Stra�e,2300417,2018,8,5,6,3,5,3,0,0,1,0,0,0,0,0,800628,7397,5825671,545
204124,11,12,12214424,Scharnweberstra�e                                                                                   ,12200309,2018,8,17,2,3,0,2,0,1,1,0,0,0,0,0,792879,6056,5832716,332
204125,11,1,1044101,Rehberge,1400937,2018,8,16,2,3,3,6,0,0,0,0,1,0,1,0,793820,9334,5831749,663
204126,11,7,7060603,Marienfelde Nordost,7601238,2018,8,17,1,3,5,2,0,0,1,0,0,0,0,0,798664,3008,5816261,218
204127,11,8,8010211,Flughafenstra�e,8100206,2018,8,16,2,3,2,6,0,1,1,0,0,0,0,0,800339,6082,5824316,466
204128,11,10,10010310,Alt-Marzahn,10100314,2018,8,16,5,3,0,2,0,0,1,0,0,0,1,0,808696,9213,5830177,394
204129,11,2,2040701,Andreasviertel,2400623,2018,8,15,2,3,4,6,0,1,0,0,0,0,0,0,800703,2944,5826946,502
204130,11,11,11030721,R�digerstra�e,11300722,2018,8,15,7,3,3,6,0,0,1,0,1,0,0,0,803908,7129,5828115,398
204131,11,1,1033102,Gesundbrunnen,1300733,2018,8,17,6,3,2,2,0,0,1,0,0,0,1,0,797714,454,5831869,458
204132,11,5,5010206,G�tersloher Weg,5100208,2018,8,15,2,3,6,4,0,0,1,1,0,0,0,0,782338,9436,5830497,6
204133,11,2,2010102,Mehringplatz,2100103,2018,8,15,2,3,0,6,0,0,1,0,1,0,0,0,798490,7819,5825554,383
204134,11,8,8020625,Handwerker-Siedlung,8200730,2018,8,10,5,3,5,2,0,1,0,0,0,1,0,0,801385,357,5819266,92
204135,11,3,3040818,Pankow S�d                                                                                          ,3400828,2018,8,15,2,3,5,3,0,1,1,0,0,0,0,0,800057,3283,5832600,827
204136,11,9,9020701,Adlershof West,9200715,2018,8,17,7,3,5,3,0,0,1,0,0,0,0,0,808642,1257,5819166,651
204137,11,9,9020501,Obersch�neweide West,9200510,2018,8,14,2,3,2,6,0,0,1,0,1,0,0,0,806174,2726,5823307,841
204138,11,8,8010118,Silbersteinstra�e,8100104,2018,8,10,5,3,3,6,0,0,0,0,1,1,0,0,800893,2981,5822419,753
204139,11,7,7010104,Dennewitzplatz,7100205,2018,8,14,2,3,5,7,0,1,1,0,0,0,0,0,796424,6991,5824877,935
204140,11,11,11040925,Victoriastadt,11400927,2018,8,13,2,3,5,3,0,0,0,0,1,0,1,0,803920,7291,5826402,964
204141,11,10,10010310,Alt-Marzahn,10100315,2018,8,5,1,2,8,1,1,0,1,0,0,0,0,0,809499,6433,5831405,619
204142,11,9,9020701,Adlershof West,9200715,2018,8,16,2,2,5,2,0,1,1,0,0,0,0,0,809193,5638,5818336,345
204143,11,7,7040403,Manteuffelstra�e                                                                                    ,7400823,2018,8,16,2,2,5,3,0,0,1,0,0,0,0,0,797022,6666,5821232,186
204144,11,3,3040508,Rosenthal,3400618,2018,8,14,6,3,5,3,0,1,1,0,0,0,0,0,795892,7,5836469,192
204145,11,3,3050923,Wei�enseer Spitze,3500934,2018,8,12,2,2,6,4,0,1,0,1,0,0,0,0,800859,659,5832070,587
204146,11,1,1033203,Humboldthain Nordwest                                                                               ,1300836,2018,8,20,1,3,5,2,1,1,1,0,0,0,0,0,796721,2436,5830451,461
204147,11,7,7050501,Rathausstra�e                                                                                       ,7501029,2018,8,13,2,2,1,5,0,0,1,0,0,0,1,0,797657,4759,5819166,331
204148,11,2,2020203,Viktoriapark,2200209,2018,8,15,7,3,5,2,0,1,1,0,0,0,0,0,797109,8707,5824485,448
204149,11,6,6010209,Feuerbachstra�e                                                                                     ,6100209,2018,8,13,2,2,0,6,0,0,1,0,1,0,0,0,794312,957,5820865,946
204150,11,8,8020621,Mohriner Allee Nord,8200725,2018,8,16,2,3,6,7,0,1,1,1,1,0,0,0,800225,6197,5819683,142
204151,11,9,9010202,K�penicker Landstra�e,9100203,2018,8,9,6,3,2,6,0,0,1,0,0,0,0,0,804206,8942,5824212,268
204152,11,7,7020203,Kaiser-Wilhelm-Platz,7200409,2018,8,21,2,3,0,1,2,0,0,0,1,0,0,0,795292,6013,5824381,677
204153,11,10,10010311,Landsberger Tor,10100316,2018,8,12,6,3,2,6,0,0,1,0,0,0,0,0,810717,396,5831996,53
204154,11,12,12214125,Waldidyll/Flughafensee,12200412,2018,8,17,2,3,2,6,0,0,1,0,0,0,0,0,788725,3324,5833379,484
204155,11,11,11010205,Falkenberg West,11100204,2018,8,16,2,3,0,7,0,0,0,1,0,0,1,0,805863,664,5833612,205
204156,11,1,1044201,Reinickendorfer Stra�e                                                                              ,1401043,2018,8,10,2,3,2,7,0,0,1,0,0,0,0,0,796126,964,5830758,395
204157,11,4,4010102,Pl�tzensee,4100101,2018,8,12,2,3,2,6,0,0,1,0,0,0,0,0,793342,5939,5829711,75
204158,11,6,6040805,Fischerh�ttenstra�e                                                                                 ,6400839,2018,8,12,2,2,1,5,0,0,1,0,1,0,0,0,789251,2024,5818374,259
204159,11,4,4030519,Kaiserin-Augusta-Allee,4300518,2018,8,14,7,3,6,4,0,0,1,1,0,0,0,0,792071,2464,5827975,895
204160,11,9,9010101,Elsenstra�e                                                                                         ,9100101,2018,8,11,2,2,6,4,0,0,1,1,0,0,0,0,802291,7253,5824807,883
204161,11,4,4051448,Schaperstra�e,4501045,2018,8,7,6,3,2,6,0,0,1,0,1,0,0,0,793908,5385,5824920,445
204162,11,11,11040926,Weitlingstra�e,11400931,2018,8,11,2,3,0,1,0,0,0,0,1,0,0,0,806475,2408,5826865,65
204163,11,4,4030726,Droysenstra�e,4500936,2018,8,10,2,2,5,3,0,0,1,0,0,0,0,0,791589,7936,5825488,79
204164,11,4,4030931,Breitscheidplatz,4501042,2018,8,16,1,3,2,6,0,0,1,0,1,0,0,0,794082,2868,5826312,974
204165,11,1,1022202,Heidestra�e                                                                                         ,1200624,2018,8,10,2,3,5,7,0,0,1,0,1,0,0,0,795529,5414,5829621,422
204166,11,7,7070701,Kettinger Stra�e/Schillerstra�e                                                                     ,7601442,2018,8,16,1,3,5,2,0,1,1,0,0,0,0,0,799723,221,5814499,242
204167,11,9,9010302,Sp�thsfelde,9100306,2018,8,9,2,3,1,5,0,1,1,0,0,0,0,0,804295,627,5820115,993
204168,11,2,8010116,Wissmannstra�e,8100101,2018,8,10,7,2,5,3,0,1,1,0,0,0,0,0,800273,621,5824351,152
204169,11,7,7020202,Volkspark (Rudolf-Wilde-Park),7200308,2018,8,10,2,2,5,3,0,1,1,0,0,0,0,0,794962,3926,5823117,366
204170,11,1,1011402,Arkonaplatz,1100416,2018,8,10,1,3,1,5,0,1,1,0,0,0,0,0,798347,1877,5829391,633
204171,11,1,1022206,L�neburger Stra�e                                                                                   ,1200628,2018,8,10,2,3,1,5,0,1,1,0,0,0,1,0,796290,4949,5828494,742