OBJECTID,LAND,BEZ,LOR,STRASSE,LOR_ab_2021,UJAHR,UMONAT,USTUNDE,UWOCHENTAG,UKATEGORIE,UART,UTYP1,ULICHTVERH,IstRad,IstPKW,IstFuss,IstKrad,IstGkfz,IstSonstig,STRZUSTAND,LINREFX,LINREFY,XGCSWGS84,YGCSWGS84
204172,11,8,8020727,Buckow Mitte,8200832,2018,8,9,2,3,1,5,0,1,1,0,0,0,0,0,800617,6968,5816301,615
204173,11,4,4030725,Amtsgerichtsplatz,4300416,2018,8,13,7,3,5,2,0,0,1,0,0,0,0,0,791447,2222,5826088,283
204174,11,7,7010102,Nollendorfplatz,7100103,2018,8,8,2,3,0,1,0,0,0,0,1,0,0,0,795720,4461,5825461,654
204175,11,6,6010209,Feuerbachstra�e                                                                                     ,6100209,2018,8,15,6,3,2,6,0,0,1,0,0,0,0,0,794114,1678,5821255,705
204176,11,2,2020205,Chamissokiez,2200211,2018,8,1,1,2,0,1,2,1,0,0,0,0,0,0,797917,8898,5824578,53
204177,11,1,1011104,K�rnerstra�e                                                                                        ,1100104,2018,8,5,1,3,5,2,2,0,1,0,0,0,0,0,796261,974,5825958,406
204178,11,7,7070701,Kettinger Stra�e/Schillerstra�e                                                                     ,7601442,2018,8,13,1,2,5,3,0,0,1,0,1,0,0,0,798709,3575,5816016,323
204179,11,3,3030711,Blankenburg,3300515,2018,8,16,1,3,5,3,0,0,1,0,0,0,0,0,801118,7625,5835015,588
204180,11,1,1011301,Charit�viertel,1100308,2018,8,13,6,3,1,5,0,1,1,0,0,0,0,0,797012,549,5828557,13
204181,11,1,1011401,Invalidenstra�e                                                                                     ,1100415,2018,8,15,6,3,1,5,0,0,1,0,1,0,0,0,798456,2093,5829127,559
204182,11,3,3061227,Humannplatz,3601244,2018,8,19,1,3,5,3,0,1,1,0,0,0,0,0,800213,8154,5831583,387
204183,11,5,5020625,Borkumer Stra�e                                                                                     ,5200629,2018,8,19,4,2,5,3,0,1,1,0,0,0,0,0,784405,4324,5828667,22
204184,11,4,4051445,Eisenzahnstra�e,4500939,2018,8,18,3,3,5,3,0,1,1,0,0,0,0,0,792513,2709,5824504,932
204185,11,1,1011303,Alexanderplatzviertel,1100310,2018,8,17,3,3,0,7,0,0,1,0,0,0,0,0,798884,7912,5828554,724
204186,11,4,4030622,Richard-Wagner-Stra�e,4300621,2018,8,17,3,3,5,2,0,1,1,0,0,0,0,0,792380,5783,5826705,976
204187,11,3,3071536,Teutoburger Platz,3701554,2018,8,7,4,3,5,3,0,1,1,0,0,0,0,0,799223,8644,5829440,628
204188,11,2,2020205,Chamissokiez,2200211,2018,8,23,3,3,0,1,2,0,0,0,1,0,0,0,798508,8233,5824520,523
204189,11,10,10010311,Landsberger Tor,10100316,2018,8,12,4,3,3,6,0,0,1,0,0,0,1,0,810723,9091,5831999,695
204190,11,9,9020502,Obersch�neweide Ost,9200512,2018,8,17,3,3,2,2,0,0,1,0,0,0,0,0,809396,9269,5821481,903
204191,11,4,4030622,Richard-Wagner-Stra�e,4300621,2018,8,19,3,3,5,3,0,0,1,0,0,0,0,0,792382,8431,5826886,657
204192,11,8,8020622,Parchimer Allee,8200726,2018,8,16,3,3,0,7,0,0,1,0,0,0,0,0,801544,9972,5820581,46
204193,11,8,8020619,Buschkrugallee Nord,8200623,2018,8,9,2,3,5,2,0,1,1,0,0,0,0,0,802610,531,5820746,45
204194,11,12,12302108,M�rkisches Zentrum,12601134,2018,8,11,4,3,6,7,0,0,1,1,0,0,0,0,794611,8373,5836424,216
204195,11,9,9020601,Schnellerstra�e                                                                                     ,9200613,2018,8,16,3,3,5,5,0,1,1,0,0,0,0,0,806719,5423,5821290,972
204196,11,12,12103218,Teichstra�e,12100205,2018,8,11,4,3,0,6,0,0,1,0,0,0,1,0,794556,6517,5833543,661
204197,11,2,2010101,Askanischer Platz,2100101,2018,8,15,3,3,5,3,0,1,1,0,0,0,0,0,797369,1443,5826170,997
204198,11,9,9020601,Schnellerstra�e                                                                                     ,9200613,2018,8,15,3,2,5,2,1,1,1,0,0,0,0,0,806897,5463,5821381,193
204199,11,4,4051550,Leon-Jessel-Platz,4501147,2018,8,9,4,3,2,6,0,0,1,0,0,0,0,0,793181,4472,5824032,104
204200,11,6,6030608,Schweizer Viertel,6300632,2018,8,15,3,3,5,3,0,1,1,0,0,0,0,0,791783,1524,5817828,219
204201,11,5,5010314,Carl-Schurz-Stra�e                                                                                  ,5100316,2018,8,15,4,2,5,2,0,1,1,0,0,0,0,0,784509,5509,5828947,437
204202,11,4,4030518,Tegeler Weg,4300517,2018,8,10,4,3,1,5,0,1,0,0,0,0,1,0,791807,6813,5828322,685
204203,11,10,10040828,Kaulsdorf Nord                                                                                      ,10400835,2018,8,14,3,2,5,3,0,0,1,0,0,0,0,0,811915,5378,5829746,349
204204,11,2,2020203,Viktoriapark,2200209,2018,8,16,4,3,1,5,0,1,1,0,0,0,1,0,797653,2581,5824586,43
204205,11,9,9051801,Rahnsdorf/Hessenwinkel,9501838,2018,8,14,3,3,5,3,0,1,1,0,0,0,0,0,820706,8579,5819508,173
204206,11,4,4030828,Savignyplatz,4300624,2018,8,19,1,3,0,6,0,0,1,0,0,0,1,0,792756,8924,5826109,73
204207,11,12,12302108,M�rkisches Zentrum,12601134,2018,8,14,3,3,2,6,0,0,1,0,0,0,0,0,794482,204,5837169,301
204208,11,5,5010207,Darbystra�e                                                                                         ,5100209,2018,8,20,4,2,6,4,2,0,1,1,0,0,0,0,783262,481,5830286,465
204209,11,6,6020411,Sch�tte-Lanz-Stra�e                                                                                 ,6200423,2018,8,13,1,3,2,6,0,0,1,0,0,0,0,0,793364,657,5816238,423
204210,11,3,3061430,Volkspark Prenzlauer Berg,3601450,2018,8,13,3,3,2,2,0,0,1,0,0,0,0,0,802328,892,5829223,816
204211,11,9,9041501,Altstadt Kietz,9401534,2018,8,15,3,3,5,3,0,0,1,0,0,0,0,0,811437,1876,5820249,487
204212,11,5,5010208,Germersheimer Platz,5100210,2018,8,19,1,3,0,1,0,0,0,0,1,0,0,0,783671,804,5829951,538
204213,11,1,1011303,Alexanderplatzviertel,1100310,2018,8,16,1,3,0,1,0,0,0,0,1,0,0,0,799649,6141,5828694,214
204214,11,1,1011102,Gro�er Tiergarten,1100102,2018,8,13,3,3,5,2,0,1,1,0,0,0,0,0,796577,9454,5827796,978
204215,11,6,6030503,Zehlendorf Mitte                                                                                    ,6300527,2018,8,8,1,3,5,2,0,0,1,0,1,0,0,0,790474,37,5817827,94
204216,11,5,5020625,Borkumer Stra�e                                                                                     ,5200629,2018,8,8,1,3,5,3,0,1,0,0,0,0,1,0,784756,8372,5828618,17
204217,11,2,2030301,Oranienplatz,2300314,2018,8,16,7,3,2,6,0,0,1,0,0,0,0,1,800228,6392,5826045,516
204218,11,9,9020701,Adlershof West,9200715,2018,8,13,3,2,5,3,0,0,1,0,1,0,0,0,808886,8171,5818366,773
204219,11,11,11051229,Rummelsburg,11501238,2018,8,20,7,3,2,6,2,0,1,0,0,0,0,0,803733,3174,5826228,185
204220,11,1,1044202,Sparrplatz,1401046,2018,8,20,7,3,3,2,1,0,1,0,0,0,0,0,795015,395,5830113,51
204221,11,3,3061227,Humannplatz,3601243,2018,8,17,3,2,5,2,0,0,1,0,1,0,0,0,799256,8081,5831440,532
204222,11,4,4051653,Prager Platz,4501152,2018,8,9,2,3,1,5,0,0,1,0,1,0,0,0,793995,2104,5824132,634
204223,11,7,7040403,Manteuffelstra�e                                                                                    ,7400823,2018,8,18,4,3,5,3,0,1,1,0,0,0,0,0,797340,416,5821870,485
204224,11,6,6040703,Nikolassee,6400737,2018,8,11,7,3,4,6,0,0,1,0,0,0,0,0,786518,1418,5818087,289
204225,11,4,4020311,Reichsstra�e,4200310,2018,8,13,3,3,2,6,0,0,1,0,0,0,0,0,789414,282,5826186,376
204226,11,1,1022106,Elberfelder Stra�e                                                                                  ,1200522,2018,8,21,3,3,5,3,2,1,1,0,0,0,0,0,793702,623,5828015,469
204227,11,3,3061332,Helmholtzplatz,3601346,2018,8,13,7,3,6,7,0,1,0,1,0,0,0,0,799295,335,5830776,415
204228,11,1,1011202,Unter den Linden Nord,1100206,2018,8,13,7,3,2,6,0,0,1,0,0,0,0,0,797696,8788,5827836,801
204229,11,1,1011302,Oranienburger Stra�e                                                                                ,1100309,2018,8,12,3,3,1,5,0,1,1,0,0,0,0,0,798305,1013,5828958,538
204230,11,8,8010301,Reuterkiez,8100310,2018,8,12,7,3,1,5,0,1,1,0,0,0,0,0,800800,9377,5825037,116
204231,11,2,2030302,Lausitzer Platz,2300315,2018,8,8,2,2,1,5,0,0,1,0,1,0,0,0,800486,4322,5825973,624
204232,11,11,11051332,Karlshorst S�d,11501341,2018,8,13,4,3,5,3,0,1,1,0,0,0,0,0,805886,7061,5824474,699
204233,11,6,6030610,Lichterfelde West                                                                                   ,6300634,2018,8,11,7,3,2,2,0,0,1,0,0,0,0,0,792233,49,5818663,12
204234,11,11,11020514,Gro�e-Leege-Stra�e,11200513,2018,8,12,3,2,1,7,0,1,1,0,0,0,0,0,804171,248,5830650,924
204235,11,9,9051702,B�lschestra�e,9501737,2018,8,17,4,2,6,4,0,0,1,1,0,0,0,0,814520,9011,5820803,441
204236,11,3,3050919,Gustav-Adolf-Stra�e,3500932,2018,8,10,7,3,6,2,0,0,1,1,0,0,0,0,801445,7752,5833145,631
204237,11,4,4041240,Messelpark,4400831,2018,8,14,4,3,1,5,0,0,1,0,1,0,0,0,790929,4204,5822645,235
204238,11,3,3061126,Arnimplatz,3601141,2018,8,8,7,3,2,6,0,0,1,0,0,0,1,0,799192,8829,5831774,949
204239,11,12,12214422,Klixstra�e                                                                                          ,12200310,2018,8,12,3,3,5,2,0,1,1,0,0,0,0,0,792292,8127,5833927,87
204240,11,7,7060604,Marienfelde S�d,7601340,2018,8,17,4,3,0,5,0,0,1,0,0,0,0,0,796497,3639,5815889,93
204241,11,3,3061228,Erich-Weinert-Stra�e,3601245,2018,8,6,7,3,5,3,0,1,1,0,0,0,0,0,800329,2201,5831575,24
204242,11,1,1011301,Charit�viertel,1100308,2018,8,18,3,3,1,5,0,0,1,0,1,0,0,0,797062,8927,5828256,775
204243,11,4,4010102,Pl�tzensee,4100101,2018,8,12,7,2,5,2,0,0,1,0,0,0,0,0,792250,578,5830683,145
204244,11,4,4020310,Park Ruhwald,4200308,2018,8,11,7,3,2,6,0,0,1,0,0,0,0,0,790453,3962,5827317,998
204245,11,1,1011105,N�rdlicher Landwehrkanal                                                                            ,1100102,2018,8,8,3,3,5,3,0,1,1,0,0,0,0,0,796122,1891,5826289,55
204246,11,8,8010214,Glasower Stra�e,8100209,2018,8,18,7,3,2,2,1,0,1,0,0,0,0,1,801753,564,5822049,587
204247,11,6,6020305,Gemeindepark Lankwitz,6200315,2018,8,10,4,3,5,3,0,1,1,0,0,0,0,0,795461,457,5817838,3
204248,11,3,3040512,Wilhelmsruh,3400619,2018,8,10,7,3,2,6,0,0,1,0,0,0,0,0,796978,3424,5835831,748
204249,11,11,11020514,Gro�e-Leege-Stra�e,11200513,2018,8,11,3,3,5,3,0,1,1,0,0,0,0,0,804727,3301,5831202,269
204250,11,5,5020524,Weinmeisterhornweg,5200528,2018,8,9,4,2,5,3,0,0,1,0,1,0,0,0,783814,4069,5826379,214
204251,11,8,8010301,Reuterkiez,8100310,2018,8,17,7,3,5,3,0,1,0,0,0,0,0,0,800414,2219,5825122,29
204252,11,11,11020513,Orankesee,11200512,2018,8,11,7,3,2,7,0,1,1,0,0,0,0,0,803124,6403,5830504,331
204253,11,6,6020306,Lankwitz S�d                                                                                        ,6200317,2018,8,11,3,3,5,2,0,0,1,0,1,0,0,0,795790,547,5816684,925
204254,11,8,8010404,Rixdorf,8100415,2018,8,17,7,3,2,2,0,0,1,0,0,0,0,0,801814,1117,5823625,372
204255,11,7,7030303,Grazer Platz,7300619,2018,8,16,7,2,5,3,0,1,1,0,0,0,0,1,795366,1108,5822161,469
204256,11,4,4030620,Alt-Lietzow,4300619,2018,8,16,7,3,6,2,0,0,1,1,0,0,0,0,792634,3605,5827078,546
204257,11,3,3061228,Erich-Weinert-Stra�e,3601245,2018,8,10,3,3,5,2,0,0,1,0,0,0,0,0,800297,4513,5831593,258
204258,11,12,12301203,Wittenau S�d                                                                                        ,12500930,2018,8,9,4,3,2,6,0,0,1,0,0,1,0,0,793619,2036,5835217,915
204259,11,1,1011401,Invalidenstra�e                                                                                     ,1100415,2018,8,15,7,3,5,2,0,1,1,0,0,0,0,1,797488,9449,5829195,218
204260,11,1,1011303,Alexanderplatzviertel,1100310,2018,8,10,3,3,0,1,0,0,0,0,1,0,0,0,798651,61,5828139,76
204261,11,10,10020413,Gut Hellersdorf,10200420,2018,8,16,4,2,5,3,0,1,1,0,0,0,0,0,811347,419,5830414,812
204262,11,10,10030724,Oberfeldstra�e                                                                                      ,10300731,2018,8,15,7,3,5,3,0,1,1,0,0,0,0,0,809411,8801,5828342,68
204263,11,2,2050801,Traveplatz,2500832,2018,8,15,7,3,5,3,0,0,1,0,1,0,0,0,803383,709,5826834,583
204264,11,5,5020625,Borkumer Stra�e                                                                                     ,5200629,2018,8,9,3,3,5,3,0,0,1,0,1,0,0,0,783800,806,5828688,659
204265,11,7,7040403,Manteuffelstra�e                                                                                    ,7400823,2018,8,15,7,3,2,6,0,0,1,0,0,0,1,1,797099,3105,5822136,403
204266,11,11,11010102,Dorf Wartenberg,11100101,2018,8,14,7,2,8,1,0,0,1,0,0,0,0,0,806184,1111,5834537,195
204267,11,1,1011202,Unter den Linden Nord,1100206,2018,8,8,3,3,3,2,0,1,0,0,0,1,0,0,797531,3442,5827574,364
204268,11,1,1011302,Oranienburger Stra�e                                                                                ,1100309,2018,8,19,4,2,5,2,1,1,1,0,0,0,0,0,797956,5484,5828499,89
204269,11,3,3061131,Falkplatz,3601142,2018,8,14,7,3,1,5,0,1,1,0,0,0,0,0,798796,4562,5831076,246
204270,11,1,1022201,Stephankiez,1200623,2018,8,8,3,3,2,6,0,0,1,0,0,0,0,0,795081,9307,5829205,97
204271,11,4,4020313,K�nigin-Elisabeth-Stra�e,4200311,2018,8,14,7,3,5,2,0,0,1,0,0,0,0,0,790479,6827,5826698,545
204272,11,2,2050803,Stralauer Kiez,2500835,2018,8,8,3,3,5,2,0,1,1,0,0,0,0,0,803093,8728,5826037,208
204273,11,6,6040810,Dahlem,6400844,2018,8,8,4,3,5,3,0,1,1,0,0,0,0,0,792344,8295,5820808,597
204274,11,4,4051653,Prager Platz,4501152,2018,8,13,7,2,0,6,0,1,0,0,0,0,0,0,793967,9618,5824808,833
204275,11,12,12214125,Waldidyll/Flughafensee,12200412,2018,8,8,3,3,6,4,0,1,0,1,0,0,0,0,791369,425,5833107,337
204276,11,3,3061228,Erich-Weinert-Stra�e,3601245,2018,8,15,4,2,5,3,0,1,0,0,0,0,0,0,800866,7209,5831071,87
204277,11,12,12224230,Heiligensee,12400619,2018,8,13,7,3,5,2,0,1,1,0,0,0,0,0,787288,4907,5836390,112
204278,11,9,9010201,Am Treptower Park S�d,9100202,2018,8,13,7,3,2,6,0,0,1,0,0,0,0,0,802905,825,5824185,646
204279,11,3,3040818,Pankow S�d                                                                                          ,3400830,2018,8,8,3,2,5,2,0,1,1,0,0,0,0,0,799564,9681,5833164,515
204280,11,2,2020206,Graefekiez,2200212,2018,8,12,6,3,4,6,0,1,0,0,0,0,0,0,800162,2658,5824427,902
204281,11,4,4020208,Kranzallee,4200206,2018,8,15,6,3,5,3,0,0,1,0,0,0,0,0,786208,4871,5825977,238
204282,11,7,7060603,Marienfelde Nordost,7601238,2018,8,8,3,3,1,7,0,1,1,0,0,0,0,0,797641,7503,5817298,219
204283,11,9,9020502,Obersch�neweide Ost,9200512,2018,8,0,2,3,1,1,2,0,1,0,0,0,1,0,809088,5741,5821552,355
204284,11,7,7030301,Friedenau,7300516,2018,8,18,4,3,2,7,0,1,1,0,0,0,0,0,794021,1493,5821635,718
204285,11,9,9041501,Altstadt Kietz,9401534,2018,8,22,6,3,2,6,2,0,1,0,0,0,0,0,811045,809,5820290,794
204286,11,1,1033101,Soldiner Stra�e                                                                                     ,1300732,2018,8,20,3,3,0,5,2,0,1,0,1,0,0,0,797414,9891,5832519,182
204287,11,8,8010117,Schillerpromenade,8100102,2018,8,23,6,3,2,6,2,0,1,0,0,0,0,0,800529,957,5823390,826
204288,11,2,2010103,Moritzplatz,2100104,2018,8,21,6,3,2,2,2,1,1,0,0,0,0,0,799295,682,5826183,511
204289,11,3,3061430,Volkspark Prenzlauer Berg,3601450,2018,8,17,3,3,2,2,0,1,1,0,0,0,0,0,802306,3836,5829214,926
204290,11,10,10010204,Wuhletalstra�e                                                                                      ,10100206,2018,8,20,6,3,5,3,1,1,1,0,0,0,0,0,809363,923,5832992,913
204291,11,4,4020311,Reichsstra�e,4200310,2018,8,20,6,3,3,6,2,0,1,0,0,0,0,0,789829,513,5826308,723
204292,11,11,11041128,Sewanstra�e,11401137,2018,8,7,3,3,5,5,0,1,1,0,0,0,0,0,806590,107,5825421,677
204293,11,3,3050923,Wei�enseer Spitze,3500934,2018,8,18,6,3,6,4,0,0,1,1,0,0,0,0,800985,6682,5831689,637
204294,11,12,12214424,Scharnweberstra�e                                                                                   ,12200309,2018,8,18,4,3,5,3,0,1,1,0,0,0,0,0,793394,9211,5832521,269
204295,11,12,12214125,Waldidyll/Flughafensee,12200412,2018,8,18,6,3,5,3,0,1,1,0,0,0,0,0,790731,312,5834203,463
204296,11,1,1044103,Westliche M�llerstra�e                                                                              ,1400942,2018,8,7,3,3,5,2,0,0,1,0,0,0,1,0,794634,8315,5830511,844
204297,11,2,2040502,Friedenstra�e,2400521,2018,8,17,4,3,5,7,0,1,1,0,0,0,0,0,800428,49,5828042,85
204298,11,6,6030609,Augustaplatz,6300633,2018,8,18,6,3,5,2,0,0,1,0,0,0,0,0,793262,7597,5819090,186
204299,11,4,4030931,Breitscheidplatz,4501042,2018,8,10,6,3,3,5,0,1,0,0,0,0,1,0,793530,5726,5825721,183
204300,11,4,4030415,Schlo�garten,4300412,2018,8,17,6,3,5,7,0,0,1,0,0,0,1,0,791028,738,5827409,863
204301,11,4,4041137,Flinsberger Platz,4400727,2018,8,6,3,3,2,7,0,1,0,0,0,0,1,0,790964,3462,5823112,13
204302,11,5,5010313,Ackerstra�e                                                                                         ,5100315,2018,8,9,4,3,5,2,0,1,1,0,0,0,0,0,784272,2435,5830369,476
204303,11,4,4030930,George-Grosz-Platz,4501041,2018,8,17,6,3,2,6,0,0,1,0,0,0,0,0,792745,7774,5825471,887
204304,11,11,11051331,Karlshorst Nord,11501340,2018,8,6,3,3,5,2,0,0,1,0,0,0,1,0,807350,1042,5825176,988
204305,11,2,2010102,Mehringplatz,2100102,2018,8,5,3,3,5,3,1,1,1,0,0,0,0,0,798334,6931,5825630,883
204306,11,11,11041128,Sewanstra�e,11401137,2018,8,16,6,2,5,3,0,1,0,0,0,0,0,0,807010,7648,5825954,831
204307,11,6,6040808,H�ttenweg,6400842,2018,8,11,4,3,0,7,0,0,0,0,0,0,1,0,790032,9903,5819786,592
204308,11,4,4051551,Brabanter Platz,4501148,2018,8,16,6,3,5,2,0,1,1,0,0,0,0,0,792832,7613,5823243,897
204309,11,5,5020628,Graetschelsteig,5200528,2018,8,11,2,2,0,2,0,0,1,0,0,0,0,0,783903,5934,5826602,67
204310,11,5,5030832,Rohrdamm,5300839,2018,8,17,4,2,6,4,0,0,1,1,0,0,0,0,789013,4228,5830588,73
204311,11,5,5040936,J�gerallee,5400943,2018,8,15,6,3,5,3,0,1,1,0,0,0,0,0,780302,343,5821843,164
204312,11,7,7040403,Manteuffelstra�e                                                                                    ,7400824,2018,8,13,6,3,5,3,0,1,0,0,1,0,0,1,797840,4205,5822205,41
204313,11,1,1033101,Soldiner Stra�e                                                                                     ,1300730,2018,8,1,2,3,6,2,2,0,1,1,0,0,0,0,796410,18,5832009,184
204314,11,9,9010301,Baumschulenstra�e,9100304,2018,8,13,6,3,5,2,0,0,1,0,0,0,0,0,804346,2368,5821754,804
204315,11,2,2040701,Andreasviertel,2400623,2018,8,12,6,3,3,6,0,0,1,0,1,0,0,0,800381,2918,5827169,45
204316,11,2,2010103,Moritzplatz,2100104,2018,8,15,2,3,0,3,0,1,0,0,0,0,1,1,799281,6423,5826219,694
204317,11,1,1011101,St�lerstra�e                                                                                        ,1100101,2018,8,23,4,3,5,3,2,1,1,0,0,0,0,0,795055,5462,5826303,956
204318,11,9,9020701,Adlershof West,9200715,2018,8,12,6,3,5,3,0,0,1,0,1,0,0,1,807405,585,5818327,157
204319,11,4,4010102,Pl�tzensee,4100101,2018,8,23,2,3,5,2,2,0,1,0,0,0,0,0,793341,3771,5829716,431
204320,11,3,3040513,Sch�nholz,3400620,2018,8,15,4,3,0,3,0,1,1,0,0,0,0,0,797406,6006,5833960,326
204321,11,1,1033202,Humboldthain S�d,1300835,2018,8,12,6,3,5,2,0,1,1,0,0,0,0,0,797529,3353,5829430,651
204322,11,12,12214125,Waldidyll/Flughafensee,12200414,2018,8,10,6,3,2,6,0,0,1,0,0,0,0,0,791187,4249,5830907,191
204323,11,7,7010102,Nollendorfplatz,7100102,2018,8,23,2,3,6,2,2,0,1,1,0,0,0,0,795552,441,5825250,944
204324,11,8,8010118,Silbersteinstra�e,8100105,2018,8,16,4,3,6,4,0,0,1,1,0,0,0,0,800911,2657,5821915,65
204325,11,4,4030620,Alt-Lietzow,4300619,2018,8,9,6,3,2,6,0,1,1,0,0,0,0,0,792724,1158,5827407,813
204326,11,11,11010205,Falkenberg West,11100204,2018,8,9,6,3,5,2,0,1,1,0,0,0,0,0,806899,4339,5832630,983
204327,11,8,8020619,Buschkrugallee Nord,8200623,2018,8,23,2,3,1,5,2,0,1,0,0,0,1,0,801511,5505,5820823,299
204328,11,2,2040502,Friedenstra�e,2400521,2018,8,8,6,3,6,4,0,1,0,1,0,0,0,0,800770,91,5828490,768
204329,11,10,10020620,Kaulsdorf Nord II                                                                                   ,10200627,2018,8,7,6,2,5,2,0,1,1,0,0,0,0,0,811322,9691,5829850,103
204330,11,9,9020702,Adlershof Ost,9200717,2018,8,22,2,3,2,2,2,0,1,0,1,0,0,0,809352,327,5819659,732
204331,11,3,3061228,Erich-Weinert-Stra�e,3601245,2018,8,1,4,3,0,1,2,0,0,0,1,0,0,0,800362,1556,5831018,452
204332,11,3,3071536,Teutoburger Platz,3701554,2018,8,7,6,3,5,2,0,1,1,0,0,0,0,0,799169,4186,5830028,126
204333,11,4,4020314,Messegel�nde,4200311,2018,8,21,2,3,0,7,2,0,0,0,1,0,1,1,789946,517,5825099,57
204334,11,10,10020414,Helle Mitte,10200421,2018,8,14,4,3,5,2,0,1,1,0,0,0,0,0,812185,6403,5830912,439
204335,11,8,8010214,Glasower Stra�e,8100209,2018,8,7,6,3,2,6,0,0,1,0,0,0,0,0,801200,1605,5822208,482
204336,11,3,3020209,Niedersch�nhausen,3200205,2018,8,7,6,3,5,7,0,1,1,0,0,0,0,0,797842,1128,5836055,794
204337,11,9,9020502,Obersch�neweide Ost,9200511,2018,8,19,2,3,1,5,0,1,1,0,0,0,0,0,807220,3372,5822309,6
204338,11,10,10040931,Mahlsdorf Nord                                                                                      ,10400938,2018,8,7,6,3,5,3,0,0,1,0,0,0,0,0,814018,8594,5828964,65
204339,11,3,3020210,Herthaplatz,3200207,2018,8,6,6,3,5,2,0,1,1,0,0,0,0,0,799184,1045,5835928,369
204340,11,8,8020625,Handwerker-Siedlung,8200730,2018,8,9,2,3,2,6,0,0,1,0,0,0,0,0,801388,8181,5819236,577
204341,11,9,9051901,Dammvorstadt,9501941,2018,8,6,6,3,5,2,0,1,1,0,0,0,0,0,810885,8831,5821260,245
204342,11,3,3040513,Sch�nholz,3400620,2018,8,6,6,3,5,3,0,1,1,0,0,0,0,0,798047,71,5833594,766
204343,11,8,8010301,Reuterkiez,8100312,2018,8,19,2,3,5,2,0,0,1,0,1,0,0,0,801140,3229,5824104,478
204344,11,11,11040926,Weitlingstra�e,11400929,2018,8,19,4,3,4,6,0,1,1,0,0,0,0,0,805101,5248,5826925,8
204345,11,6,6030504,Teltower Damm,6300528,2018,8,6,6,3,5,2,0,0,1,0,0,0,0,0,790602,415,5816186,257
204346,11,11,11040925,Victoriastadt,11400927,2018,8,19,2,3,0,1,2,1,0,0,0,0,0,0,803983,3808,5826771,36
204347,11,3,3040614,Pankow Zentrum                                                                                      ,3400722,2018,8,15,3,3,6,7,0,1,0,1,0,0,0,0,798187,7774,5833725,882
204348,11,3,3071536,Teutoburger Platz,3701554,2018,8,6,6,3,5,3,1,1,1,0,0,0,0,0,799135,4178,5829207,293
204349,11,2,2030302,Lausitzer Platz,2300316,2018,8,17,6,3,0,1,0,0,0,0,1,0,0,0,800735,5639,5826521,101
204350,11,1,1011402,Arkonaplatz,1100416,2018,8,18,2,2,0,7,0,0,0,0,1,0,0,0,798521,6818,5829136,214
204351,11,6,6010102,Schlo�stra�e                                                                                        ,6100102,2018,8,15,6,2,0,1,0,1,0,0,0,0,0,0,793342,8577,5820792,645
204352,11,4,4030726,Droysenstra�e,4500936,2018,8,13,4,3,5,3,0,1,1,0,0,0,0,0,791974,767,5825575,884
204353,11,3,3071536,Teutoburger Platz,3701554,2018,8,16,6,3,0,1,0,1,0,0,0,0,0,0,799006,335,5830080,917
204354,11,7,7020203,Kaiser-Wilhelm-Platz,7200409,2018,8,18,2,3,1,5,0,1,1,0,0,0,0,0,795132,5898,5823893,377
204355,11,10,10030724,Oberfeldstra�e                                                                                      ,10300731,2018,8,17,4,3,2,6,0,0,1,0,0,0,0,0,809230,6425,5830220,804
204356,11,5,5030832,Rohrdamm,5300841,2018,8,7,5,3,3,6,0,0,1,0,0,0,0,0,789879,6992,5829218,38
204357,11,1,1011301,Charit�viertel,1100308,2018,8,17,5,3,0,6,0,1,1,0,0,0,0,0,797526,4635,5828750,273
204358,11,2,2030401,Reichenberger Stra�e,2300417,2018,8,1,4,3,6,7,2,0,1,1,0,0,0,0,800577,8252,5825716,102
204359,11,2,2020202,Rathaus Yorckstra�e,2200208,2018,8,9,5,3,0,2,0,1,1,0,0,0,0,0,797275,492,5825525,903
204360,11,10,10010207,Marzahner Promenade,10100210,2018,8,19,3,3,0,4,0,0,1,1,0,0,0,0,808411,64,5831212,291
204361,11,10,10020413,Gut Hellersdorf,10200420,2018,8,9,5,3,0,6,0,0,0,0,0,0,1,0,811865,482,5830495,303
204362,11,1,1011203,Unter den Linden S�d,1100206,2018,8,18,5,3,5,3,1,1,0,0,1,0,0,0,797480,8304,5827289,664
204363,11,6,6030607,Goerzwerke,6300631,2018,8,16,2,3,1,5,0,0,1,0,0,0,0,0,791176,5189,5815970,883
204364,11,3,3040614,Pankow Zentrum                                                                                      ,3400724,2018,8,16,5,3,6,4,0,0,1,1,0,0,0,0,799809,4296,5834734,633
204365,11,1,1011203,Unter den Linden S�d,1100206,2018,8,10,4,3,2,2,0,1,0,0,0,0,1,0,797558,277,5827422,645
204366,11,5,5020629,B�rnicker Stra�e                                                                                    ,5200634,2018,8,16,5,3,5,2,0,1,0,0,0,0,0,0,785050,846,5826304,19
204367,11,4,4010102,Pl�tzensee,4100101,2018,8,16,2,3,3,6,0,0,1,0,1,0,0,0,793222,806,5830098,262