OBJECTID,LAND,BEZ,LOR,STRASSE,LOR_ab_2021,UJAHR,UMONAT,USTUNDE,UWOCHENTAG,UKATEGORIE,UART,UTYP1,ULICHTVERH,IstRad,IstPKW,IstFuss,IstKrad,IstGkfz,IstSonstig,STRZUSTAND,LINREFX,LINREFY,XGCSWGS84,YGCSWGS84
204368,11,5,5010204,Griesingerstra�e                                                                                    ,5100206,2018,8,10,4,3,0,1,0,1,0,0,0,0,0,0,781205,6898,5831054,367
204369,11,3,3040818,Pankow S�d                                                                                          ,3400826,2018,8,19,5,2,1,5,0,1,1,0,0,0,0,0,798424,273,5832288,358
204370,11,7,7040405,Rathaus Tempelhof,7400927,2018,8,19,5,3,5,3,0,0,1,0,0,0,0,0,799071,488,5821704,541
204371,11,4,4030415,Schlo�garten,4300412,2018,8,16,2,3,1,5,0,0,1,0,1,0,0,0,791170,7483,5827441,63
204372,11,12,12103218,Teichstra�e,12100205,2018,8,19,5,3,5,2,0,1,1,0,0,0,0,0,794376,3618,5835502,95
204373,11,8,8010118,Silbersteinstra�e,8100105,2018,8,18,5,2,6,4,0,0,1,1,0,0,0,0,800966,581,5822147,798
204374,11,6,6030605,Botanischer Garten,6300629,2018,8,16,2,3,5,7,0,0,1,0,0,0,0,0,792489,702,5819650,88
204375,11,12,12231101,Hermsdorf,12400722,2018,8,8,4,3,2,6,0,1,1,0,0,0,0,0,790506,7905,5837397,377
204376,11,12,12103117,Letteplatz,12100101,2018,8,18,5,3,2,6,1,0,1,0,0,0,0,0,796338,838,5832786,16
204377,11,3,3061430,Volkspark Prenzlauer Berg,3601450,2018,8,15,2,3,4,5,0,1,0,0,0,0,1,0,802128,9037,5830150,27
204378,11,6,6020411,Sch�tte-Lanz-Stra�e                                                                                 ,6200423,2018,8,9,4,3,5,3,0,1,1,0,0,0,0,0,795349,168,5816124,758
204379,11,6,6020303,Lankwitz Kirche                                                                                     ,6200313,2018,8,18,5,2,0,4,0,0,1,1,0,0,0,0,795713,5762,5818887,945
204380,11,2,2010103,Moritzplatz,2100104,2018,8,15,2,3,5,3,0,1,1,0,0,0,0,0,799113,4849,5826264,92
204381,11,3,3061429,Greifswalder Stra�e,3601449,2018,8,16,4,3,5,3,0,0,1,0,0,0,0,0,801716,578,5830799,12
204382,11,9,9020701,Adlershof West,9200715,2018,8,17,5,3,5,2,0,0,1,0,0,0,0,0,809059,9404,5818189,978
204383,11,3,3061332,Helmholtzplatz,3601348,2018,8,17,5,3,5,3,0,1,1,0,0,0,0,0,799834,9203,5830808,8
204384,11,10,10040933,Mahlsdorf S�d                                                                                       ,10400940,2018,8,15,2,3,2,6,0,0,1,0,0,0,0,0,812896,275,5825998,41
204385,11,1,1022101,Huttenkiez,1200517,2018,8,17,5,2,5,2,0,0,1,0,1,0,0,0,792600,948,5828776,15
204386,11,1,1033203,Humboldthain Nordwest                                                                               ,1300836,2018,8,20,5,3,5,2,1,0,1,0,1,0,0,0,796673,3838,5830235,681
204387,11,1,1011102,Gro�er Tiergarten,1100102,2018,8,15,2,3,0,1,0,1,0,0,0,0,0,1,795419,7284,5827460,638
204388,11,4,4010103,Paul-Hertz-Siedlung,4100102,2018,8,19,4,3,0,6,0,0,1,0,0,0,0,0,791170,2086,5829181,861
204389,11,12,12103117,Letteplatz,12100101,2018,8,21,5,3,5,2,2,0,1,0,1,0,0,0,796662,5187,5832634,377
204390,11,3,3061429,Greifswalder Stra�e,3601449,2018,8,15,2,3,2,6,0,1,1,0,0,0,0,0,801808,94,5830408,117
204391,11,8,8040933,Vogelviertel S�d,8401139,2018,8,15,3,2,5,3,0,1,1,0,0,0,0,0,803581,2858,5818629,658
204392,11,1,1011301,Charit�viertel,1100308,2018,8,16,5,2,2,2,0,0,1,0,0,0,0,0,796908,7945,5829482,925
204393,11,1,1011302,Oranienburger Stra�e                                                                                ,1100309,2018,8,16,5,3,6,4,0,1,0,1,0,0,0,0,798681,829,5828637,19
204394,11,11,11030720,Herzbergstra�e,11300721,2018,8,6,2,3,2,6,0,0,1,0,0,0,1,0,805555,5033,5830060,836
204395,11,4,4030827,Karl-August-Platz,4300623,2018,8,15,4,3,6,7,0,1,0,0,0,0,1,0,792183,537,5826322,399
204396,11,9,9051901,Dammvorstadt,9501941,2018,8,13,5,2,5,3,0,0,0,0,0,1,1,0,812086,524,5820969,485
204397,11,2,2050801,Traveplatz,2500830,2018,8,16,5,3,5,2,0,0,1,0,1,0,0,0,802697,9889,5827357,913
204398,11,11,11030720,Herzbergstra�e,11300721,2018,8,7,2,3,0,7,0,1,1,0,0,0,0,0,805404,9507,5829110,2
204399,11,9,9010202,K�penicker Landstra�e,9100203,2018,8,15,5,3,2,7,0,0,1,0,0,0,0,0,804688,8448,5823449,526
204400,11,7,7060604,Marienfelde S�d,7601339,2018,8,14,5,3,5,2,0,0,1,0,0,0,0,0,795809,584,5816028,171
204401,11,4,4010101,Jungfernheide,4100101,2018,8,15,2,3,5,2,0,0,1,0,0,0,0,1,791282,6525,5830680,488
204402,11,4,4020311,Reichsstra�e,4200309,2018,8,9,2,2,5,3,0,0,1,0,0,0,0,0,788960,1695,5826499,301
204403,11,9,9020502,Obersch�neweide Ost,9200512,2018,8,18,4,3,2,6,0,0,1,0,0,0,0,0,808819,2591,5821599,631
204404,11,5,5010314,Carl-Schurz-Stra�e                                                                                  ,5100316,2018,8,21,5,3,1,5,2,1,1,0,0,0,0,0,784608,6939,5829462,481
204405,11,11,11010102,Dorf Wartenberg,11100101,2018,8,6,3,3,5,3,0,1,1,0,0,0,0,0,806183,7895,5834997,358
204406,11,7,7050501,Rathausstra�e                                                                                       ,7501029,2018,8,14,5,3,5,2,0,0,1,0,1,0,0,0,797592,8484,5818739,431
204407,11,1,1011303,Alexanderplatzviertel,1100310,2018,8,14,5,3,6,4,0,0,0,1,1,0,0,0,798826,5206,5827716,22
204408,11,8,8020619,Buschkrugallee Nord,8200623,2018,8,15,2,3,5,7,0,0,1,0,1,0,0,0,802795,4412,5820808,859
204409,11,6,6020302,Komponistenviertel Lankwitz,6200312,2018,8,14,5,3,4,6,0,0,1,1,0,0,1,0,794276,216,5819342,418
204410,11,1,1044103,Westliche M�llerstra�e                                                                              ,1400942,2018,8,13,4,3,2,6,0,0,1,0,0,0,1,0,794761,5004,5830944,894
204411,11,8,8010214,Glasower Stra�e,8100209,2018,8,13,5,3,6,4,0,0,1,1,0,0,0,0,801034,7325,5822165,524
204412,11,9,9041501,Altstadt Kietz,9401534,2018,8,13,5,3,2,6,0,0,1,0,1,0,0,0,811495,6069,5820305,791
204413,11,7,7010102,Nollendorfplatz,7100102,2018,8,15,2,3,5,2,0,1,1,0,0,0,0,0,795009,2376,5825635,95
204414,11,2,2010104,Wassertorplatz,2100106,2018,8,12,5,3,5,2,0,0,1,0,1,0,0,0,799060,6218,5825597,55
204415,11,12,12103218,Teichstra�e,12100205,2018,8,16,4,3,2,6,0,0,1,0,0,0,0,0,793961,6971,5835303,35
204416,11,4,4051447,Ludwigkirchplatz,4501044,2018,8,11,5,3,1,5,0,1,1,0,0,0,0,0,793115,1235,5824998,752
204417,11,4,4051447,Ludwigkirchplatz,4501044,2018,8,15,2,3,5,3,0,0,1,0,0,0,0,0,793217,178,5825211,514
204418,11,3,3030406,Alt-Karow,3300412,2018,8,17,4,2,5,3,0,0,1,0,0,0,1,0,802649,3201,5838308,205
204419,11,10,10040933,Mahlsdorf S�d                                                                                       ,10400940,2018,8,8,5,3,0,3,0,0,0,0,0,0,1,0,812614,2183,5825283,981
204420,11,12,12301203,Wittenau S�d                                                                                        ,12500930,2018,8,9,5,3,0,7,0,0,1,0,1,0,0,0,793954,134,5835299,828
204421,11,3,3061434,Anton-Saefkow-Park,3601451,2018,8,9,5,3,0,4,0,1,0,1,0,0,0,0,801365,3585,5829701,622
204422,11,8,8010510,Gewerbegebiet K�llnische Heide,8100521,2018,8,15,2,3,5,3,0,0,1,0,1,0,0,0,802167,4817,5822461,47
204423,11,1,1033202,Humboldthain S�d,1300835,2018,8,8,5,3,4,6,0,0,1,0,1,0,0,0,797467,6565,5829965,169
204424,11,9,9020501,Obersch�neweide West,9200510,2018,8,10,4,3,5,2,0,1,1,0,0,0,0,0,806153,8844,5822121,442
204425,11,1,1011401,Invalidenstra�e                                                                                     ,1100415,2018,8,19,5,3,0,7,0,1,0,0,0,0,0,0,797818,3543,5829105,888
204426,11,3,3051017,Rennbahnstra�e,3501038,2018,8,14,2,3,5,2,0,0,1,0,1,0,0,0,803451,4953,5832812,778
204427,11,12,12301203,Wittenau S�d                                                                                        ,12500926,2018,8,6,4,3,0,1,0,0,0,0,1,0,0,0,792994,7685,5835644,429
204428,11,8,8010510,Gewerbegebiet K�llnische Heide,8100521,2018,8,12,5,2,0,7,0,0,1,0,0,0,0,0,802327,8577,5822097,753
204429,11,12,12304314,Ziekowstra�e/Freie Scholle,12500824,2018,8,14,2,3,2,6,0,0,1,0,1,0,0,0,790399,942,5835925,209
204430,11,9,9020701,Adlershof West,9200715,2018,8,11,4,3,3,6,0,0,1,0,0,0,0,0,809180,3755,5818321,166
204431,11,3,3030406,Alt-Karow,3300412,2018,8,19,5,2,0,1,0,1,0,0,0,0,0,0,802806,1436,5837950,65
204432,11,2,2010103,Moritzplatz,2100105,2018,8,8,5,3,0,7,0,1,0,0,0,0,1,1,799816,62,5825747,747
204433,11,1,1044202,Sparrplatz,1401047,2018,8,14,2,2,0,7,0,1,0,0,0,0,0,0,795430,705,5830625,776
204434,11,1,1011103,L�tzowstra�e                                                                                        ,1100103,2018,8,21,5,3,0,1,2,1,0,0,0,0,0,1,795970,4095,5825957,363
204435,11,4,4030931,Breitscheidplatz,4501042,2018,8,8,5,3,2,4,0,0,1,1,0,0,0,0,793992,8128,5826148,375
204436,11,12,12214125,Waldidyll/Flughafensee,12200412,2018,8,14,2,3,8,1,0,0,0,0,0,0,1,0,791547,2501,5834017,475
204437,11,3,3051022,Hansastra�e,3501038,2018,8,9,4,3,2,6,0,0,1,0,0,0,0,0,803254,5305,5831474,164
204438,11,5,5020625,Borkumer Stra�e                                                                                     ,5200629,2018,8,8,5,3,5,3,0,0,1,0,0,0,0,0,784468,915,5828749,726
204439,11,4,4041342,Schlangenbader Stra�e,4400833,2018,8,14,2,2,5,2,0,0,1,0,1,0,0,1,792526,423,5822919,654
204440,11,1,1022101,Huttenkiez,1200517,2018,8,8,4,3,3,6,0,0,0,0,1,0,1,0,793361,4514,5828242,637
204441,11,2,2010103,Moritzplatz,2100105,2018,8,8,5,3,0,7,0,1,0,0,0,0,1,1,799814,8677,5825748,449
204442,11,5,5030731,Gartenfelder Stra�e                                                                                 ,5300737,2018,8,8,5,3,5,2,0,0,1,0,0,0,0,0,786963,6512,5829594,783
204443,11,7,7010102,Nollendorfplatz,7100102,2018,8,14,2,3,5,3,0,1,1,0,0,0,0,0,794976,7162,5825071,59
204444,11,4,4030621,Spreestadt,4300620,2018,8,8,5,3,5,2,0,1,1,0,0,0,0,0,793197,3236,5827784,433
204445,11,4,4041238,Kissinger Stra�e,4400830,2018,8,7,5,3,0,3,0,1,1,0,0,0,0,0,791676,3441,5823237,905
204446,11,4,4020310,Park Ruhwald,4200308,2018,8,13,2,3,2,6,0,0,1,0,0,0,0,0,790196,5966,5827301,566
204447,11,10,10010309,Springpfuhl,10100312,2018,8,7,5,3,5,3,0,1,1,0,0,0,0,0,808579,9956,5830163,197
204448,11,4,4051448,Schaperstra�e,4501045,2018,8,12,2,3,2,6,0,0,1,0,1,0,0,0,793981,7107,5825089,63
204449,11,9,9010402,Johannisthal Ost,9100409,2018,8,7,5,3,5,2,0,0,1,0,1,0,0,0,806938,6018,5820089,112
204450,11,1,1011301,Charit�viertel,1100308,2018,8,6,5,3,0,7,0,1,0,0,0,0,0,0,797336,9665,5828986,868
204451,11,2,2040701,Andreasviertel,2400521,2018,8,12,2,3,5,2,0,1,1,0,0,0,0,0,800718,341,5827873,451
204452,11,4,4010101,Jungfernheide,4100101,2018,8,22,4,3,5,3,2,0,1,0,0,0,0,0,789756,1916,5829873,961
204453,11,2,2050801,Traveplatz,2500830,2018,8,5,5,2,3,2,0,1,0,0,0,1,0,0,802145,725,5827550,494
204454,11,12,12214422,Klixstra�e                                                                                          ,12200310,2018,8,12,2,3,5,3,0,0,1,0,0,0,0,0,792212,4193,5833126,473
204455,11,4,4041136,Hagenplatz,4400728,2018,8,14,4,3,5,2,0,0,1,0,0,0,0,0,790688,312,5822694,722
204456,11,1,1011303,Alexanderplatzviertel,1100310,2018,8,5,5,2,6,4,2,0,0,1,1,0,0,0,799464,8571,5828806,894
204457,11,5,5030730,Zitadellenweg,5300735,2018,8,10,5,3,5,2,0,1,1,0,0,0,0,0,786437,8609,5831100,392
204458,11,8,8020620,Tempelhofer Weg,8200624,2018,8,7,2,3,5,2,0,1,1,0,0,0,0,0,801271,9332,5820509,119
204459,11,12,12224230,Heiligensee,12400618,2018,8,5,4,3,5,7,1,1,1,0,0,0,0,0,787059,9406,5838241,966
204460,11,7,7020204,Sch�neberger Insel,7200412,2018,8,7,2,3,5,7,0,1,1,0,0,0,0,0,796340,7636,5822929,405
204461,11,10,10030726,Alt-Biesdorf,10300733,2018,8,11,2,2,6,2,0,0,0,1,0,0,1,0,808912,2781,5827234,776
204462,11,12,12103219,Sch�fersee,12100204,2018,8,7,4,3,5,2,0,0,1,0,0,0,0,0,795613,5108,5833077,364
204463,11,3,3020307,Buchholz,3200309,2018,9,16,2,2,5,3,0,0,1,0,1,0,0,0,800130,8408,5837699,114
204464,11,5,5030833,Motardstra�e                                                                                        ,5300840,2018,8,6,5,3,3,6,1,0,1,0,0,0,0,0,788101,989,5829360,326
204465,11,1,1011401,Invalidenstra�e                                                                                     ,1100415,2018,9,23,2,3,0,1,2,1,0,0,0,0,0,0,798302,5929,5829372,194
204466,11,4,4031032,Halensee,4500937,2018,9,17,2,3,5,2,0,0,1,0,1,0,0,0,790958,544,5824828,662
204467,11,7,7020201,Bayerischer Platz,7200307,2018,8,7,5,2,5,5,0,1,1,0,0,0,0,1,794848,226,5823988,676
204468,11,6,6020301,Alt-Lankwitz,6200311,2018,8,15,5,3,5,3,0,0,1,0,0,0,1,1,796335,9946,5818291,689
204469,11,4,4010102,Pl�tzensee,4100101,2018,9,13,2,3,5,3,0,0,1,0,0,0,0,0,792501,5792,5830681,107
204470,11,3,3030716,M�rchenland,3300517,2018,8,9,5,2,4,1,0,0,1,0,0,0,0,1,802324,961,5835353,709
204471,11,7,7050505,Hundsteinweg,7501134,2018,9,16,2,3,1,5,0,0,1,0,0,0,0,0,799186,9569,5817526,903
204472,11,6,6030504,Teltower Damm,6300528,2018,8,13,5,3,2,6,0,0,1,0,0,1,0,1,790611,1733,5815213,91
204473,11,8,8010508,Wei�e Siedlung,8100520,2018,9,14,2,3,8,1,0,0,0,0,1,0,0,0,802758,7491,5822966,75
204474,11,6,6040703,Nikolassee,6400737,2018,9,15,2,3,8,1,0,0,1,0,0,0,0,0,784601,2396,5819923,902
204475,11,11,11051229,Rummelsburg,11501238,2018,8,11,5,3,5,2,0,0,1,0,0,0,0,1,804077,6702,5825988,16
204476,11,6,6040701,Wannsee,6400735,2018,8,12,5,3,5,2,0,0,1,0,0,0,0,1,779431,306,5815033,806
204477,11,5,5010313,Ackerstra�e                                                                                         ,5100315,2018,8,11,5,2,2,6,0,0,1,0,0,0,0,1,784654,3592,5829705,38
204478,11,7,7040403,Manteuffelstra�e                                                                                    ,7400824,2018,9,13,2,3,5,3,0,1,0,0,0,0,0,0,797850,3133,5821887,113
204479,11,6,6010210,Bismarckstra�e                                                                                      ,6100210,2018,9,13,2,3,5,3,0,1,1,0,0,0,0,0,795250,214,5821079,374
204480,11,4,4010102,Pl�tzensee,4100101,2018,8,10,5,3,5,3,0,0,1,0,0,0,0,0,792115,5951,5830672,816
204481,11,3,3030405,Karow Nord                                                                                          ,3300411,2018,8,8,5,2,5,5,0,0,1,0,0,0,0,0,803670,664,5839614,1
204482,11,5,5020523,Maulbeerallee,5200528,2018,9,13,2,2,1,5,0,1,1,0,0,0,0,0,782787,4367,5826749,41
204483,11,12,12302107,Schorfheidestra�e                                                                                   ,12601236,2018,8,9,5,3,9,1,0,0,1,0,0,0,0,1,793843,4148,5836157,826
204484,11,8,8010508,Wei�e Siedlung,8100520,2018,8,10,1,3,0,4,0,1,0,1,0,0,0,0,802951,3326,5822832,42
204485,11,4,4030415,Schlo�garten,4300619,2018,9,13,2,3,2,6,0,0,1,0,1,0,0,0,791695,3222,5827527,319
204486,11,4,4030931,Breitscheidplatz,4501042,2018,8,23,5,3,5,2,2,0,1,0,1,0,0,1,794324,6649,5825591,647
204487,11,6,6030610,Lichterfelde West                                                                                   ,6300634,2018,9,12,2,3,6,4,0,0,1,1,0,0,0,0,792427,2731,5818410,823
204488,11,2,2030301,Oranienplatz,2300314,2018,9,12,2,3,0,2,0,1,1,0,0,0,0,0,799901,5317,5825710,76
204489,11,2,2050802,Boxhagener Platz,2500833,2018,8,21,5,3,1,1,2,1,1,0,0,0,0,1,802087,5449,5827155,758
204490,11,9,9051801,Rahnsdorf/Hessenwinkel,9501838,2018,8,21,5,3,5,3,2,0,1,0,0,0,0,1,820379,5322,5819541,902
204491,11,4,4030621,Spreestadt,4300620,2018,9,11,2,3,2,7,0,0,1,0,1,0,0,0,793164,4619,5827771,672
204492,11,2,2020204,Urbanstra�e,2200210,2018,8,20,5,3,0,3,2,0,1,0,0,0,1,1,798490,3296,5825231,356
204493,11,3,3040512,Wilhelmsruh,3400619,2018,8,19,5,3,2,6,1,1,1,0,0,0,0,0,795792,5952,5835150,196
204494,11,5,5020417,Staakener Stra�e                                                                                    ,5200420,2018,9,10,2,3,5,3,0,0,1,0,0,0,0,0,782847,5618,5828575,215
204495,11,2,2040703,Wriezener Bahnhof/Entwicklungsgebiet,2400625,2018,9,10,2,3,5,2,0,1,0,0,0,1,0,0,801759,9411,5826240,973
204496,11,4,4030621,Spreestadt,4300620,2018,8,19,5,3,5,2,2,1,1,0,0,0,0,1,793406,9706,5827394,433
204497,11,8,8041038,Wa�mannsdorfer Chaussee,8401244,2018,9,10,2,2,5,2,0,1,1,0,0,0,0,0,806240,2452,5816366,785
204498,11,1,1022106,Elberfelder Stra�e                                                                                  ,1200522,2018,9,9,2,3,5,3,0,1,1,0,0,0,0,0,794028,6231,5828245,738
204499,11,11,11051332,Karlshorst S�d,11501341,2018,9,5,2,3,3,6,2,1,1,0,0,0,0,0,807240,4675,5824212,893
204500,11,1,1011304,Karl-Marx-Allee,1100311,2018,8,18,5,3,2,6,0,0,1,0,1,0,0,1,799872,6449,5828568,921
204501,11,2,2010102,Mehringplatz,2100102,2018,9,8,2,3,1,5,0,1,1,0,0,0,0,0,797790,978,5826442,539
204502,11,8,8020622,Parchimer Allee,8200727,2018,9,9,2,3,5,7,0,0,1,0,0,0,0,0,801305,9856,5819543,389
204503,11,5,5010101,Hakenfelde Nord,5100104,2018,8,18,5,3,6,4,0,0,1,1,0,0,0,1,785514,4899,5831784,293
204504,11,10,10010311,Landsberger Tor,10100316,2018,8,18,5,3,2,1,0,0,1,0,0,0,0,1,810337,1878,5830961,157
204505,11,2,2010101,Askanischer Platz,2100101,2018,9,8,2,2,3,6,0,1,0,0,0,0,0,0,797635,858,5826375,836
204506,11,2,2030302,Lausitzer Platz,2300315,2018,8,18,5,3,2,6,1,0,1,0,1,0,0,1,800393,2962,5825793,545
204507,11,4,4030930,George-Grosz-Platz,4501041,2018,9,8,2,3,0,3,0,1,0,0,1,0,0,0,793287,7061,5825643,309
204508,11,5,5030731,Gartenfelder Stra�e                                                                                 ,5300737,2018,9,8,2,2,5,2,0,0,1,0,1,0,0,0,787586,5642,5829935,258
204509,11,1,3071536,Teutoburger Platz,3701556,2018,8,17,5,3,0,3,0,1,1,0,0,0,0,1,799081,7838,5829023,418
204510,11,6,6030609,Augustaplatz,6300633,2018,9,8,2,3,5,2,0,1,0,0,0,1,0,0,793277,318,5819083,822
204511,11,3,3061131,Falkplatz,3601142,2018,9,7,2,2,3,6,0,1,0,0,0,0,0,0,798947,1324,5830383,573
204512,11,3,3010102,Buch,3100103,2018,8,17,5,2,0,3,0,0,1,0,1,0,0,1,804591,8658,5840650,562
204513,11,1,1011204,Leipziger Stra�e                                                                                    ,1100207,2018,8,16,5,3,5,3,0,0,1,0,0,0,0,0,798204,7565,5826821,2
204514,11,9,9020501,Obersch�neweide West,9200510,2018,9,7,2,3,3,2,0,1,1,0,0,0,0,0,806506,3812,5822584,909
204515,11,1,1022206,L�neburger Stra�e                                                                                   ,1200628,2018,8,20,5,2,0,1,2,1,0,0,0,0,0,0,796476,8285,5828242,91
204516,11,2,2010103,Moritzplatz,2100104,2018,8,18,5,3,0,1,0,0,0,0,1,0,0,1,799057,605,5826304,987
204517,11,5,5020524,Weinmeisterhornweg,5200528,2018,8,17,5,3,0,1,0,0,0,0,1,0,0,1,783638,8622,5825885,993
204518,11,10,10010308,Marzahner Chaussee,10100311,2018,9,8,2,3,0,4,0,0,0,1,1,0,0,0,806797,9987,5830327,736
204519,11,12,12301203,Wittenau S�d                                                                                        ,12500930,2018,8,11,5,3,5,2,0,0,1,0,0,0,1,1,793042,954,5835174,589
204520,11,1,1011402,Arkonaplatz,1100416,2018,8,6,5,3,5,7,0,1,0,0,0,0,1,0,798566,5343,5829237,24
204521,11,5,5010314,Carl-Schurz-Stra�e                                                                                  ,5100316,2018,9,7,2,3,5,7,0,0,1,0,1,0,0,0,783640,4796,5829143,158
204522,11,1,1033201,Brunnenstra�e                                                                                       ,1300834,2018,8,12,1,3,2,6,0,1,0,0,0,0,0,0,798096,1512,5830002,67
204523,11,2,2010104,Wassertorplatz,2100106,2018,9,7,2,3,5,2,0,0,1,0,0,0,0,0,799069,5462,5825613,812
204524,11,6,6010209,Feuerbachstra�e                                                                                     ,6100209,2018,8,13,4,3,0,3,0,0,1,0,0,0,1,0,794410,7655,5821496,964
204525,11,8,8020619,Buschkrugallee Nord,8200622,2018,9,7,2,3,5,3,0,1,1,0,0,0,0,0,801622,301,5821707,844
204526,11,12,12103115,Breitkopfbecken,12100103,2018,9,7,2,3,2,6,0,1,1,0,0,0,0,0,795462,6285,5833856,232
204527,11,1,1044203,Leopoldplatz,1401048,2018,8,18,4,2,3,6,0,0,1,0,1,0,0,0,795315,4877,5831432,983
204528,11,10,10020414,Helle Mitte,10200421,2018,8,19,4,3,5,2,1,0,1,0,1,0,0,0,812195,1377,5830919,396
204529,11,5,5020523,Maulbeerallee,5200528,2018,9,7,2,3,5,2,0,1,1,0,0,0,0,0,782383,5078,5827030,947
204530,11,2,2030401,Reichenberger Stra�e,2300417,2018,8,22,4,3,5,3,2,1,1,0,0,0,0,0,800640,6218,5825686,59
204531,11,5,5010207,Darbystra�e                                                                                         ,5100209,2018,8,13,1,3,5,3,0,1,1,0,0,0,0,0,782816,5443,5830407,664
204532,11,3,3061430,Volkspark Prenzlauer Berg,3601450,2018,9,7,2,3,0,1,0,1,0,0,0,0,0,0,802275,917,5829279,136
204533,11,6,6010209,Feuerbachstra�e                                                                                     ,6100209,2018,8,20,4,3,0,7,1,0,1,0,1,0,0,0,794263,4238,5821694,461
204534,11,3,3061430,Volkspark Prenzlauer Berg,3601450,2018,9,6,2,3,5,2,0,1,1,0,0,0,0,0,802331,5254,5829224,894
204535,11,2,2030302,Lausitzer Platz,2300316,2018,9,5,2,2,6,2,2,0,1,1,0,0,0,1,800745,3027,5826524,786
204536,11,9,9010202,K�penicker Landstra�e,9100203,2018,8,20,4,3,5,2,2,0,1,0,0,0,0,0,804105,9097,5823594,816
204537,11,4,4030623,Ernst-Reuter-Platz,4300622,2018,9,6,2,3,4,1,0,0,1,0,0,0,0,1,793858,917,5826822,992
204538,11,12,12302211,L�barser Stra�e,12601031,2018,8,19,4,3,0,3,1,0,1,0,1,0,0,0,793745,1142,5837241,11
204539,11,12,12224230,Heiligensee,12400617,2018,9,5,2,3,5,3,0,0,1,0,1,0,0,0,786362,8387,5836915,171
204540,11,1,1011301,Charit�viertel,1100308,2018,9,15,2,3,3,6,0,1,0,0,0,0,1,0,797618,4987,5828308,554
204541,11,3,3051017,Rennbahnstra�e,3501037,2018,8,17,4,3,5,2,0,0,1,0,0,0,0,0,802826,21,5832948,798
204542,11,1,1044203,Leopoldplatz,1401048,2018,9,17,2,3,5,3,0,1,1,0,0,0,0,0,795598,6333,5830994,917
204543,11,3,3061430,Volkspark Prenzlauer Berg,3601450,2018,8,19,4,2,6,2,0,0,0,1,0,1,0,0,802304,1759,5829214,9
204544,11,1,1022206,L�neburger Stra�e                                                                                   ,1200628,2018,8,18,4,3,6,4,0,0,1,1,0,0,0,0,796274,3576,5828509,754
204545,11,8,8010117,Schillerpromenade,8100103,2018,9,20,2,2,6,4,2,0,0,1,1,0,0,0,800703,8879,5822908,501
204546,11,9,9020602,Oberspree,9100409,2018,8,16,4,3,0,1,0,1,0,0,0,0,0,0,807278,4098,5820497,507
204547,11,1,1033101,Soldiner Stra�e                                                                                     ,1300732,2018,9,18,1,3,2,6,0,0,1,0,0,0,0,0,797664,742,5832844,3
204548,11,3,3030405,Karow Nord                                                                                          ,3300411,2018,8,16,4,3,2,2,0,0,1,0,0,0,0,0,803739,6659,5839254,873
204549,11,2,2010104,Wassertorplatz,2100106,2018,9,19,1,3,5,3,0,1,0,0,0,0,0,0,799441,43,5825659,768
204550,11,3,3061228,Erich-Weinert-Stra�e,3601245,2018,9,20,1,3,5,2,2,1,0,0,0,0,1,0,800193,6489,5830930,477
204551,11,7,7010102,Nollendorfplatz,7100102,2018,8,15,4,3,1,5,0,1,1,0,0,0,0,0,795000,4728,5825415,559
204552,11,6,6020301,Alt-Lankwitz,6200311,2018,8,15,4,3,5,3,0,0,1,0,0,0,1,0,796470,6323,5818339,935
204553,11,1,1011301,Charit�viertel,1100308,2018,9,20,1,3,6,4,2,1,0,1,0,0,0,0,797544,127,5828109,342
204554,11,11,11051330,Karlshorst West,11501339,2018,8,15,4,3,5,3,0,0,1,0,0,0,0,0,807086,5309,5824835,29
204555,11,6,6020410,Oberhofer Platz,6200422,2018,8,14,4,3,5,3,0,0,1,0,0,0,0,0,794316,62,5816909,457
204556,11,4,4030620,Alt-Lietzow,4300619,2018,8,14,4,3,5,2,0,1,1,0,0,0,0,0,791902,853,5827433,701
204557,11,4,4030827,Karl-August-Platz,4300623,2018,9,18,1,3,5,7,0,0,0,0,1,0,1,0,792746,6192,5826674,859
204558,11,1,1011304,Karl-Marx-Allee,1100311,2018,9,5,1,3,5,2,2,0,1,0,0,0,0,0,799735,7023,5827564,429
204559,11,8,8020727,Buckow Mitte,8200832,2018,8,14,4,3,1,6,0,0,1,0,1,0,0,0,800766,3205,5816944,697
204560,11,9,9030903,K�lner Viertel,9300923,2018,9,10,1,3,5,3,0,0,1,0,1,0,0,0,808820,5502,5815656,88
204561,11,5,5030730,Zitadellenweg,5300736,2018,9,14,1,3,2,6,0,0,1,0,0,0,0,0,785740,3455,5829286,715
204562,11,9,9051901,Dammvorstadt,9501941,2018,8,14,4,3,5,2,0,1,1,0,0,0,0,0,812049,6506,5821314,216
204563,11,2,2020204,Urbanstra�e,2200210,2018,8,14,4,3,6,4,0,0,1,1,0,0,0,0,798902,9756,5825241,899
204564,11,8,8041037,Alt-Rudow,8401243,2018,9,14,1,3,5,3,0,1,0,0,0,0,0,0,805532,5148,5818568,594
204565,11,4,4031032,Halensee,4500937,2018,8,14,4,3,0,2,0,0,1,0,0,0,1,0,791017,9721,5824861,863
204566,11,2,2010103,Moritzplatz,2100105,2018,8,13,4,3,5,3,0,0,1,0,0,0,0,0,799550,15,5825855,56
204567,11,9,9010302,Sp�thsfelde,9100306,2018,9,15,1,3,5,3,0,0,0,0,1,0,1,0,805214,149,5820581,59