OBJECTID,LAND,BEZ,LOR,STRASSE,LOR_ab_2021,UJAHR,UMONAT,USTUNDE,UWOCHENTAG,UKATEGORIE,UART,UTYP1,ULICHTVERH,IstRad,IstPKW,IstFuss,IstKrad,IstGkfz,IstSonstig,STRZUSTAND,LINREFX,LINREFY,XGCSWGS84,YGCSWGS84
204568,11,1,1033102,Gesundbrunnen,1300733,2018,9,14,1,3,6,7,0,1,0,1,0,0,0,0,797202,2269,5831350,846
204569,11,9,9010302,Sp�thsfelde,9100306,2018,8,12,4,3,5,3,0,1,1,0,0,0,0,0,803051,8557,5820920,869
204570,11,4,4030828,Savignyplatz,4300624,2018,9,13,1,2,5,7,0,0,1,0,0,0,0,1,792973,5423,5826097,513
204571,11,3,3061430,Volkspark Prenzlauer Berg,3601450,2018,8,12,4,3,5,3,0,1,1,0,0,0,0,0,802309,7269,5829229,594
204572,11,1,1044201,Reinickendorfer Stra�e                                                                              ,1401044,2018,9,3,1,3,0,7,2,1,0,0,0,0,0,0,796838,2716,5831499,71
204573,11,3,3040614,Pankow Zentrum                                                                                      ,3400721,2018,9,4,1,2,0,1,2,1,0,0,0,0,0,0,797527,2869,5833258,475
204574,11,1,1044201,Reinickendorfer Stra�e                                                                              ,1401045,2018,8,12,4,3,0,6,0,1,1,0,0,0,0,0,796883,7351,5831553,273
204575,11,2,2050601,Hausburgviertel,2500726,2018,9,12,7,3,5,3,0,1,1,0,0,0,0,0,801966,6973,5829025,696
204576,11,3,3040614,Pankow Zentrum                                                                                      ,3400721,2018,9,11,7,3,2,7,0,0,1,0,1,0,0,0,798389,9811,5833054,453
204577,11,12,12214125,Waldidyll/Flughafensee,12200414,2018,8,11,4,3,2,6,0,0,1,0,0,0,0,0,792039,1733,5831766,144
204578,11,6,6020410,Oberhofer Platz,6200422,2018,8,10,4,3,1,5,0,1,1,0,0,0,1,0,794361,5546,5817605,865
204579,11,1,1044201,Reinickendorfer Stra�e                                                                              ,1401043,2018,9,23,7,3,4,6,2,1,1,0,0,0,0,0,796161,3273,5830771,426
204580,11,6,6030501,Berlepschstra�e                                                                                     ,6300524,2018,8,10,4,2,1,5,0,1,0,0,0,1,0,0,787583,3167,5817011,925
204581,11,7,7070701,Kettinger Stra�e/Schillerstra�e                                                                     ,7601442,2018,8,9,4,2,6,4,0,0,1,1,0,0,0,0,798717,146,5816025,989
204582,11,3,3061126,Arnimplatz,3601140,2018,9,13,7,3,2,6,0,1,0,0,0,0,0,0,798327,548,5831438,307
204583,11,5,5010314,Carl-Schurz-Stra�e                                                                                  ,5100316,2018,8,17,1,3,5,2,0,0,1,0,0,0,1,0,784782,4388,5828810,215
204584,11,2,2020206,Graefekiez,2200213,2018,9,15,7,3,6,4,0,1,0,1,0,0,0,0,800305,5919,5824558,448
204585,11,1,1022207,Hansaviertel,1200629,2018,8,9,4,3,5,3,0,1,1,0,0,0,0,0,794875,4582,5827726,938
204586,11,1,1022105,Zwinglistra�e                                                                                       ,1200521,2018,9,18,7,3,4,5,0,0,1,0,1,0,0,0,793770,651,5828321,72
204587,11,4,4030518,Tegeler Weg,4300517,2018,8,9,4,3,6,4,0,1,0,1,0,0,0,0,791784,587,5828216,793
204588,11,3,3071638,Winsstra�e,3701659,2018,8,8,4,3,0,1,0,0,0,0,1,0,0,0,799661,7174,5829001,895
204589,11,2,2040501,Barnimkiez,2400520,2018,9,19,7,3,0,6,1,1,1,0,0,0,0,0,800443,5871,5828720,914
204590,11,11,11010309,Zingster Stra�e West,11100308,2018,8,8,4,3,0,3,0,0,1,0,0,0,1,0,804694,5098,5833956,938
204591,11,1,1022106,Elberfelder Stra�e                                                                                  ,1200522,2018,8,8,4,3,5,2,0,0,1,0,1,0,0,0,794566,883,5828341,696
204592,11,1,1022104,Emdener Stra�e                                                                                      ,1200520,2018,9,17,7,2,3,6,0,0,1,0,1,0,0,0,794554,8758,5829022,707
204593,11,11,11040926,Weitlingstra�e,11400931,2018,8,7,4,2,6,4,0,0,1,1,0,0,0,0,806597,9694,5826880,655
204594,11,2,2010103,Moritzplatz,2100105,2018,9,18,7,2,1,5,0,1,1,0,0,0,0,0,799049,9947,5825821,815
204595,11,3,3030711,Blankenburg,3300514,2018,8,7,4,3,5,2,0,1,1,0,0,0,0,0,801607,5757,5836135,8
204596,11,8,8010301,Reuterkiez,8100311,2018,9,12,7,3,3,3,0,0,1,0,0,0,0,0,800534,554,5824456,305
204597,11,7,7020203,Kaiser-Wilhelm-Platz,7200409,2018,9,15,7,3,1,5,0,1,1,0,0,0,0,0,795042,6274,5824337,858
204598,11,1,1011204,Leipziger Stra�e                                                                                    ,1100207,2018,8,6,4,3,5,2,0,0,1,0,1,0,0,0,798696,923,5827085,797
204599,11,4,4030620,Alt-Lietzow,4300619,2018,8,6,4,3,5,2,0,1,1,0,0,0,0,0,792765,5758,5827046,735
204600,11,9,9051901,Dammvorstadt,9501940,2018,8,2,4,2,9,7,2,0,1,0,0,0,0,0,811985,1889,5821552,484
204601,11,11,11051330,Karlshorst West,11501339,2018,9,16,7,3,6,4,0,1,1,1,0,0,0,0,806645,9509,5824892,861
204602,11,4,4030518,Tegeler Weg,4300517,2018,9,14,7,3,5,2,0,0,1,0,0,0,0,0,791387,5746,5828587,206
204603,11,2,2010103,Moritzplatz,2100104,2018,8,8,4,3,1,5,0,1,1,0,0,0,0,0,799134,9489,5826275,428
204604,11,9,9020502,Obersch�neweide Ost,9200512,2018,9,18,7,3,3,6,0,0,1,0,0,0,1,0,808553,9719,5821644,514
204605,11,4,4051446,Preu�enpark,4501043,2018,9,10,7,3,5,3,0,0,1,0,1,0,0,0,792610,1024,5824956,951
204606,11,10,10030727,Biesdorf S�d                                                                                        ,10300734,2018,8,15,3,3,0,3,0,1,0,0,0,0,1,0,809819,4936,5826942,984
204607,11,8,8041037,Alt-Rudow,8401243,2018,9,13,7,2,0,1,0,1,0,0,0,0,0,0,805480,172,5818455,558
204608,11,1,1011305,Heine-Viertel West,1100312,2018,8,15,3,3,0,6,0,1,0,0,0,0,0,0,799300,5612,5826875,172
204609,11,2,2010103,Moritzplatz,2100104,2018,9,14,7,2,0,1,0,0,0,0,1,0,0,0,799424,6269,5826160,73
204610,11,4,4030621,Spreestadt,4300620,2018,9,9,7,3,7,7,0,0,0,0,0,0,1,0,793835,5879,5827267,6
204611,11,4,4051549,Rathaus Wilmersdorf,4501146,2018,8,17,3,3,1,7,0,1,1,0,0,0,0,0,792511,4739,5823978,724
204612,11,4,4010103,Paul-Hertz-Siedlung,4100102,2018,8,16,3,3,0,4,0,0,0,1,1,0,0,0,791625,1039,5829739,924
204613,11,12,12214126,Tegel S�d                                                                                           ,12200413,2018,9,20,7,3,1,5,2,1,1,0,1,0,0,0,790537,3417,5834297,343
204614,11,1,1011102,Gro�er Tiergarten,1100102,2018,8,15,3,3,2,6,0,1,0,0,0,0,0,0,795162,1008,5826979,499
204615,11,4,7030301,Friedenau,7300515,2018,8,15,3,3,6,7,0,0,1,1,0,0,0,0,793390,1325,5822272,98
204616,11,6,6040809,Thielallee,6400843,2018,9,8,7,3,1,5,0,1,1,0,0,0,0,0,792250,5143,5820576,58
204617,11,3,3040614,Pankow Zentrum                                                                                      ,3400721,2018,9,6,7,3,1,6,0,0,1,0,0,0,0,0,798088,7359,5833062,13
204618,11,12,12214422,Klixstra�e                                                                                          ,12200310,2018,8,14,3,3,5,2,0,0,1,0,0,0,0,0,792218,161,5833730,886
204619,11,9,9020702,Adlershof Ost,9200717,2018,9,20,7,3,5,3,2,0,1,0,0,0,0,0,809364,936,5819655,504
204620,11,7,7010102,Nollendorfplatz,7100102,2018,9,20,7,3,5,2,2,1,1,0,0,0,0,0,795008,703,5825636,284
204621,11,8,8020622,Parchimer Allee,8200727,2018,8,14,3,3,2,6,0,0,1,0,1,0,0,0,802194,3684,5819265,784
204622,11,2,2010103,Moritzplatz,2100104,2018,8,13,3,3,5,7,0,0,1,0,1,0,0,0,799175,8139,5826259,597
204623,11,2,2040701,Andreasviertel,2400623,2018,9,4,7,3,5,3,2,1,1,0,0,0,0,0,800275,8307,5827631,942
204624,11,1,1011401,Invalidenstra�e                                                                                     ,1100415,2018,9,2,7,2,0,1,2,1,0,0,0,0,0,0,798304,3206,5829372,859
204625,11,4,4051550,Leon-Jessel-Platz,4501147,2018,8,11,3,3,3,6,0,1,0,0,0,0,1,0,793096,3347,5824102,634
204626,11,6,6040810,Dahlem,6400844,2018,8,9,3,3,1,5,0,1,1,0,0,0,0,0,790347,3463,5820514,13
204627,11,8,8010404,Rixdorf,8100415,2018,9,18,7,2,5,2,0,0,1,0,1,0,0,0,801818,541,5823627,203
204628,11,7,7010104,Dennewitzplatz,7100206,2018,8,9,3,3,5,3,0,1,1,0,0,0,0,0,796576,8222,5824830,61
204629,11,1,1022101,Huttenkiez,1200517,2018,8,9,3,3,5,3,0,1,1,0,0,0,0,0,792602,9423,5828766,218
204630,11,10,10010204,Wuhletalstra�e                                                                                      ,10100206,2018,9,21,7,2,0,1,2,0,0,0,1,0,0,0,810065,4781,5832623,82
204631,11,12,12214422,Klixstra�e                                                                                          ,12200310,2018,8,8,6,3,6,7,0,1,0,1,0,0,0,0,791822,6792,5833266,685
204632,11,2,2050802,Boxhagener Platz,2500833,2018,8,7,3,3,0,2,0,1,1,0,0,0,0,0,802182,8927,5827340,769
204633,11,9,9020701,Adlershof West,9200715,2018,8,16,6,3,5,2,0,0,1,0,0,0,0,0,807713,4615,5818118,863
204634,11,5,5010208,Germersheimer Platz,5100210,2018,8,19,6,3,2,7,0,0,1,0,0,0,0,0,783905,7947,5830126,598
204635,11,9,9020702,Adlershof Ost,9200717,2018,8,7,3,3,6,2,0,0,1,1,0,0,0,0,809493,9802,5819501,466
204636,11,3,3010104,Lietzengraben,3100101,2018,8,7,3,3,2,6,0,0,1,0,0,0,0,0,800874,119,5838778,968
204637,11,7,7010101,Wittenbergplatz/Viktoria-Luise-Platz,7100101,2018,8,12,6,3,6,2,0,0,1,1,0,0,0,0,794561,5912,5825781,465
204638,11,8,8010404,Rixdorf,8100417,2018,8,15,3,2,6,4,0,0,1,1,0,0,0,0,801907,6079,5822881,306
204639,11,5,5010314,Carl-Schurz-Stra�e                                                                                  ,5100316,2018,8,15,3,2,0,7,0,1,0,0,0,0,0,0,784651,5891,5829294,759
204640,11,1,1044103,Westliche M�llerstra�e                                                                              ,1400942,2018,8,17,6,3,5,2,0,1,1,0,0,0,0,0,794572,148,5830712,818
204641,11,6,6010101,Fichtenberg,6100101,2018,8,15,3,3,0,1,0,0,0,0,1,0,0,0,793349,2249,5820333,129
204642,11,7,7020203,Kaiser-Wilhelm-Platz,7200409,2018,8,14,3,3,3,3,0,1,1,0,0,0,0,0,795284,133,5823971,758
204643,11,5,5020524,Weinmeisterhornweg,5200528,2018,8,17,6,3,5,3,0,1,1,0,0,0,0,0,783401,631,5826588,262
204644,11,8,8020727,Buckow Mitte,8200832,2018,8,17,6,3,5,2,0,0,1,0,1,0,0,0,801499,8711,5817725,377
204645,11,10,10010310,Alt-Marzahn,10100314,2018,8,12,3,3,0,7,0,1,0,0,0,0,0,0,808693,241,5830154,425
204646,11,1,1033102,Gesundbrunnen,1300733,2018,8,17,6,3,6,4,0,0,1,1,0,0,0,0,797416,387,5831257,55
204647,11,2,2040502,Friedenstra�e,2400521,2018,8,15,6,3,6,4,0,0,1,1,0,0,0,0,801039,5977,5828311,685
204648,11,6,6030608,Schweizer Viertel,6300632,2018,8,11,3,3,0,7,0,0,0,0,1,0,1,0,791557,2191,5816418,661
204649,11,1,1011302,Oranienburger Stra�e                                                                                ,1100309,2018,8,21,3,3,6,4,2,1,0,1,0,0,0,0,798636,437,5828452,652
204650,11,4,4051446,Preu�enpark,4501043,2018,8,15,6,3,5,3,0,1,1,0,0,0,0,0,793024,2436,5824445,44
204651,11,2,2020203,Viktoriapark,2200209,2018,8,18,3,3,1,5,0,1,1,0,0,0,0,0,797522,8838,5824899,953
204652,11,3,3050923,Wei�enseer Spitze,3500934,2018,8,14,6,3,6,2,0,0,1,1,0,0,0,0,801057,8437,5831434,936
204653,11,7,7030301,Friedenau,7300516,2018,8,18,3,3,0,3,0,1,1,0,0,0,0,0,794087,2767,5821729,48
204654,11,7,7060601,Marienfelder Allee Nordwest,7601236,2018,8,15,6,3,5,3,0,0,1,0,0,0,0,0,797289,405,5817296,438
204655,11,2,2040701,Andreasviertel,2400623,2018,8,14,6,3,6,3,0,0,1,1,0,0,0,0,800662,4185,5827504,601
204656,11,2,2050802,Boxhagener Platz,2500833,2018,8,17,3,2,3,6,0,0,0,0,1,0,1,0,802039,4268,5827167,376
204657,11,12,12302107,Schorfheidestra�e                                                                                   ,12601236,2018,8,17,3,2,5,2,0,1,1,0,0,0,0,0,794334,306,5835708,373
204658,11,12,12214421,Reinickes Hof,12200307,2018,8,14,6,3,5,2,0,1,1,0,0,0,0,0,793303,471,5833177,27
204659,11,11,11051330,Karlshorst West,11501339,2018,8,22,3,2,2,6,2,1,0,0,0,0,1,0,807220,111,5825521,162
204660,11,4,4010101,Jungfernheide,4100101,2018,8,13,6,3,5,3,0,0,1,0,0,0,0,0,791286,6306,5830682,766
204661,11,8,8010406,Treptower Stra�e Nord,8100419,2018,8,16,3,3,5,3,0,0,1,0,0,0,1,0,802279,381,5823882,809
204662,11,8,8020727,Buckow Mitte,8200832,2018,8,7,3,1,5,2,0,0,0,0,1,1,0,0,800311,4018,5816736,934
204663,11,1,1011302,Oranienburger Stra�e                                                                                ,1100309,2018,8,13,6,3,5,7,0,1,1,0,0,0,0,0,798322,553,5828697,11
204664,11,9,9020702,Adlershof Ost,9200717,2018,8,10,2,3,1,5,0,1,1,0,0,0,0,0,809417,3279,5819598,336
204665,11,9,9020702,Adlershof Ost,9200717,2018,8,15,6,3,2,6,0,0,1,0,0,0,0,0,809506,8747,5818759,46
204666,11,1,1022206,L�neburger Stra�e                                                                                   ,1200628,2018,8,15,2,3,0,2,0,0,1,0,1,0,0,0,796103,2927,5828427,81
204667,11,8,8030829,Gropiusstadt Nord,8300934,2018,8,17,6,3,2,6,0,0,1,0,0,0,0,0,802864,2043,5818241,395
204668,11,9,9041501,Altstadt Kietz,9401534,2018,8,16,6,3,2,6,0,0,1,0,0,0,0,0,811409,7069,5820145,546
204669,11,11,11051332,Karlshorst S�d,11501341,2018,8,16,2,3,2,6,0,0,1,0,0,0,0,0,807080,8079,5823623,71
204670,11,1,1011204,Leipziger Stra�e                                                                                    ,1100207,2018,8,22,2,3,6,4,2,1,0,1,0,0,0,0,798738,5384,5826916,993
204671,11,5,5010314,Carl-Schurz-Stra�e                                                                                  ,5100316,2018,8,13,6,2,2,2,0,1,1,0,0,0,0,0,784680,562,5829346,265
204672,11,1,1011302,Oranienburger Stra�e                                                                                ,1100310,2018,8,20,2,3,2,6,1,0,1,0,1,0,0,0,799092,8705,5828994,279
204673,11,8,8010118,Silbersteinstra�e,8100105,2018,8,18,2,3,6,4,0,0,1,1,0,0,0,0,801110,3813,5821911,502
204674,11,3,3010102,Buch,3100103,2018,8,14,6,3,5,3,0,0,1,0,0,0,1,0,804386,8738,5841011,686
204675,11,1,1011301,Charit�viertel,1100308,2018,8,19,6,3,9,1,1,0,1,0,0,0,0,0,797001,4339,5828943,671
204676,11,1,1011301,Charit�viertel,1100308,2018,8,18,2,3,3,6,0,1,0,0,1,0,0,0,797063,2126,5828980,929
204677,11,3,3061332,Helmholtzplatz,3601348,2018,8,13,6,3,5,3,0,1,0,0,0,0,0,0,800110,933,5830739,688
204678,11,1,1011302,Oranienburger Stra�e                                                                                ,1100309,2018,9,17,2,3,2,7,0,1,0,0,0,0,1,0,798512,7504,5829030,972
204679,11,4,4020314,Messegel�nde,4200311,2018,8,22,6,2,3,6,2,0,1,0,1,0,0,0,790067,12,5825277,433
204680,11,2,2020206,Graefekiez,2200213,2018,8,18,2,3,2,6,0,0,1,0,1,0,0,0,799823,4473,5824794,558
204681,11,11,11030721,R�digerstra�e,11300725,2018,8,21,6,3,0,6,2,1,0,0,0,0,1,0,805194,7006,5827913,367
204682,11,1,1044203,Leopoldplatz,1401049,2018,8,21,6,3,1,7,2,0,1,0,0,0,0,0,796310,595,5831730,126
204683,11,8,8020619,Buschkrugallee Nord,8200623,2018,8,18,2,3,5,3,0,1,1,0,0,0,0,0,801990,7319,5820671,879
204684,11,9,9020501,Obersch�neweide West,9200510,2018,8,17,2,3,2,2,0,0,1,0,0,0,0,0,806599,5538,5822781,756
204685,11,1,1011402,Arkonaplatz,1100416,2018,8,21,6,3,2,2,2,1,1,0,0,0,0,0,798813,9422,5829365,872
204686,11,4,4051655,Babelsberger Stra�e,4501153,2018,8,17,2,3,5,2,0,1,0,0,0,0,0,0,794158,7567,5824049,938
204687,11,7,7010104,Dennewitzplatz,7100206,2018,9,16,2,3,6,4,0,1,0,1,0,0,0,0,796733,994,5824807,973
204688,11,8,8010406,Treptower Stra�e Nord,8100419,2018,8,17,2,3,5,2,0,0,1,0,1,0,0,0,802121,9871,5824437,104
204689,11,5,5010313,Ackerstra�e                                                                                         ,5100315,2018,8,20,6,3,0,6,2,0,0,0,1,0,0,0,784395,943,5829943,68
204690,11,8,8041038,Wa�mannsdorfer Chaussee,8401244,2018,8,19,6,3,5,3,0,1,0,0,0,0,1,0,805917,1848,5816210,2
204691,11,8,8020622,Parchimer Allee,8200727,2018,8,17,2,3,5,2,0,1,1,0,0,0,0,0,801316,8077,5819563,934
204692,11,2,2010104,Wassertorplatz,2100106,2018,8,18,6,2,5,3,0,1,0,0,1,0,0,0,799066,5705,5825613,594
204693,11,10,10040932,Alt-Mahlsdorf,10400939,2018,8,18,6,3,5,3,0,1,1,0,0,0,0,0,813730,395,5828029,35
204694,11,2,2030302,Lausitzer Platz,2300315,2018,8,15,2,3,2,6,0,1,1,0,0,0,0,0,800228,7327,5825856,748
204695,11,2,2050801,Traveplatz,2500831,2018,8,18,2,3,0,1,0,0,0,0,1,0,0,0,803096,16,5827083,828
204696,11,8,8010301,Reuterkiez,8100312,2018,8,17,6,3,2,6,0,0,1,0,0,0,1,0,800818,8489,5824314,434
204697,11,3,3061430,Volkspark Prenzlauer Berg,3601450,2018,8,10,6,3,5,2,0,1,0,0,0,0,1,0,802410,8,5829257,23
204698,11,12,12302109,Treuenbrietzener Stra�e                                                                             ,12601133,2018,8,18,2,3,5,3,1,0,1,0,0,0,0,0,795009,3609,5836780,981
204699,11,11,11051229,Rummelsburg,11501238,2018,8,19,2,2,8,1,1,0,0,0,1,0,0,0,804499,6968,5825725,525
204700,11,7,7070704,Nahariyastra�e                                                                                      ,7601545,2018,8,10,6,3,1,5,0,1,1,0,0,0,0,0,800192,6423,5813728,54
204701,11,1,1011304,Karl-Marx-Allee,1100311,2018,8,15,2,3,0,6,0,0,1,0,0,0,0,0,799922,2293,5828579,62
204702,11,8,8020727,Buckow Mitte,8200832,2018,9,17,2,3,2,2,0,1,1,0,0,0,0,0,801031,8865,5817057,143
204703,11,2,2010101,Askanischer Platz,2100101,2018,8,17,2,3,5,3,0,1,1,0,0,0,0,0,797852,2925,5825682,316
204704,11,4,4031032,Halensee,4500938,2018,8,10,6,3,0,6,0,0,1,0,0,0,1,0,792253,9699,5825146,729
204705,11,1,1033101,Soldiner Stra�e                                                                                     ,1300730,2018,8,14,1,3,2,6,0,1,1,0,0,0,0,0,796402,2155,5831997,779
204706,11,9,9010301,Baumschulenstra�e,9100305,2018,8,9,6,3,2,6,0,0,1,0,0,0,0,0,804928,1985,5822564,981
204707,11,3,3040614,Pankow Zentrum                                                                                      ,3400725,2018,8,17,2,2,5,7,0,0,1,0,1,0,0,0,798783,3818,5834934,48
204708,11,7,7020202,Volkspark (Rudolf-Wilde-Park),7200308,2018,8,9,6,3,2,6,0,0,1,0,0,0,0,0,794997,6422,5823423,124
204709,11,1,1044202,Sparrplatz,1401046,2018,8,7,2,3,5,3,0,0,1,0,0,0,0,0,794896,5597,5830222,284
204710,11,12,12214424,Scharnweberstra�e                                                                                   ,12200411,2018,9,15,2,3,5,2,0,0,1,0,1,0,0,0,793182,955,5832308,855
204711,11,11,11030721,R�digerstra�e,11300722,2018,8,7,2,3,6,4,0,0,1,1,0,0,0,0,803678,905,5828632,829
204712,11,2,2030402,Wrangelkiez,2300419,2018,8,9,6,2,6,4,0,1,0,1,0,0,0,0,801796,779,5825779,313
204713,11,8,8010303,Donaustra�e,8100314,2018,8,8,2,3,5,2,0,1,1,0,0,0,0,0,801072,9742,5823989,193
204714,11,5,5020523,Maulbeerallee,5200527,2018,9,13,2,2,5,3,0,1,1,0,0,0,0,0,782866,9783,5827284,48
204715,11,1,1044103,Westliche M�llerstra�e                                                                              ,1400942,2018,8,9,6,3,3,6,0,1,1,0,0,0,0,0,794722,8085,5830416,674
204716,11,1,1011105,N�rdlicher Landwehrkanal                                                                            ,1100102,2018,8,2,2,2,6,4,2,0,1,1,0,0,0,0,796690,6805,5826502,288
204717,11,5,5020625,Borkumer Stra�e                                                                                     ,5200629,2018,8,8,2,3,5,3,0,0,1,0,0,0,0,0,784518,3529,5828639,237
204718,11,2,2040701,Andreasviertel,2400521,2018,8,8,6,3,3,6,0,0,1,0,0,0,0,0,800425,79,5827970,688
204719,11,2,2010101,Askanischer Platz,2100101,2018,8,8,2,3,0,1,0,0,0,0,1,0,0,0,797380,4517,5826180,979
204720,11,12,12304314,Ziekowstra�e/Freie Scholle,12500824,2018,8,8,6,2,5,2,0,0,1,0,1,0,0,0,790686,9711,5835380,859
204721,11,3,3061131,Falkplatz,3601142,2018,8,9,2,3,2,2,0,1,1,0,0,0,0,0,799178,8861,5831110,483
204722,11,4,4030828,Savignyplatz,4300624,2018,8,7,6,3,5,7,0,0,1,0,1,0,0,0,793263,362,5826130,895
204723,11,11,11040926,Weitlingstra�e,11400929,2018,8,7,6,3,5,3,0,1,0,0,0,0,0,0,805033,8148,5826691,845
204724,11,1,1011401,Invalidenstra�e                                                                                     ,1100415,2018,8,11,2,3,3,6,0,0,1,0,1,0,0,0,798324,8835,5829351,955
204725,11,2,2010104,Wassertorplatz,2100106,2018,8,11,2,3,0,6,0,1,0,0,0,0,0,0,798999,975,5825433,154
204726,11,8,8010301,Reuterkiez,8100311,2018,8,12,2,3,5,2,0,1,1,0,0,0,0,0,800668,5037,5824373,414
204727,11,9,9020802,K�llnische Vorstadt                                                                                 ,9200819,2018,8,7,6,3,5,3,0,0,1,0,1,0,0,0,810486,3744,5820100,733
204728,11,6,6040810,Dahlem,6400844,2018,8,13,2,3,6,4,0,0,1,1,0,0,0,0,791400,1058,5820644,382
204729,11,10,10010203,Gewerbegebiet Bitterfelder Stra�e                                                                   ,10100205,2018,8,6,6,3,0,6,1,0,0,0,1,0,1,0,807913,9855,5833486,496
204730,11,4,4030725,Amtsgerichtsplatz,4300416,2018,8,9,2,3,5,2,0,0,1,0,1,0,0,0,791697,1376,5826193,85
204731,11,11,11020513,Orankesee,11200512,2018,8,5,6,3,5,2,1,1,1,0,0,0,0,0,803024,5698,5830782,975
204732,11,3,3061332,Helmholtzplatz,3601348,2018,8,8,6,2,5,3,0,1,0,0,0,0,1,0,799839,1588,5830802,113
204733,11,4,4020311,Reichsstra�e,4200310,2018,8,18,2,3,5,2,0,0,1,0,0,0,0,0,789634,7464,5826486,423
204734,11,7,7070704,Nahariyastra�e                                                                                      ,7601545,2018,8,11,6,2,5,2,0,1,1,0,0,0,0,0,800213,8789,5814076,556
204735,11,6,6020410,Oberhofer Platz,6200422,2018,8,11,6,3,0,1,0,0,0,0,1,0,0,0,794237,9045,5817545,957
204736,11,9,9051901,Dammvorstadt,9501939,2018,8,14,2,3,2,6,0,1,1,0,0,0,0,0,810638,5455,5820305,881
204737,11,4,4030519,Kaiserin-Augusta-Allee,4300518,2018,8,8,2,3,5,2,0,1,1,0,0,0,0,0,792622,9999,5828270,756
204738,11,4,4041136,Hagenplatz,4400728,2018,8,13,5,3,6,7,0,0,1,1,0,0,0,0,790663,3934,5822766,87
204739,11,9,9020601,Schnellerstra�e                                                                                     ,9200613,2018,8,15,2,3,5,3,0,0,1,0,1,0,0,0,807339,7161,5821055,257
204740,11,9,9010402,Johannisthal Ost,9100409,2018,8,15,2,3,2,2,0,1,1,0,0,0,0,0,806321,1236,5819352,279
204741,11,5,5010204,Griesingerstra�e                                                                                    ,5100206,2018,8,9,5,3,5,5,0,0,1,0,1,0,0,1,781799,2061,5831626,361
204742,11,4,4020310,Park Ruhwald,4200308,2018,8,9,5,3,2,6,0,0,1,0,0,0,0,1,790527,1298,5827329,925
204743,11,11,11010205,Falkenberg West,11100204,2018,8,15,2,3,6,2,0,0,1,1,0,0,0,0,806309,195,5833911,167
204744,11,12,12103117,Letteplatz,12100101,2018,8,10,5,3,3,6,0,0,1,0,0,0,0,1,795856,1307,5832605,343
204745,11,1,1011202,Unter den Linden Nord,1100206,2018,8,10,5,3,5,2,0,1,1,0,0,0,0,1,797198,5879,5827497,557
204746,11,1,1011302,Oranienburger Stra�e                                                                                ,1100309,2018,8,15,2,3,5,3,0,0,1,0,0,0,0,0,797981,1345,5828662,62
204747,11,9,9010401,Johannisthal West,9100408,2018,8,15,2,3,5,3,0,0,1,0,1,0,0,0,806295,7835,5820693,44
204748,11,9,9020502,Obersch�neweide Ost,9200512,2018,8,11,5,3,5,3,0,1,1,0,0,0,0,1,808012,2776,5821941,157
204749,11,12,12301203,Wittenau S�d                                                                                        ,12500930,2018,8,16,2,3,2,6,0,0,1,0,0,0,0,0,792466,3241,5834286,87
204750,11,1,1011201,Wilhelmstra�e                                                                                       ,1100205,2018,8,14,2,3,5,7,0,0,1,0,0,0,0,0,797030,8489,5826868,466
204751,11,1,1011306,Heine-Viertel Ost,1100313,2018,8,11,5,3,5,2,0,1,0,0,0,1,0,1,799984,3723,5826927,905
204752,11,12,12224229,Konradsh�he/Tegelort,12400616,2018,8,10,2,2,4,6,0,0,1,0,0,0,0,0,786087,3973,5835215,409
204753,11,4,4041137,Flinsberger Platz,4400727,2018,8,11,5,3,5,2,0,0,1,0,0,0,1,1,790962,9058,5823017,77
204754,11,3,3040614,Pankow Zentrum                                                                                      ,3400723,2018,8,11,2,3,0,1,0,0,0,0,1,0,0,1,799136,2171,5833850,959
204755,11,4,4041241,Breite Stra�e,4400832,2018,8,5,2,3,0,1,1,0,0,0,1,0,0,0,791906,263,5822175,9
204756,11,4,4030931,Breitscheidplatz,4501042,2018,8,9,5,3,3,6,0,1,0,0,0,0,1,0,793988,2347,5826056,497
204757,11,7,7030303,Grazer Platz,7300619,2018,8,12,5,3,5,7,0,1,1,0,0,0,0,1,795049,9909,5821617,333
204758,11,9,9041402,Siedlung K�mmereiheide,9401432,2018,8,17,2,3,0,1,0,0,0,0,1,0,1,0,812138,2188,5820061,438
204759,11,7,7070705,Franziusweg/Rohrbachstra�e                                                                          ,7601546,2018,8,14,5,3,5,3,0,0,1,0,0,0,0,0,798379,288,5813629,1