OBJECTID,LAND,BEZ,LOR,STRASSE,LOR_ab_2021,UJAHR,UMONAT,USTUNDE,UWOCHENTAG,UKATEGORIE,UART,UTYP1,ULICHTVERH,IstRad,IstPKW,IstFuss,IstKrad,IstGkfz,IstSonstig,STRZUSTAND,LINREFX,LINREFY,XGCSWGS84,YGCSWGS84
204760,11,7,7070703,John-Locke-Stra�e                                                                                   ,7601544,2018,8,9,5,3,5,3,0,1,1,0,0,0,0,0,799609,2497,5813974,771
204761,11,4,4030415,Schlo�garten,4300412,2018,8,14,1,3,2,6,0,0,1,0,0,0,0,0,790864,5272,5827394,61
204762,11,1,1033203,Humboldthain Nordwest                                                                               ,1300836,2018,8,18,1,3,5,2,0,1,1,0,0,0,0,0,796279,347,5830398,193
204763,11,12,12301203,Wittenau S�d                                                                                        ,12500926,2018,8,9,5,3,2,6,0,0,1,0,0,0,0,1,793645,8469,5836128,713
204764,11,2,2030401,Reichenberger Stra�e,2300417,2018,8,10,1,3,6,4,0,0,1,1,0,0,0,0,800741,224,5825721,618
204765,11,2,2030302,Lausitzer Platz,2300316,2018,8,9,5,3,5,2,0,1,1,0,0,0,0,1,801621,3502,5826052,913
204766,11,7,7030301,Friedenau,7300516,2018,8,12,1,3,6,7,0,0,0,1,1,0,0,0,794023,5105,5821640,294
204767,11,12,12214423,Mellerbogen,12200308,2018,9,17,5,2,5,2,0,1,1,0,0,0,0,0,792608,5137,5833878,79
204768,11,8,8041035,Blumenviertel,8401241,2018,9,6,3,2,2,6,2,0,1,0,1,0,0,0,805494,2116,5818594,522
204769,11,2,2030301,Oranienplatz,2300314,2018,9,17,5,3,1,5,0,1,1,0,0,0,0,0,799860,3593,5825997,266
204770,11,8,8020622,Parchimer Allee,8200726,2018,9,17,5,3,5,2,0,1,1,0,0,0,0,0,801314,1921,5819953,261
204771,11,5,5030730,Zitadellenweg,5300736,2018,9,5,3,3,3,6,1,0,1,0,1,0,0,0,785582,6368,5829254,919
204772,11,6,6010207,Mittelstra�e                                                                                        ,6100207,2018,9,13,3,3,5,3,0,1,1,0,0,0,0,0,793720,2506,5819788,192
204773,11,11,11051331,Karlshorst Nord,11501340,2018,9,16,5,2,2,6,0,0,1,0,0,0,0,0,807817,3222,5825199,774
204774,11,3,3040614,Pankow Zentrum                                                                                      ,3400725,2018,9,5,3,3,5,7,2,0,1,0,1,0,0,1,798710,9384,5834916,468
204775,11,3,3020307,Buchholz,3200310,2018,9,15,5,3,2,6,0,0,1,0,0,0,0,0,799836,7016,5839298,156
204776,11,1,1022101,Huttenkiez,1200517,2018,9,12,3,3,6,2,0,0,1,1,0,0,0,0,793406,9284,5829077,933
204777,11,2,2010102,Mehringplatz,2100102,2018,9,15,5,3,3,6,0,1,0,0,0,0,1,0,798082,912,5825495,966
204778,11,12,12224229,Konradsh�he/Tegelort,12400616,2018,9,18,5,3,5,3,0,0,1,0,0,0,0,0,786318,5402,5834448,5
204779,11,4,4030726,Droysenstra�e,4500936,2018,9,11,3,3,2,6,0,0,0,0,1,0,1,0,792088,4324,5825794,804
204780,11,3,3040818,Pankow S�d                                                                                          ,3400829,2018,9,11,3,2,5,3,0,1,0,0,0,0,1,0,799662,4816,5832816,656
204781,11,10,10020415,Hellersdorfer Promenade,10200422,2018,9,11,3,3,5,2,0,1,1,0,0,0,0,0,812094,7544,5831799,312
204782,11,1,1011303,Alexanderplatzviertel,1100310,2018,9,14,5,3,2,6,0,0,1,0,1,0,1,0,799203,8278,5828464,66
204783,11,7,7010102,Nollendorfplatz,7100102,2018,9,14,5,3,0,4,0,0,0,1,0,0,1,0,794972,6603,5825120,892
204784,11,12,12103117,Letteplatz,12100101,2018,9,9,3,3,5,3,0,0,1,0,0,0,0,0,796266,8316,5832379,256
204785,11,3,3010101,Bucher Forst,3100101,2018,9,9,3,3,5,3,0,1,1,0,0,0,0,0,803850,9477,5841447,531
204786,11,11,11030720,Herzbergstra�e,11300721,2018,9,15,3,3,2,6,0,0,1,0,0,0,0,0,804897,9097,5829951,442
204787,11,3,3050923,Wei�enseer Spitze,3500934,2018,9,14,5,3,5,3,0,0,1,0,1,0,0,0,800540,266,5832082,506
204788,11,2,2010102,Mehringplatz,2100102,2018,9,9,3,3,1,5,0,0,1,0,0,0,0,0,797810,5522,5826196,153
204789,11,9,9020501,Obersch�neweide West,9200510,2018,9,8,3,2,5,2,0,1,1,0,0,0,0,0,806371,388,5822235,197
204790,11,1,1011201,Wilhelmstra�e                                                                                       ,1100205,2018,9,13,5,3,3,6,0,1,1,0,0,0,0,0,796963,7565,5826946,92
204791,11,4,4031032,Halensee,4500937,2018,9,9,3,3,2,6,0,0,1,0,0,0,0,0,791714,2028,5825145,708
204792,11,9,9030902,Wohngebiet II,9300922,2018,9,13,5,3,5,3,0,0,1,0,0,0,0,0,808183,4305,5815760,528
204793,11,4,4030725,Amtsgerichtsplatz,4300416,2018,9,10,5,3,6,4,0,0,1,1,0,0,0,0,791484,917,5826012,833
204794,11,3,3040614,Pankow Zentrum                                                                                      ,3400721,2018,9,9,3,3,6,4,0,0,1,1,0,0,0,0,798217,8018,5833001,421
204795,11,2,2040701,Andreasviertel,2400521,2018,9,13,3,3,2,6,0,0,1,0,0,0,0,0,800374,9679,5827894,367
204796,11,11,11040925,Victoriastadt,11400927,2018,9,10,5,3,5,3,0,1,1,0,0,0,0,0,803622,4219,5826581,314
204797,11,3,3071639,B�tzowstra�e,3701660,2018,9,13,3,3,5,3,0,0,1,0,1,0,0,0,800905,588,5829196,165
204798,11,6,6020301,Alt-Lankwitz,6200311,2018,9,17,2,3,5,7,0,0,1,0,0,0,0,0,795836,6424,5819065,839
204799,11,2,2030301,Oranienplatz,2300314,2018,9,9,5,3,0,2,0,1,1,0,0,0,0,0,799917,2167,5825975,349
204800,11,1,1011303,Alexanderplatzviertel,1100310,2018,9,9,5,3,2,7,0,1,1,0,0,0,0,0,799019,973,5828495,724
204801,11,4,4031032,Halensee,4500938,2018,9,13,2,3,0,1,0,1,1,0,0,0,0,0,791755,7919,5824825,995
204802,11,3,3010102,Buch,3100103,2018,9,9,5,3,5,3,0,0,1,0,0,0,0,0,804238,6124,5840166,86
204803,11,2,2020204,Urbanstra�e,2200210,2018,9,8,5,3,5,2,0,1,1,0,0,0,0,0,798700,2066,5824703,565
204804,11,7,7010103,Barbarossaplatz,7100204,2018,9,8,5,3,3,2,0,1,0,0,1,0,0,0,795494,7956,5824667,855
204805,11,6,6040807,Zehlendorf Eiche                                                                                    ,6400841,2018,9,18,2,3,2,6,0,0,1,0,0,0,0,0,789692,335,5818410,545
204806,11,4,4051652,Nikolsburger Platz,4501149,2018,9,7,5,3,5,2,0,1,1,0,0,0,0,0,793453,303,5824402,434
204807,11,4,4051549,Rathaus Wilmersdorf,4501146,2018,9,7,5,3,5,3,0,1,0,0,0,0,0,0,792854,3952,5823876,449
204808,11,2,2030302,Lausitzer Platz,2300316,2018,9,18,2,3,5,2,0,1,1,0,0,0,0,0,801470,658,5826032,482
204809,11,4,4030621,Spreestadt,4300620,2018,9,17,2,3,5,2,0,1,1,0,0,0,0,0,793879,1896,5826970,887
204810,11,5,5010101,Hakenfelde Nord,5100103,2018,9,6,5,3,5,2,0,0,1,0,1,0,0,0,785619,5976,5832034,89
204811,11,5,5040935,Gro�-Glienicker Weg,5400942,2018,9,17,2,3,2,6,0,0,1,0,0,0,1,0,782741,3833,5820924,806
204812,11,4,4030726,Droysenstra�e,4500936,2018,9,13,5,3,5,3,0,0,1,0,0,0,1,0,792090,9128,5825308,948
204813,11,7,7050503,Eisenacher Stra�e                                                                                   ,7501031,2018,9,11,5,3,3,6,0,1,0,0,0,0,0,0,799146,1542,5819901,596
204814,11,4,4020204,Olympiagel�nde,4200203,2018,9,17,2,3,3,2,0,0,1,0,1,0,0,0,787713,4546,5826431,47
204815,11,10,10010203,Gewerbegebiet Bitterfelder Stra�e                                                                   ,10100205,2018,9,13,5,3,5,3,0,1,1,0,0,0,0,0,808470,6624,5833236,176
204816,11,1,7010101,Wittenbergplatz/Viktoria-Luise-Platz,7100101,2018,9,9,5,3,5,2,0,1,1,1,0,0,0,0,794697,579,5826033,499
204817,11,4,4051551,Brabanter Platz,4501148,2018,9,16,2,2,5,2,0,0,1,0,1,0,0,0,792823,25,5823227,342
204818,11,1,1011301,Charit�viertel,1100308,2018,9,16,2,2,6,4,0,0,1,1,0,0,0,0,796973,5034,5829274,109
204819,11,8,8010118,Silbersteinstra�e,8100104,2018,9,13,5,3,2,2,0,1,1,0,0,0,0,0,800807,5373,5822639,329
204820,11,3,3040512,Wilhelmsruh,3400619,2018,9,15,2,3,5,3,0,1,1,0,0,0,0,0,795956,5159,5835567,7
204821,11,1,1033201,Brunnenstra�e                                                                                       ,1300834,2018,9,15,2,3,2,6,0,0,1,0,1,0,0,0,797678,8033,5830710,152
204822,11,6,6020411,Sch�tte-Lanz-Stra�e                                                                                 ,6200423,2018,9,14,2,3,2,6,0,0,1,0,0,0,1,0,793387,3497,5816216,625
204823,11,4,4031032,Halensee,4500938,2018,9,9,5,2,5,2,0,0,1,0,1,0,0,0,792065,2418,5824898,982
204824,11,10,10010310,Alt-Marzahn,10100315,2018,9,14,2,3,5,2,0,1,1,0,0,0,0,0,809941,5157,5831628,363
204825,11,6,6030503,Zehlendorf Mitte                                                                                    ,6300527,2018,9,13,2,2,5,2,0,1,1,0,0,0,0,0,790369,994,5818260,119
204826,11,2,2010102,Mehringplatz,2100102,2018,9,8,5,3,5,3,0,0,1,0,1,0,0,0,798047,9462,5826489,651
204827,11,11,11051331,Karlshorst Nord,11501340,2018,9,8,3,3,2,6,0,0,0,0,0,1,0,0,807343,3985,5825105,104
204828,11,8,8010510,Gewerbegebiet K�llnische Heide,8100521,2018,9,8,5,3,9,1,0,0,1,0,0,0,0,0,802069,5575,5822105,19
204829,11,8,8010214,Glasower Stra�e,8100209,2018,9,12,2,3,3,6,0,1,0,0,0,1,0,0,801728,5884,5822354,185
204830,11,8,8020622,Parchimer Allee,8200726,2018,9,7,5,2,5,3,0,1,0,0,0,0,0,0,802017,2637,5820326,36
204831,11,10,10020414,Helle Mitte,10200421,2018,9,13,5,3,5,3,0,1,1,0,0,0,0,0,812065,2877,5830623,335
204832,11,5,5030730,Zitadellenweg,5300736,2018,9,12,2,3,2,2,0,0,1,0,0,0,1,0,785743,2664,5829268,401
204833,11,4,4051654,Wilhelmsaue,4501150,2018,9,12,2,3,3,6,0,0,0,0,1,0,1,0,793371,2381,5823923,974
204834,11,2,2030302,Lausitzer Platz,2300316,2018,9,14,3,3,3,6,0,0,1,0,0,1,0,0,801454,372,5826033,951
204835,11,7,7040403,Manteuffelstra�e                                                                                    ,7400823,2018,9,12,5,3,5,2,0,0,1,0,0,0,0,0,797240,7128,5820714,922
204836,11,8,8010117,Schillerpromenade,8100102,2018,9,11,2,3,6,4,0,0,0,1,0,0,1,0,800516,4891,5823436,288
204837,11,12,12214424,Scharnweberstra�e                                                                                   ,12200309,2018,9,8,3,3,5,2,0,1,0,0,0,1,0,0,793339,711,5832401,581
204838,11,12,12224230,Heiligensee,12400618,2018,9,12,5,2,0,7,0,1,1,0,0,0,0,0,787997,7363,5837424,643
204839,11,2,2010104,Wassertorplatz,2100106,2018,9,14,2,3,2,6,0,0,1,0,0,0,0,0,799753,5822,5825690,345
204840,11,5,5030832,Rohrdamm,5300839,2018,9,12,5,2,5,3,0,0,1,0,0,0,0,0,789592,4316,5829626,112
204841,11,8,8020619,Buschkrugallee Nord,8200622,2018,9,12,5,3,3,6,0,0,1,0,1,0,0,0,801226,5386,5821682,799
204842,11,7,7020202,Volkspark (Rudolf-Wilde-Park),7200308,2018,9,16,2,3,0,7,0,1,0,0,0,0,0,0,794647,991,5823914,465
204843,11,12,12304313,Borsigwalde,12500825,2018,9,15,3,3,5,2,0,1,1,0,0,0,0,0,792385,168,5835225,335
204844,11,5,5010209,An der Kappe,5100211,2018,9,11,5,3,5,2,0,0,1,0,0,0,0,0,781905,9622,5829566,103
204845,11,1,1044101,Rehberge,1400937,2018,9,20,2,2,6,4,2,0,1,1,0,0,0,0,794155,4224,5831882,197
204846,11,9,8041037,Alt-Rudow,8401243,2018,9,11,5,3,3,6,0,1,0,0,0,0,0,0,805689,1574,5818777,364
204847,11,7,7040403,Manteuffelstra�e                                                                                    ,7400825,2018,9,11,5,3,1,3,0,0,1,0,0,0,1,0,797350,6814,5821086,665
204848,11,9,9020501,Obersch�neweide West,9200510,2018,9,10,2,3,2,6,0,0,1,0,0,0,0,0,806106,555,5823397,571
204849,11,4,4030827,Karl-August-Platz,4300623,2018,9,11,5,3,2,2,0,0,1,0,0,0,0,0,792527,2561,5826100,467
204850,11,4,4051446,Preu�enpark,4501043,2018,9,10,2,3,5,3,0,1,1,0,0,0,0,0,792748,5036,5824937,62
204851,11,12,12304313,Borsigwalde,12500825,2018,9,10,2,3,2,6,0,0,1,0,0,0,0,0,792332,8283,5835047,591
204852,11,3,3050923,Wei�enseer Spitze,3500934,2018,9,14,3,2,0,1,0,1,0,0,0,0,0,0,801038,8484,5831666,1
204853,11,5,5030730,Zitadellenweg,5300735,2018,9,10,5,3,2,6,0,1,0,0,0,0,1,0,786306,5186,5830462,847
204854,11,5,5020626,Adamstra�e                                                                                          ,5200631,2018,9,9,2,3,5,3,0,1,1,0,0,0,0,0,784595,8351,5827970,718
204855,11,6,6040809,Thielallee,6400843,2018,9,7,5,3,6,7,0,1,0,1,0,0,0,0,790430,3358,5819041,408
204856,11,2,2010102,Mehringplatz,2100102,2018,9,9,2,3,2,6,0,0,1,0,0,0,0,0,798451,9835,5826556,589
204857,11,2,7040401,Neu-Tempelhof,7400720,2018,9,15,5,2,3,6,0,0,0,0,0,0,1,0,797761,442,5823954,551
204858,11,10,10010308,Marzahner Chaussee,10100311,2018,9,7,4,3,2,7,0,0,1,0,0,0,0,0,807579,5596,5829186,93
204859,11,7,7040401,Neu-Tempelhof,7400720,2018,9,9,2,3,3,6,0,1,1,0,0,0,0,0,797166,3202,5823799,694
204860,11,4,4010101,Jungfernheide,4100101,2018,9,16,2,3,5,2,0,1,1,0,0,0,0,0,790422,2934,5829042,969
204861,11,4,4041134,Bismarckallee,4400726,2018,9,11,4,3,2,6,0,0,1,0,0,0,0,0,790859,346,5824560,315
204862,11,10,10010102,Havemannstra�e                                                                                      ,10100104,2018,9,9,2,2,6,4,0,0,1,1,0,0,0,0,810001,6926,5834099,2
204863,11,10,10010206,Ringkolonnaden,10100209,2018,9,22,2,3,6,2,2,0,1,1,0,0,0,0,809668,603,5832110,683
204864,11,1,1011401,Invalidenstra�e                                                                                     ,1100415,2018,9,21,2,3,5,7,2,0,1,0,1,0,0,0,797310,3746,5829114,301
204865,11,1,1033101,Soldiner Stra�e                                                                                     ,1300732,2018,9,18,4,3,0,2,0,1,1,0,0,0,0,0,797283,1391,5832230,355
204866,11,1,1033201,Brunnenstra�e                                                                                       ,1300834,2018,9,20,4,3,3,6,2,0,1,0,1,0,0,0,798423,3028,5830177,583
204867,11,1,1011301,Charit�viertel,1100308,2018,9,21,2,3,5,2,2,1,1,0,0,0,0,0,797173,6775,5829176,672
204868,11,6,6030503,Zehlendorf Mitte                                                                                    ,6300527,2018,9,18,4,3,2,6,0,0,1,0,1,0,0,0,790946,6736,5818095,645
204869,11,9,9020701,Adlershof West,9200715,2018,9,20,4,3,5,2,1,1,1,0,0,0,0,0,809333,3161,5818492,577
204870,11,12,12302212,Rollbergesiedlung,12601032,2018,9,20,2,3,5,7,2,0,1,0,0,0,1,0,793490,8158,5837821,555
204871,11,11,11020411,Malchower Weg,11200410,2018,9,19,2,3,2,6,2,0,1,0,0,0,0,0,806276,7659,5832102,493
204872,11,4,4030726,Droysenstra�e,4500936,2018,9,19,4,3,1,5,0,0,1,0,1,0,0,0,791760,4201,5825557,194
204873,11,10,10030724,Oberfeldstra�e                                                                                      ,10300731,2018,9,19,2,3,2,3,1,1,1,0,0,0,0,0,809552,788,5828022,11
204874,11,1,1011401,Invalidenstra�e                                                                                     ,1100415,2018,9,9,6,3,5,3,0,1,0,0,0,0,0,0,797396,4307,5829170,324
204875,11,6,6040703,Nikolassee,6400737,2018,9,16,3,3,5,2,0,1,1,0,0,0,0,0,787704,5692,5821695,483
204876,11,4,4030518,Tegeler Weg,4300517,2018,9,19,2,3,0,3,0,0,1,0,1,0,0,0,791914,1941,5828217,214
204877,11,5,5010101,Hakenfelde Nord,5100104,2018,9,18,4,2,0,7,0,1,0,0,0,0,0,0,785375,4346,5831696,753
204878,11,7,7050501,Rathausstra�e                                                                                       ,7501030,2018,9,18,4,3,3,5,0,0,1,0,0,0,0,0,797607,5847,5819915,348
204879,11,7,7070704,Nahariyastra�e                                                                                      ,7601545,2018,9,19,2,3,0,4,0,0,0,1,0,0,1,0,800625,386,5814138,265
204880,11,12,12214424,Scharnweberstra�e                                                                                   ,12200309,2018,9,17,4,3,5,2,0,1,1,0,0,0,0,0,793043,6669,5832662,123
204881,11,4,4031032,Halensee,4500937,2018,9,9,2,3,3,6,0,0,0,0,0,0,1,0,791668,5625,5825128,52
204882,11,1,1011204,Leipziger Stra�e                                                                                    ,1100207,2018,9,17,4,3,0,3,0,0,1,0,1,0,0,0,798616,7442,5826998,46
204883,11,6,6020303,Lankwitz Kirche                                                                                     ,6200313,2018,9,17,4,3,2,6,0,0,1,0,1,0,0,0,795330,7792,5818483,173
204884,11,1,1011105,N�rdlicher Landwehrkanal                                                                            ,1100102,2018,9,8,2,3,5,3,0,1,1,0,0,0,0,0,795764,228,5826685,499
204885,11,8,8010404,Rixdorf,8100417,2018,9,13,4,3,2,6,0,0,1,0,0,0,1,0,802316,4031,5823266,95
204886,11,11,11030720,Herzbergstra�e,11300721,2018,9,16,4,3,2,6,0,0,1,0,0,0,0,0,805494,9005,5830034,963
204887,11,4,4030620,Alt-Lietzow,4300619,2018,9,8,2,3,5,2,0,0,1,0,0,0,0,0,792766,3967,5827046,373
204888,11,9,9020502,Obersch�neweide Ost,9200512,2018,9,21,2,2,8,1,2,0,1,0,0,0,1,0,808841,7797,5821600,377
204889,11,6,6040810,Dahlem,6400844,2018,9,16,4,2,3,6,0,1,1,0,0,0,0,0,791136,5131,5820004,35
204890,11,1,1011203,Unter den Linden S�d,1100206,2018,9,21,2,2,0,1,2,1,0,0,0,0,0,0,797758,5583,5827464,581
204891,11,3,3040512,Wilhelmsruh,3400619,2018,9,8,6,3,2,7,0,0,0,0,1,0,1,1,796329,9692,5835321,97
204892,11,2,2050802,Boxhagener Platz,2500833,2018,9,20,2,2,0,1,1,1,0,0,0,0,0,0,802292,997,5827107,853
204893,11,7,7060602,Kirchstra�e                                                                                         ,7601237,2018,9,16,4,3,5,3,0,1,1,0,0,0,0,0,797371,515,5816352,57
204894,11,7,7040402,Lindenhofsiedlung,7400822,2018,9,13,3,3,0,1,0,0,0,0,1,0,0,0,796814,7418,5821006,865
204895,11,9,9010302,Sp�thsfelde,9100306,2018,9,16,4,3,2,6,0,0,1,0,1,0,0,0,805475,99,5820477,707
204896,11,9,9030901,Dorf Altglienicke,9300920,2018,9,8,2,3,2,2,0,1,1,0,0,0,0,0,808096,8338,5816912,2
204897,11,7,7040403,Manteuffelstra�e                                                                                    ,7400824,2018,9,16,4,3,5,3,0,0,1,0,1,0,0,0,797855,101,5821887,686
204898,11,6,6030503,Zehlendorf Mitte                                                                                    ,6300526,2018,9,7,2,3,5,2,0,1,1,0,0,0,0,0,789263,6411,5818038,508
204899,11,11,11030721,R�digerstra�e,11300722,2018,9,14,6,3,5,2,0,1,1,0,0,0,0,0,803725,7765,5827558,473
204900,11,1,1011101,St�lerstra�e                                                                                        ,1100101,2018,9,7,2,3,0,4,0,1,0,1,0,0,0,0,794997,9947,5826325,88
204901,11,3,3040508,Rosenthal,3400618,2018,9,13,4,3,5,3,0,0,1,0,0,0,1,0,796443,144,5836394,832
204902,11,9,9051901,Dammvorstadt,9501939,2018,9,5,2,3,5,2,1,0,0,0,1,0,1,0,809941,3177,5821619,502
204903,11,12,12103218,Teichstra�e,12100205,2018,9,9,2,3,2,6,0,0,1,0,0,0,0,0,794004,1382,5835323,112
204904,11,6,6030504,Teltower Damm,6300528,2018,9,13,4,3,5,3,0,1,1,0,0,0,0,0,790697,8197,5817496,519
204905,11,5,5020625,Borkumer Stra�e                                                                                     ,5200629,2018,9,16,2,2,6,7,0,0,1,1,0,0,0,0,784532,8037,5828657,955
204906,11,1,1011306,Heine-Viertel Ost,1100313,2018,9,8,6,3,3,6,0,0,1,0,1,0,0,1,799795,4284,5826996,32
204907,11,7,7010102,Nollendorfplatz,7100102,2018,9,10,4,2,5,2,0,1,1,0,0,0,0,0,795004,9798,5825637,166
204908,11,3,3020210,Herthaplatz,3200207,2018,9,14,1,3,5,3,0,1,1,0,0,0,0,0,798602,405,5835162,229
204909,11,1,1011201,Wilhelmstra�e                                                                                       ,1100205,2018,9,10,4,3,5,2,0,1,1,0,0,0,0,0,796964,6167,5827041,749
204910,11,4,4020313,K�nigin-Elisabeth-Stra�e,4200311,2018,9,15,4,2,6,4,0,0,0,1,1,0,0,0,790365,8678,5826008,78
204911,11,8,8020625,Handwerker-Siedlung,8200730,2018,9,15,1,3,3,6,0,0,1,0,0,0,0,0,801477,6213,5817982,596
204912,11,5,5020419,Magistratsweg,5200423,2018,9,14,1,3,5,2,0,0,1,0,0,0,0,0,780874,292,5828325,651
204913,11,4,4030620,Alt-Lietzow,4300619,2018,9,13,6,3,2,6,0,0,1,0,1,0,0,0,792492,733,5827169,464
204914,11,11,11030618,Fennpfuhl West,11300619,2018,9,14,1,3,1,7,0,0,1,0,0,0,0,0,803824,7027,5828977,127
204915,11,8,8030829,Gropiusstadt Nord,8300934,2018,9,14,4,3,2,6,0,0,1,0,0,0,0,0,802714,8394,5818129,154
204916,11,1,1011301,Charit�viertel,1100308,2018,9,12,6,3,1,5,0,1,1,0,0,0,0,0,797602,745,5828411,256
204917,11,1,1044201,Reinickendorfer Stra�e                                                                              ,1401044,2018,9,10,4,3,1,5,0,0,1,0,0,0,0,0,796402,3296,5831513,731
204918,11,6,6030503,Zehlendorf Mitte                                                                                    ,6300527,2018,9,14,1,3,5,5,0,0,1,0,0,0,0,0,791028,3522,5818729,233
204919,11,3,3040513,Sch�nholz,3400620,2018,9,15,4,3,0,3,0,1,1,0,0,0,0,0,797006,919,5833769,454
204920,11,8,8010404,Rixdorf,8100417,2018,9,15,4,3,5,2,0,1,1,0,0,0,0,0,802348,1271,5822761,626
204921,11,4,4061757,Forst Grunewald,4200207,2018,9,13,1,2,5,2,0,1,1,0,0,0,0,0,784992,316,5822726,159
204922,11,3,3050925,Komponistenviertel Wei�ensee,3500936,2018,9,14,4,3,6,4,0,0,1,1,0,0,0,0,801850,8902,5831401,455
204923,11,2,2050801,Traveplatz,2500830,2018,9,13,1,3,5,3,0,0,1,0,0,0,0,0,802443,2634,5827416,172
204924,11,1,1033101,Soldiner Stra�e                                                                                     ,1300732,2018,9,14,4,3,6,4,0,0,1,1,0,0,0,0,797177,262,5831956,747
204925,11,1,1022103,Westhafen,1200517,2018,9,14,4,3,5,3,0,1,1,0,0,0,0,0,793622,9486,5829145,337
204926,11,5,5020626,Adamstra�e                                                                                          ,5200631,2018,9,11,1,3,5,2,0,1,1,0,0,0,0,0,784737,5705,5827492,889
204927,11,7,7040403,Manteuffelstra�e                                                                                    ,7400823,2018,9,10,1,3,5,2,0,0,1,0,0,0,1,0,796915,6015,5822288,546
204928,11,8,8010211,Flughafenstra�e,8100206,2018,9,14,4,3,5,3,0,0,1,0,1,0,0,0,800613,543,5823773,627
204929,11,6,6040703,Nikolassee,6400737,2018,9,10,1,3,5,3,0,1,0,0,0,0,0,0,787701,6465,5821696,216
204930,11,1,1011201,Wilhelmstra�e                                                                                       ,1100205,2018,9,8,6,3,1,5,0,1,1,0,0,0,0,1,797450,193,5826850,195
204931,11,9,9020802,K�llnische Vorstadt                                                                                 ,9200819,2018,9,21,1,2,4,2,2,0,1,0,0,0,1,0,810031,6719,5820425,846
204932,11,4,4051446,Preu�enpark,4501043,2018,9,10,4,3,1,5,0,1,0,0,0,0,1,0,792617,4928,5824842,332
204933,11,3,3061126,Arnimplatz,3601139,2018,9,9,4,3,1,5,0,1,1,0,0,0,0,0,798837,383,5831884,701
204934,11,1,1022206,L�neburger Stra�e                                                                                   ,1200628,2018,9,7,1,2,8,1,0,0,1,0,0,0,0,0,795798,3316,5828245,83
204935,11,11,11030720,Herzbergstra�e,11300721,2018,9,9,4,3,5,3,0,1,0,0,0,0,0,0,805311,8915,5829107,1
204936,11,2,2010103,Moritzplatz,2100104,2018,9,8,4,3,1,5,0,1,1,0,0,0,0,0,799233,4936,5826008,902
204937,11,1,1044103,Westliche M�llerstra�e                                                                              ,1400942,2018,9,21,1,3,0,7,2,0,1,0,1,0,0,0,794917,828,5831053,461
204938,11,9,9020502,Obersch�neweide Ost,9200512,2018,9,6,1,2,1,1,0,0,1,0,0,0,0,0,808809,7261,5821599,315
204939,11,12,12214528,Tegeler Forst,12400619,2018,9,8,4,3,0,1,0,1,0,0,0,0,0,0,789438,415,5836229,657
204940,11,7,7050503,Eisenacher Stra�e                                                                                   ,7501031,2018,9,7,4,3,5,2,0,1,1,0,0,0,0,0,799105,5296,5819853,579
204941,11,6,6030502,Zehlendorf S�d                                                                                      ,6300525,2018,9,18,1,3,5,2,0,0,1,0,1,0,0,0,789561,8204,5815407,556
204942,11,4,4030931,Breitscheidplatz,4501042,2018,9,17,1,3,1,5,0,1,1,0,0,0,1,0,794543,4677,5825968,84
204943,11,4,4020208,Kranzallee,4200206,2018,9,5,4,3,0,2,2,1,0,0,0,0,1,0,788928,581,5826101,636
204944,11,2,2040701,Andreasviertel,2400623,2018,9,1,1,3,0,1,2,1,0,0,0,0,0,0,800594,9485,5827065,865
204945,11,2,2020204,Urbanstra�e,2200210,2018,9,8,6,3,5,3,0,0,1,0,1,0,0,1,798162,3124,5824813,212
204946,11,1,1011401,Invalidenstra�e                                                                                     ,1100415,2018,9,11,1,2,0,1,0,1,0,0,0,0,0,0,798414,5471,5829198,878
204947,11,7,7040406,Germaniagarten,7400928,2018,9,0,4,2,5,3,2,0,1,0,1,0,0,0,800154,9898,5821504,118
204948,11,2,2030302,Lausitzer Platz,2300315,2018,9,21,4,3,2,2,2,0,1,0,0,0,0,0,800406,8881,5825797,395
204949,11,1,1011303,Alexanderplatzviertel,1100310,2018,9,16,1,3,2,6,0,0,1,0,1,0,0,0,799476,5228,5828775,918
204950,11,8,8020727,Buckow Mitte,8200832,2018,9,10,4,1,6,2,0,0,0,1,0,1,0,0,801021,4856,5817078,883
204951,11,4,4051653,Prager Platz,4501152,2018,9,17,3,3,6,4,0,1,0,1,0,0,0,0,793974,582,5824485,385
204952,11,7,7040403,Manteuffelstra�e                                                                                    ,7400825,2018,9,15,1,3,3,6,0,0,1,0,1,0,0,0,797573,9228,5820789,482