OBJECTID,LAND,BEZ,LOR,STRASSE,LOR_ab_2021,UJAHR,UMONAT,USTUNDE,UWOCHENTAG,UKATEGORIE,UART,UTYP1,ULICHTVERH,IstRad,IstPKW,IstFuss,IstKrad,IstGkfz,IstSonstig,STRZUSTAND,LINREFX,LINREFY,XGCSWGS84,YGCSWGS84
204953,11,3,3061228,Erich-Weinert-Stra�e,3601245,2018,9,20,1,2,5,2,2,0,1,0,1,0,0,0,800232,8321,5831185,534
204954,11,3,3040512,Wilhelmsruh,3400619,2018,9,16,3,3,5,3,0,0,1,0,1,0,0,0,795862,8518,5835595,229
204955,11,11,11051331,Karlshorst Nord,11501340,2018,9,17,1,2,0,1,0,1,0,0,0,0,0,0,807249,2672,5824244,267
204956,11,8,8020621,Mohriner Allee Nord,8200725,2018,9,8,6,2,5,2,0,0,1,0,1,0,0,1,800647,248,5819368,793
204957,11,1,1011303,Alexanderplatzviertel,1100310,2018,9,20,7,3,6,4,1,1,0,1,0,0,0,0,798929,7311,5828540,431
204958,11,8,8030830,Gropiusstadt S�d,8300935,2018,9,15,3,3,5,2,0,1,1,0,0,0,0,0,802297,4317,5817829,24
204959,11,5,5030730,Zitadellenweg,5300736,2018,9,13,7,3,1,1,0,0,1,0,0,0,0,0,786975,9488,5829857,133
204960,11,10,10020517,Adele-Sandrock-Stra�e                                                                               ,10200524,2018,9,7,6,3,5,3,0,0,1,0,0,0,0,1,813394,1411,5830258,175
204961,11,3,3020307,Buchholz,3200308,2018,9,12,7,3,6,7,0,0,1,1,0,0,0,0,798967,7481,5837840,81
204962,11,10,10040830,Kaulsdorf S�d                                                                                       ,10400837,2018,9,15,3,3,5,3,0,1,1,0,0,0,0,0,810451,233,5824684,506
204963,11,12,12214527,Alt-Tegel,12200515,2018,9,15,3,3,5,2,0,1,1,0,0,0,0,0,789987,148,5834773,325
204964,11,8,8010406,Treptower Stra�e Nord,8100419,2018,9,13,7,3,5,3,0,0,1,0,0,0,0,0,802381,4367,5824041,54
204965,11,1,1033203,Humboldthain Nordwest                                                                               ,1300836,2018,9,15,3,3,6,4,0,1,0,1,0,0,0,0,796682,91,5830794,537
204966,11,1,1011301,Charit�viertel,1100308,2018,9,14,3,3,1,1,0,0,1,0,1,0,0,0,797456,5143,5828847,653
204967,11,2,2030302,Lausitzer Platz,2300316,2018,9,12,7,3,1,5,0,1,1,0,0,0,1,0,801284,259,5826172,412
204968,11,4,4041344,R�desheimer Platz,4400835,2018,9,7,6,2,0,5,0,1,1,0,0,0,0,1,793379,1286,5822237,354
204969,11,1,1044102,Schillerpark,1400940,2018,9,11,7,3,5,2,0,1,1,0,0,0,0,0,794599,3835,5832285,143
204970,11,4,4020313,K�nigin-Elisabeth-Stra�e,4200311,2018,9,14,3,2,3,6,0,0,1,0,1,0,0,0,790186,308,5826052,819
204971,11,11,11010310,M�hlengrund,11100309,2018,9,11,7,3,5,2,0,1,1,0,0,0,0,0,805420,4366,5833323,318
204972,11,7,7030303,Grazer Platz,7300619,2018,9,6,6,3,5,3,1,1,1,0,0,0,0,1,795032,3668,5821873,362
204973,11,6,6030608,Schweizer Viertel,6300632,2018,9,15,3,2,5,3,0,1,0,0,0,0,0,0,791935,5553,5817211,945
204974,11,4,4020311,Reichsstra�e,4200310,2018,9,13,3,3,5,2,0,1,1,0,0,0,0,0,789335,2673,5826421,34
204975,11,4,4020311,Reichsstra�e,4200310,2018,9,11,7,3,2,6,0,0,1,0,0,0,0,0,789092,8908,5826981,367
204976,11,4,4041137,Flinsberger Platz,4400727,2018,9,13,3,3,1,5,0,1,1,0,0,0,0,0,791401,1211,5824365,251
204977,11,7,7070706,Horstwalder Stra�e/Paplitzer Stra�e                                                                 ,7601547,2018,9,13,3,3,2,2,0,1,1,0,0,0,0,0,799496,2767,5812661,233
204978,11,1,1044203,Leopoldplatz,1401049,2018,9,11,7,3,5,2,0,0,1,0,0,0,0,0,795887,205,5831929,475
204979,11,4,4030725,Amtsgerichtsplatz,4300416,2018,9,11,7,2,2,3,0,1,1,0,0,0,0,0,791287,7345,5826062,486
204980,11,2,2040503,Richard-Sorge-Viertel,2400522,2018,9,16,5,3,5,7,0,0,1,0,0,0,0,0,801720,564,5828640,115
204981,11,10,10010206,Ringkolonnaden,10100209,2018,9,13,3,3,2,6,0,0,1,0,0,0,0,0,809937,939,5831682,464
204982,11,7,7010104,Dennewitzplatz,7100206,2018,9,10,7,3,2,7,0,1,1,0,0,0,0,0,796301,488,5824307,236
204983,11,1,1044203,Leopoldplatz,1401049,2018,9,12,3,3,5,2,0,1,1,0,0,0,0,0,795964,6284,5831980,797
204984,11,4,4051655,Babelsberger Stra�e,4501153,2018,9,6,7,3,2,4,1,0,1,1,1,0,0,0,794192,9915,5823101,373
204985,11,9,9020801,Spindlersfeld,9200818,2018,9,13,5,3,2,2,0,0,1,0,0,0,0,0,809766,258,5820692,624
204986,11,9,9041601,M�ggelheim,9401635,2018,9,10,7,3,9,1,0,0,1,0,0,0,0,0,816639,205,5817422,433
204987,11,6,6030610,Lichterfelde West                                                                                   ,6300634,2018,9,12,3,3,2,6,0,0,1,0,0,0,0,0,792722,7029,5818026,423
204988,11,9,9052001,K�penick Nord                                                                                       ,9502043,2018,9,18,7,2,4,6,0,0,1,0,0,0,0,0,810947,9805,5822194,848
204989,11,12,12231101,Hermsdorf,12400722,2018,9,14,5,3,9,1,0,0,1,0,0,0,0,0,790641,146,5837379,968
204990,11,1,1011105,N�rdlicher Landwehrkanal                                                                            ,1100102,2018,9,12,3,3,5,2,0,1,1,0,0,0,0,0,796012,8981,5826207,685
204991,11,1,1033101,Soldiner Stra�e                                                                                     ,1300732,2018,9,18,7,3,6,4,0,0,0,1,0,0,1,0,797702,175,5832880,715
204992,11,7,7040405,Rathaus Tempelhof,7400927,2018,9,14,3,3,5,2,0,0,1,0,0,1,0,0,798896,8372,5821214,565
204993,11,4,4030726,Droysenstra�e,4500936,2018,9,16,3,3,3,6,0,0,1,0,1,0,0,0,792294,431,5825437,103
204994,11,5,5020524,Weinmeisterhornweg,5200528,2018,9,10,3,3,2,6,0,0,1,0,0,0,0,0,782927,3598,5826879,71
204995,11,6,6010207,Mittelstra�e                                                                                        ,6100207,2018,9,18,7,3,5,2,0,0,1,0,0,0,0,0,794261,5308,5820263,25
204996,11,1,1011103,L�tzowstra�e                                                                                        ,1100103,2018,9,18,7,3,5,2,0,0,1,0,0,0,0,0,795182,2404,5825905,128
204997,11,4,4030620,Alt-Lietzow,4300619,2018,9,9,3,3,6,4,0,0,0,1,1,0,0,0,792261,3773,5827417,339
204998,11,1,1011402,Arkonaplatz,1100416,2018,9,17,7,3,5,7,0,0,1,0,1,0,0,0,798356,6387,5829696,818
204999,11,4,4051448,Schaperstra�e,4501045,2018,9,16,7,3,5,2,0,1,1,0,0,0,0,0,793475,5207,5824733,3
205000,11,7,7010101,Wittenbergplatz/Viktoria-Luise-Platz,7100101,2018,9,9,3,3,0,1,0,0,1,0,1,0,0,0,794880,835,5825575,622
205001,11,3,3061227,Humannplatz,3601243,2018,9,22,3,2,5,3,2,1,1,0,0,0,0,0,799689,3423,5831264,513
205002,11,2,2010104,Wassertorplatz,2100106,2018,9,16,7,3,2,6,0,1,1,0,0,0,0,0,799653,1206,5825662,495
205003,11,8,8020726,Buckow West,8200831,2018,9,21,3,3,5,3,2,1,0,0,0,0,1,0,800160,783,5817057,179
205004,11,8,8010214,Glasower Stra�e,8100209,2018,9,16,5,3,6,4,0,1,0,1,0,0,0,0,801849,756,5822383,831
205005,11,12,12103117,Letteplatz,12100101,2018,9,20,3,3,5,3,1,0,1,0,1,0,0,0,796265,7332,5832379,151
205006,11,2,2030402,Wrangelkiez,2300419,2018,9,15,7,3,5,3,0,1,1,0,0,0,0,0,801232,245,5825619,231
205007,11,8,8010212,Rollberg,8100207,2018,9,19,3,3,6,7,0,0,1,1,0,0,0,0,801306,5755,5823561,151
205008,11,5,5020627,Tiefwerder,5200632,2018,9,9,3,3,2,6,0,0,1,0,0,0,0,0,785599,7618,5828042,721
205009,11,4,4020209,Eichkamp,4200207,2018,9,15,7,2,0,1,0,1,0,0,0,0,0,0,789826,6761,5824917,558
205010,11,1,1011402,Arkonaplatz,1100416,2018,9,15,7,3,5,3,0,1,0,0,1,0,0,0,798126,5914,5829905,427
205011,11,1,1011301,Charit�viertel,1100308,2018,9,19,3,3,5,2,0,1,1,0,0,0,0,0,796941,4973,5828909,968
205012,11,8,8010404,Rixdorf,8100417,2018,9,13,7,3,6,4,0,0,0,1,0,0,1,0,802241,8217,5822905,258
205013,11,7,7030301,Friedenau,7300517,2018,9,20,5,3,6,7,2,1,0,1,0,0,0,0,794404,1677,5822398,237
205014,11,4,4030827,Karl-August-Platz,4300623,2018,9,15,7,3,1,5,0,1,1,0,0,0,0,0,792456,2641,5826261,616
205015,11,2,2020206,Graefekiez,2200212,2018,9,0,3,3,5,2,2,1,1,0,0,0,0,0,799770,6943,5824491,289
205016,11,11,11020411,Malchower Weg,11200410,2018,9,9,3,3,5,3,0,1,1,0,0,0,0,0,804974,7079,5833032,79
205017,11,6,6020301,Alt-Lankwitz,6200311,2018,9,21,7,2,0,6,2,1,1,0,0,0,0,0,795823,1635,5818310,563
205018,11,11,11030619,Fennpfuhl Ost,11300620,2018,9,9,3,2,0,3,0,0,1,0,1,0,0,0,803538,7976,5829741,887
205019,11,10,10020414,Helle Mitte,10200421,2018,9,18,3,2,6,4,0,0,1,1,0,0,0,0,812377,2834,5830961,272
205020,11,10,10010102,Havemannstra�e                                                                                      ,10100104,2018,9,22,7,3,5,2,2,0,1,0,0,0,1,0,809959,6868,5833989,207
205021,11,1,1011304,Karl-Marx-Allee,1100311,2018,9,21,7,2,2,6,2,1,1,0,0,0,0,0,800052,9393,5828095,523
205022,11,1,1033102,Gesundbrunnen,1300733,2018,9,9,3,2,5,3,0,1,0,0,0,1,0,0,797674,3862,5831310,16
205023,11,12,12304313,Borsigwalde,12500825,2018,9,9,3,2,5,2,0,1,0,0,0,0,1,0,791841,5587,5834653,118
205024,11,6,6020409,K�nigsberger Stra�e                                                                                 ,6200421,2018,9,19,7,3,5,7,2,0,1,0,1,0,0,0,793287,7268,5817006,258
205025,11,7,7020201,Bayerischer Platz,7200307,2018,9,19,7,3,2,6,0,0,1,0,1,0,0,0,794950,3774,5824650,999
205026,11,3,3050923,Wei�enseer Spitze,3500934,2018,9,8,3,3,0,1,0,0,0,0,1,0,0,0,801057,2726,5831414,547
205027,11,5,5010102,Goltzstra�e,5100103,2018,9,13,7,3,5,3,0,1,1,0,0,0,0,0,785208,3767,5831862,668
205028,11,11,11041128,Sewanstra�e,11401136,2018,9,19,5,3,5,2,1,1,1,0,0,0,0,0,805898,1007,5825851,253
205029,11,4,4051551,Brabanter Platz,4501148,2018,9,13,7,3,0,2,0,1,1,0,0,0,0,0,792837,5617,5823210,159
205030,11,7,2020203,Viktoriapark,2200207,2018,9,8,3,3,2,6,0,0,1,0,1,0,0,0,797138,9412,5824763,923
205031,11,7,7040405,Rathaus Tempelhof,7400927,2018,9,6,3,3,5,7,0,0,1,0,0,0,1,0,798794,6932,5821822,988
205032,11,11,11030618,Fennpfuhl West,11300618,2018,9,8,3,3,2,6,0,0,1,0,0,0,0,0,802449,312,5828881,582
205033,11,2,2010102,Mehringplatz,2100102,2018,9,1,7,3,5,7,2,0,1,0,0,0,1,0,798322,649,5825625,229
205034,11,2,2050602,Samariterviertel,2500728,2018,9,18,3,3,2,6,1,0,1,0,1,0,0,0,802900,718,5827649,473
205035,11,3,3071536,Teutoburger Platz,3701554,2018,9,20,7,1,0,7,1,1,0,0,0,1,0,0,799114,8688,5830271,855
205036,11,6,6040810,Dahlem,6400844,2018,9,19,5,2,5,2,0,1,1,0,0,0,0,0,792355,426,5820818,798
205037,11,12,12214424,Scharnweberstra�e                                                                                   ,12200309,2018,9,23,6,3,2,6,2,0,1,0,0,0,0,1,793255,511,5832589,265
205038,11,9,9020801,Spindlersfeld,9200818,2018,9,18,3,3,2,6,1,0,1,0,1,0,0,0,809777,355,5820607,81
205039,11,5,5010314,Carl-Schurz-Stra�e                                                                                  ,5100316,2018,9,20,6,3,6,7,1,0,0,1,0,1,0,0,784986,5202,5829051,594
205040,11,3,3010102,Buch,3100103,2018,9,18,5,3,5,3,0,1,1,0,0,0,0,0,804436,178,5840688,804
205041,11,7,7020201,Bayerischer Platz,7200307,2018,9,18,3,3,5,2,1,1,1,0,0,0,0,0,794963,3163,5824306,103
205042,11,2,2020206,Graefekiez,2200212,2018,9,20,6,3,1,5,2,1,1,0,0,0,0,0,799869,6955,5824462,415
205043,11,1,1011304,Karl-Marx-Allee,1100311,2018,9,22,6,3,5,2,2,0,1,0,0,0,0,0,799734,446,5827561,896
205044,11,6,6030502,Zehlendorf S�d                                                                                      ,6300525,2018,9,8,3,3,0,1,0,1,0,0,0,0,0,0,790234,9453,5814947,731
205045,11,10,10010203,Gewerbegebiet Bitterfelder Stra�e                                                                   ,10100205,2018,9,7,6,3,0,3,0,0,0,0,1,1,0,1,806950,727,5832584,259
205046,11,4,4030726,Droysenstra�e,4500936,2018,9,18,3,3,5,2,0,0,1,0,0,0,0,0,792309,7036,5825385,11
205047,11,6,6010101,Fichtenberg,6100101,2018,9,19,6,2,6,7,2,0,1,1,0,0,0,0,793451,7452,5820672,975
205048,11,9,9020701,Adlershof West,9200715,2018,9,18,3,3,2,6,0,0,1,0,0,0,0,0,809337,736,5818509,287
205049,11,5,5040938,Kafkastra�e                                                                                         ,5400945,2018,9,7,3,3,4,2,0,1,1,0,0,0,0,0,780055,8171,5819247,508
205050,11,8,8010214,Glasower Stra�e,8100209,2018,9,19,6,3,3,6,1,1,0,0,1,0,0,0,802092,397,5822441,483
205051,11,5,5020626,Adamstra�e                                                                                          ,5200630,2018,9,19,6,3,5,2,0,1,1,0,0,0,0,0,784148,8035,5827297,437
205052,11,2,2040502,Friedenstra�e,2400521,2018,9,18,6,3,5,3,0,1,1,0,0,0,0,0,800459,645,5828466,641
205053,11,5,5020523,Maulbeerallee,5200527,2018,9,17,3,3,5,3,0,1,1,0,0,0,0,0,782319,391,5827350,57
205054,11,1,1033102,Gesundbrunnen,1300733,2018,9,18,6,3,2,4,0,0,1,1,1,0,0,0,797342,7407,5831210,678
205055,11,9,9031001,Bohnsdorf,9301025,2018,9,7,3,3,2,6,0,0,1,0,0,0,1,0,809171,8508,5815154,256
205056,11,3,3020209,Niedersch�nhausen,3200205,2018,9,18,6,2,5,3,0,0,1,0,1,0,0,0,798160,222,5836121,647
205057,11,1,1011103,L�tzowstra�e                                                                                        ,1100103,2018,9,17,3,3,3,6,0,0,1,0,1,0,0,0,795554,8587,5825769,384
205058,11,12,12214422,Klixstra�e                                                                                          ,12200310,2018,9,17,3,3,2,6,0,0,1,0,0,0,0,0,792065,1339,5832942,88
205059,11,7,7010101,Wittenbergplatz/Viktoria-Luise-Platz,7100101,2018,9,18,6,3,5,2,0,0,1,0,1,0,0,0,794928,91,5825680,79
205060,11,8,8041037,Alt-Rudow,8401243,2018,9,16,3,3,6,4,0,0,1,1,0,0,0,0,805671,9554,5817010,31
205061,11,9,9020502,Obersch�neweide Ost,9200512,2018,9,16,3,3,2,6,0,0,1,0,0,0,0,0,809365,828,5821509,808
205062,11,1,1044203,Leopoldplatz,1401048,2018,9,17,6,3,1,5,0,1,1,0,0,0,1,0,795173,248,5831295,898
205063,11,9,9020802,K�llnische Vorstadt                                                                                 ,9200819,2018,9,15,6,3,1,5,0,1,0,0,0,0,0,0,810194,9118,5820381,451
205064,11,1,1022106,Elberfelder Stra�e                                                                                  ,1200522,2018,9,16,3,3,2,2,0,1,1,0,0,0,0,0,793964,2263,5828206,564
205065,11,4,4020311,Reichsstra�e,4200310,2018,9,15,6,3,0,1,0,0,0,0,1,0,0,0,789374,3855,5826181,557
205066,11,4,4020314,Messegel�nde,4200311,2018,9,14,6,3,3,6,0,0,1,0,0,0,0,0,790556,3096,5825380,169
205067,11,6,6030608,Schweizer Viertel,6300632,2018,9,0,3,3,5,3,2,0,1,0,0,0,0,0,792757,9,5817474,668
205068,11,8,8020622,Parchimer Allee,8200726,2018,9,18,3,3,0,1,0,0,0,0,1,0,0,0,801266,8018,5819689,738
205069,11,7,7030301,Friedenau,7300517,2018,9,14,6,3,2,6,0,0,1,0,0,0,0,0,794419,2915,5822327,46
205070,11,4,4030828,Savignyplatz,4300624,2018,9,0,3,3,5,7,2,0,1,0,0,0,0,0,792788,4736,5826108,119
205071,11,4,4030931,Breitscheidplatz,4501042,2018,9,23,3,3,5,3,2,0,1,0,0,0,0,0,793976,9656,5826178,339
205072,11,1,1022206,L�neburger Stra�e                                                                                   ,1200628,2018,9,14,6,3,5,3,0,0,1,0,0,0,0,0,795724,5278,5828198,65
205073,11,11,11010103,Dorf Falkenberg,11100102,2018,9,13,6,3,6,7,0,0,0,1,0,0,1,0,808300,5489,5834044,382
205074,11,2,2020206,Graefekiez,2200213,2018,9,22,3,3,6,7,2,0,1,1,0,0,0,0,799669,3067,5825300,872
205075,11,1,1011304,Karl-Marx-Allee,1100311,2018,9,1,6,3,5,3,2,1,1,0,0,0,0,0,799746,807,5827565,503
205076,11,12,12231101,Hermsdorf,12400722,2018,9,15,3,2,1,7,0,0,1,0,1,0,0,0,790831,4654,5837630,336
205077,11,4,4051654,Wilhelmsaue,4501150,2018,9,9,6,3,5,2,0,1,0,0,0,0,1,1,793436,842,5823923,222
205078,11,8,8030829,Gropiusstadt Nord,8300934,2018,9,13,3,3,5,2,0,1,1,0,0,0,0,0,802776,258,5818729,4
205079,11,12,12103218,Teichstra�e,12100205,2018,9,9,6,3,0,1,0,0,0,1,1,0,0,1,793576,8916,5832520,528
205080,11,12,12231101,Hermsdorf,12400722,2018,9,6,3,3,5,3,0,1,1,0,0,0,0,0,790883,2405,5838373,81
205081,11,6,6030504,Teltower Damm,6300528,2018,9,7,6,3,2,1,0,0,1,0,0,0,1,1,789244,889,5817131,139
205082,11,1,1022104,Emdener Stra�e                                                                                      ,1200519,2018,9,9,6,2,5,2,0,1,0,0,1,0,0,0,794052,1686,5828470,242
205083,11,11,11041128,Sewanstra�e,11401135,2018,9,19,2,3,5,3,1,1,1,0,0,0,0,0,805525,3887,5825984,202
205084,11,4,4051446,Preu�enpark,4501043,2018,9,17,2,3,5,2,0,0,1,0,0,0,0,0,792412,2458,5824956,371
205085,11,12,12214424,Scharnweberstra�e                                                                                   ,12200411,2018,9,9,6,3,2,6,0,0,1,0,0,1,0,1,793215,4431,5832378,31
205086,11,8,8020726,Buckow West,8200831,2018,9,16,2,3,5,2,0,0,1,0,0,0,1,0,799653,538,5816431,646
205087,11,7,7040403,Manteuffelstra�e                                                                                    ,7400825,2018,9,17,2,3,0,2,0,0,1,1,0,0,0,0,797635,2857,5821061,7
205088,11,4,4030623,Ernst-Reuter-Platz,4300622,2018,9,9,6,3,2,6,0,0,1,0,0,0,0,1,793656,697,5826067,299
205089,11,4,4020311,Reichsstra�e,4200310,2018,9,9,6,3,2,7,0,0,1,0,1,0,0,1,790010,2442,5826392,811
205090,11,3,3030715,Heinersdorf,3300516,2018,9,17,2,3,2,6,0,0,1,0,0,0,0,0,800837,2346,5834740,4
205091,11,11,11030618,Fennpfuhl West,11300619,2018,9,9,6,3,2,6,0,1,1,0,0,0,0,1,803270,458,5828973,827
205092,11,8,8010214,Glasower Stra�e,8100209,2018,9,17,2,3,5,2,0,1,1,0,0,0,0,0,801859,5144,5822386,125
205093,11,4,4051655,Babelsberger Stra�e,4501153,2018,9,20,4,3,5,7,2,1,1,0,0,0,0,0,794190,4101,5823111,7
205094,11,6,6010205,S�dende,6100205,2018,9,0,7,3,2,2,2,0,1,0,0,0,0,0,796072,9852,5819856,413
205095,11,11,11030721,R�digerstra�e,11300722,2018,9,13,4,2,0,1,0,0,0,0,1,0,0,0,803777,8636,5827912,598
205096,11,5,5020627,Tiefwerder,5200632,2018,9,10,6,2,9,1,0,0,0,0,0,0,1,0,786155,887,5827231,241
205097,11,12,12103218,Teichstra�e,12100205,2018,9,19,4,3,5,2,2,1,1,0,0,0,0,0,794539,102,5833158,71
205098,11,7,7040401,Neu-Tempelhof,7400721,2018,9,23,7,3,5,3,2,0,1,0,0,0,0,1,797254,9712,5822955,326
205099,11,1,1011102,Gro�er Tiergarten,1100102,2018,9,20,7,3,6,4,2,0,0,1,1,0,0,0,796523,2368,5827962,259
205100,11,3,3040614,Pankow Zentrum                                                                                      ,3400721,2018,9,19,4,3,0,3,1,1,1,0,0,0,0,0,798244,469,5833445,156
205101,11,1,1044201,Reinickendorfer Stra�e                                                                              ,1401044,2018,9,19,7,2,5,2,1,0,1,0,0,0,1,0,796318,1861,5831640,616
205102,11,3,3061227,Humannplatz,3601243,2018,9,17,4,3,1,5,0,1,1,0,0,0,0,0,799417,1701,5831751,703
205103,11,2,2040703,Wriezener Bahnhof/Entwicklungsgebiet,2400625,2018,9,19,7,3,2,6,0,1,1,0,0,0,0,0,801199,2929,5826553,392
205104,11,2,2040701,Andreasviertel,2400623,2018,9,17,4,3,3,2,0,1,1,0,0,0,0,0,800575,518,5827015,748
205105,11,1,1022101,Huttenkiez,1200517,2018,9,13,4,3,2,6,0,0,1,0,1,0,0,0,793063,6741,5828567,782
205106,11,4,4041137,Flinsberger Platz,4400727,2018,9,17,7,3,5,2,0,1,1,0,0,0,0,0,790960,1739,5823006,557
205107,11,1,1011202,Unter den Linden Nord,1100206,2018,9,20,5,2,0,1,2,1,0,0,0,0,0,0,798199,2752,5827955,25
205108,11,7,7040401,Neu-Tempelhof,7400720,2018,9,15,7,3,2,2,0,0,1,0,0,0,1,0,797761,442,5823954,551
205109,11,3,3040818,Pankow S�d                                                                                          ,3400829,2018,9,13,7,3,5,3,0,1,1,0,0,0,0,0,799993,7421,5833017,541
205110,11,3,3050923,Wei�enseer Spitze,3500934,2018,9,11,4,3,5,2,0,1,1,0,0,0,0,0,801056,7983,5831435,323
205111,11,3,11020513,Orankesee,11200512,2018,9,18,5,3,2,7,1,0,1,0,0,0,0,0,802848,7424,5831389,389
205112,11,7,7040403,Manteuffelstra�e                                                                                    ,7400823,2018,9,11,4,3,5,2,0,1,0,0,0,0,1,0,797349,3107,5822066,65
205113,11,1,1044201,Reinickendorfer Stra�e                                                                              ,1401045,2018,9,11,7,3,6,4,0,0,1,1,0,0,0,0,796892,661,5831550,873
205114,11,12,12103218,Teichstra�e,12100205,2018,9,23,7,2,8,1,2,0,0,0,1,0,0,0,794831,4477,5833065,651
205115,11,2,2040703,Wriezener Bahnhof/Entwicklungsgebiet,2400625,2018,9,16,5,3,5,3,0,1,1,0,0,0,0,0,801756,9663,5826236,156
205116,11,6,6030502,Zehlendorf S�d                                                                                      ,6300525,2018,9,11,4,3,1,5,0,1,0,0,0,0,1,0,789776,8315,5815381,91
205117,11,1,1011402,Arkonaplatz,1100416,2018,9,19,6,3,6,4,1,1,0,1,0,0,0,0,798757,4789,5829621,347
205118,11,4,4051655,Babelsberger Stra�e,4501153,2018,9,15,5,3,6,4,0,1,0,1,0,0,0,0,794434,6536,5823919,635
205119,11,2,2040503,Richard-Sorge-Viertel,2400522,2018,9,10,4,3,5,3,0,1,1,0,0,0,0,0,801743,8946,5828382,62
205120,11,12,12214125,Waldidyll/Flughafensee,12200412,2018,9,23,6,3,5,2,2,0,1,0,1,0,0,0,791132,172,5833966,674
205121,11,3,3061429,Greifswalder Stra�e,3601449,2018,9,9,4,3,5,3,0,0,1,0,0,0,0,0,801415,9892,5830921,172
205122,11,1,1011303,Alexanderplatzviertel,1100310,2018,9,10,4,3,1,5,0,1,0,0,0,0,1,0,799250,5018,5828649,41
205123,11,8,8010117,Schillerpromenade,8100102,2018,9,18,6,3,1,5,0,1,1,0,0,0,0,0,800465,4514,5823629,268
205124,11,8,8010211,Flughafenstra�e,8100206,2018,9,19,6,3,5,2,0,1,1,0,0,0,0,0,800617,3586,5823774,652
205125,11,4,4030930,George-Grosz-Platz,4501041,2018,9,10,5,3,6,7,0,0,1,1,0,0,0,0,793289,7707,5825469,914
205126,11,4,4051446,Preu�enpark,4501043,2018,9,8,4,3,5,3,0,0,1,0,0,0,0,0,792609,876,5824955,755
205127,11,2,2040502,Friedenstra�e,2400521,2018,9,19,6,3,4,6,1,1,0,0,0,0,0,0,800655,331,5828465,721
205128,11,4,4030623,Ernst-Reuter-Platz,4300622,2018,9,8,6,3,1,5,0,1,1,0,0,0,0,0,793754,2642,5826076,686
205129,11,3,3050923,Wei�enseer Spitze,3500934,2018,9,9,4,3,1,5,0,1,1,0,0,0,0,0,800543,8427,5831814,713
205130,11,2,2030301,Oranienplatz,2300314,2018,9,9,4,3,2,2,0,1,1,0,0,0,0,0,799984,327,5826187,948
205131,11,10,10010311,Landsberger Tor,10100316,2018,9,23,6,2,5,3,2,1,1,0,0,0,0,0,810167,8469,5831721,914
205132,11,10,10020416,B�hlener Stra�e                                                                                     ,10200423,2018,9,16,4,3,6,4,0,0,1,1,0,0,0,0,813041,7204,5831123,461
205133,11,2,2050801,Traveplatz,2500831,2018,9,16,4,3,2,6,0,1,1,0,0,0,0,0,803068,7042,5827455,866
205134,11,10,10020414,Helle Mitte,10200421,2018,9,16,4,2,6,4,0,0,1,1,0,0,0,0,812222,3187,5830684,846
205135,11,2,2010103,Moritzplatz,2100104,2018,9,22,6,3,2,2,2,0,1,0,0,0,0,0,799300,8746,5826174,77
205136,11,10,10030727,Biesdorf S�d                                                                                        ,10300734,2018,9,16,4,2,5,2,0,1,1,0,0,0,0,0,808956,757,5826425,433
205137,11,2,2010103,Moritzplatz,2100104,2018,9,15,4,3,5,2,0,1,1,0,0,0,0,0,799292,6658,5826222,21
205138,11,12,12103220,Humboldtstra�e,12100206,2018,9,10,6,3,5,7,0,1,1,0,0,0,0,0,794125,56,5833877,339
205139,11,9,9020501,Obersch�neweide West,9200510,2018,9,9,6,3,2,2,0,0,1,0,0,0,0,0,805672,463,5824133,232
205140,11,2,2020204,Urbanstra�e,2200210,2018,9,8,5,3,0,1,0,1,0,0,0,0,0,0,798369,1579,5825302,57
205141,11,3,3020307,Buchholz,3200309,2018,9,15,4,3,1,5,0,1,1,0,0,0,0,0,800616,8776,5836754,315
205142,11,7,7030302,Cecilieng�rten,7300618,2018,9,9,6,3,0,6,0,0,1,0,0,1,0,0,794343,7279,5821974,765
205143,11,2,2020204,Urbanstra�e,2200210,2018,9,15,4,3,5,3,0,1,1,0,0,0,0,0,798718,5666,5824698,719
205144,11,2,2010104,Wassertorplatz,2100106,2018,9,15,4,3,3,6,0,1,0,0,0,0,0,0,798596,1517,5825583,8
205145,11,5,5030832,Rohrdamm,5300841,2018,9,9,6,2,1,5,0,1,1,0,0,0,0,0,789888,2488,5829235,378
205146,11,6,6020302,Komponistenviertel Lankwitz,6200312,2018,9,14,4,3,5,3,0,1,1,0,0,0,0,0,794430,1303,5818843,384
205147,11,1,1022207,Hansaviertel,1200629,2018,9,9,6,3,0,6,0,1,1,0,0,0,0,0,794450,5614,5827709,567
205148,11,9,9010402,Johannisthal Ost,9100409,2018,9,15,4,3,2,6,0,0,1,0,0,0,0,0,805746,3794,5818843,67
205149,11,8,8010405,Hertzbergplatz,8100418,2018,9,18,6,2,6,4,1,1,0,1,0,0,0,0,802116,1921,5823638,33
205150,11,6,6020409,K�nigsberger Stra�e                                                                                 ,6200421,2018,9,8,6,3,6,7,0,1,0,1,0,0,0,0,794125,7147,5817635,156
205151,11,4,4030519,Kaiserin-Augusta-Allee,4300518,2018,9,16,4,3,2,6,0,0,1,0,0,0,0,0,791355,8357,5828696,72
205152,11,6,6040810,Dahlem,6400844,2018,9,0,6,3,0,5,2,1,1,0,0,0,0,0,791301,5048,5821512,655
205153,11,4,4030827,Karl-August-Platz,4300623,2018,9,18,6,3,2,6,0,0,1,0,1,0,0,0,792307,9844,5826109,867
205154,11,1,1011302,Oranienburger Stra�e                                                                                ,1100309,2018,9,10,6,3,0,1,0,1,0,0,0,0,0,0,799038,6265,5828956,153
205155,11,8,8010211,Flughafenstra�e,8100206,2018,9,6,5,2,5,7,0,0,1,0,1,0,0,0,800949,1794,5823860,272