OBJECTID,LAND,BEZ,LOR,STRASSE,LOR_ab_2021,UJAHR,UMONAT,USTUNDE,UWOCHENTAG,UKATEGORIE,UART,UTYP1,ULICHTVERH,IstRad,IstPKW,IstFuss,IstKrad,IstGkfz,IstSonstig,STRZUSTAND,LINREFX,LINREFY,XGCSWGS84,YGCSWGS84
205156,11,4,4030620,Alt-Lietzow,4300619,2018,9,15,4,3,0,1,0,1,0,0,0,0,0,0,791971,6326,5827402,83
205157,11,4,4031032,Halensee,4500937,2018,9,8,6,3,5,5,0,0,1,0,1,0,0,0,791327,1866,5825077,84
205158,11,8,8010301,Reuterkiez,8100311,2018,9,18,6,2,3,6,0,1,0,0,0,0,1,0,800676,999,5824384,907
205159,11,4,4031032,Halensee,4500937,2018,9,13,4,2,0,4,0,0,0,1,0,1,1,0,791452,7,5825068,584
205160,11,1,1011302,Oranienburger Stra�e                                                                                ,1100309,2018,9,15,5,2,3,6,0,1,1,0,0,0,0,0,798902,139,5829041,789
205161,11,8,8030829,Gropiusstadt Nord,8300934,2018,9,17,4,3,6,4,0,0,1,1,0,0,0,0,803647,1971,5818077,77
205162,11,2,2020206,Graefekiez,2200213,2018,9,8,6,3,6,4,0,1,0,1,0,0,0,1,800342,8033,5824554,407
205163,11,7,7020202,Volkspark (Rudolf-Wilde-Park),7200308,2018,9,17,4,3,5,2,0,1,0,0,1,0,0,0,794718,6879,5823910,479
205164,11,6,6010205,S�dende,6100205,2018,9,19,5,3,1,5,2,1,1,0,0,0,0,0,795527,5355,5819721,531
205165,11,11,11051331,Karlshorst Nord,11501340,2018,9,16,4,3,5,3,0,0,1,0,0,0,0,0,807372,7106,5824559,211
205166,11,10,10010309,Springpfuhl,10100312,2018,9,17,6,3,2,6,0,1,1,0,0,0,0,0,807961,6504,5829232,433
205167,11,8,8010118,Silbersteinstra�e,8100105,2018,9,7,6,3,6,4,0,0,1,1,0,0,0,0,800926,7905,5821919,729
205168,11,7,7030301,Friedenau,7300516,2018,9,16,5,3,2,7,0,0,1,0,0,0,0,0,794043,803,5821649,992
205169,11,1,1011201,Wilhelmstra�e                                                                                       ,1100205,2018,9,12,4,3,5,7,0,0,1,0,0,0,0,0,796957,1686,5826782,854
205170,11,10,10040829,Alt-Kaulsdorf,10400836,2018,9,7,6,3,5,3,0,1,1,0,0,0,0,1,811009,4667,5827597,47
205171,11,7,7010104,Dennewitzplatz,7100205,2018,9,15,5,3,5,3,0,1,1,0,0,0,0,0,796422,6064,5824866,118
205172,11,11,11041128,Sewanstra�e,11401136,2018,9,12,4,3,2,2,0,0,1,0,0,0,0,0,805402,457,5826057,65
205173,11,11,11030720,Herzbergstra�e,11300721,2018,9,7,6,2,5,3,0,0,1,0,1,0,0,0,805197,6993,5828973,814
205174,11,11,11010102,Dorf Wartenberg,11100101,2018,9,17,4,3,2,6,0,0,1,0,0,0,0,0,806600,6203,5836505,28
205175,11,2,2020204,Urbanstra�e,2200210,2018,9,11,4,3,5,3,0,1,0,0,0,0,0,0,798137,283,5824852,92
205176,11,2,2010102,Mehringplatz,2100102,2018,9,7,6,3,0,1,0,0,0,0,1,0,0,0,798101,8657,5826213,979
205177,11,11,11010103,Dorf Falkenberg,11100102,2018,9,17,5,2,5,2,0,1,1,0,0,0,0,0,808265,3157,5834028,266
205178,11,1,1011402,Arkonaplatz,1100416,2018,9,17,4,2,0,1,0,1,0,0,0,0,0,0,798742,3168,5829590,615
205179,11,2,2030401,Reichenberger Stra�e,2300418,2018,9,16,6,3,3,6,0,1,1,0,0,0,0,0,801175,8765,5825154,465
205180,11,2,2050802,Boxhagener Platz,2500833,2018,9,9,4,3,3,6,0,1,0,0,0,0,1,0,802108,4556,5827355,752
205181,11,1,1033201,Brunnenstra�e                                                                                       ,1300834,2018,9,8,4,3,6,2,0,0,0,1,0,0,1,0,797694,89,5830705,667
205182,11,12,12304314,Ziekowstra�e/Freie Scholle,12500824,2018,9,16,6,3,5,3,0,0,1,0,0,0,0,0,791056,738,5836280,645
205183,11,4,4031032,Halensee,4500937,2018,9,18,5,3,0,7,0,0,1,0,0,0,1,0,791671,2947,5825129,549
205184,11,4,4030930,George-Grosz-Platz,4501041,2018,9,9,4,3,5,2,0,1,1,0,0,0,0,0,792961,8239,5825713,37
205185,11,1,1011302,Oranienburger Stra�e                                                                                ,1100309,2018,9,16,6,3,6,6,0,1,0,1,0,0,0,0,798002,6745,5828813,989
205186,11,12,12214125,Waldidyll/Flughafensee,12200412,2018,9,15,6,2,5,2,0,0,1,0,1,0,0,0,791002,7797,5833725,12
205187,11,1,1011303,Alexanderplatzviertel,1100310,2018,9,16,5,3,6,4,0,1,0,1,0,0,0,0,798685,5199,5828161,221
205188,11,4,4020313,K�nigin-Elisabeth-Stra�e,4200311,2018,9,9,4,3,0,3,0,0,1,0,1,0,0,0,790039,8054,5826133,576
205189,11,4,4030623,Ernst-Reuter-Platz,4300622,2018,9,20,6,3,1,5,2,1,0,0,0,0,1,0,793853,1095,5826245,879
205190,11,8,8010406,Treptower Stra�e Nord,8100419,2018,9,7,4,3,5,3,0,0,1,0,1,0,0,0,802032,62,5824296,962
205191,11,1,1022207,Hansaviertel,1200629,2018,9,15,6,3,5,2,0,0,1,0,1,0,0,0,794322,1398,5827392,8
205192,11,11,11020514,Gro�e-Leege-Stra�e,11200513,2018,9,6,4,3,5,3,0,1,1,0,0,0,0,0,804727,266,5831202,333
205193,11,1,1011304,Karl-Marx-Allee,1100311,2018,9,16,4,3,6,7,0,1,0,1,0,0,0,0,799454,5891,5827994,77
205194,11,12,12214423,Mellerbogen,12200308,2018,9,15,6,2,1,5,0,1,1,0,0,0,0,0,792956,9645,5833650,923
205195,11,1,1022204,Thomasiusstra�e                                                                                     ,1200626,2018,9,15,6,3,1,5,0,1,1,0,0,0,0,0,794966,2791,5828284,708
205196,11,7,7040403,Manteuffelstra�e                                                                                    ,7400823,2018,9,10,5,3,6,7,0,1,0,1,0,0,0,0,797008,69,5822212,159
205197,11,1,1033202,Humboldthain S�d,1300835,2018,9,5,4,3,2,6,1,0,1,0,0,0,0,0,797879,9685,5829870,836
205198,11,3,3010101,Bucher Forst,3100101,2018,9,14,6,3,6,2,0,0,0,1,0,0,1,0,803852,8269,5841450,42
205199,11,5,5010207,Darbystra�e                                                                                         ,5100209,2018,9,12,5,2,5,2,0,0,1,0,0,0,0,0,783691,566,5830172,695
205200,11,8,8010301,Reuterkiez,8100312,2018,9,13,6,3,5,7,0,1,1,0,0,0,0,0,800984,3773,5824424,191
205201,11,5,5030832,Rohrdamm,5300838,2018,9,13,6,3,2,6,0,0,1,0,1,0,0,0,788033,501,5830919,826
205202,11,9,9010401,Johannisthal West,9100407,2018,9,15,4,1,8,1,0,0,0,0,1,0,0,0,805131,6887,5821482,691
205203,11,8,8010404,Rixdorf,8100417,2018,9,14,3,3,5,2,0,0,1,0,0,0,0,0,802486,8526,5823151,427
205204,11,4,4051655,Babelsberger Stra�e,4501153,2018,9,11,6,3,5,2,0,1,1,0,0,0,0,0,794007,4947,5823930,96
205205,11,4,4030623,Ernst-Reuter-Platz,4300622,2018,9,12,3,3,6,4,0,0,1,1,0,0,0,0,793584,8796,5826421,499
205206,11,2,2030302,Lausitzer Platz,2300315,2018,9,11,3,3,5,2,0,1,1,0,0,0,0,0,800489,8968,5825778,958
205207,11,7,7040403,Manteuffelstra�e                                                                                    ,7400824,2018,9,9,6,2,6,4,0,0,1,1,0,0,0,0,797810,5202,5821882,352
205208,11,3,3061430,Volkspark Prenzlauer Berg,3601450,2018,9,20,5,3,3,6,2,1,0,0,0,0,0,0,801839,5567,5829916,443
205209,11,2,2010104,Wassertorplatz,2100106,2018,9,7,5,3,5,3,0,1,1,0,0,0,0,0,799444,7509,5825658,822
205210,11,4,4030623,Ernst-Reuter-Platz,4300622,2018,9,11,3,3,5,2,0,0,0,0,1,0,0,0,793818,27,5826705,1
205211,11,3,3061332,Helmholtzplatz,3601348,2018,9,17,5,3,5,3,0,1,1,0,0,0,0,0,799839,79,5830805,413
205212,11,4,4030623,Ernst-Reuter-Platz,4300622,2018,9,14,5,3,5,3,0,0,1,0,0,0,0,0,793162,2278,5826885,512
205213,11,9,9010301,Baumschulenstra�e,9100304,2018,9,16,5,3,2,6,0,0,1,0,0,0,1,0,804365,1952,5821746,749
205214,11,10,10020414,Helle Mitte,10200421,2018,9,22,5,3,6,4,2,0,1,1,0,0,0,1,812181,5385,5830916,883
205215,11,4,4030518,Tegeler Weg,4300517,2018,9,11,3,3,2,6,0,0,1,0,0,0,0,0,791702,4841,5827826,218
205216,11,5,5020626,Adamstra�e                                                                                          ,5200631,2018,9,10,3,3,1,5,0,1,1,0,0,0,0,0,784856,1998,5827701,685
205217,11,4,4010101,Jungfernheide,4100101,2018,9,22,5,3,6,2,2,0,1,1,0,0,0,1,790399,4396,5829046,577
205218,11,6,6010205,S�dende,6100205,2018,9,10,3,3,5,2,0,0,1,0,1,0,0,0,795229,3519,5819846,6
205219,11,9,9010101,Elsenstra�e                                                                                         ,9100101,2018,9,22,5,3,5,2,2,1,1,0,0,0,0,0,802349,6895,5824751,2
205220,11,2,2050801,Traveplatz,2500830,2018,9,9,3,3,5,3,0,1,1,0,0,0,0,0,802445,467,5827424,217
205221,11,1,1011303,Alexanderplatzviertel,1100310,2018,9,9,3,3,5,2,0,1,1,0,0,0,0,0,799135,6982,5828465,406
205222,11,5,5010314,Carl-Schurz-Stra�e                                                                                  ,5100316,2018,9,19,5,3,0,7,0,0,0,0,1,0,0,0,784590,2531,5829496,522
205223,11,1,1044202,Sparrplatz,1401046,2018,9,9,3,3,5,2,0,1,0,0,1,0,0,0,794884,6056,5830241,458
205224,11,7,7010102,Nollendorfplatz,7100102,2018,9,9,3,3,0,6,0,0,0,0,1,0,1,0,795091,4765,5824926,925
205225,11,1,1033102,Gesundbrunnen,1300733,2018,9,19,5,3,5,2,2,0,1,0,0,0,0,1,797353,48,5831201,919
205226,11,2,2020204,Urbanstra�e,2200210,2018,9,19,5,3,2,6,2,0,1,0,1,0,0,1,798106,501,5825435,726
205227,11,10,10010206,Ringkolonnaden,10100209,2018,9,6,5,3,1,5,1,1,1,0,0,0,0,0,809513,169,5832172,574
205228,11,2,2020206,Graefekiez,2200212,2018,9,6,3,3,6,4,1,1,0,1,0,0,0,0,799186,537,5824591,414
205229,11,4,4031032,Halensee,4500938,2018,9,11,5,3,1,5,0,1,1,0,0,0,0,1,791454,4246,5825007,545
205230,11,3,3040614,Pankow Zentrum                                                                                      ,3400721,2018,9,14,5,3,1,5,0,0,1,0,1,0,0,0,798142,7272,5833060,456
205231,11,2,2010104,Wassertorplatz,2100106,2018,9,19,5,3,5,3,1,0,1,0,0,0,0,0,798597,7572,5825578,617
205232,11,7,7050505,Hundsteinweg,7501134,2018,9,8,3,2,0,7,0,0,1,1,0,0,0,0,798244,2165,5818946,323
205233,11,6,6020408,Lichterfelde S�d                                                                                    ,6200420,2018,9,15,5,3,2,6,0,0,1,0,0,0,0,0,792838,8837,5816452,239
205234,11,8,8041038,Wa�mannsdorfer Chaussee,8401244,2018,9,6,3,3,5,2,0,1,1,0,0,0,0,0,806241,698,5816373,601
205235,11,4,4030827,Karl-August-Platz,4300623,2018,9,15,5,3,2,6,0,0,1,0,0,0,0,0,792075,1078,5826468,38
205236,11,8,8020726,Buckow West,8200831,2018,9,0,5,3,1,5,1,0,1,0,0,0,1,0,799250,5799,5816606,34
205237,11,12,12103219,Sch�fersee,12100204,2018,9,8,3,3,1,5,0,0,1,0,0,0,0,0,795108,8562,5832471,47
205238,11,8,8010118,Silbersteinstra�e,8100104,2018,9,13,5,3,3,2,0,1,1,0,0,0,0,0,800878,7365,5822453,257
205239,11,5,5020627,Tiefwerder,5200632,2018,9,14,5,3,2,6,0,0,1,0,0,0,0,0,785905,925,5827987,778
205240,11,1,1011402,Arkonaplatz,1100416,2018,9,11,5,3,5,7,0,0,1,0,0,0,0,1,798501,7064,5829461,247
205241,11,1,1033102,Gesundbrunnen,1300733,2018,9,6,6,3,0,2,1,1,0,0,0,0,1,0,797662,866,5831882,427
205242,11,10,10020622,Kaulsdorf Nord I                                                                                    ,10200629,2018,9,8,3,3,3,6,0,1,1,0,0,0,0,0,810493,224,5827972,621
205243,11,8,8020620,Tempelhofer Weg,8200624,2018,9,18,5,3,4,6,0,0,1,0,0,0,0,0,800923,8792,5821469,166
205244,11,1,1033102,Gesundbrunnen,1300733,2018,9,11,5,3,5,2,0,1,0,0,0,1,0,1,797108,2445,5831770,618
205245,11,9,9020802,K�llnische Vorstadt                                                                                 ,9200819,2018,9,11,3,3,0,1,0,0,0,0,1,0,0,0,809898,5022,5820054,569
205246,11,10,10010311,Landsberger Tor,10100316,2018,9,18,5,3,9,1,1,0,1,0,0,0,0,1,809867,5066,5831001,79
205247,11,7,7010101,Wittenbergplatz/Viktoria-Luise-Platz,7100101,2018,9,4,5,3,5,3,2,0,1,0,1,0,0,0,794975,5296,5824930,163
205248,11,7,7020201,Bayerischer Platz,7200307,2018,9,15,3,3,1,5,0,1,1,0,0,0,0,0,794959,5316,5824125,446
205249,11,7,7020203,Kaiser-Wilhelm-Platz,7200409,2018,9,10,5,3,0,7,0,0,1,0,1,0,0,1,795079,4493,5824346,58
205250,11,8,8041038,Wa�mannsdorfer Chaussee,8401244,2018,9,17,3,2,5,2,0,0,1,0,0,0,0,0,805679,6022,5816741,496
205251,11,2,2040701,Andreasviertel,2400521,2018,9,17,3,3,3,2,0,0,0,0,1,0,1,0,800425,8611,5827974,935
205252,11,1,1044103,Westliche M�llerstra�e                                                                              ,1400942,2018,9,10,5,3,5,3,0,0,1,0,0,0,0,1,794649,9643,5830525,288
205253,11,2,2040701,Andreasviertel,2400623,2018,9,17,5,3,2,6,0,0,1,0,0,0,0,0,800568,7,5826981,832
205254,11,4,4051550,Leon-Jessel-Platz,4501147,2018,9,9,5,2,5,3,0,1,1,0,0,0,0,1,792875,4236,5824328,469
205255,11,4,4061757,Forst Grunewald,4200207,2018,9,13,5,3,3,6,0,1,1,0,0,0,0,0,785073,8399,5824447,265
205256,11,2,2010102,Mehringplatz,2100102,2018,9,9,5,3,5,3,0,1,0,0,0,0,0,1,798034,9391,5825825,941
205257,11,4,4010101,Jungfernheide,4100101,2018,9,17,3,3,5,2,0,1,1,0,0,0,0,0,791214,8302,5829726,371
205258,11,1,1022201,Stephankiez,1200623,2018,9,0,5,3,5,3,2,0,1,0,0,0,0,0,795484,5828,5829578,649
205259,11,3,3050925,Komponistenviertel Wei�ensee,3500936,2018,9,17,3,3,1,5,0,0,1,0,0,0,0,0,802065,7209,5831349,707
205260,11,1,1011202,Unter den Linden Nord,1100206,2018,9,9,5,3,2,2,0,0,1,0,0,0,0,1,797187,7186,5827528,52
205261,11,5,5030730,Zitadellenweg,5300736,2018,9,21,3,2,5,3,2,0,1,0,0,0,0,0,786908,1723,5830092,669
205262,11,6,6040703,Nikolassee,6400737,2018,9,21,3,3,8,7,2,0,1,0,0,0,0,0,785141,8549,5819144,425
205263,11,1,1011303,Alexanderplatzviertel,1100310,2018,9,9,5,3,5,3,0,1,0,0,0,0,0,1,799134,8605,5828913,569
205264,11,12,12302211,L�barser Stra�e,12601031,2018,9,19,3,3,2,2,1,0,1,0,0,0,0,0,793158,67,5836815,294
205265,11,1,1011301,Charit�viertel,1100308,2018,9,8,5,3,3,6,0,1,1,0,0,0,0,1,797066,8744,5829301,315
205266,11,1,1022103,Westhafen,1200517,2018,9,18,3,3,5,7,0,0,1,0,1,0,0,0,794581,221,5829740,712
205267,11,3,3050925,Komponistenviertel Wei�ensee,3500936,2018,9,18,3,3,5,3,0,1,0,0,0,0,1,0,801852,906,5831378,2
205268,11,12,12302212,Rollbergesiedlung,12601032,2018,9,8,5,3,5,3,0,0,1,0,0,0,0,1,792791,9761,5837478,412
205269,11,12,12301203,Wittenau S�d                                                                                        ,12500926,2018,9,7,5,3,5,7,0,0,1,0,1,0,0,1,793194,7975,5835923,894
205270,11,9,9031101,Gr�nau,9301126,2018,9,12,5,3,5,3,0,0,1,0,0,0,0,0,811048,7941,5816925,192
205271,11,1,1011201,Wilhelmstra�e                                                                                       ,1100205,2018,9,18,3,3,6,4,0,1,0,1,0,0,0,0,797082,5977,5826529,318
205272,11,11,11030721,R�digerstra�e,11300725,2018,9,6,5,3,6,4,1,0,1,1,0,0,0,0,805209,869,5828127,182
205273,11,8,8010214,Glasower Stra�e,8100209,2018,9,17,5,3,5,2,0,1,0,0,0,0,1,0,801875,2185,5822389,857
205274,11,5,5010209,An der Kappe,5100211,2018,9,18,5,3,5,3,1,0,1,0,0,0,0,1,783242,7468,5830286,439
205275,11,1,1022106,Elberfelder Stra�e                                                                                  ,1200522,2018,9,18,3,3,5,2,0,0,0,0,1,0,1,0,794320,5689,5828363,956
205276,11,2,2050602,Samariterviertel,2500729,2018,9,17,3,3,6,4,0,0,1,1,0,0,0,0,803478,501,5827733,477
205277,11,1,1011306,Heine-Viertel Ost,1100313,2018,9,18,5,3,5,3,0,0,1,0,1,0,0,1,800502,23,5826841,632
205278,11,10,10010310,Alt-Marzahn,10100314,2018,9,16,3,3,1,5,0,1,1,0,0,0,0,0,808974,4101,5830930,27
205279,11,3,3061228,Erich-Weinert-Stra�e,3601245,2018,9,15,3,2,5,2,0,0,1,0,1,0,0,0,800750,5305,5831300,608
205280,11,3,3010102,Buch,3100103,2018,9,8,5,2,0,1,0,0,0,0,1,0,0,1,804432,2282,5840673,554
205281,11,5,5020628,Graetschelsteig,5200633,2018,9,8,5,3,2,6,0,0,1,0,0,1,0,1,783948,489,5826596,929
205282,11,1,1011402,Arkonaplatz,1100416,2018,9,7,5,3,5,3,0,1,1,0,0,0,0,0,798527,8918,5830051,461
205283,11,4,4030417,Schlo�stra�e,4300414,2018,9,15,3,3,5,3,0,0,1,0,0,0,0,0,790980,864,5826664,66
205284,11,2,2040501,Barnimkiez,2400520,2018,9,14,3,3,5,7,0,0,1,0,1,0,0,0,801245,2964,5828799,821
205285,11,1,1033203,Humboldthain Nordwest                                                                               ,1300836,2018,9,18,5,3,2,1,0,0,1,0,1,0,0,1,796740,9392,5830479,819
205286,11,12,12103218,Teichstra�e,12100205,2018,9,11,5,3,0,1,0,0,0,0,1,0,0,1,795447,2132,5834164,334
205287,11,3,3030716,M�rchenland,3300517,2018,9,9,5,3,1,5,0,0,1,0,1,0,0,0,803579,2727,5834135,86
205288,11,1,1033101,Soldiner Stra�e                                                                                     ,1300730,2018,9,14,3,3,5,2,0,0,1,0,0,0,0,0,796658,9429,5832057,764
205289,11,10,10020622,Kaulsdorf Nord I                                                                                    ,10200629,2018,9,10,5,3,0,1,0,0,0,0,1,0,0,1,810838,4428,5829018,685
205290,11,5,5030731,Gartenfelder Stra�e                                                                                 ,5300737,2018,9,16,5,3,2,6,0,0,1,0,0,0,1,0,786964,4788,5829548,947
205291,11,7,7040403,Manteuffelstra�e                                                                                    ,7400824,2018,9,16,5,3,5,3,0,1,1,0,0,0,0,0,797826,3689,5822204,281
205292,11,2,2030301,Oranienplatz,2300314,2018,9,13,3,3,5,3,0,0,1,0,0,0,0,0,799717,6782,5826305,2
205293,11,7,7070701,Kettinger Stra�e/Schillerstra�e                                                                     ,7601442,2018,9,12,3,3,5,3,0,0,1,0,0,0,0,0,799384,7699,5815385,265
205294,11,4,4030415,Schlo�garten,4300412,2018,9,16,5,3,5,2,0,1,1,0,0,0,0,0,791028,2083,5827413,101
205295,11,10,10010309,Springpfuhl,10100312,2018,9,14,3,2,0,1,0,0,0,0,1,0,0,0,807832,8845,5829074,335
205296,11,1,1011303,Alexanderplatzviertel,1100310,2018,9,9,6,3,5,2,0,1,1,0,0,0,0,0,799109,9674,5828466,7
205297,11,4,4051655,Babelsberger Stra�e,4501153,2018,9,17,2,3,0,2,0,1,1,0,0,0,0,0,793862,1702,5823227,816
205298,11,2,2010102,Mehringplatz,2100102,2018,9,15,5,3,3,6,0,0,1,0,1,0,0,0,798449,7945,5826550,691
205299,11,6,6010206,Stadtpark,6100206,2018,9,15,5,3,5,3,0,0,1,0,0,0,0,0,795186,9149,5819513,445
205300,11,9,9010301,Baumschulenstra�e,9100304,2018,9,22,2,3,0,3,2,1,1,0,0,0,0,0,804598,516,5822054,97
205301,11,4,4030827,Karl-August-Platz,4300623,2018,9,15,5,3,5,2,0,1,1,0,0,0,0,0,792718,1154,5826110,239
205302,11,7,7030301,Friedenau,7300517,2018,9,17,5,3,2,4,0,1,0,1,0,0,0,0,793895,1799,5822936,441
205303,11,1,1011302,Oranienburger Stra�e                                                                                ,1100309,2018,9,8,5,3,2,6,0,0,1,0,0,0,0,0,798350,9065,5829034,289
205304,11,1,1022203,L�becker Stra�e                                                                                     ,1200625,2018,9,22,2,3,1,5,2,0,1,0,1,0,0,0,794689,6452,5828838,64
205305,11,8,8020728,Buckow Ost,8200833,2018,9,9,5,3,3,6,0,0,0,0,1,1,0,1,801639,8715,5817432,405
205306,11,3,3040508,Rosenthal,3400618,2018,9,7,5,3,0,2,1,1,1,0,0,0,0,0,796288,4498,5836456,541
205307,11,1,1011103,L�tzowstra�e                                                                                        ,1100103,2018,9,10,5,3,2,6,0,0,1,0,0,1,0,1,795326,6061,5826155,474
205308,11,1,1011203,Unter den Linden S�d,1100206,2018,9,15,2,3,2,6,0,1,1,0,0,0,0,0,797578,96,5827309,166
205309,11,3,3050923,Wei�enseer Spitze,3500934,2018,9,14,2,3,5,3,0,0,1,0,1,0,0,0,800994,2017,5831899,754
205310,11,5,5020417,Staakener Stra�e                                                                                    ,5200420,2018,9,18,4,3,5,3,0,1,1,0,0,0,0,0,781915,3426,5828603,557
205311,11,1,1033201,Brunnenstra�e                                                                                       ,1300834,2018,9,14,2,3,5,2,0,1,1,0,0,0,0,0,798051,1222,5830032,63
205312,11,12,12301203,Wittenau S�d                                                                                        ,12500930,2018,9,21,5,3,5,2,2,0,1,0,0,0,0,0,792859,2166,5835169,997
205313,11,8,8041037,Alt-Rudow,8401243,2018,9,13,2,3,5,2,0,1,1,0,0,0,0,0,805576,7445,5817406,151
205314,11,1,1022204,Thomasiusstra�e                                                                                     ,1200626,2018,9,16,4,3,2,7,0,0,1,0,0,0,0,0,794788,8489,5828310,646
205315,11,3,3050923,Wei�enseer Spitze,3500934,2018,9,7,4,3,1,5,0,1,1,0,0,0,0,0,800467,761,5831752,481
205316,11,10,10010308,Marzahner Chaussee,10100311,2018,9,8,4,3,5,3,0,1,1,0,0,0,0,0,807140,711,5828478,622
205317,11,8,8020727,Buckow Mitte,8200832,2018,9,13,2,3,5,3,0,1,1,0,0,0,0,0,800950,1121,5816269,985
205318,11,2,2020203,Viktoriapark,2200209,2018,9,19,4,3,5,5,1,0,1,0,1,0,0,0,797118,4242,5824077,358
205319,11,2,2050601,Hausburgviertel,2500726,2018,9,19,4,3,6,4,1,1,0,1,0,0,0,0,801856,6447,5828437,662
205320,11,10,10040933,Mahlsdorf S�d                                                                                       ,10400940,2018,9,16,5,3,5,3,0,1,1,0,0,0,0,0,812120,1359,5825970,641
205321,11,1,1011105,N�rdlicher Landwehrkanal                                                                            ,1100102,2018,9,13,2,3,2,6,0,0,0,0,1,0,1,0,796193,8214,5826743,9
205322,11,7,7060604,Marienfelde S�d,7601339,2018,9,18,4,3,5,2,0,1,1,0,0,0,0,0,795532,534,5816090,734
205323,11,4,4030415,Schlo�garten,4300412,2018,9,19,2,3,5,3,2,1,1,0,0,0,0,0,790794,1572,5827391,898
205324,11,3,3010102,Buch,3100103,2018,9,13,2,3,2,7,0,0,1,0,1,0,0,0,804506,8546,5840922,588
205325,11,10,10020517,Adele-Sandrock-Stra�e                                                                               ,10200524,2018,9,18,4,3,1,7,0,1,1,0,0,0,0,0,813063,4962,5830710,427
205326,11,6,6040703,Nikolassee,6400737,2018,9,12,5,3,5,2,0,1,1,0,0,0,0,0,786863,935,5817434,342
205327,11,3,3020307,Buchholz,3200309,2018,9,7,4,3,2,6,0,0,1,0,0,0,0,0,800703,1577,5838651,745
205328,11,2,2020203,Viktoriapark,2200209,2018,9,23,4,2,0,5,2,0,0,0,1,0,1,0,797235,524,5824509,464
205329,11,8,8010117,Schillerpromenade,8100103,2018,9,11,2,2,5,2,0,0,1,0,1,0,0,0,800621,2862,5823111,399
205330,11,3,3071537,Kollwitzplatz,3701555,2018,9,7,4,3,0,7,0,0,1,0,0,0,0,0,799601,3407,5830087,556
205331,11,6,6030503,Zehlendorf Mitte                                                                                    ,6300526,2018,9,18,5,3,2,6,0,1,1,0,0,0,0,0,789267,9735,5817479,598
205332,11,4,4030724,Lietzensee,4300415,2018,9,11,2,3,1,5,0,0,1,0,0,0,1,0,791235,4939,5826056,896
205333,11,12,12103117,Letteplatz,12100101,2018,9,7,4,2,1,5,0,1,0,0,0,0,1,0,796695,3456,5832979,266
205334,11,4,4051447,Ludwigkirchplatz,4501044,2018,9,10,4,3,2,7,0,1,1,0,0,0,0,0,793192,7462,5824715,368
205335,11,11,11010308,Zingster Stra�e Ost,11100307,2018,9,7,4,3,1,5,0,1,1,0,0,0,0,0,805032,6534,5834143,991
205336,11,2,2050803,Stralauer Kiez,2500835,2018,9,19,2,3,6,4,1,0,0,1,1,0,0,0,802385,7037,5826087,192
205337,11,3,3040614,Pankow Zentrum                                                                                      ,3400725,2018,9,7,4,3,5,3,0,1,0,0,0,0,0,0,799302,4879,5835045,836
205338,11,3,3040513,Sch�nholz,3400620,2018,9,16,4,3,5,3,0,1,1,0,0,0,0,0,796624,5271,5834171,231
205339,11,9,9010401,Johannisthal West,9100407,2018,9,9,2,3,6,2,0,0,1,1,0,0,0,0,805817,2609,5819648,791
205340,11,4,4051447,Ludwigkirchplatz,4501044,2018,9,14,4,2,5,2,0,1,0,0,1,0,0,0,793156,2301,5824516,293
205341,11,4,4010101,Jungfernheide,4100101,2018,9,9,2,3,5,3,0,1,0,0,0,0,1,0,789701,8694,5829564,278
205342,11,1,1022106,Elberfelder Stra�e                                                                                  ,1200522,2018,9,5,5,3,5,3,2,1,1,0,0,0,0,0,793702,5636,5828015,272
205343,11,2,2050801,Traveplatz,2500831,2018,9,18,2,2,1,5,1,1,1,0,0,0,0,0,802712,5179,5827352,607
205344,11,2,2040701,Andreasviertel,2400623,2018,9,7,4,2,6,4,0,1,0,1,0,0,0,0,800940,8266,5827598,834
205345,11,1,1022104,Emdener Stra�e                                                                                      ,1200520,2018,9,13,4,3,7,7,0,1,0,0,0,0,0,0,794575,9308,5828503,156
205346,11,4,4030519,Kaiserin-Augusta-Allee,4300518,2018,9,10,5,3,0,1,0,0,0,0,1,0,0,0,792248,5645,5828243,639
205347,11,9,9010202,K�penicker Landstra�e,9100203,2018,9,9,2,3,6,2,0,0,0,1,0,0,1,0,804102,9733,5823591,894
205348,11,1,1011101,St�lerstra�e                                                                                        ,1100101,2018,9,13,4,2,1,5,0,1,1,0,0,0,0,0,794995,9456,5825948,843
205349,11,8,8010211,Flughafenstra�e,8100206,2018,9,11,4,3,3,6,0,1,1,0,0,0,0,0,800919,3438,5823852,625
205350,11,1,1011302,Oranienburger Stra�e                                                                                ,1100309,2018,9,9,2,3,1,5,0,1,1,0,0,0,1,0,798098,289,5828455,546
205351,11,1,1044101,Rehberge,1400938,2018,9,7,2,2,5,3,0,1,0,0,1,0,0,0,794183,9571,5830382,933
205352,11,1,7010101,Wittenbergplatz/Viktoria-Luise-Platz,7100101,2018,9,11,4,3,5,2,0,1,1,0,0,0,0,0,794697,5918,5826032,693
205353,11,9,9020701,Adlershof West,9200715,2018,9,7,2,2,5,3,0,1,1,0,0,0,0,0,807878,8101,5819181,516
205354,11,1,1011302,Oranienburger Stra�e                                                                                ,1100309,2018,9,14,4,2,0,1,0,1,0,0,0,0,0,0,798528,8233,5829003,601