OBJECTID,LAND,BEZ,LOR,STRASSE,LOR_ab_2021,UJAHR,UMONAT,USTUNDE,UWOCHENTAG,UKATEGORIE,UART,UTYP1,ULICHTVERH,IstRad,IstPKW,IstFuss,IstKrad,IstGkfz,IstSonstig,STRZUSTAND,LINREFX,LINREFY,XGCSWGS84,YGCSWGS84
205355,11,9,9010101,Elsenstra�e                                                                                         ,9100101,2018,9,7,2,3,5,3,0,0,1,0,1,0,0,0,802156,9748,5824740,756
205356,11,6,6020302,Komponistenviertel Lankwitz,6200312,2018,9,11,4,3,5,3,0,1,1,0,0,0,0,0,794339,7641,5819040,842
205357,11,4,4051446,Preu�enpark,4501043,2018,9,18,2,3,5,3,1,1,1,0,0,0,0,0,792557,2322,5824695,33
205358,11,5,5020625,Borkumer Stra�e                                                                                     ,5200629,2018,9,12,2,3,3,6,0,0,1,0,1,0,0,0,784052,4285,5828718,539
205359,11,4,4030930,George-Grosz-Platz,4501041,2018,9,9,4,3,5,3,0,1,1,0,0,0,0,0,793127,9119,5825402,941
205360,11,4,4030518,Tegeler Weg,4300517,2018,9,18,4,3,5,7,0,1,1,0,0,0,0,0,791981,49,5828211,183
205361,11,4,4031032,Halensee,4500938,2018,9,8,5,3,2,6,0,0,1,0,0,0,0,0,792130,4445,5824997,536
205362,11,1,1011101,St�lerstra�e                                                                                        ,1100101,2018,9,18,2,2,5,3,0,0,0,0,1,0,1,0,795121,726,5826500,43
205363,11,3,3061126,Arnimplatz,3601141,2018,9,18,4,3,2,6,0,0,1,0,1,0,0,0,799194,1859,5831774,898
205364,11,12,12103219,Sch�fersee,12100204,2018,9,13,4,2,5,2,0,0,1,0,1,0,0,0,795586,479,5833147,48
205365,11,1,1011302,Oranienburger Stra�e                                                                                ,1100309,2018,9,9,4,3,0,1,0,1,0,0,0,0,0,0,799040,1691,5828959,88
205366,11,2,2050601,Hausburgviertel,2500726,2018,9,18,2,3,2,6,0,0,1,0,1,0,0,0,802130,478,5828455,354
205367,11,6,6030610,Lichterfelde West                                                                                   ,6300634,2018,9,17,2,3,5,2,0,0,1,0,1,0,0,0,791931,999,5819058,29
205368,11,1,1044101,Rehberge,1400937,2018,9,18,4,3,5,2,0,1,1,0,0,0,0,0,794304,9251,5831741,814
205369,11,7,7020203,Kaiser-Wilhelm-Platz,7200409,2018,9,17,2,3,1,1,0,0,1,0,1,0,0,0,795629,2334,5824184,541
205370,11,1,1022104,Emdener Stra�e                                                                                      ,1200520,2018,9,14,6,3,6,4,0,0,1,1,0,0,0,0,794136,1908,5828462,347
205371,11,10,10010311,Landsberger Tor,10100316,2018,9,16,2,3,5,2,0,0,0,0,1,0,1,0,810130,8738,5830977,981
205372,11,12,12103219,Sch�fersee,12100204,2018,9,8,4,2,6,2,0,0,1,1,0,0,0,0,795057,3735,5832793,315
205373,11,3,3050919,Gustav-Adolf-Stra�e,3500932,2018,9,17,4,3,2,3,0,0,1,0,0,0,0,0,801994,5711,5832819,81
205374,11,8,8010211,Flughafenstra�e,8100206,2018,9,16,2,3,6,7,0,0,1,1,0,0,0,0,801033,9862,5823774,523
205375,11,3,3071639,B�tzowstra�e,3701660,2018,9,17,2,3,3,6,0,1,1,0,0,0,0,0,800487,537,5829704,886
205376,11,1,1011302,Oranienburger Stra�e                                                                                ,1100309,2018,9,8,4,3,6,4,0,1,0,1,0,0,0,0,798630,2608,5828827,241
205377,11,8,8010212,Rollberg,8100207,2018,9,17,4,3,3,6,0,1,1,0,0,0,0,0,801308,226,5823558,311
205378,11,9,9020501,Obersch�neweide West,9200510,2018,9,6,5,3,3,6,0,0,1,0,1,0,0,0,806745,604,5822981,634
205379,11,10,10010310,Alt-Marzahn,10100313,2018,9,16,2,3,6,7,0,1,0,1,0,0,0,0,808518,8161,5831109,118
205380,11,1,1022104,Emdener Stra�e                                                                                      ,1200520,2018,9,16,4,3,0,2,0,1,1,0,0,0,0,0,794569,3907,5828430,19
205381,11,12,12302107,Schorfheidestra�e                                                                                   ,12601236,2018,9,13,4,3,5,7,0,0,1,0,0,0,1,0,793942,7807,5836168,201
205382,11,10,10040828,Kaulsdorf Nord                                                                                      ,10400835,2018,9,16,4,3,5,3,0,1,1,0,0,0,0,0,812418,4335,5829677,224
205383,11,6,6020306,Lankwitz S�d                                                                                        ,6200317,2018,9,15,2,3,5,7,0,1,1,0,0,0,0,0,795737,263,5816792,865
205384,11,6,6040810,Dahlem,6400844,2018,9,14,5,3,5,3,0,1,1,0,0,0,0,0,792358,6948,5820779,376
205385,11,7,7060604,Marienfelde S�d,7601341,2018,9,15,2,3,1,5,0,0,1,0,0,0,0,0,798180,84,5815133,789
205386,11,2,2030302,Lausitzer Platz,2300315,2018,9,8,4,3,5,3,0,1,0,0,0,0,0,0,800771,5825,5825870,722
205387,11,3,3030711,Blankenburg,3300514,2018,9,19,5,3,5,3,2,0,1,0,0,0,0,0,801043,8068,5836015,15
205388,11,9,9020802,K�llnische Vorstadt                                                                                 ,9200819,2018,9,15,2,3,2,2,0,0,1,0,0,0,0,0,810524,6154,5820012,13
205389,11,6,6040810,Dahlem,6400844,2018,9,23,4,3,2,6,2,0,1,0,0,0,1,0,791186,204,5820098,638
205390,11,8,8010213,K�rnerpark,8100208,2018,9,13,4,3,5,3,0,1,1,0,0,0,0,0,801249,8031,5822883,806
205391,11,3,3061429,Greifswalder Stra�e,3601449,2018,9,16,4,3,2,6,0,0,1,0,1,0,0,0,801912,7379,5830353,788
205392,11,1,1011306,Heine-Viertel Ost,1100313,2018,9,23,2,3,3,6,2,1,0,0,1,0,0,0,799934,6007,5826626,42
205393,11,7,7040403,Manteuffelstra�e                                                                                    ,7400823,2018,9,15,4,3,5,2,0,1,1,0,0,0,0,0,797317,2669,5821758,52
205394,11,1,1044103,Westliche M�llerstra�e                                                                              ,1400942,2018,9,21,4,3,5,2,2,0,1,0,0,0,0,0,794898,4468,5831077,485
205395,11,1,1011202,Unter den Linden Nord,1100206,2018,9,11,2,3,0,2,0,1,1,0,0,0,0,0,797199,138,5827496,139
205396,11,11,11040926,Weitlingstra�e,11400931,2018,9,8,4,3,5,2,0,1,0,0,0,0,1,0,806295,1049,5826843,631
205397,11,4,4061757,Forst Grunewald,4200207,2018,9,17,4,3,3,6,0,1,1,0,0,0,0,0,785229,7825,5824204,838
205398,11,5,5010206,G�tersloher Weg,5100208,2018,9,23,1,3,5,3,2,0,1,0,0,0,1,0,781438,3904,5830724,88
205399,11,8,8030830,Gropiusstadt S�d,8300935,2018,9,21,4,3,5,2,2,0,1,0,0,0,0,0,802290,779,5817836,915
205400,11,8,8010301,Reuterkiez,8100312,2018,9,21,1,3,5,3,2,1,1,0,0,0,0,0,801096,5671,5824349,407
205401,11,8,8020622,Parchimer Allee,8200726,2018,9,8,4,3,5,2,0,1,0,0,0,0,1,0,801257,5551,5819683,411
205402,11,6,6030504,Teltower Damm,6300528,2018,9,17,1,2,3,6,0,1,0,0,0,0,0,0,790056,5376,5815898,31
205403,11,12,12214424,Scharnweberstra�e                                                                                   ,12200309,2018,9,16,1,3,5,3,0,0,1,0,0,0,0,0,793366,2087,5833033,548
205404,11,9,9010301,Baumschulenstra�e,9100304,2018,9,20,4,3,5,5,2,0,1,0,0,0,0,0,804505,3961,5821911,618
205405,11,1,1044103,Westliche M�llerstra�e                                                                              ,1400942,2018,9,22,5,3,1,5,2,1,1,0,0,0,1,0,794960,1901,5831091,228
205406,11,9,9051901,Dammvorstadt,9501941,2018,9,8,4,3,2,6,0,0,1,0,0,0,1,0,811474,5908,5821169,87
205407,11,2,2020205,Chamissokiez,2200211,2018,9,8,4,3,5,7,0,1,1,0,0,0,0,0,799194,271,5824236,711
205408,11,4,4030931,Breitscheidplatz,4501042,2018,9,15,1,3,2,7,0,0,1,0,1,0,0,0,793883,8498,5825512,38
205409,11,3,3020209,Niedersch�nhausen,3200205,2018,9,15,4,3,2,7,0,0,1,0,1,0,0,0,797307,5283,5834998,53
205410,11,1,1033201,Brunnenstra�e                                                                                       ,1300834,2018,9,15,1,3,3,6,0,1,0,0,1,0,0,0,798241,6277,5830912,208
205411,11,7,7060601,Marienfelder Allee Nordwest,7601236,2018,9,16,4,2,5,3,0,0,1,0,1,0,0,0,797198,5778,5817147,325
205412,11,3,3061131,Falkplatz,3601142,2018,9,13,1,3,5,3,0,0,1,0,0,0,1,0,798880,506,5830395,914
205413,11,8,8010115,Hasenheide,8100102,2018,9,13,1,3,5,3,0,1,0,0,1,0,0,0,799224,766,5823833,38
205414,11,5,5010311,Eiswerder,5100313,2018,9,15,4,2,6,4,0,0,1,1,0,0,0,0,785451,2707,5830612,739
205415,11,9,9020701,Adlershof West,9200715,2018,9,13,1,2,5,2,0,0,1,0,0,0,0,0,807697,7972,5818374,36
205416,11,1,1022202,Heidestra�e                                                                                         ,1200624,2018,9,12,1,3,3,6,0,0,1,0,0,0,0,0,795688,6464,5829759,568
205417,11,7,7060604,Marienfelde S�d,7601341,2018,9,7,4,3,5,3,0,1,1,0,0,0,0,0,797600,9441,5815579,753
205418,11,1,1033102,Gesundbrunnen,1300733,2018,9,15,4,2,5,5,0,0,1,0,1,0,0,0,797562,1877,5831289,77
205419,11,8,8010214,Glasower Stra�e,8100209,2018,9,11,5,3,2,6,0,0,1,0,0,0,1,0,801031,2937,5822164,631
205420,11,2,2050802,Boxhagener Platz,2500833,2018,9,12,1,3,5,3,0,0,1,0,0,0,0,0,802901,6711,5827090,423
205421,11,4,4041240,Messelpark,4400831,2018,9,15,4,3,0,3,0,1,1,0,0,0,0,0,790988,1139,5821910,977
205422,11,8,8040933,Vogelviertel S�d,8401139,2018,9,13,4,3,5,3,0,1,1,0,0,0,0,0,803027,524,5819381,443
205423,11,6,6030608,Schweizer Viertel,6300632,2018,9,11,1,3,2,6,0,0,1,0,0,0,0,0,792584,6423,5817189,636
205424,11,4,4020314,Messegel�nde,4200311,2018,9,10,1,2,0,1,0,0,0,0,1,0,0,0,790268,7572,5825486,454
205425,11,9,9010101,Elsenstra�e                                                                                         ,9100101,2018,9,8,4,3,0,2,0,1,0,0,1,0,0,0,802210,107,5824891,637
205426,11,12,12224229,Konradsh�he/Tegelort,12400616,2018,9,9,1,3,5,3,0,0,1,0,0,0,0,0,786242,7451,5834757,951
205427,11,7,7020203,Kaiser-Wilhelm-Platz,7200409,2018,9,8,1,3,6,4,0,0,1,1,0,0,0,0,795123,3,5824343,799
205428,11,7,7040403,Manteuffelstra�e                                                                                    ,7400823,2018,9,17,3,3,2,6,0,1,1,0,0,0,0,0,797255,2713,5820695,808
205429,11,6,6030608,Schweizer Viertel,6300632,2018,9,7,3,3,1,5,1,1,0,0,0,0,1,0,790674,2704,5816292,534
205430,11,12,12231101,Hermsdorf,12400723,2018,9,7,5,3,5,3,0,1,1,0,0,0,0,0,791806,1587,5839580,502
205431,11,9,9020501,Obersch�neweide West,9200510,2018,9,12,1,3,2,2,0,0,1,0,0,0,0,0,806237,6597,5823210,261
205432,11,8,8041039,Frauenviertel,8401245,2018,9,13,3,3,1,5,0,0,1,0,0,0,0,0,806529,4513,5815442,561
205433,11,2,2010104,Wassertorplatz,2100106,2018,9,16,5,2,5,3,0,0,1,0,1,0,0,0,798592,2944,5825573,955
205434,11,4,4030518,Tegeler Weg,4300517,2018,9,21,3,3,0,6,2,0,1,0,1,0,0,0,792008,55,5828225,918
205435,11,8,8041036,Zittauer Stra�e,8401242,2018,9,10,7,3,2,6,0,0,1,0,0,0,0,0,805124,8009,5817442,843
205436,11,1,1011203,Unter den Linden S�d,1100206,2018,9,19,3,3,0,3,1,0,1,0,1,0,0,0,797581,476,5827219,196
205437,11,3,3061126,Arnimplatz,3601141,2018,9,10,5,3,5,5,0,1,1,0,0,0,0,0,798860,3956,5831348,775
205438,11,2,2050804,Stralauer Halbinsel,2500836,2018,9,6,7,3,5,2,0,1,1,0,0,0,0,0,803209,7013,5825584,93
205439,11,1,1011306,Heine-Viertel Ost,1100313,2018,9,22,3,3,0,3,2,0,1,0,1,0,0,0,800063,659,5826416,932
205440,11,1,1044203,Leopoldplatz,1401048,2018,9,18,3,3,0,1,0,1,0,0,0,0,0,0,795608,5657,5831715,143
205441,11,1,1044203,Leopoldplatz,1401048,2018,9,5,7,3,0,4,2,0,1,1,0,0,0,0,795605,5228,5831712,183
205442,11,1,1011301,Charit�viertel,1100308,2018,9,9,7,3,0,2,0,0,1,0,1,0,0,0,797053,313,5828175,414
205443,11,2,2030301,Oranienplatz,2300417,2018,9,18,3,3,6,4,0,0,1,1,0,0,0,0,800005,952,5825671,288
205444,11,10,10020416,B�hlener Stra�e                                                                                     ,10200423,2018,9,11,7,3,2,2,0,1,1,0,0,0,1,0,812887,5869,5831169,425
205445,11,1,1011101,St�lerstra�e                                                                                        ,1100101,2018,9,9,6,3,0,7,0,0,1,0,1,0,0,0,795237,5657,5826610,302
205446,11,5,5010101,Hakenfelde Nord,5100104,2018,9,11,7,3,5,3,0,0,1,0,0,0,0,0,785748,7164,5831746,987
205447,11,4,4051447,Ludwigkirchplatz,4501044,2018,9,18,3,2,5,3,0,0,1,0,1,0,0,0,793216,878,5825193,791
205448,11,4,4051447,Ludwigkirchplatz,4501044,2018,9,18,3,3,0,5,0,1,1,0,0,0,0,0,793420,6711,5825195,285
205449,11,3,3050920,Wei�er See,3500933,2018,9,10,7,3,2,6,0,0,1,0,0,0,0,0,802377,8855,5832587,463
205450,11,2,2020203,Viktoriapark,2200208,2018,9,17,3,3,3,6,0,0,1,0,1,0,0,0,797459,739,5824926,621
205451,11,6,6020410,Oberhofer Platz,6200422,2018,9,9,4,3,5,3,0,0,1,0,0,0,0,0,794142,5544,5816686,329
205452,11,1,1033102,Gesundbrunnen,1300733,2018,9,14,3,2,5,2,0,1,1,0,0,0,0,0,797661,1443,5831882,627
205453,11,4,4041241,Breite Stra�e,4400832,2018,9,14,3,3,1,5,0,1,1,0,0,0,0,0,791344,5664,5822420,798
205454,11,12,12103117,Letteplatz,12100101,2018,9,8,3,3,5,2,0,1,1,0,0,0,0,0,795769,4805,5832572,27
205455,11,6,6010208,Bergstra�e                                                                                          ,6100208,2018,9,14,3,3,5,3,0,1,1,0,0,0,0,0,794115,5035,5820813,53
205456,11,12,12224230,Heiligensee,12400618,2018,9,18,5,3,4,6,0,1,0,0,0,0,0,0,787154,6934,5838088,202
205457,11,1,1011202,Unter den Linden Nord,1100206,2018,9,9,3,3,4,2,0,1,1,0,0,0,0,0,797199,138,5827496,139
205458,11,7,7030301,Friedenau,7300517,2018,9,18,4,3,9,1,0,0,0,0,1,0,0,0,793930,295,5822665,475
205459,11,1,1033102,Gesundbrunnen,1300733,2018,9,11,3,3,1,5,0,0,0,0,1,0,1,0,797476,3128,5831272,837
205460,11,3,3050923,Wei�enseer Spitze,3500934,2018,9,7,2,3,5,3,0,0,1,0,1,0,0,0,801159,6045,5831611,617
205461,11,3,3061332,Helmholtzplatz,3601346,2018,9,16,3,3,1,5,0,1,0,0,0,0,1,0,799233,4229,5831106,111
205462,11,1,1033202,Humboldthain S�d,1300835,2018,9,17,2,3,5,3,0,0,1,0,0,0,0,1,797787,5808,5830039,431
205463,11,2,2010102,Mehringplatz,2100102,2018,9,9,3,3,6,2,0,0,1,1,0,0,0,0,798440,4645,5826525,278
205464,11,7,7040403,Manteuffelstra�e                                                                                    ,7400823,2018,9,17,5,3,3,6,0,0,1,0,1,0,0,0,797321,2306,5821776,2
205465,11,7,7040405,Rathaus Tempelhof,7400927,2018,9,17,2,3,2,6,0,0,1,0,0,0,0,1,799553,5284,5821342,606
205466,11,4,4030724,Lietzensee,4300415,2018,9,9,3,3,2,6,0,0,1,0,1,0,0,0,791053,258,5826041,686
205467,11,2,2020206,Graefekiez,2200213,2018,9,14,2,3,2,7,0,0,1,0,0,0,1,0,799585,4218,5824886,265
205468,11,12,12304313,Borsigwalde,12500825,2018,9,16,5,3,2,7,0,0,1,0,0,0,1,0,791403,5458,5834247,554
205469,11,1,1011301,Charit�viertel,1100308,2018,9,16,2,3,2,2,0,1,1,0,0,0,0,1,796735,53,5829686,93
205470,11,2,2040502,Friedenstra�e,2400521,2018,9,16,4,3,3,2,0,0,1,0,0,0,0,0,801137,1807,5828581,481
205471,11,9,9010301,Baumschulenstra�e,9100304,2018,9,16,2,3,2,6,0,0,1,0,0,0,0,1,804798,8645,5822364,131
205472,11,4,4030827,Karl-August-Platz,4300623,2018,9,16,2,2,0,1,0,0,0,0,1,0,0,1,792411,7512,5826106,28
205473,11,11,11030721,R�digerstra�e,11300722,2018,9,13,3,3,5,2,0,1,1,0,0,0,0,0,803586,8664,5828338,209
205474,11,4,4030416,Klausenerplatz,4300413,2018,9,16,2,3,2,7,0,0,1,0,0,0,0,1,790849,1342,5827172,437
205475,11,1,1044101,Rehberge,1400937,2018,9,15,6,3,5,2,0,0,1,0,0,0,0,0,793966,7264,5832016,906
205476,11,11,11051331,Karlshorst Nord,11501340,2018,9,16,6,3,5,3,0,1,0,0,0,0,1,0,807246,414,5824298,118
205477,11,3,3061228,Erich-Weinert-Stra�e,3601245,2018,9,17,3,3,5,3,0,0,1,0,1,0,0,0,800939,2921,5830839,16
205478,11,8,8020625,Handwerker-Siedlung,8200730,2018,9,16,2,2,6,4,0,0,1,1,0,0,0,1,802233,1182,5818943,205
205479,11,5,5010313,Ackerstra�e                                                                                         ,5100315,2018,9,15,5,3,5,2,0,1,1,0,0,0,0,0,784377,46,5830003,761
205480,11,1,1011303,Alexanderplatzviertel,1100310,2018,9,15,2,3,0,5,0,1,1,0,0,0,0,0,798906,3148,5828320,84
205481,11,7,7010102,Nollendorfplatz,7100103,2018,9,18,4,3,6,4,1,1,0,1,0,0,0,0,795857,5045,5825395,592
205482,11,5,5020524,Weinmeisterhornweg,5200528,2018,9,15,2,2,6,4,0,1,0,1,0,0,0,0,783604,767,5825675,629
205483,11,3,3040614,Pankow Zentrum                                                                                      ,3400725,2018,9,15,2,3,2,7,0,0,1,0,0,0,0,1,798830,932,5834947,393
205484,11,1,1011203,Unter den Linden S�d,1100206,2018,9,9,3,3,1,5,0,0,1,0,1,0,0,0,797796,8299,5827224,45
205485,11,5,5020625,Borkumer Stra�e                                                                                     ,5200629,2018,9,15,2,3,5,2,0,1,0,0,0,0,1,1,784710,1559,5828610,777
205486,11,3,3061131,Falkplatz,3601142,2018,9,16,4,3,5,3,0,1,1,0,0,0,0,0,799114,1967,5830591,189
205487,11,10,10010308,Marzahner Chaussee,10100311,2018,9,15,2,2,3,6,0,1,1,0,0,0,0,1,807537,2343,5830662,236
205488,11,1,1044201,Reinickendorfer Stra�e                                                                              ,1401045,2018,9,14,2,3,2,6,0,0,1,0,0,0,0,1,796527,8453,5831963,145
205489,11,7,7040403,Manteuffelstra�e                                                                                    ,7400823,2018,9,11,3,3,5,2,0,0,1,0,0,0,0,0,796918,873,5822280,486
205490,11,12,12304314,Ziekowstra�e/Freie Scholle,12500824,2018,9,14,2,3,2,6,0,0,1,0,0,0,0,1,790205,6667,5835859,972
205491,11,1,1011202,Unter den Linden Nord,1100206,2018,9,15,6,3,5,2,0,1,1,0,0,0,0,0,797496,9299,5827753,782
205492,11,4,4030726,Droysenstra�e,4500936,2018,9,18,5,3,5,2,1,1,1,0,0,0,0,0,791857,6564,5825371,53
205493,11,6,6010102,Schlo�stra�e                                                                                        ,6100102,2018,9,10,3,2,5,2,0,1,0,0,0,1,0,0,793396,7044,5820322,936
205494,11,6,6020409,K�nigsberger Stra�e                                                                                 ,6200421,2018,9,14,2,3,2,6,0,0,1,0,0,0,0,1,793901,1934,5817524,609
205495,11,5,5010314,Carl-Schurz-Stra�e                                                                                  ,5100316,2018,9,10,5,3,2,1,0,0,1,0,1,0,0,0,784978,4022,5829178,304
205496,11,9,9020502,Obersch�neweide Ost,9200511,2018,9,14,2,3,2,6,0,0,1,0,1,0,0,1,807376,8825,5822350,52
205497,11,3,3061228,Erich-Weinert-Stra�e,3601245,2018,9,11,4,3,5,2,0,0,1,0,0,0,0,0,800302,9977,5831590,85
205498,11,12,12301204,Wittenau Nord                                                                                       ,12500927,2018,9,14,2,3,2,6,0,0,1,0,0,0,0,1,791834,8221,5835447,77
205499,11,5,5030731,Gartenfelder Stra�e                                                                                 ,5300737,2018,9,14,2,3,2,6,0,0,1,0,0,0,1,0,787686,9629,5829986,499
205500,11,7,7030301,Friedenau,7300516,2018,9,11,3,2,1,5,0,1,1,0,0,0,0,0,794098,9135,5821750,312
205501,11,5,5020627,Tiefwerder,5200632,2018,9,23,2,3,2,4,2,0,1,1,0,0,0,1,786282,76,5828202,174
205502,11,1,1022201,Stephankiez,1200623,2018,9,20,5,3,5,2,2,1,1,0,0,0,0,0,794821,4616,5828959,276
205503,11,7,7040405,Rathaus Tempelhof,7400927,2018,9,22,2,3,5,3,2,0,1,0,0,0,0,0,798894,8276,5821207,193
205504,11,12,12103219,Sch�fersee,12100204,2018,9,13,6,3,2,6,0,0,1,0,0,0,1,0,795108,761,5832471,461
205505,11,8,8010211,Flughafenstra�e,8100206,2018,9,8,5,3,3,6,0,1,1,0,0,0,0,0,800815,611,5823825,285
205506,11,1,1011204,Leipziger Stra�e                                                                                    ,1100207,2018,9,10,3,2,5,3,0,1,1,0,0,0,0,0,798581,7431,5826874,258
205507,11,7,7060604,Marienfelde S�d,7601339,2018,9,21,2,2,5,3,1,1,1,0,0,0,0,0,795806,9778,5816017,335
205508,11,5,5030731,Gartenfelder Stra�e                                                                                 ,5300737,2018,9,15,5,2,5,3,0,0,1,0,1,0,0,0,787989,5668,5829743,762
205509,11,4,4051448,Schaperstra�e,4501045,2018,9,19,2,3,2,1,1,0,1,0,1,0,0,1,793490,2676,5824764,428
205510,11,12,12214125,Waldidyll/Flughafensee,12200411,2018,9,9,4,3,0,6,0,1,0,0,0,0,1,0,792503,7807,5832027,232
205511,11,4,4030725,Amtsgerichtsplatz,4300416,2018,9,17,2,3,5,3,0,1,1,0,0,0,0,1,791577,1431,5826514,816
205512,11,1,1011103,L�tzowstra�e                                                                                        ,1100103,2018,9,18,2,3,5,7,1,0,1,0,1,0,0,1,795998,3935,5826091,446
205513,11,1,1011202,Unter den Linden Nord,1100206,2018,9,17,3,3,5,2,0,1,0,0,0,0,0,0,797184,1382,5827523,815
205514,11,6,6040810,Dahlem,6400844,2018,9,17,2,3,1,5,0,0,1,0,0,0,0,0,790492,4183,5821286,418
205515,11,3,3020209,Niedersch�nhausen,3200205,2018,9,18,5,3,5,2,1,1,1,0,0,0,0,0,797201,9233,5835579,189
205516,11,4,4020311,Reichsstra�e,4200310,2018,9,16,2,3,0,7,1,0,1,0,1,0,0,1,789808,7933,5826366,334
205517,11,9,9020502,Obersch�neweide Ost,9200511,2018,9,17,4,2,5,3,0,0,1,0,0,0,0,0,807851,5362,5822049,84
205518,11,3,3061441,Eldenaer Stra�e,3601453,2018,9,17,2,3,0,3,0,0,1,0,0,0,0,0,802946,3429,5828615,234
205519,11,4,4030931,Breitscheidplatz,4501042,2018,9,17,2,3,3,6,0,1,0,0,0,0,0,1,794120,5269,5826091,899
205520,11,1,1011304,Karl-Marx-Allee,1100311,2018,9,15,3,3,2,6,0,0,1,0,0,0,0,0,799729,9653,5827600,221
205521,11,9,9010301,Baumschulenstra�e,9100305,2018,9,21,2,3,2,7,2,0,1,0,1,0,0,1,804984,5947,5822653,911
205522,11,1,1011402,Arkonaplatz,1100416,2018,9,10,4,3,0,3,0,1,1,0,0,0,0,0,798734,7222,5829552,852
205523,11,3,3010104,Lietzengraben,3100101,2018,9,21,2,3,0,7,2,0,0,0,1,1,0,1,800454,81,5840966,205
205524,11,6,6010101,Fichtenberg,6100101,2018,9,13,2,2,2,1,0,0,1,0,1,0,0,0,793168,1103,5820823,464
205525,11,9,9031001,Bohnsdorf,9301025,2018,9,7,4,3,0,6,0,0,1,0,1,0,0,1,811475,499,5815934,195
205526,11,6,6010205,S�dende,6100205,2018,9,13,2,2,5,7,0,0,1,0,1,0,0,0,794819,6419,5820047,52
205527,11,9,9020501,Obersch�neweide West,9200510,2018,9,8,3,3,3,6,0,0,1,0,0,0,0,0,806203,7902,5822168,557
205528,11,1,1033102,Gesundbrunnen,1300733,2018,9,12,2,3,6,4,0,0,0,1,0,1,0,0,797145,1998,5831874,49
205529,11,8,8010214,Glasower Stra�e,8100209,2018,9,17,5,3,5,2,0,0,1,0,1,0,0,0,801719,259,5822128,689
205530,11,1,1011302,Oranienburger Stra�e                                                                                ,1100309,2018,9,12,2,2,5,3,0,0,1,0,1,0,0,0,797993,2308,5828907,251
205531,11,3,3010102,Buch,3100103,2018,9,15,4,3,3,6,0,1,1,0,0,0,0,0,804729,7048,5840720,372
205532,11,8,8040933,Vogelviertel S�d,8401139,2018,9,12,2,3,6,7,0,0,1,1,0,0,0,0,803013,2858,5819354,5
205533,11,4,4030931,Breitscheidplatz,4501042,2018,9,12,2,3,0,6,0,0,1,0,0,0,1,0,794290,6351,5825970,283
205534,11,9,9030901,Dorf Altglienicke,9300920,2018,9,13,3,3,2,7,0,0,1,0,0,0,0,0,808508,838,5817297,519
205535,11,7,7020201,Bayerischer Platz,7200307,2018,9,12,2,3,2,1,0,0,1,0,0,0,1,0,794968,194,5824011,615
205536,11,2,2040703,Wriezener Bahnhof/Entwicklungsgebiet,2400625,2018,9,15,6,3,5,3,0,1,0,0,1,0,0,0,801554,3214,5826341,681
205537,11,4,4051655,Babelsberger Stra�e,4501153,2018,9,11,6,3,5,2,0,1,1,0,0,0,0,0,794012,6354,5823813,357
205538,11,1,1011301,Charit�viertel,1100308,2018,9,8,3,3,3,6,0,1,1,0,0,0,0,0,797050,1576,5828335,717
205539,11,2,2040701,Andreasviertel,2400521,2018,9,11,2,3,5,2,0,1,1,0,0,0,0,0,800426,9598,5827980,902
205540,11,1,1011105,N�rdlicher Landwehrkanal                                                                            ,1100102,2018,9,13,5,3,5,3,0,0,1,0,0,0,0,0,796013,2641,5826207,659
205541,11,1,1011202,Unter den Linden Nord,1100206,2018,9,8,6,3,5,2,0,1,0,0,0,0,1,0,797155,9861,5827685,169
205542,11,6,6030501,Berlepschstra�e                                                                                     ,6300524,2018,9,8,3,3,5,2,0,0,1,0,0,0,0,0,787530,4174,5817387,128
205543,11,5,5010314,Carl-Schurz-Stra�e                                                                                  ,5100317,2018,9,15,5,3,6,4,0,1,0,1,0,0,0,0,785297,8036,5828685,28
205544,11,2,2030302,Lausitzer Platz,2300315,2018,9,8,2,3,5,3,0,0,1,0,0,0,0,0,800788,4425,5825815,567
205545,11,7,7040403,Manteuffelstra�e                                                                                    ,7400823,2018,9,23,4,2,3,6,2,1,1,0,0,0,0,0,797327,9795,5821865,811
205546,11,7,7070704,Nahariyastra�e                                                                                      ,7601545,2018,9,11,2,3,0,3,0,0,1,0,1,0,0,0,800501,5314,5814127,156
205547,11,1,1044101,Rehberge,1400937,2018,9,11,2,3,0,2,0,1,1,0,0,0,0,1,793668,8401,5832202,69
205548,11,6,6020409,K�nigsberger Stra�e                                                                                 ,6200421,2018,9,10,3,3,5,3,0,1,1,0,0,0,0,0,793734,2611,5817592,696
205549,11,5,5010339,Freiheit,5100317,2018,9,9,2,3,2,6,0,0,1,0,0,0,0,0,786543,6192,5828254,606
205550,11,4,1022207,Hansaviertel,1200629,2018,9,8,6,2,5,2,0,1,1,0,0,0,0,0,794178,3131,5827075,762