OBJECTID,LAND,BEZ,LOR,STRASSE,LOR_ab_2021,UJAHR,UMONAT,USTUNDE,UWOCHENTAG,UKATEGORIE,UART,UTYP1,ULICHTVERH,IstRad,IstPKW,IstFuss,IstKrad,IstGkfz,IstSonstig,STRZUSTAND,LINREFX,LINREFY,XGCSWGS84,YGCSWGS84
205551,11,7,7040401,Neu-Tempelhof,7400720,2018,9,9,5,3,1,5,0,1,1,0,0,0,0,0,797296,2713,5822685,933
205552,11,1,1011101,St�lerstra�e                                                                                        ,1100101,2018,9,8,3,3,5,2,0,1,1,0,0,0,0,0,795230,5272,5826625,853
205553,11,3,3020307,Buchholz,3200310,2018,9,8,2,3,5,3,0,1,1,0,0,0,0,0,799442,9943,5837762,662
205554,11,6,6030504,Teltower Damm,6300528,2018,9,13,5,2,6,4,0,0,1,1,0,0,0,0,790204,2127,5815151,533
205555,11,10,10010308,Marzahner Chaussee,10100311,2018,9,8,2,3,2,6,0,0,0,0,1,0,1,0,807627,4236,5830741,111
205556,11,6,6020302,Komponistenviertel Lankwitz,6200312,2018,9,10,4,3,2,2,0,0,1,0,0,0,0,0,794380,985,5819087,821
205557,11,7,7010102,Nollendorfplatz,7100102,2018,9,8,2,3,5,3,0,0,1,0,0,0,0,0,795205,707,5825596,4
205558,11,4,4030623,Ernst-Reuter-Platz,4300622,2018,9,8,2,3,0,3,0,1,0,0,0,0,1,1,792922,5016,5826762,278
205559,11,6,6040701,Wannsee,6400735,2018,9,7,2,3,2,2,0,0,1,0,0,0,0,1,782019,5591,5815644,508
205560,11,3,3051017,Rennbahnstra�e,3501037,2018,9,13,4,3,5,2,0,1,1,0,0,0,0,0,802357,5274,5833214,88
205561,11,12,12301203,Wittenau S�d                                                                                        ,12500930,2018,9,6,2,3,2,2,2,0,1,0,0,0,0,1,792861,3178,5835184,844
205562,11,8,8020622,Parchimer Allee,8200727,2018,9,5,2,3,8,1,2,0,1,0,0,0,0,1,801321,773,5819542,51
205563,11,8,8030829,Gropiusstadt Nord,8300934,2018,9,16,2,3,2,6,0,0,1,0,0,0,1,0,802694,3659,5818768,297
205564,11,12,12214422,Klixstra�e                                                                                          ,12200310,2018,9,22,5,2,5,3,2,0,1,0,0,0,0,0,792341,7931,5833911,202
205565,11,4,4041134,Bismarckallee,4400726,2018,9,17,3,3,5,2,0,1,1,0,0,0,0,0,790850,4752,5824616,627
205566,11,8,8041038,Wa�mannsdorfer Chaussee,8401244,2018,9,5,1,3,5,3,2,0,1,0,0,0,0,0,805917,7555,5816207,934
205567,11,1,1011301,Charit�viertel,1100308,2018,9,12,5,3,0,7,0,1,0,0,0,0,0,0,796869,321,5828791,451
205568,11,8,8010406,Treptower Stra�e Nord,8100419,2018,9,23,1,3,5,3,2,0,1,0,0,0,0,1,802288,8678,5823895,576
205569,11,12,12103117,Letteplatz,12100101,2018,9,8,4,2,5,2,0,0,1,0,1,0,0,0,796665,127,5832659,751
205570,11,5,5010206,G�tersloher Weg,5100208,2018,9,19,1,3,6,2,2,0,1,1,0,0,0,1,781956,1969,5830607,346
205571,11,7,7070703,John-Locke-Stra�e                                                                                   ,7601544,2018,9,8,3,2,6,6,0,0,1,1,0,0,0,0,799573,2173,5813979,399
205572,11,2,2040502,Friedenstra�e,2400521,2018,9,19,1,3,5,3,2,0,1,0,0,0,0,1,800413,948,5828046,968
205573,11,4,4030417,Schlo�stra�e,4300414,2018,9,17,5,3,5,2,0,1,1,0,0,0,0,0,791509,2953,5826850,138
205574,11,9,9020701,Adlershof West,9200715,2018,9,7,3,3,2,6,0,0,1,0,0,0,0,0,809546,9901,5818307,506
205575,11,7,7010104,Dennewitzplatz,7100205,2018,9,19,1,2,6,4,1,0,1,1,0,0,0,1,795991,7481,5824977,95
205576,11,5,5010209,An der Kappe,5100211,2018,9,19,5,2,1,5,1,0,0,0,1,1,0,0,782998,4336,5830351,502
205577,11,1,1011301,Charit�viertel,1100308,2018,9,18,1,3,5,3,1,0,1,0,0,1,0,1,797259,2229,5829088,249
205578,11,9,9010101,Elsenstra�e                                                                                         ,9100101,2018,9,17,4,3,5,2,0,1,1,0,0,0,0,0,802326,6514,5825299,393
205579,11,1,1044103,Westliche M�llerstra�e                                                                              ,1400942,2018,9,17,1,3,5,3,0,0,1,0,0,0,0,1,794934,363,5830796,389
205580,11,9,9030901,Dorf Altglienicke,9300920,2018,9,17,1,3,2,6,0,0,1,0,0,0,0,1,808757,5311,5817816,511
205581,11,3,3020307,Buchholz,3200308,2018,9,11,4,2,2,2,0,0,1,0,0,0,0,1,800186,5757,5836568,232
205582,11,3,3071633,Th�lmannpark,3701657,2018,9,16,1,3,5,3,1,1,0,0,0,0,1,1,800140,4885,5830723,22
205583,11,3,3030406,Alt-Karow,3300412,2018,9,7,3,3,5,2,0,0,1,0,1,0,0,0,802687,3699,5838959,499
205584,11,5,5010208,Germersheimer Platz,5100210,2018,9,16,5,3,6,7,0,0,1,1,0,0,0,0,783807,9862,5830584,677
205585,11,9,9010201,Am Treptower Park S�d,9100202,2018,9,15,1,3,2,2,0,0,1,0,0,0,1,1,802660,702,5824420,22
205586,11,3,3050925,Komponistenviertel Wei�ensee,3500936,2018,9,15,4,3,0,2,0,1,0,0,0,0,1,0,802768,7281,5831650,94
205587,11,10,10010102,Havemannstra�e                                                                                      ,10100104,2018,9,13,1,3,0,3,0,1,1,0,0,0,0,1,810170,7185,5833675,474
205588,11,2,2040502,Friedenstra�e,2400521,2018,9,12,1,3,2,2,0,0,1,0,0,0,0,0,801253,477,5827865,501
205589,11,11,11040926,Weitlingstra�e,11400931,2018,9,12,1,2,5,3,0,1,1,0,0,0,0,0,805431,1453,5827324,347
205590,11,7,7020202,Volkspark (Rudolf-Wilde-Park),7200308,2018,9,16,4,3,2,6,0,0,1,0,0,0,0,0,794993,4479,5823508,806
205591,11,4,4041241,Breite Stra�e,4400832,2018,9,11,1,3,3,6,0,1,1,0,0,0,0,0,791962,514,5821883,738
205592,11,4,4041137,Flinsberger Platz,4400727,2018,9,5,1,2,6,4,2,0,1,1,0,0,0,0,791678,3763,5823750,314
205593,11,7,7010104,Dennewitzplatz,7100205,2018,9,20,3,3,5,2,2,1,1,0,0,0,0,0,796422,2953,5824864,499
205594,11,4,4030931,Breitscheidplatz,4501042,2018,9,3,1,2,9,1,2,0,1,0,0,0,0,0,794278,393,5825951,884
205595,11,9,9020802,K�llnische Vorstadt                                                                                 ,9200819,2018,9,15,6,3,5,3,0,1,1,0,0,0,0,0,810127,2781,5819519,586
205596,11,4,4030931,Breitscheidplatz,4501042,2018,9,23,6,3,0,7,2,0,1,0,0,0,0,0,793934,2598,5825910,556
205597,11,6,6010207,Mittelstra�e                                                                                        ,6100207,2018,9,19,3,3,5,2,1,1,1,0,0,0,0,0,794084,2157,5820368,519
205598,11,12,12302108,M�rkisches Zentrum,12601134,2018,9,0,1,2,2,2,2,0,0,0,0,0,1,1,794054,7366,5836553,867
205599,11,4,4030518,Tegeler Weg,4300517,2018,9,17,5,3,5,3,0,0,1,0,0,0,0,0,791905,6112,5828208,295
205600,11,4,4030623,Ernst-Reuter-Platz,4300622,2018,9,8,1,3,5,3,0,1,1,0,0,0,0,0,793246,1092,5826749,901
205601,11,6,6020409,K�nigsberger Stra�e                                                                                 ,6200421,2018,9,19,4,3,5,3,2,0,1,0,0,0,0,0,793631,3796,5818099,543
205602,11,6,6020302,Komponistenviertel Lankwitz,6200312,2018,9,18,1,3,0,1,1,0,0,0,1,0,0,1,794897,7265,5819408,762
205603,11,1,1011201,Wilhelmstra�e                                                                                       ,1100207,2018,9,22,1,3,5,3,2,0,1,0,0,0,1,1,797900,9065,5826570,619
205604,11,7,7020201,Bayerischer Platz,7200307,2018,9,18,3,3,5,3,0,1,1,0,0,0,0,0,794669,3914,5824241,307
205605,11,7,7050503,Eisenacher Stra�e                                                                                   ,7501031,2018,9,16,7,3,5,7,0,0,1,0,0,0,0,0,798440,8792,5820499,309
205606,11,1,1011302,Oranienburger Stra�e                                                                                ,1100309,2018,9,14,6,3,6,4,0,1,0,1,0,0,0,0,798117,967,5828448,681
205607,11,9,9020501,Obersch�neweide West,9200510,2018,9,8,5,2,3,6,0,1,1,0,0,0,0,0,806566,5609,5822255,332
205608,11,5,5030833,Motardstra�e                                                                                        ,5300840,2018,9,7,3,3,2,6,0,0,1,0,0,0,0,0,788212,6088,5829377,763
205609,11,1,1044201,Reinickendorfer Stra�e                                                                              ,1401043,2018,9,15,7,3,6,4,0,0,1,1,0,0,0,0,795590,5826,5830808,548
205610,11,12,12214421,Reinickes Hof,12200307,2018,9,12,3,3,2,6,0,0,1,0,1,0,0,0,793516,207,5833939,905
205611,11,12,12224230,Heiligensee,12400619,2018,9,15,7,3,5,3,0,0,1,0,0,0,0,0,787060,2751,5837076,712
205612,11,9,9020502,Obersch�neweide Ost,9200511,2018,9,15,6,3,5,2,0,1,1,0,0,0,0,0,806893,9403,5821973,718
205613,11,3,3050925,Komponistenviertel Wei�ensee,3500936,2018,9,14,5,3,1,5,0,1,0,0,0,0,1,0,802624,5542,5831588,994
205614,11,7,8020726,Buckow West,8200831,2018,9,5,3,3,6,2,2,0,1,1,0,0,0,0,799289,4108,5816264,721
205615,11,11,11020412,Hauptstra�e,11200411,2018,9,14,7,3,5,3,0,0,1,0,0,0,0,0,805841,8535,5831859,594
205616,11,8,8010214,Glasower Stra�e,8100209,2018,9,11,5,3,5,3,0,1,1,0,0,0,0,0,801377,4469,5821949,262
205617,11,7,7040401,Neu-Tempelhof,7400720,2018,9,17,1,3,5,3,0,0,1,0,1,0,0,0,797350,6044,5823593,286
205618,11,1,1044203,Leopoldplatz,1401049,2018,9,13,7,3,5,2,0,0,1,0,0,0,0,0,795896,6047,5831930,895
205619,11,2,2050602,Samariterviertel,2500727,2018,9,12,4,3,0,5,0,1,0,0,0,0,1,0,802673,1869,5828062,87
205620,11,7,7030303,Grazer Platz,7300619,2018,9,12,7,3,3,6,0,1,1,0,0,0,0,1,795311,6607,5821712,324
205621,11,7,7010104,Dennewitzplatz,7100206,2018,9,17,1,3,6,4,0,0,1,1,0,0,0,0,796590,4021,5824354,75
205622,11,1,1022101,Huttenkiez,1200517,2018,9,12,7,2,5,3,0,0,1,0,1,0,0,0,793413,294,5828222,438
205623,11,3,3030716,M�rchenland,3300517,2018,9,17,3,3,4,1,0,0,1,0,0,0,0,0,802691,9802,5833510,245
205624,11,9,9020601,Schnellerstra�e                                                                                     ,9200613,2018,9,11,7,3,2,6,0,0,1,0,0,0,0,0,806872,7723,5821168,677
205625,11,2,2050804,Stralauer Halbinsel,2500836,2018,9,16,1,3,4,6,0,1,1,0,0,0,0,0,803317,9599,5825828,377
205626,11,3,3051022,Hansastra�e,3501038,2018,9,20,5,2,0,3,2,1,1,0,0,0,0,0,803401,8921,5831692,646
205627,11,9,9041501,Altstadt Kietz,9401534,2018,9,12,1,3,2,6,0,0,1,0,0,0,1,0,810854,1244,5820525,6
205628,11,12,12301203,Wittenau S�d                                                                                        ,12500926,2018,9,9,7,3,5,3,0,0,1,0,0,0,0,1,793837,212,5835501,45
205629,11,9,9051901,Dammvorstadt,9501939,2018,9,15,1,3,2,6,0,1,0,0,0,0,0,0,810783,861,5821278,913
205630,11,12,12302212,Rollbergesiedlung,12601032,2018,9,19,5,2,0,1,1,0,0,0,1,0,0,0,793170,31,5837677,494
205631,11,6,6030504,Teltower Damm,6300528,2018,9,14,1,3,5,3,0,0,1,0,1,0,0,0,790798,2898,5817320,265
205632,11,4,4030931,Breitscheidplatz,4501042,2018,9,8,7,3,5,3,0,1,1,0,0,0,0,0,793922,9494,5826057,515
205633,11,2,2020206,Graefekiez,2200213,2018,9,13,1,3,3,6,0,0,1,0,1,0,0,0,800170,442,5824647,774
205634,11,3,3040614,Pankow Zentrum                                                                                      ,3400725,2018,9,12,5,2,5,3,0,1,1,0,0,0,0,0,799996,6671,5835731,41
205635,11,9,9020501,Obersch�neweide West,9200510,2018,9,11,1,2,0,7,0,1,0,0,0,0,0,0,805594,3944,5822683,64
205636,11,8,8010302,Bouch�stra�e,8100313,2018,9,2,7,3,1,1,2,0,1,0,0,0,0,0,801925,41,5824540,79
205637,11,1,1011204,Leipziger Stra�e                                                                                    ,1100207,2018,9,9,4,3,2,6,0,0,1,0,1,0,0,0,798384,1084,5827469,33
205638,11,2,2030302,Lausitzer Platz,2300316,2018,9,1,7,3,6,4,2,0,1,1,0,0,0,0,801635,924,5826049,51
205639,11,11,11041027,Tierpark,11401034,2018,9,19,1,2,5,3,2,0,1,0,0,0,0,0,807525,5077,5827496,331
205640,11,8,8010118,Silbersteinstra�e,8100104,2018,9,2,7,3,6,7,2,0,1,1,0,0,0,1,800338,7389,5822235,178
205641,11,8,8010508,Wei�e Siedlung,8100520,2018,9,16,3,3,6,4,0,0,1,1,0,0,0,0,803082,6533,5822599,162
205642,11,11,11040926,Weitlingstra�e,11400931,2018,9,21,7,2,5,2,2,0,1,0,1,0,0,0,805695,4267,5827208,299
205643,11,9,9041501,Altstadt Kietz,9401534,2018,9,15,1,2,1,1,0,0,1,0,0,0,0,0,811138,8576,5820262,403
205644,11,11,11030720,Herzbergstra�e,11300721,2018,9,18,5,2,5,2,0,0,1,0,1,0,0,0,806113,1312,5830152,363
205645,11,9,9051702,B�lschestra�e,9501737,2018,9,18,1,2,8,1,0,0,0,0,1,0,0,0,815524,3268,5821872,475
205646,11,5,5020626,Adamstra�e                                                                                          ,5200631,2018,9,21,7,3,2,6,2,0,1,0,0,0,0,1,784639,5461,5827842,749
205647,11,6,6040810,Dahlem,6400844,2018,9,14,1,3,0,1,0,0,0,0,1,0,0,0,790391,206,5820857,549
205648,11,12,12302110,Dannenwalder Weg,12601235,2018,9,17,4,2,5,2,0,0,1,0,0,0,1,0,795278,883,5836367,862
205649,11,10,10020622,Kaulsdorf Nord I                                                                                    ,10200629,2018,9,20,7,3,5,2,2,0,1,0,0,0,0,0,810958,269,5828192,395
205650,11,5,5020523,Maulbeerallee,5200527,2018,9,23,1,3,5,3,2,0,0,0,0,0,1,0,782248,4891,5827617,957
205651,11,4,4020313,K�nigin-Elisabeth-Stra�e,4200311,2018,9,18,7,2,5,3,0,1,1,0,0,0,0,0,790297,702,5826006,399
205652,11,1,1011302,Oranienburger Stra�e                                                                                ,1100309,2018,9,19,3,3,0,2,0,1,1,0,0,0,0,0,798185,5659,5828524,347
205653,11,8,8010301,Reuterkiez,8100311,2018,9,17,7,3,6,4,0,0,1,1,0,0,0,0,800563,4955,5824425,224
205654,11,1,1022102,Beusselkiez,1200518,2018,9,1,7,2,8,1,2,0,1,0,0,0,0,0,793537,95,5829090,939
205655,11,4,4030519,Kaiserin-Augusta-Allee,4300518,2018,9,16,3,3,5,2,0,1,0,0,0,1,0,0,792022,2902,5828894,175
205656,11,2,2010102,Mehringplatz,2100102,2018,9,1,7,2,5,3,2,0,1,0,0,0,0,0,798181,2893,5826512,315
205657,11,7,7040401,Neu-Tempelhof,7400721,2018,9,7,4,3,5,2,0,1,1,0,0,0,0,0,798135,6325,5823963,696
205658,11,11,11030619,Fennpfuhl Ost,11300620,2018,9,22,7,3,5,2,2,0,1,0,0,0,0,1,803549,4961,5829752,579
205659,11,12,12214527,Alt-Tegel,12200515,2018,9,16,7,3,5,2,0,0,1,0,0,0,0,0,789912,125,5835693,736
205660,11,2,2010102,Mehringplatz,2100103,2018,9,10,3,3,3,6,0,0,1,0,0,0,1,0,798482,8499,5826522,108
205661,11,9,9041501,Altstadt Kietz,9401534,2018,9,11,6,3,5,7,0,0,1,0,0,0,0,0,811023,3185,5820660,8
205662,11,2,2020206,Graefekiez,2200213,2018,9,15,7,2,6,7,0,0,1,1,0,0,0,0,800303,7902,5824559,433
205663,11,7,7040403,Manteuffelstra�e                                                                                    ,7400823,2018,9,6,5,2,2,2,2,0,1,0,1,1,0,0,797277,9878,5821226,479
205664,11,5,5020417,Staakener Stra�e                                                                                    ,5200420,2018,9,15,7,3,5,3,0,0,1,0,1,0,0,0,783415,4077,5828539,431
205665,11,8,8010117,Schillerpromenade,8100103,2018,9,7,6,3,5,3,0,1,1,0,0,0,0,0,800683,1071,5822914,963
205666,11,6,6030504,Teltower Damm,6300528,2018,9,15,7,3,0,1,0,0,0,0,1,0,0,0,790145,1039,5816121,588
205667,11,8,8010303,Donaustra�e,8100314,2018,9,15,4,3,5,2,0,1,1,0,0,0,0,0,800329,7449,5824358,517
205668,11,4,4030518,Tegeler Weg,4300517,2018,9,22,6,3,6,4,2,1,0,1,0,0,0,1,791431,538,5828393,1
205669,11,5,5010101,Hakenfelde Nord,5100104,2018,9,22,7,3,1,1,2,0,1,0,0,0,0,0,785657,1112,5831712,565
205670,11,1,1033102,Gesundbrunnen,1300733,2018,9,7,6,3,5,3,0,1,1,0,0,0,0,0,797140,9444,5831804,109
205671,11,7,7050505,Hundsteinweg,7501134,2018,9,13,3,3,1,5,0,1,1,0,0,0,0,0,799271,1875,5818693,9
205672,11,9,9010101,Elsenstra�e                                                                                         ,9100101,2018,9,7,6,3,5,7,0,1,1,0,0,0,0,0,802416,1671,5825505,893
205673,11,5,5030730,Zitadellenweg,5300735,2018,9,21,7,3,2,6,2,0,1,0,0,0,0,0,786569,4552,5830554,882
205674,11,6,6010205,S�dende,6100205,2018,9,15,6,3,2,6,0,0,1,0,0,0,0,0,795842,2357,5819512,812
205675,11,1,1011303,Alexanderplatzviertel,1100310,2018,9,0,6,3,0,1,2,1,0,0,0,0,0,0,799182,8592,5827742,487
205676,11,6,6030504,Teltower Damm,6300528,2018,9,13,7,3,5,2,0,1,1,0,0,0,0,0,789040,1309,5816687,526
205677,11,7,7020203,Kaiser-Wilhelm-Platz,7200409,2018,9,16,3,2,5,3,0,1,1,0,0,0,0,0,795512,176,5824438,328
205678,11,1,1011402,Arkonaplatz,1100416,2018,9,7,6,3,4,6,0,1,0,0,0,0,0,0,798302,9045,5829412,56
205679,11,7,7050503,Eisenacher Stra�e                                                                                   ,7501031,2018,9,19,7,3,5,7,2,0,1,0,1,0,0,0,799275,8113,5820141,153
205680,11,7,7050503,Eisenacher Stra�e                                                                                   ,7501031,2018,9,14,5,3,5,7,0,1,1,0,0,0,0,0,798256,7887,5820503,342
205681,11,2,2020203,Viktoriapark,2200209,2018,9,18,7,3,0,6,1,0,1,0,1,0,0,0,797749,954,5824294,587
205682,11,12,12214422,Klixstra�e                                                                                          ,12200310,2018,9,22,6,3,2,6,2,0,1,0,0,0,1,1,792318,9,5833922,615
205683,11,11,11040926,Weitlingstra�e,11400931,2018,9,14,4,2,2,6,0,0,1,0,0,0,1,0,806623,865,5827318,881
205684,11,1,1044203,Leopoldplatz,1401049,2018,9,21,6,3,9,1,2,0,1,0,0,0,0,1,795747,615,5831894,493
205685,11,3,3061126,Arnimplatz,3601140,2018,9,17,5,3,5,2,0,1,0,0,0,0,1,0,798412,284,5831802,77
205686,11,1,1033203,Humboldthain Nordwest                                                                               ,1300836,2018,9,13,7,3,6,4,0,0,1,1,0,0,0,0,797186,3098,5831115,98
205687,11,11,11020514,Gro�e-Leege-Stra�e,11200513,2018,9,20,6,3,5,3,2,0,1,0,1,0,0,1,804291,3791,5830761,277
205688,11,4,4020205,Siedlung Ruhleben,4200203,2018,9,15,4,2,0,7,0,1,0,0,0,0,0,1,787916,9794,5827822,168
205689,11,1,1011204,Leipziger Stra�e                                                                                    ,1100207,2018,9,20,6,3,5,3,2,0,1,0,1,0,0,1,798482,2103,5826666,33
205690,11,7,7010102,Nollendorfplatz,7100102,2018,9,17,7,3,5,3,0,1,1,0,0,0,0,0,795109,128,5825316,999
205691,11,9,9020801,Spindlersfeld,9200818,2018,9,17,6,3,5,3,1,0,1,0,0,0,0,1,809764,2502,5820698,193
205692,11,5,5030731,Gartenfelder Stra�e                                                                                 ,5300737,2018,9,10,3,3,3,6,0,0,1,0,1,0,0,0,787557,248,5829435,492
205693,11,10,10020415,Hellersdorfer Promenade,10200422,2018,9,7,6,3,2,6,0,0,1,0,0,0,0,0,812102,2368,5831497,516
205694,11,6,6040703,Nikolassee,6400737,2018,9,13,7,3,5,3,0,0,1,0,0,0,0,0,785886,7911,5817771,291
205695,11,5,5020627,Tiefwerder,5200632,2018,9,14,6,3,3,6,0,0,1,0,0,0,0,0,785757,8745,5828013,769
205696,11,8,8041040,Waltersdorfer Chaussee Ost,8401246,2018,9,17,5,3,5,3,0,1,0,0,0,0,0,0,806358,6806,5817130,823
205697,11,5,5020625,Borkumer Stra�e                                                                                     ,5200629,2018,9,16,7,2,6,4,0,0,1,1,0,0,0,0,784583,2259,5828266,89
205698,11,4,4020314,Messegel�nde,4200311,2018,9,16,3,3,0,2,0,1,0,0,0,1,0,0,790075,7772,5825290,584
205699,11,6,6040807,Zehlendorf Eiche                                                                                    ,6400841,2018,9,9,6,3,5,3,0,0,1,0,0,0,0,0,789857,8651,5818789,33
205700,11,8,8010117,Schillerpromenade,8100102,2018,9,13,7,3,1,5,0,1,1,0,0,0,0,0,800345,4649,5823692,863
205701,11,6,6030610,Lichterfelde West                                                                                   ,6300634,2018,9,18,5,2,1,1,0,0,1,0,0,0,0,0,791003,504,5817806,837
205702,11,2,2020206,Graefekiez,2200212,2018,9,16,7,2,0,7,0,0,0,0,1,0,0,0,799506,23,5824517,409
205703,11,9,9030901,Dorf Altglienicke,9300920,2018,9,19,6,3,6,2,2,0,1,1,0,0,0,1,808578,4366,5817501,92
205704,11,10,10030727,Biesdorf S�d                                                                                        ,10300734,2018,9,11,4,3,5,2,0,0,1,0,0,0,0,0,809625,7839,5825728,156
205705,11,10,10030724,Oberfeldstra�e                                                                                      ,10300731,2018,9,16,6,2,5,2,0,1,1,0,0,0,0,0,809184,9745,5830215,142
205706,11,7,7030302,Cecilieng�rten,7300618,2018,9,12,7,2,1,5,0,0,1,0,0,0,0,0,794475,6916,5821901,843
205707,11,2,2010103,Moritzplatz,2100104,2018,9,19,6,2,5,3,2,1,1,0,0,0,0,1,799287,4743,5826212,22
205708,11,4,4020310,Park Ruhwald,4200308,2018,9,16,3,3,5,2,0,0,1,0,0,0,0,0,789170,4448,5827539,164
205709,11,4,4041344,R�desheimer Platz,4400835,2018,9,18,6,3,0,1,0,0,0,0,1,0,0,1,793390,9438,5822122,972
205710,11,4,4030930,George-Grosz-Platz,4501041,2018,9,11,7,3,0,1,0,0,0,0,1,0,0,0,793364,5092,5825686,46
205711,11,12,12231102,Frohnau,12400721,2018,9,9,7,3,5,3,0,0,1,0,0,0,0,0,790589,5762,5839725,496
205712,11,7,7040402,Lindenhofsiedlung,7400822,2018,9,18,6,3,5,2,1,0,1,0,0,0,0,1,796743,3395,5821975,392
205713,11,4,4010101,Jungfernheide,4100101,2018,9,18,6,3,2,6,2,0,1,0,0,0,1,1,790436,4966,5829041,123
205714,11,8,8030829,Gropiusstadt Nord,8300934,2018,9,7,7,3,6,7,0,1,0,1,0,0,0,0,802769,3041,5818416,866
205715,11,2,2030301,Oranienplatz,2300314,2018,9,9,5,3,0,6,0,1,1,0,0,0,0,0,799958,2866,5825960,148
205716,11,1,1011306,Heine-Viertel Ost,1100313,2018,9,3,7,3,9,1,2,0,1,0,0,0,0,0,800142,9619,5826618,755
205717,11,11,11030720,Herzbergstra�e,11300721,2018,9,16,3,2,5,7,0,0,1,0,1,0,0,0,805185,6098,5829454,694
205718,11,12,12214527,Alt-Tegel,12200515,2018,9,17,6,3,0,1,0,0,0,0,1,0,0,1,789723,72,5834703,561
205719,11,11,11010103,Dorf Falkenberg,11100102,2018,9,4,7,3,3,6,2,1,0,0,0,0,1,0,807076,9556,5834114,608
205720,11,5,5020419,Magistratsweg,5200423,2018,9,16,5,3,5,3,0,0,1,0,1,0,0,0,781753,6732,5828440,799
205721,11,6,6040810,Dahlem,6400844,2018,9,23,6,2,5,3,2,0,1,0,1,0,0,0,792681,356,5821720,46
205722,11,11,11051229,Rummelsburg,11501238,2018,9,17,6,3,2,2,0,0,1,0,0,0,0,1,803849,9026,5826137,462
205723,11,3,3061332,Helmholtzplatz,3601346,2018,9,8,4,2,0,1,0,0,0,0,1,0,0,0,799349,6917,5830828,408
205724,11,5,5010314,Carl-Schurz-Stra�e                                                                                  ,5100316,2018,9,17,6,2,6,4,0,0,1,1,0,0,0,1,784758,176,5828816,886
205725,11,4,4030417,Schlo�stra�e,4300414,2018,9,22,6,2,5,3,2,0,1,0,0,0,0,0,791801,6996,5826846,249
205726,11,4,4031032,Halensee,4500937,2018,9,15,3,3,2,1,0,0,1,0,0,0,0,0,791729,5457,5825169,992
205727,11,6,6020305,Gemeindepark Lankwitz,6200315,2018,9,17,6,3,2,7,0,1,1,0,0,0,0,0,795465,3291,5817838,808
205728,11,1,1044203,Leopoldplatz,1401048,2018,9,21,6,2,5,3,2,0,1,0,1,0,0,0,795612,5322,5831719,13
205729,11,1,1044201,Reinickendorfer Stra�e                                                                              ,1401045,2018,9,10,5,3,2,6,0,0,1,0,0,0,0,0,796726,5481,5831622,7
205730,11,12,12214527,Alt-Tegel,12200515,2018,9,19,6,3,5,3,2,0,1,0,0,0,0,0,790048,4851,5834571,386
205731,11,1,1011303,Alexanderplatzviertel,1100310,2018,9,17,6,3,2,7,0,1,1,0,0,0,0,1,798641,5489,5828133,959
205732,11,3,3030406,Alt-Karow,3300413,2018,9,19,6,3,5,3,2,1,1,0,0,0,0,0,803440,9949,5838508,13
205733,11,4,4051549,Rathaus Wilmersdorf,4501146,2018,9,16,4,3,5,3,0,0,1,0,0,0,0,0,793294,365,5823932,953
205734,11,5,5030730,Zitadellenweg,5300736,2018,9,16,6,3,5,3,0,0,1,0,0,1,0,1,785862,451,5829240,41
205735,11,11,11020411,Malchower Weg,11200410,2018,9,17,6,3,5,3,0,1,1,0,0,0,0,0,805964,2649,5832533,444
205736,11,1,1011306,Heine-Viertel Ost,1100313,2018,9,19,5,3,5,2,1,1,0,0,1,0,0,0,800357,7338,5826761,173
205737,11,2,2030302,Lausitzer Platz,2300316,2018,9,17,6,3,6,4,0,0,1,1,0,0,0,0,800705,3127,5826218,663
205738,11,2,2040702,Weberwiese,2400624,2018,9,15,6,3,5,3,0,1,1,0,0,0,0,0,801313,4,5827450,55
205739,11,1,1022207,Hansaviertel,1200629,2018,9,17,6,3,2,6,0,0,1,0,0,0,0,0,794930,9546,5827871,69
205740,11,9,9020502,Obersch�neweide Ost,9200512,2018,9,12,4,2,2,2,0,0,1,0,1,0,0,0,809410,2297,5821504,122
205741,11,5,5020417,Staakener Stra�e                                                                                    ,5200420,2018,9,15,6,2,3,6,0,0,1,0,1,0,0,0,782678,8856,5828553,559
205742,11,9,9030901,Dorf Altglienicke,9300920,2018,9,17,6,3,5,3,0,0,1,0,0,0,0,0,809024,4732,5816414,913
205743,11,1,1011203,Unter den Linden S�d,1100206,2018,9,15,6,3,5,5,0,1,1,0,0,0,0,0,798031,5547,5827091,815
205744,11,10,10040933,Mahlsdorf S�d                                                                                       ,10400941,2018,9,15,4,3,5,3,0,1,1,0,0,0,0,0,812399,3603,5824300,624
205745,11,12,12304314,Ziekowstra�e/Freie Scholle,12500824,2018,9,15,6,3,5,2,0,0,1,0,0,0,0,0,790689,3942,5835381,432
205746,11,3,3061332,Helmholtzplatz,3601346,2018,9,16,6,3,2,6,0,1,1,0,0,0,0,0,799400,5718,5831066,182
205747,11,11,11030619,Fennpfuhl Ost,11300620,2018,9,15,3,3,5,3,0,1,1,0,0,0,0,0,803967,7276,5829283,248
205748,11,1,1011304,Karl-Marx-Allee,1100311,2018,9,21,6,3,0,6,2,0,1,0,1,0,0,0,799616,9871,5827976,822
205749,11,8,8020619,Buschkrugallee Nord,8200623,2018,9,18,5,3,5,3,0,1,1,0,0,0,0,0,802552,7593,5821041,57