OBJECTID,LAND,BEZ,LOR,STRASSE,LOR_ab_2021,UJAHR,UMONAT,USTUNDE,UWOCHENTAG,UKATEGORIE,UART,UTYP1,ULICHTVERH,IstRad,IstPKW,IstFuss,IstKrad,IstGkfz,IstSonstig,STRZUSTAND,LINREFX,LINREFY,XGCSWGS84,YGCSWGS84
205750,11,2,2050802,Boxhagener Platz,2500833,2018,9,19,6,3,5,3,1,1,1,0,0,0,0,0,802671,5006,5827235,422
205751,11,10,10020414,Helle Mitte,10200421,2018,9,14,6,3,5,3,0,1,1,0,0,0,0,0,812116,5281,5830643,447
205752,11,5,5010311,Eiswerder,5100313,2018,9,16,6,3,6,4,0,0,0,1,0,0,1,0,785390,8568,5830604,547
205753,11,12,12302107,Schorfheidestra�e                                                                                   ,12601236,2018,9,15,4,3,5,2,0,0,1,0,0,0,0,0,793852,4875,5836157,322
205754,11,7,7040405,Rathaus Tempelhof,7400927,2018,9,15,6,3,5,3,0,0,1,0,0,0,0,0,798634,4199,5820659,692
205755,11,1,1011201,Wilhelmstra�e                                                                                       ,1100205,2018,9,11,6,3,6,2,0,0,1,1,0,0,0,0,797585,5302,5826522,103
205756,11,11,11020411,Malchower Weg,11200410,2018,9,14,6,3,2,2,0,0,1,0,1,0,0,0,805218,4495,5832226,198
205757,11,5,5010314,Carl-Schurz-Stra�e                                                                                  ,5100316,2018,9,13,3,3,0,2,0,0,1,0,1,0,0,0,784956,7328,5828819,826
205758,11,3,3050920,Wei�er See,3500933,2018,9,15,6,3,5,3,0,0,1,0,0,0,0,0,802176,8242,5832405,878
205759,11,11,11010310,M�hlengrund,11100309,2018,9,10,6,3,5,3,0,0,1,0,0,0,0,0,805296,996,5833209,57
205760,11,1,1033102,Gesundbrunnen,1300733,2018,9,7,6,3,5,3,1,0,1,1,1,0,0,0,797150,988,5831889,856
205761,11,9,9051702,B�lschestra�e,9501737,2018,9,20,6,1,8,1,2,0,0,0,1,0,0,0,815260,5197,5824463,388
205762,11,2,2010102,Mehringplatz,2100102,2018,9,15,6,3,5,2,0,0,1,0,0,0,0,0,798406,9447,5826432,694
205763,11,9,9010401,Johannisthal West,9100407,2018,9,22,3,3,8,1,2,0,1,0,0,0,0,0,805793,1236,5819542,679
205764,11,2,2030401,Reichenberger Stra�e,2300418,2018,9,14,6,3,5,3,0,1,0,0,0,0,1,0,801079,7293,5824970,529
205765,11,7,7070706,Horstwalder Stra�e/Paplitzer Stra�e                                                                 ,7601547,2018,9,9,6,2,5,3,0,1,1,0,0,0,0,0,800053,7864,5812707,345
205766,11,1,1011203,Unter den Linden S�d,1100206,2018,9,16,6,3,2,6,0,1,1,0,0,0,0,0,797892,453,5827459,16
205767,11,1,1011202,Unter den Linden Nord,1100206,2018,9,12,6,3,0,1,0,1,0,0,0,0,0,0,797893,644,5827840,888
205768,11,5,5010314,Carl-Schurz-Stra�e                                                                                  ,5100316,2018,9,14,6,3,2,6,0,0,1,0,0,1,0,0,785279,3079,5829297,45
205769,11,5,5020521,D�beritzer Weg,5200524,2018,9,15,3,3,2,6,0,0,1,0,0,0,0,0,779449,47,5827854,206
205770,11,4,4030931,Breitscheidplatz,4501042,2018,9,14,6,3,5,2,0,0,1,0,1,1,0,0,794096,2071,5826098,72
205771,11,7,7030301,Friedenau,7300517,2018,9,13,6,3,5,3,0,1,1,0,0,0,0,0,794234,732,5822037,868
205772,11,3,3020307,Buchholz,3200309,2018,9,15,5,3,5,3,0,0,1,0,0,0,1,0,800135,8181,5837716,454
205773,11,12,12301203,Wittenau S�d                                                                                        ,12500926,2018,9,13,6,3,2,6,0,0,1,0,0,0,0,0,792929,4255,5835308,637
205774,11,4,4030828,Savignyplatz,4300624,2018,9,14,6,3,5,3,0,1,0,0,0,0,1,0,793248,8852,5826078,199
205775,11,8,8010406,Treptower Stra�e Nord,8100419,2018,9,22,4,3,5,3,2,0,1,0,0,0,0,0,802290,8536,5823886,167
205776,11,5,5030730,Zitadellenweg,5300736,2018,9,14,6,3,1,5,0,1,1,0,0,0,0,0,786796,5861,5829891,675
205777,11,1,1022101,Huttenkiez,1200517,2018,9,13,6,3,2,2,0,0,1,0,0,0,0,0,792584,4038,5828772,516
205778,11,8,8020727,Buckow Mitte,8200832,2018,9,13,6,3,2,2,0,1,0,0,0,0,1,0,801747,3178,5817033,659
205779,11,6,6040703,Nikolassee,6400737,2018,9,10,3,3,2,2,0,0,1,0,1,0,0,1,787136,364,5817205,235
205780,11,2,2040503,Richard-Sorge-Viertel,2400522,2018,9,13,6,3,2,6,0,0,1,0,0,1,0,0,802123,3184,5827734,708
205781,11,9,9010301,Baumschulenstra�e,9100304,2018,9,13,6,3,6,4,0,0,0,1,1,0,0,0,804792,9871,5822355,92
205782,11,1,1044203,Leopoldplatz,1401049,2018,9,14,6,2,6,2,0,0,0,1,0,0,1,0,796003,5147,5831415,401
205783,11,4,4030519,Kaiserin-Augusta-Allee,4300518,2018,9,9,5,3,5,3,0,0,1,0,0,0,0,0,792111,7232,5827724,676
205784,11,6,6030503,Zehlendorf Mitte                                                                                    ,6300527,2018,9,9,6,3,5,2,0,1,1,0,0,0,0,0,790766,1642,5817688,934
205785,11,11,11030619,Fennpfuhl Ost,11300620,2018,9,15,3,2,1,7,0,0,1,0,0,0,0,0,804000,1563,5829610,456
205786,11,5,5020628,Graetschelsteig,5200633,2018,9,13,6,3,2,6,0,0,1,0,1,0,0,0,784114,5178,5826569,792
205787,11,11,11041128,Sewanstra�e,11401137,2018,9,13,6,3,5,2,0,1,1,0,0,0,0,0,807065,498,5825810,667
205788,11,6,6030504,Teltower Damm,6300528,2018,9,13,5,2,5,2,0,0,1,0,1,0,0,0,790613,8189,5815215,559
205789,11,1,1022104,Emdener Stra�e                                                                                      ,1200520,2018,9,9,6,3,2,6,0,1,1,0,0,0,0,0,794572,7689,5828565,673
205790,11,4,4051446,Preu�enpark,4501043,2018,9,12,6,3,3,6,0,1,1,0,0,0,0,0,792948,8838,5825315,626
205791,11,12,12302110,Dannenwalder Weg,12601235,2018,9,12,6,3,5,7,0,0,1,0,1,0,0,0,795222,919,5836357,51
205792,11,10,10010308,Marzahner Chaussee,10100311,2018,9,15,3,3,2,1,0,0,1,0,0,0,0,0,806844,5351,5830354,59
205793,11,1,1011102,Gro�er Tiergarten,1100102,2018,9,12,6,2,5,2,0,1,0,0,0,0,1,0,795420,2531,5827461,912
205794,11,1,1011204,Leipziger Stra�e                                                                                    ,1100207,2018,9,12,6,3,2,6,0,1,0,0,0,0,0,0,798613,7969,5827010,31
205795,11,6,6040701,Wannsee,6400735,2018,9,11,5,3,5,3,0,1,1,0,0,0,0,0,783328,5475,5815963,368
205796,11,12,12214125,Waldidyll/Flughafensee,12200414,2018,9,8,6,3,2,6,0,0,1,0,0,0,0,0,791076,6736,5831108,502
205797,11,6,6010206,Stadtpark,6100206,2018,9,11,6,3,5,2,0,1,1,0,0,0,0,0,794927,5949,5819447,33
205798,11,2,2020205,Chamissokiez,2200211,2018,9,12,4,3,6,4,0,0,0,1,0,0,1,0,798550,1677,5824234,682
205799,11,12,12214527,Alt-Tegel,12200515,2018,9,11,6,3,5,3,0,0,1,0,0,0,0,0,789705,415,5834697,613
205800,11,7,7050506,Birnhornweg,7501135,2018,9,16,6,3,0,2,0,0,0,0,0,0,1,0,799052,689,5816809,509
205801,11,10,10020414,Helle Mitte,10200421,2018,9,10,6,3,2,2,0,0,1,0,0,0,0,0,812213,3179,5830912,605
205802,11,5,5010313,Ackerstra�e                                                                                         ,5100315,2018,9,15,3,3,2,6,0,0,1,0,0,0,0,0,784503,6082,5829861,529
205803,11,8,8010301,Reuterkiez,8100311,2018,9,9,6,3,0,3,0,1,1,0,0,0,0,0,800512,7684,5824557,801
205804,11,7,7010104,Dennewitzplatz,7100205,2018,9,12,6,3,5,3,0,1,1,0,0,0,0,0,796347,189,5825091,49
205805,11,2,2030302,Lausitzer Platz,2300315,2018,9,21,5,3,3,6,2,0,1,0,1,0,0,0,800465,9091,5825793,42
205806,11,4,4051448,Schaperstra�e,4501045,2018,9,16,6,3,2,6,0,0,1,0,0,0,0,0,794189,7513,5825423,129
205807,11,3,3061228,Erich-Weinert-Stra�e,3601245,2018,9,9,6,3,6,4,0,0,0,1,0,1,0,0,800580,494,5831433,79
205808,11,7,7010102,Nollendorfplatz,7100102,2018,9,12,5,3,0,1,0,1,0,0,0,0,0,0,794984,462,5825083,313
205809,11,11,11020515,Landsberger Allee,11200514,2018,9,8,4,3,5,2,0,1,1,0,0,0,0,0,803359,372,5830082,922
205810,11,4,4051445,Eisenzahnstra�e,4500939,2018,10,12,6,3,5,2,0,0,1,0,0,0,0,0,792441,1069,5824104,278
205811,11,8,8010214,Glasower Stra�e,8100209,2018,10,14,3,3,5,3,0,0,1,0,0,0,0,0,801477,3991,5822067,87
205812,11,2,2010104,Wassertorplatz,2100106,2018,10,15,6,3,5,2,0,0,1,0,0,0,0,0,799062,6486,5825597,201
205813,11,8,8010301,Reuterkiez,8100312,2018,10,19,3,3,1,5,2,1,1,0,0,0,0,0,801307,9322,5824549,627
205814,11,9,9020701,Adlershof West,9200715,2018,10,11,6,1,5,2,0,1,0,0,0,1,0,0,807217,1524,5818310,968
205815,11,6,6020410,Oberhofer Platz,6200422,2018,10,13,3,3,2,6,0,0,1,0,0,0,0,0,794417,6754,5817373,188
205816,11,11,11051229,Rummelsburg,11501238,2018,10,19,3,3,5,3,2,1,1,0,0,0,0,0,804473,5357,5825743,194
205817,11,1,1011204,Leipziger Stra�e                                                                                    ,1100207,2018,10,14,5,3,6,4,0,0,1,1,0,0,0,0,798008,6329,5826788,791
205818,11,2,2010104,Wassertorplatz,2100106,2018,10,13,3,3,5,3,0,1,1,0,0,0,0,0,798828,8482,5825603,239
205819,11,6,6030502,Zehlendorf S�d                                                                                      ,6300525,2018,10,17,5,3,5,3,0,1,1,0,0,0,0,0,789714,6804,5815446,969
205820,11,1,1033102,Gesundbrunnen,1300733,2018,10,18,3,3,1,5,2,1,1,0,0,0,1,0,797123,2077,5831400,268
205821,11,7,7070705,Franziusweg/Rohrbachstra�e                                                                          ,7601546,2018,10,16,5,3,5,3,0,0,1,0,0,0,0,0,799256,5781,5812610,149
205822,11,5,5020524,Weinmeisterhornweg,5200528,2018,10,13,3,3,5,2,0,0,1,0,1,0,0,0,783640,149,5825875,791
205823,11,11,11020412,Hauptstra�e,11200411,2018,10,16,5,3,2,6,0,0,0,0,1,0,0,0,805859,8052,5831369,91
205824,11,8,8010301,Reuterkiez,8100311,2018,10,12,3,3,5,2,0,0,1,0,0,0,1,0,800766,361,5824341,67
205825,11,3,3071639,B�tzowstra�e,3701660,2018,10,16,5,3,5,2,0,0,1,0,1,0,0,0,800736,104,5829153,211
205826,11,3,3020209,Niedersch�nhausen,3200205,2018,10,18,3,2,5,3,1,0,1,0,1,0,0,0,798159,704,5836390,453
205827,11,12,12103117,Letteplatz,12100101,2018,10,16,5,3,1,5,0,0,1,0,1,0,0,0,796386,6566,5832747,86
205828,11,10,10040933,Mahlsdorf S�d                                                                                       ,10400940,2018,10,18,3,2,5,2,0,1,1,0,0,0,0,0,812389,78,5824302,56
205829,11,1,1022106,Elberfelder Stra�e                                                                                  ,1200522,2018,10,17,3,3,6,4,0,0,0,1,0,0,1,0,794466,3055,5828354,87
205830,11,1,1011303,Alexanderplatzviertel,1100310,2018,10,15,5,3,5,3,0,1,1,0,0,0,0,0,798946,4164,5828386,91
205831,11,4,4010102,Pl�tzensee,4100101,2018,10,12,3,3,5,2,0,0,1,0,0,0,0,0,791670,3186,5830692,298
205832,11,4,4041136,Hagenplatz,4400728,2018,10,15,5,3,5,3,0,0,1,0,0,0,0,0,790127,881,5823850,514
205833,11,9,9020502,Obersch�neweide Ost,9200511,2018,10,17,3,2,5,3,0,1,0,0,0,0,0,0,806696,1436,5822033,118
205834,11,8,8020623,Ortolanweg,8200728,2018,10,15,5,3,1,5,0,0,1,0,1,0,0,0,803676,545,5819417,501
205835,11,6,6040807,Zehlendorf Eiche                                                                                    ,6400841,2018,10,15,5,3,2,6,0,0,1,0,0,0,0,0,789620,2236,5818163,115
205836,11,8,8010406,Treptower Stra�e Nord,8100419,2018,10,16,3,3,5,2,0,1,1,0,0,0,0,0,802524,4167,5824227,578
205837,11,1,1033102,Gesundbrunnen,1300733,2018,10,13,5,3,5,2,0,0,1,0,0,0,0,0,797356,3011,5831199,155
205838,11,1,1011201,Wilhelmstra�e                                                                                       ,1100205,2018,10,16,3,3,5,3,0,0,1,0,0,0,0,0,797402,2857,5826957,454
205839,11,2,2010104,Wassertorplatz,2100106,2018,10,13,5,3,5,3,0,0,0,0,1,0,1,0,799436,9588,5825651,167
205840,11,2,2020201,Gleisdreieck/Entwicklungsgebiet,2200207,2018,10,11,3,3,1,5,0,1,1,0,0,0,0,0,796909,379,5825771,918
205841,11,10,10010310,Alt-Marzahn,10100313,2018,10,9,5,3,2,6,0,0,1,0,1,0,0,0,808463,3107,5831149,334
205842,11,10,10010308,Marzahner Chaussee,10100311,2018,10,16,3,3,6,2,0,0,1,1,0,0,0,0,806709,2216,5829146,91
205843,11,2,2040701,Andreasviertel,2400623,2018,10,10,5,3,2,6,0,0,1,0,1,0,0,0,800560,7131,5827025,47
205844,11,4,4030621,Spreestadt,4300620,2018,10,9,5,3,0,2,0,1,1,0,0,0,0,0,793146,978,5827763,67
205845,11,9,9020502,Obersch�neweide Ost,9200512,2018,10,10,3,2,5,3,0,0,1,0,0,0,1,0,809406,2744,5821504,41
205846,11,5,5010339,Freiheit,5100317,2018,10,8,5,3,2,7,0,0,1,0,0,0,0,0,787324,2506,5828087,634
205847,11,10,10030724,Oberfeldstra�e                                                                                      ,10300731,2018,10,6,3,3,2,6,2,0,1,0,0,0,0,0,809629,181,5830271,912
205848,11,1,1033203,Humboldthain Nordwest                                                                               ,1300836,2018,10,8,5,3,5,3,0,1,1,0,0,0,0,0,795656,7589,5829913,211
205849,11,3,3040818,Pankow S�d                                                                                          ,3400826,2018,10,8,5,3,6,7,0,1,0,1,0,0,1,0,798539,7829,5832661,336
205850,11,6,6040804,Krumme Lanke,6400838,2018,10,9,3,2,8,1,0,0,1,0,0,0,0,0,788032,6017,5821621,55
205851,11,8,8010301,Reuterkiez,8100310,2018,10,8,5,2,6,7,0,0,1,1,0,0,0,0,800374,2055,5825114,133
205852,11,6,6020411,Sch�tte-Lanz-Stra�e                                                                                 ,6200423,2018,10,8,5,3,4,1,0,0,1,0,0,0,0,0,795103,561,5815679,423
205853,11,11,11040926,Weitlingstra�e,11400929,2018,10,21,3,3,0,1,2,0,0,0,1,0,0,0,804487,848,5826392,439
205854,11,10,10010204,Wuhletalstra�e                                                                                      ,10100206,2018,10,7,5,3,5,2,0,1,1,0,0,0,0,0,810056,1517,5832604,28
205855,11,7,7010101,Wittenbergplatz/Viktoria-Luise-Platz,7100101,2018,10,18,3,3,0,1,1,0,0,0,1,0,0,0,794976,5049,5824938,863
205856,11,5,5020419,Magistratsweg,5200423,2018,10,6,5,2,5,2,1,0,1,0,0,0,0,0,781982,3394,5828468,482
205857,11,1,1011204,Leipziger Stra�e                                                                                    ,1100207,2018,10,9,3,3,5,3,0,1,1,0,0,0,0,0,797890,4811,5826670,858
205858,11,8,8010117,Schillerpromenade,8100103,2018,10,4,5,3,5,3,2,0,1,0,0,0,0,0,800617,6441,5823148,68
205859,11,5,5010312,Kurstra�e                                                                                           ,5100314,2018,10,9,3,3,6,4,0,0,1,1,0,0,0,0,785184,3009,5829660,398
205860,11,4,4030623,Ernst-Reuter-Platz,4300622,2018,10,9,3,2,5,3,0,0,1,0,1,0,0,0,792920,3213,5826961,134
205861,11,2,2010102,Mehringplatz,2100102,2018,10,8,3,3,5,2,0,1,1,0,0,0,0,0,798183,262,5826500,126
205862,11,6,6040804,Krumme Lanke,6400838,2018,10,2,5,3,7,7,2,0,0,0,1,0,0,0,787978,5472,5819704,938
205863,11,7,7060604,Marienfelde S�d,7601341,2018,10,8,5,3,5,2,0,0,1,0,0,0,1,0,796712,5096,5815823,236
205864,11,1,1022201,Stephankiez,1200623,2018,10,7,3,3,2,6,0,0,0,0,1,0,1,0,795494,7479,5829561,262
205865,11,5,5010339,Freiheit,5100317,2018,10,8,5,3,2,6,0,0,1,0,0,1,1,0,787458,7537,5828074,167
205866,11,5,5020626,Adamstra�e                                                                                          ,5200631,2018,10,8,3,3,6,4,0,0,1,1,0,0,0,0,785018,7565,5827629,538
205867,11,8,8041036,Zittauer Stra�e,8401242,2018,10,12,5,3,2,2,0,0,1,0,1,0,0,0,805066,8259,5817095,701
205868,11,6,6030609,Augustaplatz,6300633,2018,10,7,3,3,5,2,1,1,1,0,0,0,0,0,793208,182,5819520,806
205869,11,8,8010405,Hertzbergplatz,8100418,2018,10,11,5,3,5,3,0,1,1,0,0,0,0,0,802112,8818,5823649,596
205870,11,2,2020206,Graefekiez,2200212,2018,10,7,3,3,0,7,0,0,1,0,1,0,0,0,799680,3053,5824491,33
205871,11,6,6010204,Munsterdamm,6100204,2018,10,11,5,3,2,2,0,0,1,0,0,0,0,0,795417,5198,5820121,138
205872,11,1,1022206,L�neburger Stra�e                                                                                   ,1200628,2018,10,10,3,3,8,1,0,0,1,0,0,0,0,0,796020,6496,5828137,63
205873,11,1,1022207,Hansaviertel,1200629,2018,10,22,5,3,5,2,2,1,1,0,0,0,0,0,794497,4077,5827803,46
205874,11,4,4051551,Brabanter Platz,4501148,2018,10,18,3,3,2,6,1,0,1,0,0,0,0,0,792866,6887,5823215,578
205875,11,2,2020204,Urbanstra�e,2200210,2018,10,7,2,3,5,3,1,0,1,0,0,0,1,0,798486,497,5825227,952
205876,11,2,2010102,Mehringplatz,2100102,2018,10,18,5,3,5,3,1,1,1,0,0,0,0,0,798248,402,5826086,82
205877,11,7,7020202,Volkspark (Rudolf-Wilde-Park),7200308,2018,10,9,2,3,4,6,0,1,0,0,0,0,0,0,794969,6283,5823128,802
205878,11,1,2040701,Andreasviertel,2400623,2018,10,18,5,3,5,3,0,1,1,0,0,0,0,0,800271,9173,5827633,1
205879,11,12,12214424,Scharnweberstra�e                                                                                   ,12200309,2018,10,19,2,3,5,2,2,0,1,0,0,0,1,0,792866,5316,5832734,733
205880,11,4,4030417,Schlo�stra�e,4300414,2018,10,17,5,3,5,2,0,1,1,0,0,0,0,0,790946,3572,5826751,539
205881,11,1,1011303,Alexanderplatzviertel,1100310,2018,10,17,2,3,3,2,1,1,1,0,0,0,0,0,799341,8552,5827559,686
205882,11,1,1011303,Alexanderplatzviertel,1100310,2018,10,17,5,2,5,3,0,1,1,0,0,0,0,0,799517,9189,5828123,132
205883,11,8,8020620,Tempelhofer Weg,8200624,2018,10,17,2,3,6,7,0,1,0,1,0,0,0,0,800884,7429,5820919,424
205884,11,9,9030901,Dorf Altglienicke,9300920,2018,10,17,5,2,5,2,0,1,1,0,0,0,0,0,808159,395,5816992,372
205885,11,10,10040932,Alt-Mahlsdorf,10400939,2018,10,17,2,3,5,3,0,1,1,0,0,0,0,0,813197,2638,5827255,155
205886,11,3,3040614,Pankow Zentrum                                                                                      ,3400723,2018,10,16,5,2,1,5,0,0,1,0,1,0,0,0,799337,6255,5833884,438
205887,11,11,11051331,Karlshorst Nord,11501340,2018,10,16,2,3,2,6,0,0,1,0,0,0,0,0,807270,7135,5824439,2
205888,11,1,1011401,Invalidenstra�e                                                                                     ,1100415,2018,10,16,2,3,0,7,0,1,1,0,0,0,0,0,798177,2473,5829351,999
205889,11,3,3061131,Falkplatz,3601142,2018,10,10,5,3,5,3,0,1,1,0,0,0,0,0,799177,4026,5831224,202
205890,11,12,12214422,Klixstra�e                                                                                          ,12200310,2018,10,16,2,3,2,6,0,0,1,0,0,0,0,0,792163,2914,5833375,44
205891,11,8,8010303,Donaustra�e,8100314,2018,10,10,5,3,5,2,0,1,0,0,0,0,1,0,801011,798,5823894,39
205892,11,9,9020502,Obersch�neweide Ost,9200512,2018,10,16,2,2,4,7,0,0,1,0,0,0,0,0,809904,4438,5821725,634
205893,11,11,11020515,Landsberger Allee,11200514,2018,10,20,4,2,0,7,2,1,0,0,0,0,0,0,804579,4122,5830043,991
205894,11,2,2030301,Oranienplatz,2300314,2018,10,18,4,3,6,4,2,0,0,1,1,0,0,1,799858,1758,5825839,495
205895,11,8,8041035,Blumenviertel,8401241,2018,10,16,2,3,5,3,0,0,1,0,1,0,0,0,803896,115,5818952,85
205896,11,1,1044201,Reinickendorfer Stra�e                                                                              ,1401045,2018,10,17,4,2,2,6,1,0,1,0,0,0,0,0,796654,718,5831920,16
205897,11,12,12214424,Scharnweberstra�e                                                                                   ,12200309,2018,10,23,2,3,0,3,2,0,1,0,1,0,0,0,792497,3894,5832858,499
205898,11,11,11051229,Rummelsburg,11501238,2018,10,2,4,3,5,7,2,0,1,0,0,0,0,0,804901,8445,5825230,501
205899,11,4,4051655,Babelsberger Stra�e,4501153,2018,10,7,4,2,5,3,1,0,1,0,0,0,0,1,793943,5492,5823434,147
205900,11,3,3040614,Pankow Zentrum                                                                                      ,3400721,2018,10,8,4,3,6,4,0,0,0,1,1,0,0,1,797709,4104,5833331,191
205901,11,2,2040502,Friedenstra�e,2400521,2018,10,15,2,3,5,5,0,1,1,0,0,0,0,0,800618,231,5828253,792
205902,11,3,3061131,Falkplatz,3601142,2018,10,17,4,3,6,4,0,0,1,1,0,0,0,0,799137,8938,5830367,72
205903,11,1,1011304,Karl-Marx-Allee,1100311,2018,10,20,2,3,5,2,1,1,0,0,0,0,1,0,799583,3828,5828042,773
205904,11,4,4030930,George-Grosz-Platz,4501041,2018,10,16,4,3,0,3,0,0,1,0,1,0,0,0,792839,9669,5825508,6
205905,11,1,1011302,Oranienburger Stra�e                                                                                ,1100309,2018,10,15,2,3,0,1,0,1,0,0,0,0,0,0,798652,4812,5828502,528
205906,11,6,6030609,Augustaplatz,6300633,2018,10,15,4,2,6,7,0,0,1,1,0,0,0,1,793252,9,5819168,988
205907,11,4,4051652,Nikolsburger Platz,4501149,2018,10,17,5,3,2,2,0,1,1,0,0,0,0,0,793570,9636,5824276,854
205908,11,3,3061227,Humannplatz,3601244,2018,10,19,2,3,2,6,1,0,1,0,1,0,0,0,799984,248,5831082,2
205909,11,1,1033101,Soldiner Stra�e                                                                                     ,1300732,2018,10,15,4,3,2,6,0,0,1,0,0,0,0,1,797505,1299,5832674,89
205910,11,6,6040809,Thielallee,6400843,2018,10,14,4,3,2,2,0,0,1,0,0,0,0,0,791280,5316,5819860,758
205911,11,1,1011105,N�rdlicher Landwehrkanal                                                                            ,1100102,2018,10,19,2,2,5,2,2,0,1,0,1,0,0,0,796779,189,5826113,988
205912,11,1,1044201,Reinickendorfer Stra�e                                                                              ,1401045,2018,10,14,4,3,2,6,0,0,1,0,0,0,0,0,797047,2912,5831893,342
205913,11,12,12214424,Scharnweberstra�e                                                                                   ,12200309,2018,10,15,5,3,0,3,0,1,1,0,0,0,0,0,793322,2743,5832664,438
205914,11,5,5030731,Gartenfelder Stra�e                                                                                 ,5300737,2018,10,19,2,3,6,7,1,0,1,1,0,0,0,0,787502,9113,5830128,97
205915,11,6,6030503,Zehlendorf Mitte                                                                                    ,6300526,2018,10,13,4,3,0,2,0,0,0,0,1,0,0,1,789329,9173,5817264,682
205916,11,2,2040701,Andreasviertel,2400623,2018,10,14,2,3,5,2,0,1,1,0,0,0,0,0,800602,5549,5827108,656
205917,11,4,4020314,Messegel�nde,4200311,2018,10,13,5,3,5,3,0,0,1,0,1,0,0,0,789932,7527,5825100,88
205918,11,1,1011401,Invalidenstra�e                                                                                     ,1100415,2018,10,12,4,3,5,2,0,0,1,0,0,0,0,1,798314,6762,5829373,227
205919,11,4,4020311,Reichsstra�e,4200310,2018,10,13,5,3,3,6,0,0,1,0,0,1,0,0,789966,1397,5826185,323
205920,11,1,1044101,Rehberge,1400938,2018,10,15,2,3,5,2,0,1,1,0,0,0,0,0,793963,8495,5830886,619
205921,11,4,4031032,Halensee,4500937,2018,10,12,5,3,5,2,0,1,0,0,0,0,1,0,791017,1067,5824861,76
205922,11,1,1011101,St�lerstra�e                                                                                        ,1100101,2018,10,18,2,3,2,6,1,0,1,0,1,0,0,0,794513,972,5826094,432
205923,11,3,3020307,Buchholz,3200308,2018,10,12,5,3,5,2,0,1,1,0,0,0,0,0,799054,8846,5837549,178
205924,11,3,3061227,Humannplatz,3601244,2018,10,11,4,3,2,7,0,0,1,0,0,0,0,1,799972,4039,5831087,45
205925,11,2,2020203,Viktoriapark,2200209,2018,10,16,5,3,0,2,0,1,1,0,0,0,0,0,797472,8723,5824559,274
205926,11,4,4051652,Nikolsburger Platz,4501149,2018,10,14,2,3,2,6,0,0,1,0,0,0,0,0,793458,9039,5824520,637
205927,11,4,4020313,K�nigin-Elisabeth-Stra�e,4200311,2018,10,11,5,3,3,6,0,0,1,0,0,0,1,0,790424,96,5825979,413
205928,11,12,12103219,Sch�fersee,12100204,2018,10,16,5,3,5,2,0,1,1,0,0,0,0,0,795064,8062,5832482,666
205929,11,2,2040701,Andreasviertel,2400623,2018,10,9,2,3,5,3,0,1,0,0,0,0,0,0,800614,4524,5827116,145
205930,11,9,9020501,Obersch�neweide West,9200510,2018,10,11,4,3,5,2,0,0,1,0,0,0,0,1,806434,592,5822979,987
205931,11,4,4051448,Schaperstra�e,4501045,2018,10,12,2,3,9,1,0,0,1,1,0,0,0,0,793500,8655,5825110,368
205932,11,1,1011202,Unter den Linden Nord,1100206,2018,10,2,4,3,5,2,2,0,0,0,0,0,1,1,798557,44,5827792,93
205933,11,6,6030607,Goerzwerke,6300631,2018,10,16,5,3,2,2,0,1,1,0,0,0,0,0,791479,7561,5816159,441
205934,11,4,4051448,Schaperstra�e,4501045,2018,10,11,2,3,2,7,0,1,1,0,0,0,0,0,793476,105,5824888,902
205935,11,4,4051550,Leon-Jessel-Platz,4501147,2018,10,23,3,3,5,7,2,0,1,0,1,0,0,1,792892,1727,5824294,469
205936,11,11,11051331,Karlshorst Nord,11501340,2018,10,6,2,3,2,2,0,0,1,0,0,0,1,0,807350,5185,5825186,613
205937,11,9,9020701,Adlershof West,9200715,2018,10,16,5,3,1,5,0,1,1,0,0,0,0,0,808277,564,5818729,455
205938,11,7,7040402,Lindenhofsiedlung,7400822,2018,10,21,3,3,6,2,2,0,0,1,0,0,1,1,796876,5168,5820710,58
205939,11,9,9010101,Elsenstra�e                                                                                         ,9100101,2018,10,15,5,3,5,3,0,1,1,0,0,0,0,0,802336,3353,5825301,343
205940,11,9,9020502,Obersch�neweide Ost,9200512,2018,10,11,2,3,5,2,0,1,1,0,0,0,0,0,809419,9166,5821478,217
205941,11,2,2050801,Traveplatz,2500832,2018,10,20,3,3,0,5,2,1,0,0,0,0,1,1,803602,9329,5827394,976
205942,11,4,4030725,Amtsgerichtsplatz,4300416,2018,10,15,5,3,3,6,0,1,1,0,0,0,0,0,791430,8831,5826078,418
205943,11,6,6040804,Krumme Lanke,6400838,2018,10,11,2,3,5,2,0,1,1,0,0,0,0,0,788152,3109,5818746,929
205944,11,4,4030725,Amtsgerichtsplatz,4300416,2018,10,23,3,3,6,2,2,0,1,1,0,0,0,1,791995,6717,5825982,465
205945,11,12,12231101,Hermsdorf,12400722,2018,10,8,2,3,5,2,0,0,1,0,0,0,0,0,790783,3741,5837618,3