OBJECTID,LAND,BEZ,LOR,STRASSE,LOR_ab_2021,UJAHR,UMONAT,USTUNDE,UWOCHENTAG,UKATEGORIE,UART,UTYP1,ULICHTVERH,IstRad,IstPKW,IstFuss,IstKrad,IstGkfz,IstSonstig,STRZUSTAND,LINREFX,LINREFY,XGCSWGS84,YGCSWGS84
205946,11,7,7060604,Marienfelde S�d,7601340,2018,10,16,3,3,0,3,2,0,1,0,1,0,0,1,796536,7396,5815644,316
205947,11,7,7010101,Wittenbergplatz/Viktoria-Luise-Platz,7100101,2018,10,15,5,3,2,7,0,0,1,0,1,0,0,0,794557,493,5825767,523
205948,11,1,1033102,Gesundbrunnen,1300733,2018,10,8,2,3,5,3,0,0,1,0,0,0,0,0,797406,2024,5831554,721
205949,11,4,4020310,Park Ruhwald,4200308,2018,10,12,3,3,2,6,0,0,1,0,0,0,0,0,790088,3416,5827345,212
205950,11,8,8010211,Flughafenstra�e,8100206,2018,10,7,2,3,5,3,0,0,1,0,0,0,0,0,800417,3229,5823872,31
205951,11,10,10040933,Mahlsdorf S�d                                                                                       ,10400940,2018,10,15,5,3,6,4,0,0,1,1,0,0,0,0,812377,8762,5824064,121
205952,11,7,7060603,Marienfelde Nordost,7601238,2018,10,6,2,3,5,7,2,0,1,0,1,0,0,0,797757,3574,5817230,815
205953,11,3,3061131,Falkplatz,3601142,2018,10,13,3,3,1,5,0,1,1,0,0,0,0,1,799112,5043,5831096,839
205954,11,1,1011304,Karl-Marx-Allee,1100311,2018,10,15,5,3,6,4,0,0,1,1,0,0,0,0,799681,5609,5827573,188
205955,11,4,4030518,Tegeler Weg,4300517,2018,10,5,2,3,5,3,2,0,1,0,0,0,0,0,791915,5742,5828208,596
205956,11,8,8041035,Blumenviertel,8401241,2018,10,15,5,3,5,2,0,1,0,0,1,0,0,0,803930,404,5819011,369
205957,11,1,1011303,Alexanderplatzviertel,1100310,2018,10,13,3,3,0,1,0,0,0,0,1,0,0,1,799570,4682,5828235,498
205958,11,4,4030827,Karl-August-Platz,4300623,2018,10,14,5,2,6,4,0,0,1,1,0,0,0,0,792115,9499,5826594,871
205959,11,2,2020202,Rathaus Yorckstra�e,2200208,2018,10,4,2,3,5,3,2,0,1,0,0,0,0,0,797937,16,5825274,764
205960,11,3,3061435,Conrad-Blenkle-Stra�e,3601452,2018,10,13,3,3,5,3,0,0,1,0,0,0,0,1,801741,2237,5829169,344
205961,11,8,8041037,Alt-Rudow,8401243,2018,10,10,2,1,6,4,0,0,0,1,0,1,0,0,805576,5886,5818540,786
205962,11,4,4010103,Paul-Hertz-Siedlung,4100102,2018,10,13,3,3,3,6,0,0,1,0,0,0,0,0,791180,5275,5829185,124
205963,11,2,2050802,Boxhagener Platz,2500833,2018,10,13,1,3,2,2,0,1,1,0,0,0,0,0,802110,6052,5827355,32
205964,11,9,9020702,Adlershof Ost,9200717,2018,10,16,5,3,5,3,0,0,1,0,0,1,0,0,809736,5743,5819249,379
205965,11,6,6010102,Schlo�stra�e                                                                                        ,6100102,2018,10,12,3,3,6,7,0,0,1,1,0,0,0,0,793554,2639,5821117,642
205966,11,5,5010339,Freiheit,5100317,2018,10,11,5,3,2,6,0,0,1,0,0,0,1,0,787576,8731,5828026,859
205967,11,12,12214423,Mellerbogen,12200308,2018,10,3,1,3,1,5,2,0,1,0,0,0,0,0,793126,8929,5833205,569
205968,11,5,5030832,Rohrdamm,5300838,2018,10,14,5,3,2,6,0,0,1,0,0,0,0,0,787969,8572,5830545,171
205969,11,9,9031001,Bohnsdorf,9301025,2018,10,11,5,3,5,2,0,0,1,0,0,0,0,0,811089,541,5815581,399
205970,11,10,10020412,Alte Hellersdorfer Stra�e,10200417,2018,10,19,1,2,6,4,1,0,1,1,0,0,0,0,811345,9415,5831862,593
205971,11,12,12214125,Waldidyll/Flughafensee,12200412,2018,10,23,3,3,6,2,2,0,1,1,0,0,0,1,790982,3676,5833811,56
205972,11,3,3051022,Hansastra�e,3501038,2018,10,14,5,3,5,2,0,0,1,0,0,0,0,0,803638,8953,5832000,295
205973,11,10,10030727,Biesdorf S�d                                                                                        ,10300734,2018,10,16,1,3,6,4,0,0,1,1,0,0,0,0,809594,3776,5824139,17
205974,11,3,3071633,Th�lmannpark,3701657,2018,10,10,5,3,5,3,0,0,1,0,0,0,0,0,800297,722,5830045,59
205975,11,5,5010314,Carl-Schurz-Stra�e                                                                                  ,5100316,2018,10,11,3,3,2,2,0,0,1,0,0,0,0,0,784798,9084,5828796,883
205976,11,9,9020501,Obersch�neweide West,9200510,2018,10,9,5,3,3,2,0,0,1,0,0,0,0,0,806245,762,5823199,457
205977,11,7,7010104,Dennewitzplatz,7100206,2018,10,16,1,2,0,6,0,0,1,0,1,0,0,0,796584,815,5824848,386
205978,11,4,4030827,Karl-August-Platz,4300623,2018,10,11,3,3,2,6,0,0,1,0,0,0,1,0,792116,7294,5826113,463
205979,11,11,11040926,Weitlingstra�e,11400929,2018,10,11,3,3,5,3,0,1,1,0,0,0,0,0,804998,818,5826570,498
205980,11,4,4030623,Ernst-Reuter-Platz,4300622,2018,10,16,1,3,0,6,0,0,1,0,0,0,0,0,792894,874,5826970,803
205981,11,11,11051229,Rummelsburg,11501238,2018,10,10,3,3,5,7,0,0,1,0,0,0,1,0,804769,438,5825408,433
205982,11,5,5020626,Adamstra�e                                                                                          ,5200631,2018,10,16,5,2,2,6,0,0,1,0,0,0,0,0,784776,123,5826942,116
205983,11,2,2020202,Rathaus Yorckstra�e,2200208,2018,10,15,1,3,1,5,0,1,1,0,0,0,0,0,797265,1046,5825110,336
205984,11,1,1033101,Soldiner Stra�e                                                                                     ,1300732,2018,10,20,3,3,5,3,2,0,0,0,1,0,1,1,797634,6657,5832825,962
205985,11,2,2040703,Wriezener Bahnhof/Entwicklungsgebiet,2400625,2018,10,15,1,3,2,6,0,0,1,0,0,0,0,0,801410,442,5826753,32
205986,11,11,11051229,Rummelsburg,11501238,2018,10,9,5,3,2,6,0,0,1,0,1,0,0,0,803973,2305,5826073,79
205987,11,8,8020622,Parchimer Allee,8200726,2018,10,20,3,3,6,2,2,0,1,1,0,0,0,1,802362,9002,5819912,374
205988,11,7,7050502,Fritz-Werner-Stra�e                                                                                 ,7501133,2018,10,8,5,3,2,2,0,0,1,0,0,0,1,0,798155,2329,5819054,764
205989,11,7,7020202,Volkspark (Rudolf-Wilde-Park),7200308,2018,10,14,7,3,6,7,0,1,0,1,0,0,0,0,794923,757,5823923,793
205990,11,2,2010102,Mehringplatz,2100104,2018,10,8,5,3,0,6,0,0,0,0,0,0,1,0,798762,2777,5826416,764
205991,11,4,4030620,Alt-Lietzow,4300619,2018,10,10,3,3,6,7,0,0,1,1,0,0,0,0,792321,9389,5827245,631
205992,11,1,1022204,Thomasiusstra�e                                                                                     ,1200626,2018,10,8,5,3,6,7,0,0,1,1,0,0,0,0,795000,3517,5828147,24
205993,11,1,1011202,Unter den Linden Nord,1100206,2018,10,23,7,3,6,2,2,0,1,1,0,0,0,0,797683,7351,5827915,191
205994,11,5,5010314,Carl-Schurz-Stra�e                                                                                  ,5100316,2018,10,8,3,3,0,2,0,0,0,0,0,0,1,0,784833,3087,5829014,232
205995,11,4,4020313,K�nigin-Elisabeth-Stra�e,4200311,2018,10,8,3,3,5,2,0,1,1,0,0,0,0,0,790493,1603,5826551,384
205996,11,1,1011301,Charit�viertel,1100308,2018,10,22,7,3,3,6,2,1,0,0,0,0,1,0,797575,3882,5828577,294
205997,11,5,5030731,Gartenfelder Stra�e                                                                                 ,5300737,2018,10,21,3,2,8,1,2,0,1,0,0,0,0,1,788044,2401,5829364,82
205998,11,8,8041035,Blumenviertel,8401241,2018,10,7,5,3,6,4,1,0,0,1,1,0,0,0,804043,626,5819186,877
205999,11,4,4020311,Reichsstra�e,4200310,2018,10,7,3,3,2,2,0,1,1,0,0,0,0,0,789638,2713,5826254,713
206000,11,5,5010314,Carl-Schurz-Stra�e                                                                                  ,5100316,2018,10,16,5,3,0,1,0,0,0,0,1,0,0,0,784975,6543,5828845,264
206001,11,7,7030303,Grazer Platz,7300619,2018,10,21,7,3,1,1,2,0,1,0,0,0,1,0,795091,7791,5821437,31
206002,11,9,9010301,Baumschulenstra�e,9100304,2018,10,20,3,2,5,3,2,0,1,0,1,0,0,1,804668,2578,5822163,638
206003,11,2,2010101,Askanischer Platz,2100101,2018,10,20,3,3,6,2,2,0,1,1,0,0,0,1,797595,9349,5825945,752
206004,11,11,11030721,R�digerstra�e,11300722,2018,10,6,3,3,5,3,1,0,1,0,0,0,0,0,803856,7281,5828652,674
206005,11,9,9010402,Johannisthal Ost,9100409,2018,10,15,5,3,0,1,0,0,0,0,1,0,0,0,806799,5471,5818374,637
206006,11,1,1011201,Wilhelmstra�e                                                                                       ,1100205,2018,10,19,3,3,5,3,2,1,1,0,0,0,0,1,796940,528,5826780,293
206007,11,6,6010207,Mittelstra�e                                                                                        ,6100207,2018,10,20,7,3,5,2,2,1,1,0,0,0,0,0,793474,4312,5820157,881
206008,11,7,7020202,Volkspark (Rudolf-Wilde-Park),7200308,2018,10,20,5,3,0,3,2,1,1,0,0,0,0,0,795011,914,5823759,975
206009,11,3,3040818,Pankow S�d                                                                                          ,3400830,2018,10,19,3,3,5,2,1,0,1,0,0,0,0,1,800022,796,5833422,319
206010,11,4,4030725,Amtsgerichtsplatz,4300416,2018,10,19,5,3,5,2,2,0,1,0,1,0,0,0,791942,7161,5826105,526
206011,11,4,4030725,Amtsgerichtsplatz,4300416,2018,10,19,7,3,3,6,1,0,1,0,0,0,0,0,791913,1757,5826307,286
206012,11,1,1033102,Gesundbrunnen,1300733,2018,10,12,5,3,5,3,0,1,0,0,0,0,1,0,797160,4822,5831919,307
206013,11,2,2010102,Mehringplatz,2100102,2018,10,6,3,3,5,3,2,0,1,0,0,0,0,1,798346,9795,5825553,209
206014,11,8,8020620,Tempelhofer Weg,8200624,2018,10,16,4,3,5,3,0,0,1,0,0,0,0,0,801177,8321,5820599,8
206015,11,12,12224230,Heiligensee,12400618,2018,10,19,7,3,8,2,2,0,1,0,0,0,0,0,787325,141,5837839,478
206016,11,1,1011306,Heine-Viertel Ost,1100313,2018,10,18,3,3,5,3,1,0,1,0,1,0,0,1,799772,6411,5826556,94
206017,11,1,1011302,Oranienburger Stra�e                                                                                ,1100309,2018,10,8,7,3,6,4,0,1,0,1,0,0,0,0,798473,222,5828621,574
206018,11,6,6030610,Lichterfelde West                                                                                   ,6300634,2018,10,14,4,3,6,4,0,0,1,1,0,0,0,0,792427,4763,5818410,559
206019,11,8,8010214,Glasower Stra�e,8100209,2018,10,17,7,3,1,5,1,1,1,0,0,0,0,0,801386,217,5821914,595
206020,11,2,2030302,Lausitzer Platz,2300315,2018,10,18,3,3,6,4,1,0,1,1,0,0,0,1,800489,6631,5825778,919
206021,11,4,4030931,Breitscheidplatz,4501042,2018,10,17,7,3,6,2,0,0,1,1,0,0,0,0,794084,5593,5826105,72
206022,11,5,5020625,Borkumer Stra�e                                                                                     ,5200629,2018,10,15,4,2,2,6,0,0,1,0,0,0,0,0,784468,2233,5828750,463
206023,11,1,1033203,Humboldthain Nordwest                                                                               ,1300836,2018,10,16,7,3,1,7,0,0,1,0,1,0,0,0,797238,4283,5831203,281
206024,11,12,12214424,Scharnweberstra�e                                                                                   ,12200411,2018,10,17,3,3,2,6,1,0,1,0,0,0,0,1,792918,107,5832171,454
206025,11,11,11020412,Hauptstra�e,11200411,2018,10,10,7,3,6,7,0,0,1,1,0,0,0,0,804712,342,5831775,425
206026,11,2,2020203,Viktoriapark,2200209,2018,10,9,4,3,5,2,0,1,1,0,0,0,0,0,797101,6907,5824472,478
206027,11,1,1022104,Emdener Stra�e                                                                                      ,1200520,2018,10,17,3,3,5,2,0,1,1,0,0,0,0,1,794554,3032,5829064,71
206028,11,11,11010309,Zingster Stra�e West,11100308,2018,10,16,4,2,0,4,0,0,1,1,0,0,0,0,804526,5364,5833815,334
206029,11,12,12301206,L�bars,12500929,2018,10,9,7,3,1,5,0,0,1,0,0,0,0,0,794209,9175,5838283,436
206030,11,11,11040926,Weitlingstra�e,11400931,2018,10,15,4,3,5,2,0,1,1,0,0,0,0,0,806465,9092,5826869,657
206031,11,5,5010101,Hakenfelde Nord,5100103,2018,10,17,3,3,5,3,0,1,1,0,0,0,0,1,785246,174,5832264,726
206032,11,3,3061126,Arnimplatz,3601141,2018,10,19,4,3,2,6,2,0,1,0,0,0,0,0,798700,6241,5831792,476
206033,11,1,1011102,Gro�er Tiergarten,1100102,2018,10,2,7,3,5,2,2,1,1,0,0,0,0,0,796021,2,5827563,314
206034,11,5,5010314,Carl-Schurz-Stra�e                                                                                  ,5100316,2018,10,17,3,3,6,4,0,0,1,1,0,0,0,1,784971,6967,5829175,816
206035,11,10,10010311,Landsberger Tor,10100316,2018,10,0,7,3,5,3,2,1,1,0,0,0,0,0,810699,9339,5831975,975
206036,11,1,1011302,Oranienburger Stra�e                                                                                ,1100309,2018,10,19,4,2,5,7,2,0,1,0,1,0,0,0,798409,2003,5829042,653
206037,11,7,7050503,Eisenacher Stra�e                                                                                   ,7501031,2018,10,11,7,2,5,3,0,0,1,0,0,1,0,0,799459,6631,5820510,752
206038,11,7,7040403,Manteuffelstra�e                                                                                    ,7400823,2018,10,17,3,3,2,6,0,0,1,0,1,0,0,1,797258,876,5820967,634
206039,11,2,2050802,Boxhagener Platz,2500833,2018,10,18,4,3,3,6,1,1,0,0,0,0,1,0,802697,4349,5827237,587
206040,11,4,4030518,Tegeler Weg,4300517,2018,10,11,7,2,2,6,0,0,1,0,0,0,0,0,791433,682,5828442,35
206041,11,9,9020502,Obersch�neweide Ost,9200512,2018,10,19,4,3,6,6,2,0,1,1,0,0,0,0,809927,5308,5821645,625
206042,11,3,3030715,Heinersdorf,3300516,2018,10,16,3,3,5,2,0,1,0,0,0,0,1,1,800132,773,5833862,177
206043,11,1,1011301,Charit�viertel,1100308,2018,10,19,4,2,6,4,2,0,1,1,0,0,0,0,797540,1725,5828737,538
206044,11,4,4030726,Droysenstra�e,4500936,2018,10,16,7,3,5,3,0,1,1,0,0,0,0,0,792051,5457,5825772,253
206045,11,5,5030730,Zitadellenweg,5300736,2018,10,16,3,3,2,6,0,0,1,0,1,0,0,1,786029,6286,5829189,563
206046,11,1,1011302,Oranienburger Stra�e                                                                                ,1100309,2018,10,15,7,3,6,4,0,0,0,1,0,0,1,0,798489,5552,5828386,772
206047,11,4,4061757,Forst Grunewald,4200207,2018,10,14,3,2,4,1,0,0,1,0,0,0,1,1,785260,7614,5821577,748
206048,11,2,2030402,Wrangelkiez,2300419,2018,10,19,4,3,0,7,1,1,1,0,0,0,0,0,801803,6865,5825773,582
206049,11,6,6010206,Stadtpark,6100206,2018,10,15,7,3,5,2,0,0,1,0,0,0,0,0,794723,2316,5820057,8
206050,11,1,1044201,Reinickendorfer Stra�e                                                                              ,1401045,2018,10,15,3,3,2,6,0,0,1,0,1,0,0,1,796646,246,5831920,584
206051,11,6,6020410,Oberhofer Platz,6200422,2018,10,18,4,3,5,3,1,0,1,0,0,0,1,0,794475,1766,5816589,64
206052,11,2,2050802,Boxhagener Platz,2500834,2018,10,15,7,3,6,4,0,1,0,1,0,0,0,0,801974,9014,5826927,592
206053,11,6,6030503,Zehlendorf Mitte                                                                                    ,6300526,2018,10,14,3,3,5,2,0,1,1,0,0,0,0,1,789518,2721,5817755,43
206054,11,10,10040830,Kaulsdorf S�d                                                                                       ,10400837,2018,10,14,7,3,2,6,0,0,1,0,0,0,0,0,810875,6532,5826993,93
206055,11,8,8010405,Hertzbergplatz,8100418,2018,10,18,4,3,1,5,2,1,1,0,0,0,0,0,801992,8195,5824039,859
206056,11,9,9041501,Altstadt Kietz,9401534,2018,10,14,7,3,3,6,0,1,0,0,0,0,0,0,811337,5545,5820158,637
206057,11,7,7060604,Marienfelde S�d,7601341,2018,10,14,3,2,5,2,0,0,1,0,0,0,0,1,797613,3519,5815560,465
206058,11,2,2020205,Chamissokiez,2200211,2018,10,18,4,3,2,6,1,1,0,0,0,0,0,0,798541,6413,5824513,102
206059,11,6,6020305,Gemeindepark Lankwitz,6200316,2018,10,14,7,3,5,2,0,0,1,0,0,0,0,0,796010,5617,5817695,79
206060,11,3,3050920,Wei�er See,3500933,2018,10,17,4,3,0,1,0,1,0,0,0,0,0,0,802296,9797,5832635,717
206061,11,5,5030731,Gartenfelder Stra�e                                                                                 ,5300737,2018,10,0,3,2,1,5,2,0,1,0,0,1,1,0,787615,9033,5829427,12
206062,11,2,2040703,Wriezener Bahnhof/Entwicklungsgebiet,2400625,2018,10,17,4,3,5,2,0,1,1,0,0,0,0,0,801514,7158,5826374,146
206063,11,9,9051702,B�lschestra�e,9501737,2018,10,13,7,3,5,3,0,1,0,0,0,0,0,0,814595,3509,5821417,231
206064,11,5,5010314,Carl-Schurz-Stra�e                                                                                  ,5100316,2018,10,18,3,3,0,1,1,0,1,0,1,0,0,1,785352,892,5829281,82
206065,11,6,6020304,Kaiser-Wilhelm-Stra�e                                                                               ,6200314,2018,10,16,3,3,0,1,0,0,0,0,1,0,0,1,795177,7007,5817563,777
206066,11,7,7040403,Manteuffelstra�e                                                                                    ,7400823,2018,10,13,7,3,2,6,0,0,1,0,0,1,0,0,796884,322,5822315,72
206067,11,11,11020514,Gro�e-Leege-Stra�e,11200513,2018,10,9,3,3,5,3,0,0,1,0,0,0,0,0,804202,5855,5830669,229
206068,11,8,8010508,Wei�e Siedlung,8100520,2018,10,17,4,3,0,6,0,0,1,0,1,0,0,0,803146,54,5822751,53
206069,11,12,12214125,Waldidyll/Flughafensee,12200412,2018,10,12,7,3,5,2,0,1,1,0,0,0,0,0,791233,164,5834075,732
206070,11,4,4030726,Droysenstra�e,4500936,2018,10,13,2,3,6,2,0,0,1,1,0,0,0,0,792090,8044,5825279,784
206071,11,4,4051655,Babelsberger Stra�e,4501153,2018,10,11,7,2,2,1,0,0,1,0,0,0,1,0,793911,4607,5823061,486
206072,11,10,10010206,Ringkolonnaden,10100209,2018,10,17,4,3,2,7,0,0,1,0,1,0,0,0,810011,4823,5832303,62
206073,11,6,6010205,S�dende,6100205,2018,10,16,2,3,0,2,0,1,1,0,0,0,0,1,795778,1921,5819921,444
206074,11,10,10010308,Marzahner Chaussee,10100311,2018,10,17,4,3,2,6,0,0,1,0,0,0,0,0,807715,954,5829178,281
206075,11,12,12103219,Sch�fersee,12100204,2018,10,17,2,3,5,3,0,1,1,0,0,0,0,0,795077,7402,5832468,472
206076,11,1,1011303,Alexanderplatzviertel,1100310,2018,10,20,6,3,5,3,2,1,1,0,0,0,0,0,799124,1773,5827846,55
206077,11,11,11051331,Karlshorst Nord,11501340,2018,10,16,4,3,2,2,0,1,1,0,0,0,0,0,807993,795,5823864,98
206078,11,4,4051551,Brabanter Platz,4501148,2018,10,17,2,3,0,2,0,1,1,0,0,0,0,1,793328,4475,5823399,56
206079,11,1,1033202,Humboldthain S�d,1300835,2018,10,16,4,3,6,7,0,0,1,1,0,0,0,0,797777,8423,5830230,455
206080,11,10,10040828,Kaulsdorf Nord                                                                                      ,10400835,2018,10,19,6,3,5,2,2,1,1,0,0,0,0,0,811685,1286,5828600,597
206081,11,8,8041035,Blumenviertel,8401241,2018,10,15,4,3,2,6,0,0,1,0,0,0,1,0,804115,7263,5819328,773
206082,11,8,8010404,Rixdorf,8100415,2018,10,22,2,3,6,4,2,1,0,1,0,0,0,0,801624,5658,5823760,379
206083,11,4,4020314,Messegel�nde,4200311,2018,10,15,4,3,2,6,0,0,1,0,1,0,1,0,790038,5352,5825238,338
206084,11,7,7060603,Marienfelde Nordost,7601238,2018,10,18,6,3,5,3,2,0,1,0,1,0,0,0,798478,1394,5816784,898
206085,11,3,11030618,Fennpfuhl West,11300617,2018,10,20,2,3,5,3,2,1,1,0,0,0,0,0,802552,4603,5829317,305
206086,11,11,11041128,Sewanstra�e,11401136,2018,10,17,2,2,5,3,0,1,1,0,0,0,0,1,806029,7514,5826502,289
206087,11,3,3040614,Pankow Zentrum                                                                                      ,3400724,2018,10,18,6,3,5,3,0,1,1,0,0,0,0,0,800010,5715,5834507,955
206088,11,4,4020313,K�nigin-Elisabeth-Stra�e,4200311,2018,10,17,2,2,2,2,0,1,1,0,0,0,0,0,790653,2557,5826707,699
206089,11,2,2030302,Lausitzer Platz,2300315,2018,10,15,4,3,6,4,0,0,0,1,1,0,0,0,800769,5705,5826090,258
206090,11,1,1022105,Zwinglistra�e                                                                                       ,1200521,2018,10,18,6,3,6,4,1,0,1,1,0,0,0,0,793894,972,5828319,546
206091,11,7,7040401,Neu-Tempelhof,7400720,2018,10,15,2,3,5,2,0,1,1,0,0,0,0,0,797291,4518,5822594,461
206092,11,4,4010103,Paul-Hertz-Siedlung,4100102,2018,10,17,6,3,0,2,0,0,1,0,1,0,0,0,791208,5338,5829136,854
206093,11,1,1022201,Stephankiez,1200623,2018,10,15,4,3,3,6,0,0,1,0,0,0,1,0,795482,998,5829581,36
206094,11,4,4051446,Preu�enpark,4501043,2018,10,22,2,3,5,2,2,0,1,0,1,0,0,0,792547,3201,5824686,702
206095,11,2,2050802,Boxhagener Platz,2500833,2018,10,15,4,3,5,2,0,1,1,0,0,0,0,0,802988,8135,5826884,408
206096,11,1,3071537,Kollwitzplatz,3701556,2018,10,23,6,3,6,4,2,0,1,1,0,0,0,0,799514,2549,5828846,706
206097,11,12,12224230,Heiligensee,12400617,2018,10,22,4,3,5,3,2,0,1,0,0,0,0,0,785500,4,5837385,751
206098,11,6,6010102,Schlo�stra�e                                                                                        ,6100102,2018,10,15,2,3,6,4,0,0,1,1,0,0,0,0,793774,9718,5821131,68
206099,11,8,8030829,Gropiusstadt Nord,8300934,2018,10,21,4,2,5,3,2,0,1,0,1,0,0,0,802769,65,5818725,831
206100,11,12,12214125,Waldidyll/Flughafensee,12200414,2018,10,22,6,2,6,4,2,0,1,1,0,0,0,0,791928,8247,5831499,964
206101,11,6,6020302,Komponistenviertel Lankwitz,6200312,2018,10,21,6,3,5,3,2,1,1,0,0,0,0,0,794339,9411,5819040,492
206102,11,11,11051330,Karlshorst West,11501339,2018,10,20,4,3,3,6,2,0,1,0,0,1,0,0,807182,8961,5825638,286
206103,11,6,6030503,Zehlendorf Mitte                                                                                    ,6300527,2018,10,12,4,2,5,3,0,1,1,0,0,0,0,0,790937,5638,5818774,755
206104,11,9,9020501,Obersch�neweide West,9200510,2018,10,17,6,2,5,2,1,1,1,0,0,0,0,0,806090,2852,5823418,315
206105,11,1,1033102,Gesundbrunnen,1300733,2018,10,14,2,3,6,7,0,0,1,1,0,0,0,0,797290,2672,5831274,131
206106,11,1,1033102,Gesundbrunnen,1300733,2018,10,17,6,3,5,7,1,0,0,0,1,0,0,0,797560,3545,5831288,733
206107,11,4,4030931,Breitscheidplatz,4501042,2018,10,14,2,3,0,4,0,0,0,1,1,0,0,1,794209,669,5825963,115
206108,11,8,8041039,Frauenviertel,8401245,2018,10,14,4,3,6,4,0,0,1,1,0,0,0,0,806781,6215,5815603,291
206109,11,10,10040933,Mahlsdorf S�d                                                                                       ,10400941,2018,10,15,6,3,5,3,0,1,1,0,0,0,0,0,813201,9398,5825966,984
206110,11,12,12214125,Waldidyll/Flughafensee,12200414,2018,10,14,2,3,2,6,0,0,1,0,0,0,0,0,791914,7286,5831521,208
206111,11,1,1033201,Brunnenstra�e                                                                                       ,1300834,2018,10,15,6,3,2,6,0,0,1,0,0,0,0,0,798099,322,5831006,696
206112,11,10,10010207,Marzahner Promenade,10100210,2018,10,14,4,3,5,3,0,0,0,0,0,0,1,0,807911,2729,5831113,52
206113,11,4,4030931,Breitscheidplatz,4501042,2018,10,13,2,3,1,5,0,1,1,0,0,0,1,1,794382,1419,5826066,51
206114,11,5,5020625,Borkumer Stra�e                                                                                     ,5200629,2018,10,13,4,3,5,3,0,0,1,0,1,0,0,0,784290,771,5828709,289
206115,11,5,5040936,J�gerallee,5400943,2018,10,15,6,3,5,7,0,1,1,0,0,0,0,0,779808,2926,5821945,572
206116,11,1,1022204,Thomasiusstra�e                                                                                     ,1200626,2018,10,13,2,3,6,3,0,0,1,1,0,0,0,0,794794,1025,5828309,889
206117,11,5,5010339,Freiheit,5100317,2018,10,13,4,3,2,6,0,0,1,0,0,1,0,0,787002,4002,5828154,945
206118,11,8,8041039,Frauenviertel,8401245,2018,10,18,6,3,6,4,0,0,1,1,0,0,0,0,806412,3647,5815531,734
206119,11,10,10020416,B�hlener Stra�e                                                                                     ,10200423,2018,10,7,2,3,5,3,0,1,1,0,0,0,0,0,813246,9163,5831084,54
206120,11,2,2040701,Andreasviertel,2400521,2018,10,7,6,3,5,3,0,1,0,0,0,0,1,0,800720,71,5827902,625
206121,11,4,4031032,Halensee,4500937,2018,10,13,4,3,3,6,0,1,1,0,0,0,0,0,791322,531,5825032,718
206122,11,6,6010206,Stadtpark,6100206,2018,10,15,6,3,0,2,0,1,1,0,0,0,0,0,794885,3437,5819746,751
206123,11,1,1011204,Leipziger Stra�e                                                                                    ,1100207,2018,10,17,2,3,5,2,0,1,0,0,1,0,0,1,798547,9066,5826814,73
206124,11,10,10040933,Mahlsdorf S�d                                                                                       ,10400940,2018,10,12,4,3,5,3,0,0,1,0,1,0,0,0,813011,6171,5826282,833
206125,11,1,1011302,Oranienburger Stra�e                                                                                ,1100309,2018,10,16,6,3,6,4,0,1,0,1,0,0,0,0,798680,9635,5828621,213
206126,11,11,11030720,Herzbergstra�e,11300721,2018,10,17,2,2,0,3,0,0,1,0,0,0,1,0,805201,2039,5828823,179
206127,11,1,1011105,N�rdlicher Landwehrkanal                                                                            ,1100102,2018,10,16,6,2,5,3,0,0,1,1,0,0,1,0,796445,9271,5826321,734
206128,11,8,8010508,Wei�e Siedlung,8100520,2018,10,12,4,3,5,3,0,1,0,0,0,0,1,0,803194,34,5822726,506
206129,11,2,2050802,Boxhagener Platz,2500833,2018,10,15,6,3,6,4,0,0,1,1,0,0,0,0,802362,2303,5827088,643
206130,11,2,2030302,Lausitzer Platz,2300315,2018,10,15,2,3,2,6,0,0,1,0,0,0,0,1,800413,6646,5825812,541
206131,11,10,10040933,Mahlsdorf S�d                                                                                       ,10400940,2018,10,12,4,3,5,3,0,1,1,0,0,0,0,0,812386,313,5824308,53
206132,11,10,10020416,B�hlener Stra�e                                                                                     ,10200423,2018,10,16,6,3,2,6,0,0,1,0,0,0,0,0,813213,1504,5831574,35
206133,11,9,9020701,Adlershof West,9200715,2018,10,11,4,3,5,3,0,1,1,0,0,0,0,0,808959,3509,5818270,3
206134,11,11,11030720,Herzbergstra�e,11300721,2018,10,16,2,3,3,6,0,0,1,0,0,0,1,0,805195,6801,5829052,442
206135,11,4,4051551,Brabanter Platz,4501148,2018,10,10,4,3,5,3,0,0,1,0,0,0,0,0,792861,311,5823522,744