OBJECTID,LAND,BEZ,LOR,STRASSE,LOR_ab_2021,UJAHR,UMONAT,USTUNDE,UWOCHENTAG,UKATEGORIE,UART,UTYP1,ULICHTVERH,IstRad,IstPKW,IstFuss,IstKrad,IstGkfz,IstSonstig,STRZUSTAND,LINREFX,LINREFY,XGCSWGS84,YGCSWGS84
206331,11,1,1011102,Gro�er Tiergarten,1100102,2018,10,13,4,3,5,3,0,1,0,0,0,0,0,0,795181,5575,5826887,966
206332,11,1,1022103,Westhafen,1200517,2018,10,11,1,3,2,6,0,0,1,0,0,0,0,0,793516,1931,5829315,268
206333,11,8,8010510,Gewerbegebiet K�llnische Heide,8100521,2018,10,7,4,3,5,3,0,0,1,0,0,0,0,0,801915,2383,5822308,433
206334,11,1,1011402,Arkonaplatz,1100416,2018,10,5,1,2,1,1,2,1,1,0,0,0,0,0,798563,2395,5829229,619
206335,11,9,9010101,Elsenstra�e                                                                                         ,9100101,2018,10,14,7,3,1,5,0,1,1,0,0,0,0,0,802408,4566,5824690,808
206336,11,10,10010308,Marzahner Chaussee,10100311,2018,10,6,4,3,5,3,1,1,1,0,0,0,0,0,806582,2474,5828261,232
206337,11,7,7040401,Neu-Tempelhof,7400721,2018,10,20,7,3,3,6,2,0,1,0,0,0,0,0,797952,9903,5823987,894
206338,11,5,5020524,Weinmeisterhornweg,5200528,2018,10,14,1,3,3,6,0,0,1,0,1,0,0,0,782877,9366,5826893,788
206339,11,10,10040830,Kaulsdorf S�d                                                                                       ,10400837,2018,10,18,7,3,5,3,2,0,1,0,0,0,1,0,810467,8521,5825568,811
206340,11,1,1011301,Charit�viertel,1100308,2018,10,12,4,3,5,2,0,1,1,0,0,0,0,0,797074,5561,5829292,35
206341,11,4,4030931,Breitscheidplatz,4501042,2018,10,18,7,3,2,7,1,0,1,0,1,0,0,0,793926,2798,5825861,967
206342,11,3,3040818,Pankow S�d                                                                                          ,3400831,2018,10,0,1,3,5,2,2,0,1,0,0,0,0,0,800077,759,5833884,156
206343,11,11,11030721,R�digerstra�e,11300722,2018,10,11,4,3,1,5,0,1,1,0,0,0,0,0,803972,1972,5828204,406
206344,11,1,1033203,Humboldthain Nordwest                                                                               ,1300836,2018,10,6,4,3,5,2,1,1,1,0,0,0,0,0,796858,47,5830648,378
206345,11,1,1011303,Alexanderplatzviertel,1100310,2018,10,21,1,2,6,4,2,0,1,1,0,0,0,0,799498,19,5828344,449
206346,11,6,6030610,Lichterfelde West                                                                                   ,6300634,2018,10,11,4,3,5,2,0,0,1,0,0,0,0,0,791901,9561,5818944,79
206347,11,1,1022206,L�neburger Stra�e                                                                                   ,1200628,2018,10,18,7,3,6,7,1,0,1,1,0,0,0,0,796229,415,5828483,523
206348,11,5,5010313,Ackerstra�e                                                                                         ,5100315,2018,10,21,1,2,6,4,2,0,1,1,0,0,0,0,784597,602,5830222,682
206349,11,5,5010101,Hakenfelde Nord,5100103,2018,10,11,4,3,6,4,0,0,1,1,0,0,0,0,785295,8341,5832411,72
206350,11,1,1044201,Reinickendorfer Stra�e                                                                              ,1401043,2018,10,19,1,3,5,3,2,0,1,0,1,0,0,0,795673,3462,5830932,205
206351,11,6,6020409,K�nigsberger Stra�e                                                                                 ,6200421,2018,10,18,7,3,2,6,2,0,1,0,1,0,0,0,793267,2738,5817066,99
206352,11,5,5020524,Weinmeisterhornweg,5200528,2018,10,10,4,3,5,2,0,0,1,0,1,0,0,0,783896,1205,5826616,408
206353,11,7,7010102,Nollendorfplatz,7100102,2018,10,17,7,2,5,2,0,1,0,0,0,0,1,0,794957,1044,5825673,102
206354,11,10,10020620,Kaulsdorf Nord II                                                                                   ,10200627,2018,10,18,1,3,9,1,1,0,0,0,1,0,0,0,811318,2567,5829885,272
206355,11,3,3020307,Buchholz,3200308,2018,10,17,7,3,5,2,0,0,1,0,1,0,0,0,799052,3047,5837551,637
206356,11,3,3030715,Heinersdorf,3300516,2018,10,17,1,3,5,3,0,1,1,0,0,0,0,0,800548,9518,5833675,26
206357,11,1,1011204,Leipziger Stra�e                                                                                    ,1100207,2018,10,16,7,3,5,2,0,0,1,0,0,0,1,0,798582,8793,5826875,931
206358,11,4,4020310,Park Ruhwald,4200308,2018,10,10,4,2,5,2,0,0,1,0,0,0,1,0,789941,8033,5827381,481
206359,11,4,4020310,Park Ruhwald,4200308,2018,10,2,7,3,2,6,2,0,1,0,0,0,0,0,788258,7629,5827801,364
206360,11,7,7040402,Lindenhofsiedlung,7400822,2018,10,14,1,3,2,2,0,0,1,0,1,0,0,0,796829,7717,5820814,34
206361,11,1,1044202,Sparrplatz,1401046,2018,10,16,7,2,5,2,0,1,1,0,0,0,0,0,794908,1695,5830225,385
206362,11,6,6010101,Fichtenberg,6100101,2018,10,16,7,3,5,2,0,1,1,0,0,0,0,0,793526,7991,5820643,128
206363,11,2,2020204,Urbanstra�e,2200210,2018,10,14,1,3,2,7,0,0,1,0,1,0,0,0,798277,1814,5825307,314
206364,11,1,1033101,Soldiner Stra�e                                                                                     ,1300732,2018,10,20,4,3,0,2,2,1,1,0,0,0,0,0,797528,5037,5832707,298
206365,11,2,2030301,Oranienplatz,2300417,2018,10,13,1,3,1,5,0,1,1,0,0,0,0,0,800069,813,5825614,609
206366,11,4,4030931,Breitscheidplatz,4501042,2018,10,9,4,3,1,5,0,1,0,0,0,1,0,0,794530,1363,5825966,533
206367,11,9,9020501,Obersch�neweide West,9200510,2018,10,15,7,3,5,7,0,0,1,0,1,0,0,0,806439,8654,5822972,478
206368,11,2,2030302,Lausitzer Platz,2300316,2018,10,2,1,3,0,1,2,0,0,0,1,0,0,0,801617,3639,5826025,979
206369,11,4,4010101,Jungfernheide,4100101,2018,10,9,4,3,2,6,0,0,1,0,0,0,0,0,791279,3287,5830714,287
206370,11,1,1044201,Reinickendorfer Stra�e                                                                              ,1401043,2018,10,21,7,3,3,6,2,0,1,0,1,0,0,0,795807,1695,5831078,987
206371,11,4,4051655,Babelsberger Stra�e,4501153,2018,10,15,7,3,2,6,0,0,1,0,0,0,0,0,794143,7529,5824098,42
206372,11,1,1011202,Unter den Linden Nord,1100206,2018,10,15,4,3,3,2,0,0,1,0,1,0,0,0,797165,3078,5827698,771
206373,11,4,4030417,Schlo�stra�e,4300414,2018,10,15,7,3,2,6,0,1,0,0,0,0,0,0,791547,164,5826720,404
206374,11,9,9010402,Johannisthal Ost,9100409,2018,10,20,7,3,5,3,2,0,1,0,0,0,0,0,805892,7866,5818971,103
206375,11,11,11030720,Herzbergstra�e,11300721,2018,10,20,4,3,3,6,2,0,1,0,0,0,0,0,804557,2544,5829901,326
206376,11,1,1011101,St�lerstra�e                                                                                        ,1100101,2018,10,15,7,3,5,3,0,0,1,0,0,0,0,0,795071,6844,5826376,381
206377,11,12,12302107,Schorfheidestra�e                                                                                   ,12601236,2018,10,13,7,3,5,2,0,1,1,0,0,0,0,0,793844,4083,5836157,94
206378,11,2,2030402,Wrangelkiez,2300419,2018,10,9,4,3,0,7,0,0,1,0,1,0,0,0,801647,2684,5825332,902
206379,11,7,7050501,Rathausstra�e                                                                                       ,7501029,2018,10,19,7,3,5,7,2,0,1,0,0,0,0,0,797632,1402,5819184,345
206380,11,9,9020702,Adlershof Ost,9200716,2018,10,9,4,3,6,7,0,0,1,1,0,0,0,0,809020,5518,5819487,488
206381,11,5,5020521,D�beritzer Weg,5200524,2018,10,15,7,3,5,3,0,0,1,0,0,0,0,0,780054,518,5827695,2
206382,11,6,6010102,Schlo�stra�e                                                                                        ,6100102,2018,10,18,7,3,5,3,2,0,1,0,1,0,0,0,793283,27,5821103,5
206383,11,2,2050801,Traveplatz,2500830,2018,10,19,4,3,1,5,2,1,1,0,0,0,0,0,802674,6667,5827365,88
206384,11,2,2030301,Oranienplatz,2300314,2018,10,17,7,3,1,5,1,1,1,0,0,0,1,0,799870,1869,5825871,862
206385,11,2,2050801,Traveplatz,2500832,2018,10,15,7,3,6,7,0,0,1,1,0,0,0,0,803478,2024,5827490,579
206386,11,8,8041036,Zittauer Stra�e,8401242,2018,10,16,7,3,9,1,0,0,1,0,0,0,0,0,805045,1663,5817567,582
206387,11,12,12214527,Alt-Tegel,12200515,2018,10,18,3,3,5,3,1,0,1,0,0,0,0,0,789958,2523,5834870,756
206388,11,10,10040828,Kaulsdorf Nord                                                                                      ,10400835,2018,10,16,7,2,6,7,0,1,0,1,0,0,0,0,813239,5957,5829400,326
206389,11,6,6010103,Markelstra�e                                                                                        ,6100103,2018,10,15,7,3,6,7,0,0,1,1,0,0,0,0,793719,293,5821204,428
206390,11,2,2050803,Stralauer Kiez,2500835,2018,10,14,7,3,1,5,0,1,1,0,0,0,0,0,803051,8657,5825853,4
206391,11,1,1044201,Reinickendorfer Stra�e                                                                              ,1401045,2018,10,17,3,3,0,1,2,0,0,0,1,0,0,1,796834,2216,5831942,209
206392,11,1,1022106,Elberfelder Stra�e                                                                                  ,1200522,2018,10,13,7,3,6,2,0,0,1,1,0,0,0,0,794317,5943,5828375,27
206393,11,6,6040702,D�ppel,6400736,2018,10,13,7,3,1,1,0,1,1,0,0,0,0,0,787468,5553,5816675,236
206394,11,4,4051653,Prager Platz,4501152,2018,10,8,3,3,6,4,0,1,0,1,0,0,0,0,794149,2122,5824199,312
206395,11,9,9052001,K�penick Nord                                                                                       ,9502043,2018,10,12,7,3,5,2,0,0,1,0,0,0,0,0,811210,2499,5822511,194
206396,11,2,2050601,Hausburgviertel,2500726,2018,10,16,3,3,5,2,0,1,1,0,0,0,0,0,801865,7288,5828983,34
206397,11,7,7040403,Manteuffelstra�e                                                                                    ,7400823,2018,10,11,7,3,2,6,0,0,1,0,0,0,0,0,796930,9578,5822275,828
206398,11,7,7040402,Lindenhofsiedlung,7400822,2018,10,13,7,3,2,6,0,0,1,0,0,0,1,0,796829,608,5820841,413
206399,11,4,4020311,Reichsstra�e,4200310,2018,10,8,3,3,5,7,0,1,1,0,0,0,0,0,789652,5333,5826551,54
206400,11,6,6020410,Oberhofer Platz,6200422,2018,10,12,7,3,4,6,0,1,0,0,0,0,0,0,794317,2688,5817584,764
206401,11,3,3030406,Alt-Karow,3300412,2018,10,12,7,3,2,2,0,0,1,0,1,0,0,0,802085,493,5838888,275
206402,11,5,5010339,Freiheit,5100317,2018,10,12,7,3,2,6,0,0,1,0,0,0,1,0,787035,2767,5828163,814
206403,11,1,1011303,Alexanderplatzviertel,1100310,2018,10,12,7,3,5,3,0,1,0,0,0,0,0,0,799158,564,5827808,203
206404,11,9,9041601,M�ggelheim,9401635,2018,10,2,7,2,9,1,2,0,1,0,0,0,0,0,817544,2428,5816639,811
206405,11,2,2020204,Urbanstra�e,2200210,2018,10,19,3,3,3,5,2,0,1,0,0,0,0,0,797854,9902,5824895,635
206406,11,10,10010308,Marzahner Chaussee,10100311,2018,10,11,7,3,2,6,0,0,1,0,0,0,0,0,806622,3478,5830249,803
206407,11,9,9020501,Obersch�neweide West,9200510,2018,10,19,7,2,0,1,2,0,0,0,1,0,0,0,805730,7997,5822945,169
206408,11,7,7050505,Hundsteinweg,7501134,2018,10,11,7,3,5,3,0,0,1,0,1,0,0,0,799447,2652,5817758,64
206409,11,2,2020203,Viktoriapark,2200208,2018,10,17,3,3,5,2,0,1,1,0,0,0,0,0,797833,5346,5824902,22
206410,11,2,2040502,Friedenstra�e,2400521,2018,10,11,7,3,1,5,0,0,1,0,0,0,0,0,800434,9591,5828024,343
206411,11,7,7040404,Marienh�he,7400826,2018,10,16,6,3,2,6,0,0,1,0,0,0,0,0,797352,4277,5820544,228
206412,11,9,9010402,Johannisthal Ost,9100409,2018,10,23,3,3,0,1,2,0,0,0,1,0,0,0,806078,146,5819145,416
206413,11,2,2050802,Boxhagener Platz,2500833,2018,10,22,3,3,6,4,2,1,0,1,0,0,0,0,802482,9588,5827047,66
206414,11,1,1011302,Oranienburger Stra�e                                                                                ,1100309,2018,10,16,6,3,5,3,0,1,0,0,0,0,0,0,798233,2766,5828933,95
206415,11,2,2030302,Lausitzer Platz,2300315,2018,10,19,3,3,1,5,2,1,1,0,0,0,0,0,800302,6526,5825828,358
206416,11,8,8010406,Treptower Stra�e Nord,8100419,2018,10,11,7,2,5,3,0,1,1,0,0,0,0,0,802023,7618,5824295,603
206417,11,8,8010303,Donaustra�e,8100314,2018,10,15,6,3,2,2,0,0,1,0,0,0,0,0,800337,114,5824339,369
206418,11,7,7030301,Friedenau,7300517,2018,10,18,3,3,2,6,1,0,1,0,1,0,0,0,794310,3654,5822159,747
206419,11,7,7050501,Rathausstra�e                                                                                       ,7501029,2018,10,15,6,3,2,6,0,0,1,0,0,0,0,0,797475,2013,5819283,945
206420,11,1,1011105,N�rdlicher Landwehrkanal                                                                            ,1100102,2018,10,10,7,3,5,3,0,0,1,0,0,0,0,0,796676,764,5826211,163
206421,11,9,9020501,Obersch�neweide West,9200510,2018,10,18,3,3,5,3,1,1,1,0,0,0,0,0,806282,4789,5822205,37
206422,11,9,9051801,Rahnsdorf/Hessenwinkel,9501838,2018,10,10,7,3,5,7,0,0,1,0,1,0,0,0,820125,8955,5819640,57
206423,11,4,4020205,Siedlung Ruhleben,4200203,2018,10,15,6,3,5,3,0,1,1,0,0,0,0,0,788007,6702,5827624,818
206424,11,10,10020414,Helle Mitte,10200421,2018,10,10,7,3,5,2,0,0,1,0,0,0,1,0,812205,8843,5830921,353
206425,11,1,1011303,Alexanderplatzviertel,1100310,2018,10,17,3,3,3,6,1,0,1,0,0,0,0,0,799565,528,5828225,84
206426,11,3,3040614,Pankow Zentrum                                                                                      ,3400725,2018,10,10,7,2,5,3,0,1,1,0,0,0,0,0,799236,8126,5835176,805
206427,11,9,9051702,B�lschestra�e,9501737,2018,10,15,6,3,3,6,0,1,0,0,0,0,0,0,814298,9943,5821210,497
206428,11,3,3030405,Karow Nord                                                                                          ,3300411,2018,10,17,3,3,5,3,1,1,1,0,0,0,0,0,803734,2172,5839242,94
206429,11,4,4030930,George-Grosz-Platz,4501041,2018,10,17,3,3,5,3,0,0,1,0,0,0,0,0,792843,797,5825519,914
206430,11,8,8041036,Zittauer Stra�e,8401242,2018,10,15,6,3,5,3,0,0,1,0,0,0,0,0,804809,305,5816762,8
206431,11,3,3030716,M�rchenland,3300517,2018,10,16,3,3,5,2,0,1,1,0,0,0,0,0,803373,5276,5833513,554
206432,11,1,1044203,Leopoldplatz,1401048,2018,10,10,7,3,5,3,0,0,1,0,0,0,0,0,795666,2631,5831544,115
206433,11,1,1022204,Thomasiusstra�e                                                                                     ,1200626,2018,10,16,3,3,4,6,0,1,0,0,0,0,0,0,794538,77,5828226,526
206434,11,3,3040512,Wilhelmsruh,3400619,2018,10,9,7,3,5,2,0,1,1,0,0,0,0,0,796316,892,5835016,892
206435,11,8,8010301,Reuterkiez,8100311,2018,10,22,6,3,0,3,2,0,1,0,0,0,1,0,800663,1857,5824399,197
206436,11,3,3040508,Rosenthal,3400618,2018,10,16,3,3,2,6,0,0,1,0,0,0,0,0,796227,2702,5836334,748
206437,11,9,9010402,Johannisthal Ost,9100408,2018,10,15,3,3,5,2,0,1,1,0,0,0,0,0,806536,8694,5820106,377
206438,11,5,5020522,Pillnitzer Weg,5200526,2018,10,15,3,3,5,2,0,1,1,0,0,0,0,0,781907,1438,5827188,424
206439,11,8,8020622,Parchimer Allee,8200726,2018,10,9,7,3,5,2,0,1,1,0,0,0,0,0,801265,8958,5819701,45
206440,11,6,6030501,Berlepschstra�e                                                                                     ,6300524,2018,10,15,3,3,2,7,0,0,1,0,0,0,1,1,787596,6657,5817006,31
206441,11,8,8010509,Schulenburgpark,8100521,2018,10,20,6,3,6,2,2,0,1,1,0,0,0,0,803392,2325,5822546,307
206442,11,11,11040926,Weitlingstra�e,11400929,2018,10,7,7,2,8,1,2,0,1,0,0,0,0,0,804580,659,5826365,86
206443,11,7,7040401,Neu-Tempelhof,7400720,2018,10,8,3,3,5,3,0,1,1,0,0,0,0,0,796646,4868,5823486,308
206444,11,2,2050803,Stralauer Kiez,2500835,2018,10,2,7,3,5,2,2,0,1,0,0,0,0,0,803011,9861,5825738,928
206445,11,1,1011401,Invalidenstra�e                                                                                     ,1100415,2018,10,20,6,3,0,6,2,1,1,0,0,0,0,0,797954,4549,5828951,475
206446,11,1,1033101,Soldiner Stra�e                                                                                     ,1300731,2018,10,14,7,2,6,4,0,0,1,1,0,0,0,0,796887,2807,5832435,389
206447,11,1,1033203,Humboldthain Nordwest                                                                               ,1300836,2018,10,8,3,3,2,6,0,1,1,0,0,0,0,0,796365,121,5830774,65
206448,11,7,7010104,Dennewitzplatz,7100205,2018,10,14,6,3,6,2,0,0,1,1,0,0,0,0,796037,2548,5825376,37
206449,11,11,11010205,Falkenberg West,11100204,2018,10,18,6,3,5,3,1,1,1,0,0,0,0,0,806518,378,5833546,261
206450,11,2,2050801,Traveplatz,2500832,2018,10,8,3,3,5,2,0,1,1,0,0,0,0,0,803199,1451,5826826,389
206451,11,2,2020202,Rathaus Yorckstra�e,2200208,2018,10,15,6,3,5,3,0,1,1,0,0,0,0,0,797278,9303,5825035,985
206452,11,6,6030610,Lichterfelde West                                                                                   ,6300634,2018,10,14,6,2,6,4,0,0,1,1,0,0,0,0,792424,7711,5818414,77
206453,11,4,4030930,George-Grosz-Platz,4501041,2018,10,17,6,3,1,5,1,1,0,0,0,0,1,0,792811,7525,5825892,352
206454,11,1,1011204,Leipziger Stra�e                                                                                    ,1100207,2018,10,8,3,3,3,6,0,1,0,0,0,0,0,0,798364,4366,5827461,45
206455,11,9,9051901,Dammvorstadt,9501939,2018,10,15,6,3,6,7,0,0,0,1,0,0,1,0,810890,2152,5821467,753
206456,11,5,5030833,Motardstra�e                                                                                        ,5300840,2018,10,14,6,2,3,6,0,1,1,0,0,0,0,0,787917,835,5829315,161
206457,11,4,4030621,Spreestadt,4300620,2018,10,14,6,3,5,2,0,0,1,0,1,0,0,0,793110,3791,5827725,691
206458,11,1,1044101,Rehberge,1400937,2018,10,7,3,3,4,6,0,1,0,0,0,0,0,0,793461,7057,5830047,427
206459,11,4,4030416,Klausenerplatz,4300413,2018,10,14,6,3,6,4,0,0,1,1,0,0,0,0,790833,725,5827239,315
206460,11,4,4020312,Branitzer Platz,4200309,2018,10,13,6,3,2,6,0,0,1,0,0,0,0,0,789087,7635,5827032,279
206461,11,3,3061429,Greifswalder Stra�e,3601449,2018,10,7,3,2,5,2,0,1,1,0,0,0,0,0,801052,7822,5830464,211
206462,11,4,4010102,Pl�tzensee,4100101,2018,10,13,6,3,5,3,0,0,1,0,0,0,0,0,793340,51,5829725,83
206463,11,1,1011304,Karl-Marx-Allee,1100311,2018,10,18,6,3,5,2,1,1,1,0,0,0,0,0,799985,7863,5827426,315
206464,11,9,9041501,Altstadt Kietz,9401534,2018,10,13,6,3,5,3,0,1,1,0,0,0,0,0,811636,4822,5820017,531
206465,11,4,4041134,Bismarckallee,4400726,2018,10,16,3,3,2,6,0,0,1,0,0,0,0,0,790753,5251,5824915,114
206466,11,4,4041343,Binger Stra�e,4400834,2018,10,13,6,3,0,1,0,1,0,0,0,0,0,0,792728,1953,5823131,436
206467,11,7,7030303,Grazer Platz,7300619,2018,10,14,6,3,0,4,0,0,0,1,0,0,1,0,795048,2749,5821912,659
206468,11,3,3020209,Niedersch�nhausen,3200206,2018,10,6,3,3,2,6,1,0,1,0,0,0,0,0,798463,8056,5834859,404
206469,11,2,2040503,Richard-Sorge-Viertel,2400522,2018,10,18,6,3,1,5,1,1,1,0,0,0,0,0,801768,2873,5827910,924
206470,11,4,4051445,Eisenzahnstra�e,4500939,2018,10,12,6,3,5,3,0,0,1,0,1,0,0,0,792522,9697,5824493,841
206471,11,4,4020311,Reichsstra�e,4200310,2018,10,13,6,3,2,6,0,0,1,0,1,0,0,0,789282,2574,5826848,33
206472,11,5,5010208,Germersheimer Platz,5100210,2018,10,16,3,3,2,6,0,0,1,0,1,0,0,0,783806,9793,5830585,71
206473,11,11,11051229,Rummelsburg,11501238,2018,10,12,6,3,6,7,0,0,1,1,0,0,0,0,804608,7887,5825255,357
206474,11,7,7060604,Marienfelde S�d,7601340,2018,10,13,6,2,0,6,0,0,1,0,1,0,0,0,796620,1228,5815850,604
206475,11,2,2010102,Mehringplatz,2100102,2018,10,12,6,3,2,6,0,0,0,0,1,0,1,0,798329,5364,5825527,742
206476,11,2,2020205,Chamissokiez,2200211,2018,10,16,3,3,5,2,0,1,1,0,0,0,0,0,798400,885,5824560,831
206477,11,1,1044101,Rehberge,1400937,2018,10,11,6,3,2,6,0,0,1,0,0,0,0,0,794504,6754,5831576,949
206478,11,4,4030725,Amtsgerichtsplatz,4300416,2018,10,17,6,3,2,6,1,0,1,0,0,0,0,0,792009,4954,5825952,774
206479,11,5,5010312,Kurstra�e                                                                                           ,5100314,2018,10,6,3,3,5,3,2,1,0,0,0,0,1,0,785134,9646,5829611,972
206480,11,1,1022201,Stephankiez,1200623,2018,10,12,6,3,5,3,0,1,1,0,0,0,0,0,795425,9875,5829544,405
206481,11,1,1022101,Huttenkiez,1200517,2018,10,6,3,3,2,6,2,0,1,0,1,0,0,0,793057,8274,5828948,732
206482,11,11,11010310,M�hlengrund,11100309,2018,10,11,6,3,2,6,0,0,1,0,0,0,0,0,805563,1,5833398,576
206483,11,3,3020307,Buchholz,3200310,2018,10,17,6,3,2,6,0,0,1,0,0,0,0,0,799960,6229,5838382,137
206484,11,6,6020304,Kaiser-Wilhelm-Stra�e                                                                               ,6200314,2018,10,15,3,3,3,5,0,1,1,0,0,0,0,0,794790,5707,5817216,539
206485,11,1,1011303,Alexanderplatzviertel,1100310,2018,10,11,6,3,1,5,0,1,1,0,0,0,0,0,798825,7419,5827715,636
206486,11,3,3061332,Helmholtzplatz,3601346,2018,10,12,6,3,0,4,0,0,0,1,1,0,0,0,799277,2024,5830734,342
206487,11,4,4030623,Ernst-Reuter-Platz,4300622,2018,10,15,3,3,5,2,0,1,0,0,0,0,1,0,793788,6425,5826945,596
206488,11,1,1011303,Alexanderplatzviertel,1100310,2018,10,17,6,3,2,6,1,1,1,0,0,0,0,0,799525,4024,5828770,44
206489,11,11,11020412,Hauptstra�e,11200411,2018,10,10,6,2,6,4,0,0,1,1,0,0,0,0,805120,878,5831405,695
206490,11,1,1011402,Arkonaplatz,1100416,2018,10,23,6,2,0,1,2,1,0,0,0,0,0,0,798547,2302,5829193,636
206491,11,2,2050802,Boxhagener Platz,2500834,2018,10,15,3,3,5,3,0,1,1,0,0,0,0,0,801989,5206,5826924,827
206492,11,4,4030827,Karl-August-Platz,4300623,2018,10,10,6,3,2,7,0,1,1,0,0,0,0,0,792052,7284,5826110,545
206493,11,1,1011305,Heine-Viertel West,1100312,2018,10,7,6,3,2,6,0,0,1,0,1,0,0,0,799106,269,5827117,184
206494,11,11,11041128,Sewanstra�e,11401137,2018,10,10,6,3,5,3,0,1,1,0,0,0,0,0,806543,9522,5825400,29
206495,11,3,3040513,Sch�nholz,3400620,2018,10,15,3,3,1,5,0,1,1,0,0,0,0,0,796814,8083,5834531,432
206496,11,4,4030931,Breitscheidplatz,4501042,2018,10,9,6,3,6,2,0,0,1,1,0,0,0,0,793835,778,5825868,567
206497,11,2,2020204,Urbanstra�e,2200210,2018,10,8,6,3,5,3,0,0,1,0,1,0,0,1,798849,3928,5825253,315
206498,11,3,3040614,Pankow Zentrum                                                                                      ,3400725,2018,10,15,3,3,5,3,0,1,1,0,0,0,0,0,799023,1201,5835063,674
206499,11,6,6030501,Berlepschstra�e                                                                                     ,6300524,2018,10,15,3,3,5,3,0,0,1,0,1,0,0,1,787531,1498,5817374,813
206500,11,2,2020202,Rathaus Yorckstra�e,2200208,2018,10,8,6,3,5,2,0,1,1,0,0,0,0,0,797913,354,5825279,649
206501,11,6,6010209,Feuerbachstra�e                                                                                     ,6100209,2018,10,14,3,3,5,3,0,1,0,0,0,0,0,0,794635,9108,5821304,41
206502,11,7,7070703,John-Locke-Stra�e                                                                                   ,7601544,2018,10,9,6,2,6,4,0,0,1,1,0,0,0,0,799487,823,5813168,241
206503,11,2,2030302,Lausitzer Platz,2300316,2018,10,9,6,3,6,4,0,0,0,1,0,0,1,0,800735,8267,5826521,678
206504,11,8,8020621,Mohriner Allee Nord,8200725,2018,10,15,3,3,2,2,0,0,1,0,0,0,0,0,800004,7766,5819105,823
206505,11,4,4030726,Droysenstra�e,4500936,2018,10,10,6,2,2,6,0,0,1,0,0,0,0,0,792211,7217,5825349,586
206506,11,2,2040703,Wriezener Bahnhof/Entwicklungsgebiet,2400625,2018,10,8,6,3,5,2,0,1,0,0,0,0,1,0,801515,1649,5826373,923
206507,11,12,12103219,Sch�fersee,12100204,2018,10,13,3,3,5,3,0,0,1,0,1,0,0,0,795715,3675,5832848,194
206508,11,1,1011201,Wilhelmstra�e                                                                                       ,1100205,2018,10,17,6,3,3,6,1,1,0,0,0,0,0,0,796978,171,5827308,57
206509,11,8,8041037,Alt-Rudow,8401243,2018,10,13,3,2,5,3,0,0,1,0,0,1,0,0,806913,6193,5817772,683
206510,11,3,3020210,Herthaplatz,3200207,2018,10,10,6,3,6,4,0,0,1,1,0,0,0,0,798574,1531,5835229,51
206511,11,3,3040614,Pankow Zentrum                                                                                      ,3400723,2018,10,8,6,3,5,7,0,0,1,0,1,0,0,0,799375,5971,5833898,442
206512,11,5,5030730,Zitadellenweg,5300736,2018,10,12,3,3,2,6,0,0,1,0,0,1,0,0,786755,849,5829291,519
206513,11,12,12302107,Schorfheidestra�e                                                                                   ,12601236,2018,10,7,6,3,5,2,0,0,1,0,0,0,0,0,793852,137,5836158,832
206514,11,6,6020306,Lankwitz S�d                                                                                        ,6200317,2018,10,10,6,3,5,3,0,0,1,0,0,0,0,0,796789,7772,5817859,584
206515,11,3,3061131,Falkplatz,3601142,2018,10,22,6,3,5,3,2,1,1,0,0,0,0,0,799177,8784,5830743,487
206516,11,6,6020304,Kaiser-Wilhelm-Stra�e                                                                               ,6200314,2018,10,11,3,3,2,6,0,0,1,0,0,0,1,0,795087,3059,5818165,561
206517,11,3,3050919,Gustav-Adolf-Stra�e,3500932,2018,10,22,6,3,5,3,2,0,1,0,1,0,0,0,801978,6992,5832657,886
206518,11,1,1011402,Arkonaplatz,1100416,2018,10,11,6,2,5,3,0,1,1,0,0,0,0,0,798672,4801,5829459,768
206519,11,8,8041036,Zittauer Stra�e,8401242,2018,10,10,3,3,5,3,0,0,0,0,1,0,1,0,804809,6952,5816248,44
206520,11,4,4051549,Rathaus Wilmersdorf,4501146,2018,10,10,3,3,5,2,0,1,1,0,0,0,0,0,793300,6962,5823601,707
206521,11,1,1044201,Reinickendorfer Stra�e                                                                              ,1401045,2018,10,11,6,3,2,6,0,0,1,0,0,0,0,0,796657,3704,5831704,447