OBJECTID,LAND,BEZ,LOR,STRASSE,LOR_ab_2021,UJAHR,UMONAT,USTUNDE,UWOCHENTAG,UKATEGORIE,UART,UTYP1,ULICHTVERH,IstRad,IstPKW,IstFuss,IstKrad,IstGkfz,IstSonstig,STRZUSTAND,LINREFX,LINREFY,XGCSWGS84,YGCSWGS84
206522,11,8,8010214,Glasower Stra�e,8100209,2018,10,9,3,3,5,3,0,1,1,0,0,0,0,0,801377,866,5821950,686
206523,11,3,3040818,Pankow S�d                                                                                          ,3400828,2018,10,21,6,3,5,3,2,1,1,0,0,0,0,0,800056,937,5832600,54
206524,11,8,8010301,Reuterkiez,8100312,2018,10,11,6,3,0,4,0,0,0,1,0,0,1,0,801460,309,5823877,57
206525,11,2,2010103,Moritzplatz,2100104,2018,10,9,3,3,5,2,0,1,1,0,0,0,0,0,799218,123,5825991,973
206526,11,2,2020205,Chamissokiez,2200211,2018,10,11,6,3,5,2,0,1,0,0,0,0,1,0,798153,658,5824670,305
206527,11,12,12103116,Hausotterplatz,12100102,2018,10,20,6,2,2,6,2,1,1,0,0,0,0,0,796509,7691,5833559,626
206528,11,6,6030610,Lichterfelde West                                                                                   ,6300634,2018,10,9,3,3,5,3,0,1,1,0,0,0,0,0,792108,6411,5818553,323
206529,11,8,8010301,Reuterkiez,8100312,2018,10,20,6,3,1,5,2,1,1,0,0,0,0,0,801504,3162,5823956,42
206530,11,1,1011202,Unter den Linden Nord,1100206,2018,10,7,6,3,2,2,0,0,1,0,0,0,0,0,797190,572,5827518,22
206531,11,11,11030619,Fennpfuhl Ost,11300620,2018,10,7,6,3,5,3,0,0,1,0,0,0,0,0,804243,5855,5828780,426
206532,11,9,9051702,B�lschestra�e,9501737,2018,10,8,3,3,0,7,0,0,1,0,0,0,0,0,814341,25,5823283,533
206533,11,12,12103218,Teichstra�e,12100205,2018,10,7,6,2,0,2,0,1,1,0,0,0,0,0,794465,356,5832953,978
206534,11,1,1022103,Westhafen,1200517,2018,10,7,6,3,5,2,0,1,1,0,0,0,0,0,793370,6254,5829575,967
206535,11,10,10010308,Marzahner Chaussee,10100311,2018,10,6,6,2,6,4,1,0,0,1,0,0,1,0,807142,3048,5828098,956
206536,11,1,1011306,Heine-Viertel Ost,1100313,2018,10,7,6,3,5,2,0,1,1,0,0,0,0,0,799809,9172,5826990,812
206537,11,1,1011304,Karl-Marx-Allee,1100311,2018,10,15,6,3,5,2,0,1,1,0,0,0,0,0,799987,8942,5827425,315
206538,11,11,11051229,Rummelsburg,11501238,2018,10,6,6,3,6,4,2,0,0,1,0,1,0,0,803796,649,5826187,428
206539,11,4,4030931,Breitscheidplatz,4501042,2018,10,9,3,3,6,7,0,0,1,1,0,0,0,0,793815,3796,5825860,216
206540,11,12,12214527,Alt-Tegel,12200515,2018,10,6,6,2,0,3,2,0,1,0,1,0,0,0,789960,9476,5835548,809
206541,11,3,3030715,Heinersdorf,3300516,2018,10,8,3,3,5,3,0,0,1,0,1,0,0,0,801049,4676,5833851,561
206542,11,12,12231102,Frohnau,12400721,2018,10,16,6,2,5,3,0,0,1,0,1,0,0,0,791121,1998,5841060,438
206543,11,3,3050923,Wei�enseer Spitze,3500934,2018,10,6,6,3,5,3,2,0,1,0,0,0,1,0,800196,1818,5832136,863
206544,11,2,2030302,Lausitzer Platz,2300315,2018,10,13,3,3,0,3,0,0,1,0,1,0,0,0,800671,4714,5825819,593
206545,11,1,1011302,Oranienburger Stra�e                                                                                ,1100309,2018,10,3,6,3,0,1,2,1,0,0,0,0,0,0,797942,88,5828446,556
206546,11,8,8010214,Glasower Stra�e,8100209,2018,10,6,6,3,2,1,1,0,1,0,1,0,0,0,801143,8548,5822050,321
206547,11,7,7060604,Marienfelde S�d,7601339,2018,10,8,3,3,6,2,0,0,1,1,0,0,0,0,795802,5037,5816035,159
206548,11,4,4020311,Reichsstra�e,4200309,2018,10,16,6,3,2,6,0,0,1,0,0,0,0,0,788946,7853,5827096,978
206549,11,1,1033201,Brunnenstra�e                                                                                       ,1300834,2018,10,0,6,3,5,3,2,0,1,0,0,0,0,0,797816,5446,5830448,52
206550,11,4,4051447,Ludwigkirchplatz,4501044,2018,10,11,2,3,5,2,0,1,1,0,0,0,0,0,793195,2775,5824562,658
206551,11,2,2030301,Oranienplatz,2300314,2018,10,17,6,3,5,3,0,1,0,0,0,0,1,0,799944,2915,5826093,1
206552,11,12,12214422,Klixstra�e                                                                                          ,12200310,2018,10,10,6,3,5,2,0,0,1,0,0,0,1,0,792249,8865,5833859,801
206553,11,3,3040818,Pankow S�d                                                                                          ,3400829,2018,10,18,2,3,5,3,0,1,1,0,0,0,0,0,799599,6033,5832922,632
206554,11,7,7030301,Friedenau,7300517,2018,10,15,5,3,5,2,0,1,1,0,0,0,0,0,794400,726,5822306,666
206555,11,1,1044101,Rehberge,1400938,2018,10,17,6,3,5,2,0,0,1,0,0,0,0,0,794145,7648,5831106,786
206556,11,1,1044203,Leopoldplatz,1401048,2018,10,10,5,3,7,7,0,1,0,0,0,0,0,0,795710,733,5831115,594
206557,11,7,7060601,Marienfelder Allee Nordwest,7601236,2018,10,17,2,3,5,2,0,0,1,0,1,0,0,0,796603,2479,5816062,619
206558,11,12,12224230,Heiligensee,12400618,2018,10,19,6,3,5,2,2,0,1,0,1,0,0,0,786986,5246,5838301,77
206559,11,12,12103218,Teichstra�e,12100205,2018,10,7,5,1,5,7,1,0,1,0,1,0,0,0,793648,5272,5832591,433
206560,11,4,4030417,Schlo�stra�e,4300414,2018,10,17,2,3,5,2,0,1,1,0,0,0,0,0,791430,9926,5827346,568
206561,11,11,11020514,Gro�e-Leege-Stra�e,11200513,2018,10,14,5,3,5,3,0,1,1,0,0,0,0,0,804207,1272,5830666,157
206562,11,11,11030720,Herzbergstra�e,11300721,2018,10,19,6,3,2,6,2,0,1,0,0,0,0,0,806245,587,5830179,264
206563,11,4,4030518,Tegeler Weg,4300517,2018,10,14,5,3,2,6,0,0,1,0,0,0,0,0,791743,7727,5827867,444
206564,11,3,3061228,Erich-Weinert-Stra�e,3601245,2018,10,16,2,3,5,2,0,0,1,0,0,0,1,0,800181,9971,5830937,829
206565,11,1,1011202,Unter den Linden Nord,1100206,2018,10,19,6,3,6,4,2,1,0,1,0,0,0,0,797739,8647,5827582,854
206566,11,4,4020207,Flatowallee,4200205,2018,10,14,5,3,5,7,0,0,1,0,0,0,1,0,788408,8648,5826895,796
206567,11,4,4020313,K�nigin-Elisabeth-Stra�e,4200311,2018,10,19,6,3,5,2,2,1,1,0,0,0,0,0,790472,2378,5826691,257
206568,11,4,4051549,Rathaus Wilmersdorf,4501146,2018,10,17,2,2,5,7,0,0,1,0,1,0,0,0,793309,578,5823625,383
206569,11,1,1011104,K�rnerstra�e                                                                                        ,1100104,2018,10,20,6,3,1,5,2,1,1,0,0,0,0,0,796639,7242,5825755,957
206570,11,1,1011303,Alexanderplatzviertel,1100310,2018,10,14,5,3,6,7,0,1,0,1,0,0,0,0,799537,6075,5827576,95
206571,11,11,11020515,Landsberger Allee,11200514,2018,10,17,2,3,5,3,0,1,0,0,0,0,0,0,803604,152,5830121,409
206572,11,10,10040830,Kaulsdorf S�d                                                                                       ,10400837,2018,10,12,5,3,2,6,0,0,1,0,1,0,0,0,810443,3335,5824695,304
206573,11,5,5030832,Rohrdamm,5300838,2018,10,16,2,3,5,2,0,0,1,0,1,0,0,0,787991,1766,5830648,2
206574,11,5,5020523,Maulbeerallee,5200527,2018,10,11,5,3,6,2,0,0,1,1,0,0,0,0,782468,9211,5827199,134
206575,11,7,7050506,Birnhornweg,7501135,2018,10,18,6,3,1,7,0,0,1,0,0,0,0,0,798736,3922,5816734,248
206576,11,3,3030715,Heinersdorf,3300516,2018,10,11,5,3,5,3,0,1,0,0,0,0,1,0,800209,4788,5833828,128
206577,11,3,3061227,Humannplatz,3601244,2018,10,16,2,3,5,3,0,1,1,0,0,0,0,0,800109,9659,5831695,941
206578,11,6,6020408,Lichterfelde S�d                                                                                    ,6200420,2018,10,2,6,3,8,1,2,0,1,0,0,0,0,0,792767,9661,5816368,532
206579,11,11,11030721,R�digerstra�e,11300722,2018,10,11,5,3,5,3,0,0,1,1,0,0,0,0,804299,2566,5828218,539
206580,11,2,2020204,Urbanstra�e,2200210,2018,10,15,6,3,5,3,0,0,1,0,1,0,0,0,798478,1499,5825217,511
206581,11,11,11020412,Hauptstra�e,11200411,2018,10,15,2,3,5,3,0,1,1,0,0,0,0,0,805063,911,5831515,686
206582,11,4,4030621,Spreestadt,4300620,2018,10,15,6,3,6,4,0,0,0,1,0,0,1,0,793157,301,5827768,891
206583,11,7,7050503,Eisenacher Stra�e                                                                                   ,7501031,2018,10,10,5,3,5,7,0,0,1,0,1,0,0,0,797978,6577,5820456,421
206584,11,8,8010405,Hertzbergplatz,8100418,2018,10,16,2,3,6,4,0,0,1,1,0,0,0,0,802177,8428,5823484,718
206585,11,4,4030519,Kaiserin-Augusta-Allee,4300518,2018,10,15,2,3,1,5,0,0,1,0,1,0,0,0,791781,1996,5827813,785
206586,11,5,5020625,Borkumer Stra�e                                                                                     ,5200629,2018,10,15,6,3,2,6,0,0,1,0,0,0,1,0,784761,8826,5828578,512
206587,11,1,1011302,Oranienburger Stra�e                                                                                ,1100309,2018,10,15,2,3,2,2,0,0,1,0,0,0,0,0,797910,5799,5828341,974
206588,11,12,12301203,Wittenau S�d                                                                                        ,12500930,2018,10,15,6,3,2,6,0,0,1,0,0,0,0,0,793584,7828,5835212,708
206589,11,4,4020313,K�nigin-Elisabeth-Stra�e,4200311,2018,10,21,5,2,5,3,2,0,1,0,0,0,0,1,790447,7035,5825970,73
206590,11,12,12231102,Frohnau,12400720,2018,10,15,2,3,5,3,0,1,1,0,0,0,0,0,789539,73,5840175,329
206591,11,1,1011402,Arkonaplatz,1100416,2018,10,15,2,3,2,6,0,0,1,0,0,0,0,0,798090,3728,5829972,391
206592,11,1,1011204,Leipziger Stra�e                                                                                    ,1100207,2018,10,19,5,3,2,6,2,1,0,0,0,0,0,0,797971,1192,5826967,636
206593,11,2,2040503,Richard-Sorge-Viertel,2400522,2018,10,15,2,3,5,3,0,1,1,0,0,0,0,0,801331,4426,5828692,123
206594,11,1,1033102,Gesundbrunnen,1300733,2018,10,15,6,3,2,6,0,1,1,0,0,0,0,0,797812,4009,5831834,497
206595,11,5,5030731,Gartenfelder Stra�e                                                                                 ,5300737,2018,10,9,5,3,5,2,0,1,1,0,0,0,0,0,787211,9774,5829407,472
206596,11,2,2050802,Boxhagener Platz,2500834,2018,10,22,2,3,6,4,2,0,0,1,1,0,0,0,802290,8949,5826855,873
206597,11,4,4030417,Schlo�stra�e,4300414,2018,10,19,5,3,0,3,2,1,1,0,0,0,0,1,791547,5298,5826647,276
206598,11,11,11030619,Fennpfuhl Ost,11300620,2018,10,15,6,3,2,6,0,0,1,0,0,0,0,0,803524,4493,5829744,54
206599,11,9,9010401,Johannisthal West,9100407,2018,10,21,2,2,5,7,2,0,1,0,1,0,0,0,804847,9083,5821590,904
206600,11,1,1011103,L�tzowstra�e                                                                                        ,1100103,2018,10,14,6,3,5,2,0,1,0,0,0,1,0,0,795271,403,5826033,423
206601,11,11,11041128,Sewanstra�e,11401136,2018,10,19,5,3,0,6,1,0,1,0,1,0,0,1,805525,3303,5826000,524
206602,11,9,9010402,Johannisthal Ost,9100409,2018,10,15,5,3,0,3,0,0,1,0,1,0,0,0,806802,7461,5818373,965
206603,11,1,1011104,K�rnerstra�e                                                                                        ,1100104,2018,10,16,2,3,5,3,0,1,1,0,0,0,0,0,796349,339,5826136,498
206604,11,3,3061126,Arnimplatz,3601141,2018,10,17,5,3,5,2,0,1,1,0,0,0,0,0,799243,387,5831771,474
206605,11,2,11051229,Rummelsburg,11501238,2018,10,17,5,3,5,3,1,1,1,0,0,0,0,0,803275,5916,5826013,872
206606,11,2,2010101,Askanischer Platz,2100101,2018,10,20,2,3,2,6,2,0,1,0,0,0,0,0,797805,973,5825933,392
206607,11,7,7040403,Manteuffelstra�e                                                                                    ,7400823,2018,10,18,2,3,5,3,1,0,1,0,1,0,0,0,797267,2134,5820722,938
206608,11,4,4030827,Karl-August-Platz,4300623,2018,10,9,5,2,6,7,0,0,1,1,0,0,0,0,792148,5493,5826465,135
206609,11,12,12103115,Breitkopfbecken,12100103,2018,10,18,2,3,5,2,1,0,1,0,0,0,1,0,795484,1022,5833417,853
206610,11,6,6020303,Lankwitz Kirche                                                                                     ,6200313,2018,10,8,5,3,5,2,0,1,0,0,0,0,1,0,795717,7622,5818894,8
206611,11,1,1011301,Charit�viertel,1100308,2018,10,17,5,3,5,2,0,1,1,0,0,0,0,0,797044,307,5829327,61
206612,11,7,7030301,Friedenau,7300517,2018,10,19,2,2,5,2,2,0,1,0,1,0,0,0,794243,7467,5822031,111
206613,11,2,2020201,Gleisdreieck/Entwicklungsgebiet,2200207,2018,10,16,5,3,1,5,0,1,1,0,0,0,0,0,797044,5517,5825644,276
206614,11,5,5010208,Germersheimer Platz,5100210,2018,10,21,5,2,1,7,2,1,1,0,0,0,0,0,783628,6324,5829954,936
206615,11,9,9020802,K�llnische Vorstadt                                                                                 ,9200819,2018,10,16,5,3,5,2,0,1,1,0,0,0,0,0,810076,2927,5820412,718
206616,11,2,2010104,Wassertorplatz,2100106,2018,10,16,2,2,6,4,0,1,0,1,0,0,0,0,799815,838,5825702,171
206617,11,12,12214125,Waldidyll/Flughafensee,12200414,2018,10,21,5,3,3,6,2,0,1,0,0,0,1,0,791052,3691,5831117,547
206618,11,8,8010509,Schulenburgpark,8100521,2018,10,16,5,3,5,3,0,0,1,0,0,0,0,0,803380,1531,5822533,238
206619,11,2,2020203,Viktoriapark,2200208,2018,10,17,2,2,6,4,1,0,1,1,0,0,0,0,797585,4004,5824990,898
206620,11,7,7020201,Bayerischer Platz,7200307,2018,10,9,5,2,5,2,0,0,1,0,0,0,1,0,794954,5276,5824455,3
206621,11,3,3030405,Karow Nord                                                                                          ,3300411,2018,10,20,5,3,5,2,2,1,1,0,0,0,0,0,803700,4925,5839174,98
206622,11,10,10040830,Kaulsdorf S�d                                                                                       ,10400837,2018,10,15,2,3,5,3,0,1,1,0,0,0,0,0,810608,3762,5825513,806
206623,11,2,2010101,Askanischer Platz,2100101,2018,10,19,5,3,6,4,2,0,1,1,0,0,0,0,797013,1783,5826421,938
206624,11,11,11051332,Karlshorst S�d,11501341,2018,10,16,5,3,5,3,0,1,1,0,0,0,0,0,806277,4956,5824486,815
206625,11,8,8020728,Buckow Ost,8200833,2018,10,19,5,3,4,6,2,0,1,0,0,0,1,0,802359,5641,5816800,902
206626,11,6,6010205,S�dende,6100205,2018,10,8,2,2,6,4,0,0,1,1,0,0,0,0,796258,5402,5819717,319
206627,11,12,12214527,Alt-Tegel,12200515,2018,10,19,5,3,6,7,2,0,1,1,0,0,0,0,790390,3497,5835066,479
206628,11,6,6020302,Komponistenviertel Lankwitz,6200312,2018,10,16,5,3,2,6,0,0,1,0,0,0,0,0,794265,4693,5819361,545
206629,11,7,7020201,Bayerischer Platz,7200307,2018,10,10,2,3,5,3,0,1,1,0,0,0,0,0,794719,1642,5824653,56
206630,11,1,1011102,Gro�er Tiergarten,1100102,2018,10,8,5,3,5,3,0,0,1,0,0,0,0,0,796514,6328,5827612,213
206631,11,1,1044101,Rehberge,1400937,2018,10,18,5,3,2,6,0,0,1,0,0,0,0,0,793689,912,5832266,253
206632,11,1,1044101,Rehberge,1400938,2018,11,14,5,3,2,2,0,0,1,0,0,0,0,0,794144,781,5831099,207
206633,11,7,7040405,Rathaus Tempelhof,7400927,2018,10,5,1,3,9,1,2,0,1,0,0,0,0,0,798303,9394,5820998,193
206634,11,1,1033203,Humboldthain Nordwest                                                                               ,1300836,2018,11,13,5,3,1,5,0,1,1,0,0,0,0,0,796100,691,5830605,446
206635,11,3,3061126,Arnimplatz,3601140,2018,10,1,1,2,9,1,2,0,1,0,0,0,0,0,798310,2993,5831834,961
206636,11,3,3071536,Teutoburger Platz,3701554,2018,11,11,5,3,5,3,0,0,1,0,1,0,0,0,798965,2546,5829171,384
206637,11,12,12214424,Scharnweberstra�e                                                                                   ,12200309,2018,10,20,7,3,5,2,1,0,1,0,0,0,0,0,793281,5003,5832583,999
206638,11,10,10040933,Mahlsdorf S�d                                                                                       ,10400940,2018,10,8,7,3,5,3,0,1,1,0,0,0,0,0,811993,1175,5826861,509
206639,11,7,7040405,Rathaus Tempelhof,7400927,2018,11,11,5,3,0,3,0,0,1,0,1,0,0,0,798192,5242,5821908,905
206640,11,3,3040513,Sch�nholz,3400620,2018,10,14,7,3,5,3,0,0,1,0,0,0,0,0,797405,349,5833975,287
206641,11,1,1033102,Gesundbrunnen,1300733,2018,11,10,5,2,6,4,0,0,0,1,0,0,1,0,797634,4497,5831852,939
206642,11,12,12231102,Frohnau,12400721,2018,10,1,7,2,9,1,2,0,1,0,0,0,0,1,790264,6168,5840640,799
206643,11,8,8010302,Bouch�stra�e,8100313,2018,11,10,5,2,6,4,0,0,1,1,0,0,0,0,801803,1353,5824377,197
206644,11,8,8010303,Donaustra�e,8100314,2018,10,14,7,3,1,5,0,1,1,0,0,0,0,0,801344,5018,5823843,745
206645,11,4,4041135,Hundekehle,4400729,2018,11,9,5,2,6,4,0,0,1,1,0,0,0,0,790547,609,5822546,406
206646,11,2,2050601,Hausburgviertel,2500726,2018,10,13,7,3,5,3,0,0,1,0,1,0,0,0,801763,1946,5828661,228
206647,11,9,9020701,Adlershof West,9200715,2018,11,9,5,2,3,6,0,0,1,0,0,1,1,0,807807,9607,5818114,321
206648,11,12,12214422,Klixstra�e                                                                                          ,12200310,2018,10,12,7,2,5,2,0,0,1,0,1,0,0,0,792251,87,5833862,916
206649,11,4,4041342,Schlangenbader Stra�e,4400833,2018,11,9,5,2,1,5,0,1,1,0,0,0,0,0,792544,793,5822709,13
206650,11,10,10040933,Mahlsdorf S�d                                                                                       ,10400940,2018,10,11,7,2,1,5,0,1,1,0,0,0,0,0,811469,9264,5824470,296
206651,11,12,12214527,Alt-Tegel,12200515,2018,10,8,7,3,5,3,0,0,1,0,0,0,0,0,789985,7018,5834781,796
206652,11,1,1011302,Oranienburger Stra�e                                                                                ,1100309,2018,11,9,5,3,5,2,0,1,1,0,0,0,0,0,797750,4382,5828572,567
206653,11,10,10030727,Biesdorf S�d                                                                                        ,10300734,2018,10,15,7,3,2,1,0,0,1,0,0,0,0,0,809551,9095,5826735,457
206654,11,6,6040810,Dahlem,6400844,2018,11,9,5,3,2,6,0,0,1,0,0,0,0,0,792691,3881,5821726,508
206655,11,2,2010102,Mehringplatz,2100102,2018,10,15,7,3,2,6,0,0,1,0,0,0,1,0,797938,8726,5826466,259
206656,11,1,1011204,Leipziger Stra�e                                                                                    ,1100207,2018,11,8,5,3,3,6,0,1,1,0,0,0,0,0,797840,8765,5826947,969
206657,11,4,4030725,Amtsgerichtsplatz,4300416,2018,11,8,5,3,1,5,0,1,0,0,0,1,0,0,791382,437,5826276,488
206658,11,5,5030731,Gartenfelder Stra�e                                                                                 ,5300737,2018,10,15,7,3,0,1,0,0,0,0,1,0,0,0,787611,5694,5829398,889
206659,11,12,12231101,Hermsdorf,12400722,2018,11,0,5,3,8,1,2,0,0,0,1,0,0,0,790393,7168,5839342,4
206660,11,7,7010102,Nollendorfplatz,7100102,2018,10,0,7,3,2,6,2,0,1,0,1,0,0,0,794908,8724,5825595,202
206661,11,10,10020622,Kaulsdorf Nord I                                                                                    ,10200629,2018,10,15,4,3,5,2,0,0,1,0,0,0,0,0,811313,1145,5828506,974
206662,11,1,1011303,Alexanderplatzviertel,1100310,2018,10,23,6,2,5,2,2,0,1,0,0,0,0,0,799471,7008,5828817,807
206663,11,4,4051448,Schaperstra�e,4501045,2018,10,17,4,3,6,4,1,1,0,1,0,0,0,0,793479,5382,5825116,239
206664,11,5,5010314,Carl-Schurz-Stra�e                                                                                  ,5100316,2018,10,18,6,2,5,2,2,0,0,0,1,0,0,0,784597,276,5829204,828
206665,11,1,1011301,Charit�viertel,1100308,2018,11,10,3,3,6,2,0,0,1,1,0,0,0,0,797248,625,5829089,914
206666,11,1,1011303,Alexanderplatzviertel,1100310,2018,10,16,4,3,5,3,1,1,0,0,0,0,0,0,799147,7273,5827820,221
206667,11,1,1022105,Zwinglistra�e                                                                                       ,1200521,2018,11,11,3,3,1,1,0,0,1,0,0,0,0,0,794026,2767,5828317,934
206668,11,1,1011301,Charit�viertel,1100308,2018,10,19,4,3,1,5,2,1,1,0,0,0,1,0,797121,8224,5829237,189
206669,11,11,11030618,Fennpfuhl West,11300618,2018,11,12,3,3,2,6,0,0,1,0,0,0,0,0,802934,1507,5829121,616
206670,11,11,11010205,Falkenberg West,11100204,2018,10,18,6,3,6,2,1,0,1,1,0,0,0,0,806306,4989,5833875,429
206671,11,1,1011303,Alexanderplatzviertel,1100310,2018,11,12,3,3,5,2,0,1,0,0,0,0,1,0,798763,4184,5828040,39
206672,11,7,7060604,Marienfelde S�d,7601340,2018,10,18,4,3,6,4,2,0,0,1,1,0,0,0,796570,6232,5815868,793
206673,11,6,6030609,Augustaplatz,6300633,2018,11,7,3,3,1,5,0,1,1,0,0,0,0,0,792609,1678,5818400,564
206674,11,1,1011302,Oranienburger Stra�e                                                                                ,1100309,2018,10,17,6,3,0,3,1,1,1,0,0,0,0,0,797998,441,5828669,23
206675,11,12,12214424,Scharnweberstra�e                                                                                   ,12200309,2018,10,18,4,3,1,7,2,0,1,0,0,0,0,0,793320,9622,5832656,549
206676,11,1,1011201,Wilhelmstra�e                                                                                       ,1100205,2018,10,16,4,3,0,1,1,1,0,0,0,0,0,0,797375,2293,5826487,871
206677,11,6,6040810,Dahlem,6400844,2018,10,16,6,3,3,6,1,0,1,0,0,0,0,0,792674,1921,5821703,81
206678,11,5,5010208,Germersheimer Platz,5100210,2018,10,16,4,3,5,3,0,0,1,0,0,0,1,0,783704,9957,5830371,535
206679,11,9,9051702,B�lschestra�e,9501737,2018,11,8,3,3,5,2,0,1,0,0,0,0,1,0,814778,1129,5820870,978
206680,11,3,3051017,Rennbahnstra�e,3501038,2018,10,15,4,3,5,3,1,0,1,0,0,0,1,0,803400,366,5833106,531
206681,11,11,11030720,Herzbergstra�e,11300721,2018,10,15,6,3,3,6,0,0,1,0,0,0,0,0,806168,1285,5830150,939
206682,11,4,4030620,Alt-Lietzow,4300619,2018,11,13,3,3,0,1,0,0,0,0,1,0,0,0,792630,5533,5827088,437
206683,11,11,11051229,Rummelsburg,11501238,2018,10,15,4,3,5,2,0,0,1,0,0,0,1,0,804080,173,5825986,521
206684,11,4,4041240,Messelpark,4400831,2018,11,17,3,3,5,3,2,1,1,0,0,0,0,0,790741,892,5822658,91
206685,11,4,4030828,Savignyplatz,4300624,2018,10,15,6,3,2,6,0,0,1,0,0,0,0,0,793044,8461,5826099,849
206686,11,1,1044202,Sparrplatz,1401047,2018,11,10,3,2,5,2,0,1,0,0,0,1,0,0,795523,5396,5830731,71
206687,11,11,11020412,Hauptstra�e,11200411,2018,10,15,4,3,0,1,0,1,0,0,0,0,0,0,805126,208,5831400,105
206688,11,4,4041137,Flinsberger Platz,4400727,2018,11,17,3,2,5,2,2,1,1,0,0,0,0,0,791918,952,5823991,346
206689,11,12,12103115,Breitkopfbecken,12100103,2018,10,14,6,3,5,2,0,1,1,0,0,0,0,1,795333,1295,5833753,831
206690,11,12,12304313,Borsigwalde,12500825,2018,10,14,4,3,2,6,0,0,1,0,0,0,0,0,791669,6021,5834498,605
206691,11,2,7010104,Dennewitzplatz,7100206,2018,10,12,6,2,5,3,0,1,1,0,0,0,0,1,796890,4772,5824296,907
206692,11,3,3061227,Humannplatz,3601243,2018,11,9,3,3,6,4,0,0,1,1,0,0,0,0,799565,9887,5831665,209
206693,11,6,6040810,Dahlem,6400844,2018,10,10,6,2,6,2,0,0,1,1,0,0,0,0,790176,2744,5819768,894
206694,11,10,10040830,Kaulsdorf S�d                                                                                       ,10400837,2018,10,10,6,3,5,3,0,0,1,0,0,0,0,0,810504,402,5824948,756
206695,11,5,5010207,Darbystra�e                                                                                         ,5100209,2018,10,14,4,3,5,2,0,0,1,0,0,0,0,0,783699,8798,5830176,597
206696,11,7,7030302,Cecilieng�rten,7300618,2018,10,14,4,3,6,4,0,0,1,1,0,0,0,0,794508,2492,5822327,151
206697,11,1,1011101,St�lerstra�e                                                                                        ,1100101,2018,10,8,6,3,5,2,0,1,1,0,0,0,1,0,795275,5407,5826388,874
206698,11,8,8040933,Vogelviertel S�d,8401139,2018,10,14,4,3,5,2,0,1,1,0,0,0,0,0,803570,4486,5818642,805
206699,11,1,1011303,Alexanderplatzviertel,1100310,2018,11,9,3,3,1,5,0,1,1,0,0,0,1,0,798752,2116,5828248,523
206700,11,6,6020303,Lankwitz Kirche                                                                                     ,6200313,2018,10,7,6,3,1,5,0,1,1,0,0,0,0,0,795471,8197,5818573,911
206701,11,7,7030303,Grazer Platz,7300619,2018,10,12,4,3,2,6,0,0,1,0,0,0,0,0,794662,995,5821785,936
206702,11,4,4020310,Park Ruhwald,4200308,2018,10,6,6,3,5,3,2,1,1,0,0,0,0,0,788152,4848,5827846,9
206703,11,7,7040403,Manteuffelstra�e                                                                                    ,7400823,2018,11,17,3,3,5,3,2,0,0,0,1,0,1,0,797031,5588,5820706,46
206704,11,1,1022206,L�neburger Stra�e                                                                                   ,1200628,2018,10,12,4,2,5,2,0,1,1,0,0,0,0,0,795540,1937,5828196,642
206705,11,2,2020204,Urbanstra�e,2200210,2018,11,9,3,3,5,3,0,1,1,0,0,0,0,0,798493,4594,5825222,911
206706,11,6,6040807,Zehlendorf Eiche                                                                                    ,6400841,2018,10,19,5,3,6,7,2,0,1,1,0,0,0,1,789723,43,5818453,69
206707,11,1,1033102,Gesundbrunnen,1300733,2018,11,15,3,3,5,3,0,1,1,0,0,0,0,0,797234,5611,5831333,237
206708,11,3,3020209,Niedersch�nhausen,3200205,2018,10,11,4,3,1,5,0,0,1,0,0,0,0,0,797312,5766,5835070,634
206709,11,1,1011305,Heine-Viertel West,1100312,2018,11,8,3,3,5,2,0,0,1,0,1,0,1,0,799457,942,5827104,403
206710,11,6,6030608,Schweizer Viertel,6300632,2018,10,13,5,3,5,2,0,1,1,0,0,0,0,1,792236,3498,5816660,546
206711,11,10,10010308,Marzahner Chaussee,10100311,2018,10,11,4,3,3,6,0,0,1,0,0,1,0,0,807015,2481,5830437,698
206712,11,7,7010102,Nollendorfplatz,7100102,2018,10,0,5,3,6,2,2,0,1,1,0,0,0,0,795604,4982,5824976,706
206713,11,9,9020502,Obersch�neweide Ost,9200512,2018,11,15,3,3,3,6,0,1,0,0,0,0,0,0,809083,2901,5821554,88
206714,11,2,2020206,Graefekiez,2200213,2018,10,19,5,3,0,2,2,0,1,0,0,0,1,0,799757,8045,5824820,417
206715,11,4,4010101,Jungfernheide,4100101,2018,10,17,4,2,8,1,2,0,1,0,0,0,0,0,790446,8999,5829022,594
206716,11,7,7060601,Marienfelder Allee Nordwest,7601236,2018,11,8,3,2,5,3,0,0,1,0,1,0,0,0,796434,9863,5816546,745