OBJECTID,LAND,BEZ,LOR,STRASSE,LOR_ab_2021,UJAHR,UMONAT,USTUNDE,UWOCHENTAG,UKATEGORIE,UART,UTYP1,ULICHTVERH,IstRad,IstPKW,IstFuss,IstKrad,IstGkfz,IstSonstig,STRZUSTAND,LINREFX,LINREFY,XGCSWGS84,YGCSWGS84
206717,11,5,5020524,Weinmeisterhornweg,5200528,2018,10,19,5,3,0,6,2,0,1,0,0,0,0,0,783234,271,5826792,92
206718,11,7,7020202,Volkspark (Rudolf-Wilde-Park),7200308,2018,11,0,3,2,5,3,2,0,1,0,0,0,0,0,794997,291,5823604,388
206719,11,9,9020701,Adlershof West,9200715,2018,10,18,4,3,2,6,2,0,1,0,0,0,0,0,809077,3367,5818202,571
206720,11,6,6020302,Komponistenviertel Lankwitz,6200312,2018,11,15,3,3,6,4,0,0,1,1,0,0,0,0,794686,4243,5819219,88
206721,11,5,5010339,Freiheit,5100317,2018,10,17,5,3,5,2,1,1,1,0,0,0,0,1,787593,4164,5828011,728
206722,11,2,2020203,Viktoriapark,2200208,2018,10,17,4,3,5,3,2,1,1,0,0,0,0,0,797806,1351,5824909,417
206723,11,5,5010314,Carl-Schurz-Stra�e                                                                                  ,5100316,2018,11,15,3,3,0,2,0,0,1,0,1,0,0,0,784640,409,5829677,202
206724,11,9,9010101,Elsenstra�e                                                                                         ,9100101,2018,10,16,5,3,5,3,0,1,1,0,0,0,0,1,801492,9516,5824878,97
206725,11,8,8020622,Parchimer Allee,8200726,2018,11,8,3,3,2,6,0,0,1,0,0,0,0,0,801284,7951,5819667,27
206726,11,1,1022101,Huttenkiez,1200517,2018,10,16,4,3,5,7,0,0,1,0,1,0,0,0,792906,2961,5828291,829
206727,11,6,6030504,Teltower Damm,6300528,2018,11,8,3,3,5,3,0,0,1,0,0,0,0,0,790491,9328,5817121,397
206728,11,4,4051655,Babelsberger Stra�e,4501153,2018,10,15,5,3,3,6,0,1,1,0,0,0,0,1,794241,3416,5823115,308
206729,11,12,12301203,Wittenau S�d                                                                                        ,12500930,2018,10,11,4,3,6,4,0,0,0,1,0,1,0,0,792519,42,5834403,704
206730,11,5,5020419,Magistratsweg,5200423,2018,11,7,3,3,2,2,0,0,1,0,0,0,0,0,781988,4591,5828455,586
206731,11,12,12224230,Heiligensee,12400618,2018,10,15,5,2,5,2,0,1,1,0,0,0,0,0,786686,862,5838549,796
206732,11,11,11040926,Weitlingstra�e,11400931,2018,10,9,4,3,2,6,0,0,1,0,0,0,0,0,806680,7737,5826930,265
206733,11,1,1033201,Brunnenstra�e                                                                                       ,1300834,2018,10,15,5,3,5,7,0,0,1,0,0,0,0,0,797697,11,5830676,781
206734,11,9,9030902,Wohngebiet II,9300922,2018,11,7,3,3,6,4,0,0,1,1,0,0,0,0,807923,7693,5815853,512
206735,11,12,12224229,Konradsh�he/Tegelort,12400616,2018,10,15,5,3,5,3,0,0,1,0,0,0,0,1,786548,8736,5833207,969
206736,11,5,5030731,Gartenfelder Stra�e                                                                                 ,5300737,2018,10,9,4,3,0,6,0,0,1,0,1,0,0,0,788009,8582,5829641,592
206737,11,8,8010115,Hasenheide,8100102,2018,11,7,3,3,5,3,0,1,1,0,0,0,0,0,799829,505,5823660,859
206738,11,7,7040403,Manteuffelstra�e                                                                                    ,7400823,2018,10,14,5,3,5,3,0,0,1,0,0,0,0,1,796915,717,5822288,994
206739,11,10,10030726,Alt-Biesdorf,10300733,2018,11,7,3,2,5,3,0,1,1,0,0,0,0,0,809226,2232,5827224,945
206740,11,1,1022202,Heidestra�e                                                                                         ,1200624,2018,10,14,4,3,6,7,0,1,0,1,0,0,0,0,795654,5979,5829729,608
206741,11,11,11010101,Dorf Malchow,11100101,2018,11,6,3,3,2,6,1,1,1,0,0,0,0,0,803966,96,5834704,204
206742,11,7,7010102,Nollendorfplatz,7100102,2018,10,14,5,3,5,3,0,1,1,0,0,0,0,1,795419,2281,5825754,495
206743,11,1,1011202,Unter den Linden Nord,1100206,2018,10,7,4,2,0,2,0,1,1,0,0,0,0,0,797150,8707,5827684,258
206744,11,11,11030721,R�digerstra�e,11300724,2018,10,7,4,3,5,2,0,1,1,0,0,0,0,0,804508,5343,5827512,331
206745,11,12,12214125,Waldidyll/Flughafensee,12200414,2018,10,14,5,3,2,6,0,0,1,0,0,0,0,1,791915,5716,5831522,884
206746,11,7,7050503,Eisenacher Stra�e                                                                                   ,7501031,2018,10,6,4,3,5,3,0,1,1,0,0,0,0,0,798887,85,5820519,128
206747,11,10,10030724,Oberfeldstra�e                                                                                      ,10300731,2018,11,14,3,3,0,7,0,0,0,0,0,0,1,0,809588,3223,5828537,925
206748,11,1,1044203,Leopoldplatz,1401048,2018,10,14,5,3,3,6,0,0,1,0,0,0,0,1,795225,5774,5831346,424
206749,11,4,4030931,Breitscheidplatz,4501042,2018,10,19,4,3,1,6,2,1,1,0,0,0,0,0,793671,448,5825896,925
206750,11,8,8010302,Bouch�stra�e,8100313,2018,10,9,4,3,0,3,0,0,0,0,1,0,1,0,801769,3956,5824483,721
206751,11,5,5010310,Eckschanze,5100312,2018,10,2,4,3,1,5,2,0,1,0,0,0,1,0,784544,7559,5830946,41
206752,11,1,1022104,Emdener Stra�e                                                                                      ,1200520,2018,10,13,5,3,5,2,0,0,1,0,0,0,0,1,794542,9713,5829066,179
206753,11,9,9020502,Obersch�neweide Ost,9200512,2018,10,18,3,3,5,2,2,0,1,0,0,0,1,1,809403,3081,5821504,626
206754,11,11,11030824,Frankfurter Allee S�d,11300826,2018,10,13,5,3,5,3,0,0,1,0,0,0,1,0,804523,2852,5826980,945
206755,11,6,6040810,Dahlem,6400844,2018,11,14,3,3,1,5,0,1,0,0,0,0,1,0,792369,7665,5820997,377
206756,11,8,8010212,Rollberg,8100207,2018,10,17,3,2,5,3,1,0,1,0,0,1,0,1,800975,871,5823491,379
206757,11,1,1011402,Arkonaplatz,1100416,2018,11,17,3,3,2,6,2,0,1,0,0,0,1,0,798860,211,5829658,675
206758,11,3,3071536,Teutoburger Platz,3701554,2018,10,13,5,3,1,1,0,1,1,0,0,0,0,1,798951,171,5829983,66
206759,11,7,7060601,Marienfelder Allee Nordwest,7601236,2018,11,6,2,3,5,3,2,1,1,0,0,0,0,0,797231,2503,5817338,208
206760,11,8,8040933,Vogelviertel S�d,8401139,2018,10,16,3,3,5,3,0,0,1,0,0,0,0,1,803300,1077,5818518,26
206761,11,2,2030301,Oranienplatz,2300314,2018,11,23,2,3,1,5,2,1,1,0,0,0,0,0,799918,2005,5826002,174
206762,11,5,5030730,Zitadellenweg,5300736,2018,10,13,5,3,5,2,0,1,1,0,0,0,0,1,786253,4108,5829129,419
206763,11,10,10010102,Havemannstra�e                                                                                      ,10100103,2018,10,16,3,3,5,3,1,0,1,0,1,0,0,0,809134,5322,5833828,91
206764,11,7,7040404,Marienh�he,7400826,2018,10,15,3,3,1,5,0,0,1,0,0,0,0,0,796441,7781,5819787,893
206765,11,3,3061430,Volkspark Prenzlauer Berg,3601450,2018,10,13,5,3,2,6,0,0,1,0,0,0,0,1,802348,7705,5829231,954
206766,11,8,8010301,Reuterkiez,8100312,2018,10,15,3,3,5,2,0,1,1,0,0,0,0,1,801559,55,5824033,807
206767,11,11,11051229,Rummelsburg,11501238,2018,11,20,2,3,6,4,2,1,0,1,0,0,0,0,803337,3535,5826308,532
206768,11,4,4030519,Kaiserin-Augusta-Allee,4300518,2018,10,12,5,3,5,2,0,1,0,0,0,0,1,1,792311,4441,5828248,46
206769,11,8,8010213,K�rnerpark,8100208,2018,10,15,3,3,1,5,0,1,1,0,0,0,0,1,801090,6231,5822356,969
206770,11,12,12301203,Wittenau S�d                                                                                        ,12500926,2018,10,12,5,3,0,4,0,0,0,1,1,0,0,1,793522,7098,5836114,523
206771,11,1,1011104,K�rnerstra�e                                                                                        ,1100104,2018,11,15,2,3,6,7,0,0,1,1,0,0,0,0,796081,114,5825575,58
206772,11,1,1022206,L�neburger Stra�e                                                                                   ,1200628,2018,10,14,3,3,2,6,0,0,1,0,0,0,0,0,795960,5803,5828340,729
206773,11,1,1011402,Arkonaplatz,1100416,2018,11,19,2,3,1,5,2,1,0,0,0,0,1,0,798735,2242,5829988,831
206774,11,10,10010308,Marzahner Chaussee,10100311,2018,10,12,5,2,3,6,0,1,1,0,0,0,0,1,807159,7557,5829120,9
206775,11,1,1033203,Humboldthain Nordwest                                                                               ,1300836,2018,11,18,2,3,2,6,1,0,1,0,0,0,0,0,796461,8236,5829949,81
206776,11,4,4030623,Ernst-Reuter-Platz,4300622,2018,10,11,5,3,6,2,0,0,1,1,0,0,0,1,793684,1566,5826066,533
206777,11,4,4030828,Savignyplatz,4300624,2018,11,9,2,3,3,6,0,0,1,0,0,0,0,0,792971,606,5826014,451
206778,11,10,10020622,Kaulsdorf Nord I                                                                                    ,10200629,2018,10,14,3,3,6,4,0,0,1,1,0,0,0,0,811035,461,5829168,941
206779,11,1,1011304,Karl-Marx-Allee,1100311,2018,11,9,2,3,3,6,0,1,1,0,0,0,0,0,799696,133,5827861,62
206780,11,1,1011203,Unter den Linden S�d,1100206,2018,10,10,5,3,6,4,0,0,1,1,0,0,0,1,797824,3056,5827052,304
206781,11,4,4030930,George-Grosz-Platz,4501041,2018,11,9,2,3,1,5,0,1,1,0,0,0,0,0,793129,6227,5825436,957
206782,11,8,8010404,Rixdorf,8100415,2018,11,9,2,3,2,6,0,0,1,0,0,0,0,0,801661,2822,5823751,708
206783,11,1,1044201,Reinickendorfer Stra�e                                                                              ,1401045,2018,10,12,5,3,3,6,0,0,1,0,0,1,0,1,797030,737,5831894,563
206784,11,9,9020702,Adlershof Ost,9200716,2018,10,14,3,3,2,2,0,0,1,0,0,0,0,0,809084,9706,5819474,822
206785,11,2,2050802,Boxhagener Platz,2500833,2018,10,12,5,3,0,1,0,1,0,0,0,0,0,1,802789,1976,5826949,856
206786,11,2,2020203,Viktoriapark,2200209,2018,10,13,3,3,1,5,0,1,1,0,0,0,0,0,797117,7419,5824092,294
206787,11,5,5010339,Freiheit,5100317,2018,11,10,2,3,2,5,0,0,1,0,0,0,0,0,787795,3299,5828224,951
206788,11,7,7030301,Friedenau,7300517,2018,10,11,5,3,5,7,0,0,1,0,1,0,0,1,794565,5605,5822580,413
206789,11,3,3030715,Heinersdorf,3300516,2018,10,13,3,3,5,1,0,0,0,0,0,0,1,0,800647,968,5834077,779
206790,11,4,4051655,Babelsberger Stra�e,4501153,2018,10,8,5,3,5,7,0,0,1,0,1,0,0,1,794182,4082,5823750,669
206791,11,3,3061228,Erich-Weinert-Stra�e,3601245,2018,11,11,2,3,1,7,0,1,1,0,0,0,0,0,800815,9382,5830898,101
206792,11,3,3020210,Herthaplatz,3200207,2018,10,13,3,3,5,2,0,0,0,0,0,1,1,0,800127,7916,5836221,293
206793,11,10,10040828,Kaulsdorf Nord                                                                                      ,10400835,2018,11,11,2,3,5,3,0,0,1,0,0,0,0,0,812422,7083,5829359,773
206794,11,12,12304313,Borsigwalde,12500930,2018,10,8,5,3,5,2,0,0,1,0,0,1,0,1,792353,6654,5834071,66
206795,11,6,6020303,Lankwitz Kirche                                                                                     ,6200313,2018,10,13,3,3,2,6,0,0,1,0,0,0,0,0,795738,4155,5818889,309
206796,11,1,1011302,Oranienburger Stra�e                                                                                ,1100309,2018,11,12,2,3,5,7,0,0,1,0,0,0,0,0,797645,3691,5828758,437
206797,11,1,1022106,Elberfelder Stra�e                                                                                  ,1200522,2018,10,8,5,3,5,2,0,1,1,0,0,0,0,1,794139,1485,5828274,167
206798,11,10,10040933,Mahlsdorf S�d                                                                                       ,10400940,2018,10,13,3,3,5,2,0,1,1,0,0,0,0,0,812947,4641,5826137,45
206799,11,3,3040512,Wilhelmsruh,3400619,2018,10,8,5,3,5,2,0,1,0,0,0,0,1,1,796044,5817,5835726,686
206800,11,12,12214125,Waldidyll/Flughafensee,12200412,2018,10,12,3,3,5,3,0,0,1,0,0,0,0,0,791740,8797,5833983,59
206801,11,3,3061228,Erich-Weinert-Stra�e,3601245,2018,11,14,2,3,6,4,0,0,1,1,0,0,0,0,800165,4287,5830966,779
206802,11,5,5030833,Motardstra�e                                                                                        ,5300840,2018,10,8,5,2,5,7,0,0,1,0,1,0,0,0,789357,31,5828847,48
206803,11,11,3061430,Volkspark Prenzlauer Berg,3601450,2018,10,12,3,3,5,7,0,0,1,0,0,0,1,0,802523,1849,5829304,355
206804,11,4,4030620,Alt-Lietzow,4300619,2018,10,8,5,3,0,3,0,1,1,0,0,0,0,1,792631,5243,5827088,4
206805,11,7,6020411,Sch�tte-Lanz-Stra�e                                                                                 ,6200423,2018,11,14,2,3,8,1,0,0,1,0,0,0,0,0,795451,6,5816108,321
206806,11,4,4020310,Park Ruhwald,4200308,2018,10,8,5,2,2,2,0,0,1,0,0,0,1,1,790239,855,5828086,821
206807,11,1,1022201,Stephankiez,1200623,2018,10,12,3,3,5,3,0,0,1,0,0,0,0,0,795090,8255,5828857,187
206808,11,1,1044203,Leopoldplatz,1401048,2018,11,15,2,2,5,3,0,1,0,0,0,0,0,0,795187,8717,5831357,949
206809,11,3,3030716,M�rchenland,3300517,2018,10,8,5,3,4,1,0,0,1,0,0,0,0,1,803177,7044,5835428,849
206810,11,8,8010301,Reuterkiez,8100312,2018,11,16,2,3,0,3,1,0,1,0,0,0,1,0,801705,9466,5824250,919
206811,11,4,4030931,Breitscheidplatz,4501042,2018,10,11,3,3,5,7,0,0,1,0,1,0,0,0,793973,143,5825793,497
206812,11,6,6020302,Komponistenviertel Lankwitz,6200312,2018,11,18,2,3,0,2,2,0,0,0,0,0,1,0,795052,127,5819045,92
206813,11,1,1044202,Sparrplatz,1401047,2018,10,7,5,3,5,2,0,1,1,0,0,0,0,1,795356,4847,5830374,937
206814,11,9,9010202,K�penicker Landstra�e,9100203,2018,10,11,3,3,1,5,0,0,1,0,0,0,1,0,804474,5435,5823787,321
206815,11,10,10010310,Alt-Marzahn,10100315,2018,10,6,5,3,6,2,1,0,1,1,0,0,0,1,809827,4955,5830992,887
206816,11,9,9010401,Johannisthal West,9100407,2018,10,10,3,3,3,6,0,1,0,0,0,1,0,0,806362,6699,5821018,539
206817,11,10,10040933,Mahlsdorf S�d                                                                                       ,10400940,2018,10,6,5,3,0,3,1,0,1,0,1,0,0,1,812386,116,5824305,255
206818,11,7,7060603,Marienfelde Nordost,7601238,2018,11,17,2,2,6,4,2,0,1,1,0,0,0,0,798105,6214,5817025,476
206819,11,12,12103219,Sch�fersee,12100204,2018,10,10,3,3,3,6,0,0,1,0,0,0,1,0,795058,7332,5832467,427
206820,11,7,7020201,Bayerischer Platz,7200307,2018,11,17,2,3,2,6,2,0,1,0,0,0,0,0,794942,296,5824378,879
206821,11,5,5010206,G�tersloher Weg,5100208,2018,10,6,5,3,5,2,2,0,1,0,0,0,0,1,781547,29,5830701,787
206822,11,7,7060601,Marienfelder Allee Nordwest,7601236,2018,11,17,2,3,2,6,2,0,1,0,0,0,0,0,796603,232,5816070,383
206823,11,1,1011302,Oranienburger Stra�e                                                                                ,1100309,2018,11,17,2,3,3,2,2,0,1,0,1,0,0,0,798502,736,5829061,103
206824,11,3,3020209,Niedersch�nhausen,3200206,2018,10,5,5,3,5,2,2,1,1,0,0,0,0,1,798343,935,5834830,5
206825,11,6,6030608,Schweizer Viertel,6300632,2018,10,10,3,3,5,3,0,1,0,0,0,1,0,0,791635,9092,5816259,487
206826,11,6,6040808,H�ttenweg,6400842,2018,11,9,2,3,5,7,0,0,1,0,0,0,0,0,790123,583,5819660,883
206827,11,3,3030716,M�rchenland,3300517,2018,10,10,5,3,0,1,0,0,0,0,1,0,0,1,802230,3997,5833774,87
206828,11,2,2010103,Moritzplatz,2100105,2018,11,8,2,3,5,3,0,0,1,0,0,0,0,0,799560,3307,5825860,544
206829,11,10,10020414,Helle Mitte,10200421,2018,10,10,3,3,2,6,0,0,1,0,0,0,1,0,812227,1419,5830722,842
206830,11,6,6020306,Lankwitz S�d                                                                                        ,6200317,2018,11,7,2,2,6,4,0,0,1,1,0,0,0,0,796254,6887,5817010,163
206831,11,1,1011305,Heine-Viertel West,1100312,2018,10,18,4,3,1,5,0,1,1,0,0,0,0,0,799177,5179,5827041,384
206832,11,9,9010402,Johannisthal Ost,9100408,2018,10,9,3,3,5,3,0,1,1,0,0,0,0,0,806565,5057,5820150,26
206833,11,6,6010205,S�dende,6100205,2018,10,9,3,3,2,6,0,0,1,0,0,0,0,0,796061,3984,5819498,396
206834,11,4,4030930,George-Grosz-Platz,4501041,2018,10,10,4,3,5,2,0,1,1,0,0,0,0,0,793134,862,5825609,133
206835,11,3,3010102,Buch,3100102,2018,10,7,3,3,5,3,0,1,0,0,1,0,0,0,804411,5766,5841174,284
206836,11,12,12231101,Hermsdorf,12400723,2018,11,6,2,3,6,7,0,1,1,1,0,0,0,0,792250,5885,5839442,438
206837,11,5,5010314,Carl-Schurz-Stra�e                                                                                  ,5100316,2018,10,16,4,3,1,5,0,0,1,0,0,0,0,0,784116,9611,5829181,34
206838,11,1,1044103,Westliche M�llerstra�e                                                                              ,1400942,2018,10,9,3,2,2,6,0,0,0,0,1,1,0,0,794502,4429,5830692,855
206839,11,8,8010214,Glasower Stra�e,8100209,2018,10,9,4,3,5,3,0,0,1,0,1,0,0,0,801353,1191,5822048,47
206840,11,12,12214527,Alt-Tegel,12200515,2018,11,16,2,3,6,2,0,0,1,1,0,0,0,0,790372,2495,5834885,678
206841,11,1,1011303,Alexanderplatzviertel,1100310,2018,10,8,3,3,0,5,0,1,0,0,0,0,1,1,799582,2153,5828468,853
206842,11,1,1011402,Arkonaplatz,1100416,2018,11,7,2,3,3,6,0,0,1,0,0,1,0,0,798159,3388,5829845,723
206843,11,7,7010102,Nollendorfplatz,7100102,2018,10,10,4,2,6,2,0,0,1,1,0,0,0,0,795199,1599,5825605,639
206844,11,8,8010510,Gewerbegebiet K�llnische Heide,8100521,2018,11,9,2,2,5,3,0,0,1,1,0,0,1,0,802224,759,5822475,989
206845,11,4,4030931,Breitscheidplatz,4501042,2018,10,7,3,3,6,4,0,0,1,1,0,0,0,0,793601,2987,5825750,869
206846,11,12,12231101,Hermsdorf,12400722,2018,11,19,1,2,3,6,1,1,1,0,0,0,0,0,790997,5188,5839022,51
206847,11,9,9051901,Dammvorstadt,9501939,2018,10,10,4,3,2,6,0,0,1,0,0,0,0,1,809637,1514,5821499,943
206848,11,8,8041037,Alt-Rudow,8401243,2018,10,7,3,3,6,2,0,0,0,1,0,0,1,1,805809,1885,5817143,296
206849,11,1,1022204,Thomasiusstra�e                                                                                     ,1200626,2018,10,7,3,3,5,3,0,0,1,0,1,0,0,1,794809,8639,5828307,62
206850,11,12,12214125,Waldidyll/Flughafensee,12200412,2018,10,10,4,3,3,2,0,1,0,0,0,0,1,1,790745,6535,5834201,552
206851,11,4,4030621,Spreestadt,4300620,2018,10,6,3,3,0,5,2,0,1,0,1,0,0,1,793411,4335,5827860,365
206852,11,2,2040703,Wriezener Bahnhof/Entwicklungsgebiet,2500834,2018,11,17,1,3,3,6,1,0,1,0,0,0,0,0,801959,3142,5826795,799
206853,11,4,4051549,Rathaus Wilmersdorf,4501146,2018,10,23,3,3,5,3,2,0,1,0,0,0,0,1,793289,5105,5823932,709
206854,11,8,8010117,Schillerpromenade,8100102,2018,11,17,1,2,6,4,1,0,1,1,0,0,0,0,800494,804,5823185,864
206855,11,3,3020307,Buchholz,3200310,2018,10,18,4,3,5,2,1,1,1,0,0,0,0,0,799955,4316,5838348,462
206856,11,9,9020501,Obersch�neweide West,9200510,2018,10,6,3,3,5,3,1,1,1,0,0,0,0,1,806457,632,5822273,719
206857,11,3,3071536,Teutoburger Platz,3701554,2018,10,8,3,3,3,6,0,1,1,0,0,0,0,1,799063,6178,5830186,249
206858,11,3,3050920,Wei�er See,3500933,2018,10,21,3,3,4,6,2,0,1,0,0,0,1,0,802447,566,5832546,54
206859,11,7,7050504,Imbrosweg,7501032,2018,11,16,1,3,5,2,0,0,1,0,0,0,1,0,800048,928,5820439,326
206860,11,11,11041022,Rosenfelder Ring,11401032,2018,10,20,3,3,6,7,1,0,1,1,0,0,0,0,806577,8333,5827754,103
206861,11,11,11010205,Falkenberg West,11100204,2018,10,18,4,3,2,6,1,0,1,0,0,0,0,0,805943,8642,5833670,564
206862,11,2,2040503,Richard-Sorge-Viertel,2400522,2018,11,14,1,2,5,3,0,1,1,0,0,0,0,0,801520,5859,5828544,607
206863,11,7,7060604,Marienfelde S�d,7601341,2018,10,19,3,3,2,6,2,0,1,0,0,0,0,1,797613,8582,5815547,95
206864,11,8,8010406,Treptower Stra�e Nord,8100419,2018,11,13,1,3,5,3,0,1,1,0,0,0,0,0,802148,2892,5824475,73
206865,11,1,1033101,Soldiner Stra�e                                                                                     ,1300730,2018,10,18,4,2,5,3,1,0,1,0,1,0,0,0,796116,9776,5832241,592
206866,11,6,6040809,Thielallee,6400843,2018,11,11,1,2,1,5,0,0,1,0,0,0,0,0,791660,168,5819425,66
206867,11,4,4030931,Breitscheidplatz,4501042,2018,10,19,3,3,5,7,2,0,1,0,0,0,0,1,793921,5728,5825713,874
206868,11,1,1011301,Charit�viertel,1100308,2018,11,17,1,3,9,1,1,0,0,0,1,0,0,0,797056,2376,5828588,77
206869,11,4,4051446,Preu�enpark,4501043,2018,10,18,4,2,6,4,1,0,1,1,0,0,0,0,792592,3321,5824863,31
206870,11,1,1011305,Heine-Viertel West,1100312,2018,10,19,3,3,5,7,2,1,1,0,0,0,0,1,799665,4307,5827104,788
206871,11,7,7060603,Marienfelde Nordost,7601238,2018,10,18,4,3,1,5,1,1,1,0,0,0,1,0,798149,1716,5815838,969
206872,11,2,2020204,Urbanstra�e,2200210,2018,11,6,1,3,9,1,1,0,1,0,0,0,0,1,798296,3139,5825302,118
206873,11,1,1044201,Reinickendorfer Stra�e                                                                              ,1401043,2018,10,17,4,3,6,2,0,0,1,1,0,0,0,0,795864,3071,5831115,328
206874,11,2,2020205,Chamissokiez,2200211,2018,10,19,3,3,0,4,2,1,0,1,0,0,0,1,798099,6046,5824547,741
206875,11,7,7050501,Rathausstra�e                                                                                       ,7501029,2018,10,17,4,3,2,6,0,0,1,0,0,0,1,0,797569,9429,5819708,164
206876,11,1,1011306,Heine-Viertel Ost,1100313,2018,11,4,1,3,0,1,2,1,0,0,0,0,0,0,800478,12,5826700,311
206877,11,4,4030725,Amtsgerichtsplatz,4300416,2018,10,17,4,3,2,6,0,0,1,0,0,0,0,0,791914,7392,5826217,22
206878,11,6,6020303,Lankwitz Kirche                                                                                     ,6200313,2018,10,19,3,3,1,7,2,0,1,0,0,0,1,1,795310,9575,5818522,593
206879,11,3,3040513,Sch�nholz,3400620,2018,10,16,4,3,5,3,0,1,1,0,0,0,0,0,797412,3571,5833971,488
206880,11,12,12301206,L�bars,12500929,2018,11,3,1,3,9,1,2,0,1,0,0,0,0,0,795804,8424,5838392,897
206881,11,6,6010103,Markelstra�e                                                                                        ,6100103,2018,10,18,3,2,6,4,2,1,0,1,0,0,0,1,793624,8556,5821512,496
206882,11,3,3061126,Arnimplatz,3601141,2018,11,15,7,3,2,6,0,0,1,0,0,0,0,0,798795,7247,5831458,642
206883,11,11,11030720,Herzbergstra�e,11300721,2018,10,15,4,3,5,7,0,0,1,0,0,0,0,0,805403,2916,5829109,964
206884,11,4,4030620,Alt-Lietzow,4300619,2018,11,20,7,2,5,3,2,0,1,0,1,0,0,0,792637,5682,5827414,78
206885,11,2,2050802,Boxhagener Platz,2500833,2018,10,18,3,3,5,2,2,0,1,0,0,0,0,1,802524,1806,5827271,217
206886,11,2,2010103,Moritzplatz,2100104,2018,11,15,7,3,5,3,0,0,1,0,1,0,0,0,799495,9599,5826143,168
206887,11,3,3040614,Pankow Zentrum                                                                                      ,3400721,2018,10,14,4,3,2,6,0,0,1,0,0,0,0,0,798131,2907,5833396,444
206888,11,4,4051448,Schaperstra�e,4501045,2018,10,17,3,3,5,2,2,1,1,0,0,0,0,1,794172,6292,5825316,703
206889,11,11,11030618,Fennpfuhl West,11300617,2018,10,14,4,3,3,6,0,0,1,0,0,1,0,0,803029,8326,5829529,84
206890,11,2,2050602,Samariterviertel,2500727,2018,11,14,7,2,0,1,0,1,0,0,0,0,0,0,802588,4299,5827711,333
206891,11,4,4030930,George-Grosz-Platz,4501041,2018,10,14,4,2,6,4,0,0,1,1,0,0,0,0,793116,5582,5825386,895
206892,11,4,4041136,Hagenplatz,4400728,2018,10,18,3,3,2,6,2,1,1,0,0,0,0,1,789884,457,5823102,462
206893,11,1,1011102,Gro�er Tiergarten,1100102,2018,11,13,7,3,5,3,0,1,1,0,0,0,0,0,794105,7109,5826761,35
206894,11,4,4030828,Savignyplatz,4300624,2018,10,13,4,3,6,7,0,0,1,1,0,0,0,0,793315,2419,5826006,554
206895,11,4,4030827,Karl-August-Platz,4300623,2018,11,13,7,3,5,7,0,1,1,0,0,0,0,0,792708,8438,5826095,399
206896,11,5,5010314,Carl-Schurz-Stra�e                                                                                  ,5100316,2018,10,18,3,3,5,3,2,0,1,0,0,0,0,1,784666,6626,5828832,673
206897,11,6,6040807,Zehlendorf Eiche                                                                                    ,6400841,2018,11,11,7,3,5,3,0,1,1,0,0,0,0,0,790009,8477,5819155,712
206898,11,5,5010101,Hakenfelde Nord,5100101,2018,10,13,4,3,5,3,0,1,1,0,0,0,0,0,781917,2924,5831964,148
206899,11,3,3020210,Herthaplatz,3200207,2018,10,10,3,2,5,2,0,0,1,0,1,0,0,0,799006,7031,5835781,209
206900,11,2,2030302,Lausitzer Platz,2300316,2018,10,12,4,2,6,2,0,0,1,1,0,0,0,0,801153,3362,5825944,677
206901,11,1,1033202,Humboldthain S�d,1300835,2018,10,18,3,3,2,6,0,0,1,0,0,0,0,1,796990,6982,5830500,362
206902,11,1,1011201,Wilhelmstra�e                                                                                       ,1100205,2018,11,11,7,3,5,2,0,1,1,0,0,0,0,0,796960,7328,5826703,413
206903,11,1,1011302,Oranienburger Stra�e                                                                                ,1100309,2018,10,12,4,3,5,2,0,1,1,0,0,0,0,0,798680,9496,5828659,62
206904,11,2,2030301,Oranienplatz,2300314,2018,10,18,3,3,5,3,2,1,1,0,0,0,0,0,800040,9928,5826344,258
206905,11,2,2010101,Askanischer Platz,2100101,2018,11,10,7,3,5,2,0,1,1,0,0,0,0,0,797391,783,5826179,859
206906,11,12,12231101,Hermsdorf,12400723,2018,10,12,4,3,6,7,0,1,0,1,0,0,0,0,792803,3244,5839410,99
206907,11,1,1044103,Westliche M�llerstra�e                                                                              ,1400942,2018,10,18,3,3,6,4,2,0,1,1,0,0,0,1,795030,4912,5831147,474
206908,11,1,1044103,Westliche M�llerstra�e                                                                              ,1400942,2018,10,12,4,3,6,4,0,0,1,1,0,0,0,0,795143,202,5831035,344
206909,11,1,1033101,Soldiner Stra�e                                                                                     ,1300732,2018,11,8,7,3,1,5,0,0,1,0,0,0,1,0,797518,662,5832692,811
206910,11,7,7010104,Dennewitzplatz,7100205,2018,10,10,4,3,3,6,0,0,1,0,1,0,0,1,796359,7887,5824886,309