OBJECTID,LAND,BEZ,LOR,STRASSE,LOR_ab_2021,UJAHR,UMONAT,USTUNDE,UWOCHENTAG,UKATEGORIE,UART,UTYP1,ULICHTVERH,IstRad,IstPKW,IstFuss,IstKrad,IstGkfz,IstSonstig,STRZUSTAND,LINREFX,LINREFY,XGCSWGS84,YGCSWGS84
206911,11,5,5020626,Adamstra�e                                                                                          ,5200630,2018,10,12,3,3,2,6,0,0,1,0,1,0,0,0,783394,7383,5827657,377
206912,11,1,1044203,Leopoldplatz,1401048,2018,11,12,7,3,5,7,0,1,0,0,0,0,1,0,795602,9799,5831756,7
206913,11,10,10040830,Kaulsdorf S�d                                                                                       ,10400837,2018,10,11,4,3,5,3,0,0,1,0,0,0,1,1,810733,8855,5825026,794
206914,11,6,6020305,Gemeindepark Lankwitz,6200315,2018,11,12,6,3,0,7,0,0,0,0,0,0,1,0,795503,2308,5817520,472
206915,11,11,11030824,Frankfurter Allee S�d,11300826,2018,10,5,3,3,6,2,2,0,1,1,0,0,0,1,803847,3239,5827402,768
206916,11,8,8010117,Schillerpromenade,8100103,2018,11,17,6,2,5,2,0,0,1,0,1,0,0,0,800696,1267,5822918,167
206917,11,2,2040702,Weberwiese,2400624,2018,10,11,4,2,1,5,0,0,1,0,1,0,0,0,801793,8331,5827421,42
206918,11,6,6040809,Thielallee,6400843,2018,10,10,3,3,2,6,0,0,1,0,0,0,0,0,792206,2,5820496,468
206919,11,3,3020307,Buchholz,3200308,2018,10,8,3,3,5,3,0,0,1,0,0,0,1,1,799862,4833,5836934,29
206920,11,6,6030504,Teltower Damm,6300528,2018,10,8,4,3,0,3,0,0,0,0,1,1,0,1,789050,1856,5816686,242
206921,11,8,8010404,Rixdorf,8100417,2018,10,7,3,3,0,4,0,1,0,1,0,0,0,1,802525,6034,5823133,783
206922,11,2,2020204,Urbanstra�e,2200210,2018,11,20,6,3,2,6,2,0,1,0,0,0,0,0,798061,6964,5825430,85
206923,11,5,5010207,Darbystra�e                                                                                         ,5100209,2018,10,7,4,3,6,2,0,0,1,1,0,0,0,1,783468,138,5830709,183
206924,11,1,1033101,Soldiner Stra�e                                                                                     ,1300730,2018,10,14,3,3,5,2,0,1,0,0,0,1,0,0,796412,126,5831986,239
206925,11,5,5030731,Gartenfelder Stra�e                                                                                 ,5300737,2018,10,7,4,3,6,2,1,0,1,1,0,0,0,1,786991,4605,5829594,715
206926,11,4,4030827,Karl-August-Platz,4300623,2018,11,17,6,3,5,2,2,0,1,0,0,0,0,0,792718,9877,5826095,117
206927,11,1,1044202,Sparrplatz,1401046,2018,10,12,3,3,2,6,0,0,1,0,0,0,0,0,794633,7681,5829904,699
206928,11,2,2040703,Wriezener Bahnhof/Entwicklungsgebiet,2400625,2018,11,22,6,3,2,6,2,0,1,0,0,0,0,0,801319,8237,5826462,61
206929,11,6,6030605,Botanischer Garten,6300629,2018,10,16,2,3,1,5,0,1,1,0,0,0,0,0,792440,5066,5819625,998
206930,11,8,8020625,Handwerker-Siedlung,8200730,2018,10,6,4,3,6,2,2,0,1,1,0,0,0,1,802504,123,5818945,86
206931,11,2,2020202,Rathaus Yorckstra�e,2200208,2018,11,19,6,2,6,4,1,0,1,1,0,0,0,0,797556,3771,5825121,319
206932,11,10,10040828,Kaulsdorf Nord                                                                                      ,10400835,2018,10,5,2,3,5,2,2,1,1,0,0,0,0,0,811196,9289,5827957,89
206933,11,7,7050503,Eisenacher Stra�e                                                                                   ,7501031,2018,11,16,6,3,5,2,0,0,1,0,0,0,0,0,798346,7006,5820498,33
206934,11,10,10040828,Kaulsdorf Nord                                                                                      ,10400835,2018,10,5,4,2,5,3,2,1,1,0,0,0,0,1,811797,1697,5828680,927
206935,11,1,1022106,Elberfelder Stra�e                                                                                  ,1200522,2018,11,15,6,3,2,6,0,0,1,0,0,0,0,0,793706,5502,5828113,392
206936,11,9,9052001,K�penick Nord                                                                                       ,9502043,2018,10,17,2,3,6,2,2,0,1,1,0,0,0,1,811363,4414,5822557,72
206937,11,6,6010209,Feuerbachstra�e                                                                                     ,6100209,2018,11,15,6,3,5,2,0,1,1,0,0,0,0,0,794409,469,5821499,583
206938,11,11,11030720,Herzbergstra�e,11300721,2018,10,4,4,3,5,2,2,0,1,0,0,0,0,1,805136,6758,5829983,238
206939,11,1,1044201,Reinickendorfer Stra�e                                                                              ,1401045,2018,10,21,2,3,6,4,2,0,1,1,0,0,0,0,796421,9075,5831974,842
206940,11,1,1011302,Oranienburger Stra�e                                                                                ,1100309,2018,10,20,2,3,0,5,2,1,1,0,0,0,0,1,798429,7259,5829045,598
206941,11,8,8010406,Treptower Stra�e Nord,8100419,2018,10,9,3,3,5,3,0,1,0,0,0,0,0,0,802523,7954,5823955,855
206942,11,2,2020203,Viktoriapark,2200209,2018,10,20,2,3,1,5,2,0,1,0,0,0,0,1,797642,4398,5824022,592
206943,11,1,1044202,Sparrplatz,1401047,2018,11,15,6,3,5,3,0,0,1,0,0,0,0,0,795531,1665,5830752,33
206944,11,9,9020701,Adlershof West,9200715,2018,10,20,3,3,5,2,2,1,1,0,0,0,0,1,807402,5331,5818799,94
206945,11,2,2030401,Reichenberger Stra�e,2300417,2018,10,18,2,3,5,3,1,0,1,0,0,0,0,1,800640,6218,5825686,59
206946,11,3,3050923,Wei�enseer Spitze,3500934,2018,10,20,3,3,5,7,2,1,1,0,0,0,0,1,800860,1808,5832071,13
206947,11,8,8020620,Tempelhofer Weg,8200624,2018,11,14,6,3,2,6,0,0,1,0,0,0,0,0,801365,1723,5820308,851
206948,11,9,9051702,B�lschestra�e,9501737,2018,10,18,2,2,5,2,2,0,1,0,0,0,1,1,814593,474,5822110,788
206949,11,1,1044101,Rehberge,1400938,2018,11,14,6,3,2,6,0,0,1,0,0,0,0,0,794098,971,5830298,802
206950,11,1,1022105,Zwinglistra�e                                                                                       ,1200521,2018,10,22,3,3,5,7,2,0,1,0,1,0,0,1,793710,7653,5828426,384
206951,11,1,1022206,L�neburger Stra�e                                                                                   ,1200628,2018,11,19,6,3,5,3,2,0,1,0,0,0,0,0,796464,1401,5828248,98
206952,11,1,1022204,Thomasiusstra�e                                                                                     ,1200626,2018,10,18,2,3,3,6,1,0,1,0,0,1,0,1,794564,1855,5828301,83
206953,11,7,7010104,Dennewitzplatz,7100206,2018,11,9,6,3,0,2,0,1,0,0,1,0,0,0,796693,814,5824817,748
206954,11,9,9020502,Obersch�neweide Ost,9200511,2018,10,22,3,3,5,3,2,0,1,0,0,0,0,1,807080,1121,5822525,2
206955,11,12,12231101,Hermsdorf,12400723,2018,10,21,3,3,2,6,2,0,1,0,0,0,0,1,790822,9294,5839432,922
206956,11,4,4030519,Kaiserin-Augusta-Allee,4300518,2018,11,8,6,3,2,6,0,0,1,0,1,0,0,0,792085,434,5828060,977
206957,11,9,9010401,Johannisthal West,9100407,2018,11,8,6,3,5,3,0,1,1,0,0,0,0,0,805814,4567,5819650,13
206958,11,12,12231101,Hermsdorf,12400722,2018,10,20,3,3,8,1,2,0,1,0,0,0,0,1,790533,4814,5837192,88
206959,11,6,6010101,Fichtenberg,6100101,2018,10,18,2,3,2,6,1,0,1,0,0,0,0,1,793284,9095,5821095,72
206960,11,11,11010309,Zingster Stra�e West,11100308,2018,10,20,3,3,6,2,2,0,1,1,0,0,0,1,804534,6146,5833829,222
206961,11,1,1033203,Humboldthain Nordwest                                                                               ,1300836,2018,10,18,2,3,0,5,1,0,1,0,1,0,0,1,796616,2912,5830127,659
206962,11,9,9010401,Johannisthal West,9100407,2018,11,3,6,3,9,1,2,0,1,0,0,0,0,1,805521,3648,5821501,445
206963,11,7,7050501,Rathausstra�e                                                                                       ,7501029,2018,10,19,3,3,5,7,2,0,1,0,0,0,0,1,797702,176,5819245,741
206964,11,3,3030715,Heinersdorf,3300516,2018,10,17,2,3,2,6,1,0,1,0,0,0,0,1,801140,9349,5833195,756
206965,11,7,7070704,Nahariyastra�e                                                                                      ,7601545,2018,10,18,3,3,6,2,2,0,1,1,0,0,0,1,800651,8653,5814135,652
206966,11,8,8030831,Gropiusstadt Ost,8301037,2018,11,13,6,3,5,3,0,1,1,0,0,0,0,0,804698,1327,5817818,192
206967,11,1,1044202,Sparrplatz,1401046,2018,10,17,2,3,5,7,1,0,1,0,1,0,0,1,795114,7396,5830357,723
206968,11,4,4051448,Schaperstra�e,4501045,2018,11,12,6,2,2,6,0,0,1,0,0,0,0,0,793506,2389,5825346,238
206969,11,12,12103115,Breitkopfbecken,12100103,2018,10,18,3,2,6,4,2,0,1,1,0,0,0,1,796086,6092,5833932,585
206970,11,3,3040513,Sch�nholz,3400620,2018,10,16,2,3,2,6,2,0,1,0,0,0,0,1,797424,3811,5833964,97
206971,11,5,5010204,Griesingerstra�e                                                                                    ,5100206,2018,11,11,6,3,5,7,0,1,1,0,0,0,0,0,781740,399,5831180,2
206972,11,4,4041344,R�desheimer Platz,4400835,2018,10,18,3,3,5,2,2,1,1,0,0,0,0,1,792986,8647,5822304,701
206973,11,3,3061227,Humannplatz,3601244,2018,10,14,2,2,6,4,0,0,1,1,0,0,0,0,800288,618,5831598,587
206974,11,4,4041241,Breite Stra�e,4400832,2018,10,18,3,3,6,2,2,0,1,1,0,0,0,1,791327,4293,5822559,75
206975,11,6,6010101,Fichtenberg,6100101,2018,11,10,6,3,6,2,0,0,0,1,0,0,1,0,793516,926,5820622,977
206976,11,1,1011304,Karl-Marx-Allee,1100311,2018,10,17,3,3,5,2,1,1,1,0,0,0,0,1,799727,578,5827761,402
206977,11,5,5030832,Rohrdamm,5300839,2018,10,14,2,2,5,3,0,1,1,0,0,0,0,0,789003,3711,5829788,27
206978,11,9,9020701,Adlershof West,9200715,2018,11,10,6,2,5,2,0,0,1,0,0,0,0,0,807698,3525,5818374,214
206979,11,1,1033102,Gesundbrunnen,1300733,2018,10,16,3,3,6,4,1,0,1,1,0,0,0,1,797342,7226,5831210,693
206980,11,8,8010510,Gewerbegebiet K�llnische Heide,8100521,2018,10,14,2,3,5,3,0,1,1,0,0,0,0,0,802482,6435,5822558,432
206981,11,1,1011204,Leipziger Stra�e                                                                                    ,1100207,2018,10,16,3,3,5,3,2,0,1,0,0,0,0,1,798484,5994,5826666,731
206982,11,8,8010404,Rixdorf,8100415,2018,11,20,6,3,0,2,2,0,0,1,0,0,1,0,802030,5139,5823470,677
206983,11,6,6020302,Komponistenviertel Lankwitz,6200312,2018,10,16,3,3,5,3,0,0,1,0,1,0,0,1,794326,6924,5819194,985
206984,11,4,4010103,Paul-Hertz-Siedlung,4100102,2018,10,13,2,2,2,6,0,0,1,0,1,0,0,0,791134,594,5829152,731
206985,11,4,4030622,Richard-Wagner-Stra�e,4300621,2018,11,9,6,3,2,2,0,0,1,0,0,0,0,0,792205,6899,5826881,289
206986,11,2,2050602,Samariterviertel,2500729,2018,10,14,3,3,2,6,0,1,0,0,0,0,0,1,803310,9195,5827758,486
206987,11,1,1011105,N�rdlicher Landwehrkanal                                                                            ,1100102,2018,11,9,6,3,2,6,0,0,1,0,0,0,0,0,795744,2794,5826342,518
206988,11,3,3061227,Humannplatz,3601244,2018,10,13,2,3,5,3,0,0,1,0,1,0,0,0,800053,938,5831273,94
206989,11,2,2030301,Oranienplatz,2300314,2018,11,8,6,3,2,6,0,1,1,0,0,0,0,0,799983,6362,5826185,973
206990,11,7,7040403,Manteuffelstra�e                                                                                    ,7400823,2018,10,11,3,3,0,1,0,0,0,0,1,0,0,1,796892,958,5822248,399
206991,11,1,1011105,N�rdlicher Landwehrkanal                                                                            ,1100102,2018,10,12,2,3,2,6,0,0,1,0,0,0,1,0,796628,6328,5826693,911
206992,11,8,8020619,Buschkrugallee Nord,8200623,2018,10,15,3,2,2,6,0,0,1,0,0,0,0,1,802670,6657,5820766,591
206993,11,4,4041137,Flinsberger Platz,4400727,2018,10,9,2,3,5,3,0,0,1,0,0,0,0,0,791498,1661,5824393,553
206994,11,1,1044203,Leopoldplatz,1401049,2018,10,15,3,3,1,5,0,0,1,0,0,0,1,1,795764,4882,5831863,117
206995,11,6,6010208,Bergstra�e                                                                                          ,6100208,2018,11,23,5,3,1,1,2,0,1,0,0,0,1,0,794336,7569,5820774,322
206996,11,7,7060603,Marienfelde Nordost,7601238,2018,10,14,3,3,5,3,0,1,1,0,0,0,0,1,798684,3106,5816535,79
206997,11,9,9030901,Dorf Altglienicke,9300920,2018,10,21,2,2,8,1,2,0,1,0,0,0,0,1,809520,86,5816929,116
206998,11,2,2050802,Boxhagener Platz,2500834,2018,11,23,5,3,6,7,2,1,0,1,0,0,0,0,803028,4748,5826552,855
206999,11,10,10030726,Alt-Biesdorf,10300733,2018,10,14,3,3,5,3,0,0,1,0,1,0,0,1,809067,5973,5826821,185
207000,11,2,2050801,Traveplatz,2500830,2018,11,22,5,3,5,3,2,1,0,0,0,0,1,0,802145,725,5827550,494
207001,11,2,2050801,Traveplatz,2500830,2018,10,17,2,3,0,1,1,1,0,0,0,0,0,1,802238,1611,5827515,439
207002,11,1,1011204,Leipziger Stra�e                                                                                    ,1100207,2018,11,19,5,3,1,5,2,1,1,0,0,0,0,0,798536,6278,5826785,111
207003,11,4,4041135,Hundekehle,4400729,2018,10,14,3,3,1,3,0,0,1,0,0,0,0,1,790543,9662,5822470,671
207004,11,2,2050802,Boxhagener Platz,2500833,2018,10,8,2,3,5,3,0,0,1,0,1,0,0,0,802460,6793,5827054,917
207005,11,10,10040931,Mahlsdorf Nord                                                                                      ,10400938,2018,10,6,2,2,5,3,1,0,1,0,1,0,0,0,813790,6902,5830052,126
207006,11,4,4030931,Breitscheidplatz,4501042,2018,11,19,5,3,5,3,2,0,1,0,0,0,0,0,794318,6475,5825584,369
207007,11,9,9041301,Kietzer Feld/Nachtheide                                                                             ,9401329,2018,10,2,2,2,7,7,2,0,1,0,0,0,0,1,814331,8734,5818373,39
207008,11,1,1011201,Wilhelmstra�e                                                                                       ,1100205,2018,11,18,5,2,5,3,2,0,1,0,1,0,0,0,796995,3952,5826610,555
207009,11,11,11020412,Hauptstra�e,11200411,2018,10,13,3,3,5,3,0,0,0,0,0,0,1,1,806390,9234,5831399,42
207010,11,8,8020619,Buschkrugallee Nord,8200622,2018,10,19,1,3,5,7,1,0,1,0,1,0,0,1,801231,7142,5821642,252
207011,11,1,1044202,Sparrplatz,1401047,2018,10,17,1,3,1,5,1,1,1,0,0,0,0,0,795441,8889,5830190,842
207012,11,7,7060604,Marienfelde S�d,7601341,2018,10,13,3,3,8,1,0,0,1,0,0,0,0,1,797640,4465,5815498,725
207013,11,6,6040703,Nikolassee,6400737,2018,10,17,1,2,6,4,1,0,0,1,0,0,1,1,784993,5409,5817407,682
207014,11,4,4030930,George-Grosz-Platz,4501041,2018,11,18,5,3,0,3,2,0,1,0,0,0,1,0,792840,933,5825512,719
207015,11,8,8010118,Silbersteinstra�e,8100104,2018,10,13,3,3,1,5,0,0,1,0,0,0,0,1,800749,6827,5822788,616
207016,11,8,8010301,Reuterkiez,8100312,2018,10,17,1,3,5,3,1,0,1,0,1,0,0,0,801627,83,5824146,46
207017,11,2,2040502,Friedenstra�e,2400521,2018,10,13,3,2,3,1,0,1,1,0,0,0,0,1,800435,7937,5828028,875
207018,11,6,6010102,Schlo�stra�e                                                                                        ,6100102,2018,11,17,5,3,2,2,2,0,1,1,0,0,0,0,793786,1645,5820801,853
207019,11,1,1011201,Wilhelmstra�e                                                                                       ,1100205,2018,10,14,1,3,1,5,0,1,0,0,0,0,1,0,797089,7113,5827152,693
207020,11,11,11030618,Fennpfuhl West,11300617,2018,11,17,5,2,5,3,2,1,0,0,0,0,1,0,803125,8826,5829571,8
207021,11,10,10030724,Oberfeldstra�e                                                                                      ,10300731,2018,10,13,3,2,0,2,0,1,1,0,0,0,0,1,809641,3716,5829675,99
207022,11,4,4030725,Amtsgerichtsplatz,4300416,2018,11,16,5,3,2,6,1,0,1,0,0,0,0,0,791873,3285,5826552,221
207023,11,8,8041036,Zittauer Stra�e,8401242,2018,10,12,1,2,3,6,0,1,1,0,0,0,0,0,804794,8433,5816248,34
207024,11,3,3030716,M�rchenland,3300517,2018,11,16,5,3,5,3,1,0,1,0,0,0,0,0,803151,7721,5833550,182
207025,11,8,8041036,Zittauer Stra�e,8401242,2018,10,13,3,2,0,6,0,0,1,0,1,0,0,1,805124,9219,5817442,658
207026,11,1,1022206,L�neburger Stra�e                                                                                   ,1200628,2018,10,21,1,2,5,3,2,0,1,0,0,0,0,1,795724,397,5828198,721
207027,11,4,4030929,Hindemithplatz,4501040,2018,10,21,1,2,6,2,2,0,1,1,0,0,0,1,792707,731,5825448,481
207028,11,12,12231101,Hermsdorf,12400722,2018,10,12,3,3,4,6,0,0,1,0,0,0,1,1,790551,5733,5837240,851
207029,11,3,3050923,Wei�enseer Spitze,3500934,2018,10,18,1,3,2,2,1,0,1,0,0,0,0,0,800324,457,5831637,7
207030,11,7,7040403,Manteuffelstra�e                                                                                    ,7400825,2018,11,8,5,3,5,3,0,0,1,0,0,0,0,0,797342,137,5820582,188
207031,11,12,12214424,Scharnweberstra�e                                                                                   ,12200309,2018,10,12,3,3,3,6,0,0,1,0,0,0,0,1,793534,2527,5832392,438
207032,11,1,1011302,Oranienburger Stra�e                                                                                ,1100309,2018,10,16,1,3,0,1,0,1,0,0,0,0,0,0,798037,3488,5828921,429
207033,11,3,3061126,Arnimplatz,3601140,2018,10,11,3,2,0,7,0,0,1,0,0,0,0,1,798402,9553,5831470,769
207034,11,1,1011301,Charit�viertel,1100308,2018,11,16,5,3,0,1,0,1,0,0,0,0,0,0,797468,637,5828833,573
207035,11,1,1011301,Charit�viertel,1100308,2018,10,11,3,3,1,5,0,1,1,0,0,0,0,1,797141,7104,5827792,403
207036,11,7,7060603,Marienfelde Nordost,7601238,2018,10,11,1,3,8,1,0,0,1,0,0,0,0,0,797437,81,5817428,762
207037,11,9,9020701,Adlershof West,9200715,2018,11,16,5,3,2,6,0,0,1,0,0,0,0,0,809176,629,5818316,854
207038,11,4,4051549,Rathaus Wilmersdorf,4501146,2018,10,10,3,3,2,2,0,1,1,0,0,0,0,1,792960,6295,5823914,212
207039,11,12,12302108,M�rkisches Zentrum,12601134,2018,10,10,1,3,7,7,0,0,0,0,0,0,1,0,794822,5133,5837247,262
207040,11,6,6020409,K�nigsberger Stra�e                                                                                 ,6200421,2018,10,9,3,3,2,6,0,0,1,0,0,0,0,1,793310,55,5817696,177
207041,11,3,3040818,Pankow S�d                                                                                          ,3400826,2018,11,15,5,2,5,7,0,0,1,0,1,0,0,0,798846,9373,5832763,8
207042,11,1,1011306,Heine-Viertel Ost,1100313,2018,10,10,1,3,5,3,0,1,1,0,0,0,0,0,800480,3165,5826685,624
207043,11,7,7010102,Nollendorfplatz,7100102,2018,11,15,5,3,1,5,0,0,1,0,0,0,0,0,795022,5401,5825094,506
207044,11,4,4041137,Flinsberger Platz,4400727,2018,10,9,3,3,5,3,0,0,0,0,1,0,0,1,791676,9936,5823724,794
207045,11,8,8010212,Rollberg,8100207,2018,11,14,5,3,5,2,0,1,0,0,0,0,1,0,800971,1314,5823485,32
207046,11,2,2010102,Mehringplatz,2100103,2018,10,1,1,3,5,3,2,0,1,0,0,0,0,0,798538,3532,5826261,189
207047,11,7,7070701,Kettinger Stra�e/Schillerstra�e                                                                     ,7601442,2018,11,13,5,3,5,2,0,0,1,0,0,0,0,0,799273,8146,5816257,537
207048,11,11,11030619,Fennpfuhl Ost,11300620,2018,10,8,3,3,2,6,0,0,1,0,0,0,0,0,803769,9708,5829792,74
207049,11,8,8010301,Reuterkiez,8100310,2018,10,0,1,3,6,4,2,0,1,1,0,0,0,0,800637,9908,5824917,444
207050,11,10,10040828,Kaulsdorf Nord                                                                                      ,10400835,2018,10,7,3,3,5,3,1,1,1,0,0,0,0,1,811346,629,5828406,815
207051,11,10,10040931,Mahlsdorf Nord                                                                                      ,10400938,2018,11,9,5,3,1,5,0,0,1,0,0,0,1,0,812843,1036,5828256,183
207052,11,4,4030623,Ernst-Reuter-Platz,4300622,2018,11,17,7,3,6,4,2,0,0,1,1,0,0,0,793041,9764,5826935,259
207053,11,4,4051653,Prager Platz,4501152,2018,11,19,3,3,2,6,2,0,1,0,0,0,0,1,793993,5058,5824429,358
207054,11,8,8020622,Parchimer Allee,8200727,2018,11,16,7,3,5,7,1,0,1,0,1,0,0,0,802769,8007,5819517,573
207055,11,6,6020409,K�nigsberger Stra�e                                                                                 ,6200421,2018,11,15,3,3,2,5,0,0,1,0,0,0,1,1,793652,5079,5818161,94
207056,11,9,9030903,K�lner Viertel,9300923,2018,11,15,7,3,6,4,0,0,1,1,0,0,0,0,808965,4521,5815605,445
207057,11,3,3061228,Erich-Weinert-Stra�e,3601245,2018,11,9,2,3,5,3,0,0,0,0,1,0,1,0,801002,7163,5831324,97
207058,11,8,8010406,Treptower Stra�e Nord,8100419,2018,11,15,7,3,5,2,0,0,1,0,1,0,0,0,802526,8577,5824231,21
207059,11,5,5030730,Zitadellenweg,5300736,2018,11,5,2,3,2,6,2,0,1,0,0,0,0,1,786845,1211,5829300,16
207060,11,1,1011101,St�lerstra�e                                                                                        ,1100101,2018,11,14,7,3,0,1,0,1,0,0,0,0,0,0,795335,9609,5826272,879
207061,11,5,5010103,Amorbacher Weg,5100105,2018,11,16,3,3,5,3,1,1,1,0,0,0,0,1,784119,925,5830471,241
207062,11,3,3040614,Pankow Zentrum                                                                                      ,3400725,2018,11,13,7,3,2,6,0,0,1,0,1,0,0,0,800053,4154,5835693,212
207063,11,7,7060604,Marienfelde S�d,7601339,2018,11,8,3,3,2,6,0,0,1,0,0,0,0,1,795786,4495,5816028,166
207064,11,3,3040614,Pankow Zentrum                                                                                      ,3400725,2018,11,13,7,3,5,3,0,1,1,0,0,0,0,0,799981,2046,5835115,6
207065,11,12,12214527,Alt-Tegel,12200515,2018,11,12,7,3,2,6,0,0,1,0,0,0,0,0,790192,5328,5835817,199
207066,11,10,10010204,Wuhletalstra�e                                                                                      ,10100206,2018,11,14,3,3,2,6,0,0,1,0,1,0,0,1,809692,671,5833229,929
207067,11,1,1044102,Schillerpark,1400941,2018,11,12,7,3,5,3,0,0,1,0,0,0,0,0,794058,408,5832125,293
207068,11,5,5010310,Eckschanze,5100312,2018,11,17,1,2,0,1,1,0,0,0,1,0,0,1,784680,1492,5830747,856
207069,11,2,2030301,Oranienplatz,2300314,2018,11,17,1,2,0,5,2,0,1,0,1,0,0,1,800040,3844,5826342,586
207070,11,12,12214125,Waldidyll/Flughafensee,12200414,2018,11,11,7,3,5,3,0,1,1,0,0,0,0,0,788037,5551,5830946,387
207071,11,7,7010101,Wittenbergplatz/Viktoria-Luise-Platz,7100101,2018,11,20,1,3,0,7,2,1,0,0,0,0,0,0,794674,2098,5825076,195
207072,11,12,12103219,Sch�fersee,12100204,2018,11,7,7,3,5,3,0,0,1,0,0,0,0,0,795642,8807,5833008,355
207073,11,3,3040818,Pankow S�d                                                                                          ,3400830,2018,11,10,7,3,5,3,0,1,1,0,0,0,0,0,799045,9758,5833040,844
207074,11,8,8010404,Rixdorf,8100417,2018,11,12,3,2,2,6,0,0,1,0,0,0,0,1,802603,269,5823076,336
207075,11,8,8010508,Wei�e Siedlung,8100520,2018,11,11,7,3,0,3,0,1,1,0,0,0,0,0,803094,5736,5822630,881
207076,11,9,9031001,Bohnsdorf,9301025,2018,11,11,7,3,5,2,0,0,1,0,0,0,1,1,810984,7092,5814256,23
207077,11,2,2040502,Friedenstra�e,2400521,2018,11,8,3,3,5,2,0,1,1,0,0,0,0,1,800725,5025,5827976,69
207078,11,1,1011102,Gro�er Tiergarten,1100102,2018,11,11,7,3,2,6,0,0,1,0,0,0,0,0,795156,6859,5827062,51
207079,11,2,2010102,Mehringplatz,2100102,2018,11,21,7,3,5,3,2,0,1,0,0,0,0,0,798096,8913,5826200,806
207080,11,6,6040806,Fischtal,6400840,2018,11,18,6,3,2,7,2,0,1,0,1,0,0,0,788996,4974,5820047,632
207081,11,3,3030405,Karow Nord                                                                                          ,3300411,2018,11,7,6,3,5,3,0,0,1,0,0,0,0,0,804248,2929,5838676,399
207082,11,1,7010102,Nollendorfplatz,7100102,2018,11,7,6,3,0,2,0,1,0,0,0,0,1,1,795426,3789,5825792,877
207083,11,4,4030725,Amtsgerichtsplatz,4300416,2018,11,13,6,3,1,5,0,1,1,0,0,0,0,0,791940,2983,5826084,111
207084,11,2,2020204,Urbanstra�e,2200210,2018,11,9,3,3,5,3,0,1,1,0,0,0,0,1,798043,4069,5824863,697
207085,11,1,1022104,Emdener Stra�e                                                                                      ,1200520,2018,11,21,6,3,3,6,2,0,1,0,1,0,0,0,794282,32,5828451,623
207086,11,9,9051901,Dammvorstadt,9501939,2018,11,19,6,3,4,2,2,1,1,0,0,0,0,0,810938,5402,5821589,185
207087,11,4,4031032,Halensee,4500937,2018,11,0,2,3,2,6,2,0,1,0,0,0,0,1,791287,639,5825021,501
207088,11,2,2020203,Viktoriapark,2200208,2018,11,8,6,3,0,2,0,1,0,0,0,0,1,1,797842,2244,5824926,622
207089,11,8,8020625,Handwerker-Siedlung,8200730,2018,11,18,6,2,1,5,2,0,1,0,0,0,0,0,801450,1844,5818345,448
207090,11,4,4041241,Breite Stra�e,4400832,2018,11,9,6,3,6,4,0,0,1,1,0,0,0,1,791640,594,5822455,656
207091,11,1,1011203,Unter den Linden S�d,1100206,2018,11,7,3,3,6,4,2,0,1,1,0,0,0,1,797796,1237,5827255,72
207092,11,2,2040701,Andreasviertel,2400521,2018,11,9,6,3,0,1,0,1,0,0,0,0,0,1,800720,6937,5827902,37
207093,11,1,1011204,Leipziger Stra�e                                                                                    ,1100207,2018,11,15,6,3,5,3,0,0,1,0,0,0,0,0,797998,5477,5826796,59
207094,11,7,7060601,Marienfelder Allee Nordwest,7601236,2018,11,7,3,3,5,3,0,0,1,0,1,0,0,1,796458,8612,5816469,1
207095,11,4,4051655,Babelsberger Stra�e,4501153,2018,11,9,6,3,5,3,0,1,1,0,0,0,0,1,794070,2915,5823687,613
207096,11,7,7070703,John-Locke-Stra�e                                                                                   ,7601544,2018,11,15,6,3,8,1,0,0,1,0,0,0,0,0,798787,339,5814304,993
207097,11,3,3050923,Wei�enseer Spitze,3500934,2018,11,18,2,2,6,4,2,0,1,1,0,0,0,0,801046,4228,5831662,693
207098,11,6,6020408,Lichterfelde S�d                                                                                    ,6200420,2018,11,8,6,3,2,6,0,0,1,0,0,1,0,1,792355,165,5815590,708