OBJECTID,LAND,BEZ,LOR,STRASSE,LOR_ab_2021,UJAHR,UMONAT,USTUNDE,UWOCHENTAG,UKATEGORIE,UART,UTYP1,ULICHTVERH,IstRad,IstPKW,IstFuss,IstKrad,IstGkfz,IstSonstig,STRZUSTAND,LINREFX,LINREFY,XGCSWGS84,YGCSWGS84
207099,11,1,1011401,Invalidenstra�e                                                                                     ,1100415,2018,11,15,2,3,0,5,0,1,1,0,0,0,0,0,798195,1986,5829614,3
207100,11,11,11030720,Herzbergstra�e,11300721,2018,11,17,1,2,3,6,1,0,1,0,0,1,0,1,804436,465,5829898,254
207101,11,8,8030829,Gropiusstadt Nord,8300934,2018,11,15,6,3,6,7,0,0,1,1,0,0,0,0,802879,756,5818253,82
207102,11,7,7060604,Marienfelde S�d,7601339,2018,11,18,3,3,5,3,2,1,1,0,0,0,0,1,795648,1532,5816048,97
207103,11,4,4020311,Reichsstra�e,4200310,2018,11,8,6,3,5,3,0,0,1,0,0,0,0,1,789494,3847,5826804,389
207104,11,4,4030518,Tegeler Weg,4300517,2018,11,14,3,3,2,6,0,0,1,0,0,0,0,1,791462,7244,5828267,8
207105,11,11,11040926,Weitlingstra�e,11400929,2018,11,15,6,3,5,3,0,0,1,0,0,0,0,0,805377,1982,5826742,751
207106,11,11,11040926,Weitlingstra�e,11400929,2018,11,17,1,3,5,3,1,0,1,0,0,0,0,1,805553,1983,5826937,145
207107,11,8,8010213,K�rnerpark,8100208,2018,11,17,1,3,5,3,1,0,1,0,0,0,0,1,801200,7551,5822627,961
207108,11,6,6040804,Krumme Lanke,6400838,2018,11,8,6,3,5,2,0,0,1,0,0,0,0,1,788141,9544,5818739,697
207109,11,7,7040401,Neu-Tempelhof,7400720,2018,11,13,2,3,3,6,0,0,1,0,0,0,0,0,797300,251,5822544,814
207110,11,3,3050924,Behaimstra�e,3500935,2018,11,8,6,3,1,5,0,1,1,0,0,0,0,1,801700,227,5831501,638
207111,11,4,4041136,Hagenplatz,4400728,2018,11,11,2,2,5,2,0,0,1,0,1,0,0,1,790666,3414,5823276,351
207112,11,2,2020205,Chamissokiez,2200211,2018,11,18,1,2,6,4,2,0,1,1,0,0,0,1,797808,2285,5824519,947
207113,11,11,11040926,Weitlingstra�e,11400929,2018,11,14,6,3,5,3,0,0,1,0,0,0,0,0,804792,4115,5826631,812
207114,11,9,9031101,Gr�nau,9301126,2018,11,7,2,2,0,1,0,1,0,0,0,0,0,1,810986,5071,5818178,56
207115,11,2,2010104,Wassertorplatz,2100106,2018,11,14,6,3,6,4,0,0,1,1,0,0,0,0,799048,6754,5825596,196
207116,11,12,12214424,Scharnweberstra�e                                                                                   ,12200309,2018,11,14,3,3,8,1,0,0,1,0,0,0,0,1,793207,228,5832398,554
207117,11,7,7030301,Friedenau,7300517,2018,11,8,6,3,6,2,0,0,1,1,0,0,0,1,794428,8375,5822328,87
207118,11,3,3040614,Pankow Zentrum                                                                                      ,3400724,2018,11,13,3,3,2,6,0,0,1,0,0,0,0,1,800004,6797,5834939,35
207119,11,8,8010301,Reuterkiez,8100312,2018,11,14,6,3,6,4,0,0,1,1,0,0,0,0,801463,787,5823897,458
207120,11,1,1044202,Sparrplatz,1401047,2018,11,17,1,2,1,5,2,0,1,0,1,0,0,1,795467,1767,5830667,577
207121,11,11,11041128,Sewanstra�e,11401136,2018,11,6,6,3,2,6,0,0,1,0,0,1,0,1,805899,9727,5825850,525
207122,11,4,4010102,Pl�tzensee,4100101,2018,11,21,1,3,2,6,2,0,1,0,1,0,0,1,791638,4218,5830678,603
207123,11,1,1011203,Unter den Linden S�d,1100206,2018,11,5,6,3,5,3,2,0,1,0,0,0,1,1,797958,7638,5827080,145
207124,11,4,4020314,Messegel�nde,4200311,2018,11,13,6,3,5,7,0,0,1,0,0,0,0,0,790145,2384,5825392,656
207125,11,5,5010204,Griesingerstra�e                                                                                    ,5100206,2018,11,12,3,2,5,7,0,0,1,0,0,0,0,1,781704,5244,5831318,765
207126,11,4,4030623,Ernst-Reuter-Platz,4300622,2018,11,7,6,3,1,5,1,1,1,0,0,0,0,1,793962,1497,5826804,4
207127,11,4,4030726,Droysenstra�e,4500936,2018,11,13,6,3,2,6,0,1,1,0,0,0,0,0,792267,146,5825444,198
207128,11,8,8020619,Buschkrugallee Nord,8200623,2018,11,14,3,3,0,4,0,1,0,1,0,0,0,1,801358,7452,5821240,665
207129,11,4,4030930,George-Grosz-Platz,4501041,2018,11,1,6,3,0,1,2,1,0,0,0,0,0,0,793054,3461,5825587,351
207130,11,5,5020626,Adamstra�e                                                                                          ,5200630,2018,11,12,6,3,4,6,0,1,0,0,0,0,0,0,784526,1193,5828040,195
207131,11,3,3030715,Heinersdorf,3300516,2018,11,12,3,3,0,7,0,0,1,0,0,0,0,1,801111,1535,5834105,675
207132,11,1,1044203,Leopoldplatz,1401048,2018,11,5,6,3,2,6,1,0,1,0,1,0,0,1,795426,656,5831539,616
207133,11,5,5020625,Borkumer Stra�e                                                                                     ,5200629,2018,11,8,3,2,6,2,0,0,1,1,0,0,0,1,784706,861,5828587,713
207134,11,4,4051445,Eisenzahnstra�e,4500939,2018,11,12,6,3,5,2,0,0,1,0,0,0,1,1,792443,979,5824116,922
207135,11,4,4041136,Hagenplatz,4400728,2018,11,12,6,3,5,2,0,0,1,0,0,0,0,1,790686,1989,5822702,86
207136,11,8,8010213,K�rnerpark,8100208,2018,11,11,6,3,5,3,0,0,1,0,0,0,0,0,801029,2916,5822499,617
207137,11,9,9020701,Adlershof West,9200715,2018,11,11,6,3,5,2,0,0,1,0,0,0,0,0,807713,4836,5818117,82
207138,11,6,6040805,Fischerh�ttenstra�e                                                                                 ,6400839,2018,11,7,3,3,6,4,0,0,1,1,0,0,0,1,788175,3489,5818714,309
207139,11,3,3061441,Eldenaer Stra�e,3601453,2018,11,10,6,3,5,3,0,0,1,0,0,0,0,0,802898,2152,5828628,843
207140,11,2,2020203,Viktoriapark,2200207,2018,11,13,6,3,0,7,0,0,1,0,0,0,0,0,797230,373,5824821,147
207141,11,8,8010117,Schillerpromenade,8100102,2018,11,15,1,3,0,1,0,0,1,0,0,0,0,1,800177,48,5823644,637
207142,11,7,7010102,Nollendorfplatz,7100102,2018,11,19,1,3,8,1,2,0,1,0,0,0,0,1,795493,2876,5825553,796
207143,11,5,5030731,Gartenfelder Stra�e                                                                                 ,5300737,2018,11,19,2,3,5,2,1,0,1,0,0,0,0,0,788032,2053,5829373,52
207144,11,1,1033102,Gesundbrunnen,1300733,2018,11,18,6,3,2,6,2,0,1,0,0,0,0,0,797139,7304,5831385,825
207145,11,5,5010314,Carl-Schurz-Stra�e                                                                                  ,5100316,2018,11,16,2,3,5,2,1,1,1,0,0,0,0,0,783788,7148,5829112,407
207146,11,1,1033102,Gesundbrunnen,1300733,2018,11,17,6,3,3,6,2,1,1,0,0,0,0,0,797203,829,5831349,433
207147,11,10,10010308,Marzahner Chaussee,10100311,2018,11,17,6,3,2,6,2,0,1,0,0,0,0,0,806486,7421,5829658,825
207148,11,1,1011104,K�rnerstra�e                                                                                        ,1100104,2018,11,17,3,3,3,6,2,1,0,0,0,0,1,0,796428,1387,5825517,567
207149,11,2,2040502,Friedenstra�e,2400521,2018,11,7,3,3,5,2,0,0,1,0,1,0,0,1,800680,906,5828487,399
207150,11,8,8010118,Silbersteinstra�e,8100105,2018,11,8,6,3,0,2,0,1,1,0,0,0,0,0,801081,5918,5821967,616
207151,11,7,7030303,Grazer Platz,7300619,2018,11,18,5,3,1,5,2,1,1,0,0,0,0,0,795004,3665,5822160,669
207152,11,1,1044203,Leopoldplatz,1401049,2018,11,15,1,3,1,1,0,0,1,0,1,0,0,1,795755,1286,5831901,667
207153,11,7,7040405,Rathaus Tempelhof,7400927,2018,11,12,2,3,5,3,0,0,1,0,0,0,1,0,798837,1913,5821787,763
207154,11,11,11010310,M�hlengrund,11100309,2018,11,22,5,3,5,3,2,0,1,0,0,0,1,0,805792,946,5833214,63
207155,11,6,6010102,Schlo�stra�e                                                                                        ,6100102,2018,11,14,2,3,2,6,0,0,1,0,0,0,0,0,793523,7852,5820664,984
207156,11,12,12103117,Letteplatz,12100101,2018,11,17,1,3,5,2,2,0,1,0,0,0,0,1,795782,9008,5832578,345
207157,11,8,8010117,Schillerpromenade,8100102,2018,11,21,5,3,1,5,2,1,1,0,0,0,0,0,800520,2321,5823423,653
207158,11,6,6020303,Lankwitz Kirche                                                                                     ,6200313,2018,11,17,3,2,6,4,2,0,1,1,0,0,0,1,795400,3236,5818163,668
207159,11,4,4010101,Jungfernheide,4100101,2018,11,19,5,3,2,6,2,0,1,0,1,0,0,0,791325,1643,5830671,567
207160,11,1,1033102,Gesundbrunnen,1300733,2018,11,13,1,3,5,3,0,0,1,0,0,0,0,1,797357,655,5831192,29
207161,11,7,7050503,Eisenacher Stra�e                                                                                   ,7501031,2018,11,14,3,3,5,3,0,0,1,0,0,0,0,1,798356,543,5820515,56
207162,11,8,8010404,Rixdorf,8100417,2018,11,19,5,2,6,4,2,0,1,1,0,0,0,0,802557,3268,5823098,461
207163,11,8,8010302,Bouch�stra�e,8100313,2018,11,19,5,3,0,1,2,1,0,0,0,0,0,0,801856,9728,5824452,644
207164,11,2,2020203,Viktoriapark,2200209,2018,11,15,3,3,5,2,0,0,1,0,0,0,0,1,797757,768,5824034,423
207165,11,2,2010102,Mehringplatz,2100102,2018,11,14,5,3,3,6,0,0,1,0,1,0,0,0,798347,3878,5826262,921
207166,11,2,2050801,Traveplatz,2500831,2018,11,13,1,3,5,2,0,1,1,0,0,0,0,1,802856,7912,5827467,975
207167,11,4,4030417,Schlo�stra�e,4300414,2018,11,10,2,3,5,7,0,1,1,0,0,0,0,0,791183,1478,5826514,223
207168,11,8,8041037,Alt-Rudow,8401243,2018,11,13,5,2,6,4,0,1,0,1,0,0,0,0,806165,9757,5817736,86
207169,11,6,6020408,Lichterfelde S�d                                                                                    ,6200420,2018,11,6,2,3,5,2,1,0,1,0,0,0,0,1,792722,1583,5816229,975
207170,11,9,9030901,Dorf Altglienicke,9300920,2018,11,12,5,2,6,4,0,0,0,1,1,0,0,0,807550,8602,5815365,942
207171,11,1,1022106,Elberfelder Stra�e                                                                                  ,1200522,2018,11,16,3,3,5,3,1,0,1,0,0,0,0,1,793819,3656,5827955,998
207172,11,1,1011204,Leipziger Stra�e                                                                                    ,1100207,2018,11,19,5,2,3,6,1,0,1,0,1,0,0,0,798588,9441,5826884,862
207173,11,12,12214527,Alt-Tegel,12200515,2018,11,13,1,3,5,3,0,0,1,0,0,0,0,1,790053,5028,5835750,489
207174,11,2,2020203,Viktoriapark,2200208,2018,11,9,3,3,5,2,0,1,1,0,0,0,0,1,797280,9244,5824851,246
207175,11,7,7020201,Bayerischer Platz,7200307,2018,11,19,5,3,5,7,2,1,1,0,0,0,0,0,794942,5015,5824454,272
207176,11,4,4041136,Hagenplatz,4400728,2018,11,11,1,3,5,3,0,0,1,0,0,0,0,1,790300,568,5822851,5
207177,11,4,4051446,Preu�enpark,4501043,2018,11,10,5,3,6,4,0,1,0,1,0,0,0,0,792488,9321,5824753,208
207178,11,3,3061441,Eldenaer Stra�e,3601453,2018,11,18,5,3,1,5,2,1,1,0,0,0,0,0,802473,9544,5828340,907
207179,11,3,3040614,Pankow Zentrum                                                                                      ,3400724,2018,11,19,1,3,0,6,2,0,1,0,1,0,0,0,799475,993,5834658,681
207180,11,3,3061126,Arnimplatz,3601141,2018,11,10,5,3,5,3,0,1,1,0,0,0,0,0,798978,9139,5831613,163
207181,11,2,2050602,Samariterviertel,2500727,2018,11,18,5,3,2,6,2,0,1,0,0,0,0,0,802694,6542,5828227,811
207182,11,7,7020203,Kaiser-Wilhelm-Platz,7200409,2018,11,12,3,3,2,6,0,0,1,0,0,0,0,1,794995,1758,5824316,514
207183,11,5,5040935,Gro�-Glienicker Weg,5400942,2018,11,9,5,3,5,2,0,1,1,0,0,0,0,0,782220,1938,5820362,456
207184,11,5,5030731,Gartenfelder Stra�e                                                                                 ,5300737,2018,11,8,5,3,3,6,0,0,1,0,1,0,1,0,787099,5973,5829374,568
207185,11,5,5010314,Carl-Schurz-Stra�e                                                                                  ,5100316,2018,11,9,1,2,6,2,0,0,1,1,0,0,0,1,784806,7969,5828783,907
207186,11,1,1044101,Rehberge,1400938,2018,11,8,3,3,2,6,0,0,1,0,1,0,0,1,794469,4066,5830697,548
207187,11,1,1022104,Emdener Stra�e                                                                                      ,1200520,2018,11,8,5,3,0,2,0,1,1,0,0,0,0,0,794567,4728,5828660,589
207188,11,1,1044201,Reinickendorfer Stra�e                                                                              ,1401045,2018,11,18,5,3,2,6,2,0,1,0,0,0,0,0,796950,9991,5831899,742
207189,11,5,5020524,Weinmeisterhornweg,5200528,2018,11,8,5,3,2,6,0,0,1,0,0,0,1,0,782995,4356,5826088,5
207190,11,4,4051551,Brabanter Platz,4501148,2018,11,7,5,2,5,2,0,0,1,0,0,0,0,1,792822,2628,5823226,259
207191,11,12,12224230,Heiligensee,12400618,2018,11,7,3,3,2,6,0,0,1,0,0,0,0,1,787372,313,5837854,651
207192,11,7,7070704,Nahariyastra�e                                                                                      ,7601545,2018,11,7,5,3,6,4,0,0,1,1,0,0,0,0,800609,1173,5813893,725
207193,11,5,5010314,Carl-Schurz-Stra�e                                                                                  ,5100316,2018,11,17,5,3,5,2,2,1,1,0,0,0,0,0,783644,9236,5829307,542
207194,11,8,8010211,Flughafenstra�e,8100206,2018,11,7,5,2,1,5,0,1,1,0,0,0,0,0,800545,3154,5823757,496
207195,11,5,5020625,Borkumer Stra�e                                                                                     ,5200629,2018,11,7,5,3,5,3,1,1,1,0,0,0,0,0,784452,9133,5828665,6
207196,11,3,3061430,Volkspark Prenzlauer Berg,3601450,2018,11,10,3,3,5,3,0,0,1,0,0,1,0,1,802327,3278,5829201,85
207197,11,9,9041501,Altstadt Kietz,9401534,2018,11,6,5,3,2,6,2,0,1,0,0,0,0,0,810762,305,5820317,188
207198,11,6,6010208,Bergstra�e                                                                                          ,6100208,2018,11,17,5,3,5,3,2,0,1,0,0,0,0,0,794767,9815,5820879,995
207199,11,9,9020701,Adlershof West,9200715,2018,11,9,1,3,5,3,0,1,0,0,0,0,1,1,808808,9339,5819002,66
207200,11,2,2030401,Reichenberger Stra�e,2300418,2018,11,8,2,3,6,4,1,0,1,1,0,0,0,0,801131,9447,5825209,972
207201,11,3,3051021,Buschallee,3501038,2018,11,16,5,3,5,2,2,1,1,0,0,0,0,0,803557,7666,5832295,112
207202,11,4,4020313,K�nigin-Elisabeth-Stra�e,4200311,2018,11,15,5,3,2,6,1,0,0,0,1,0,1,0,790480,7775,5826048,741
207203,11,10,10030727,Biesdorf S�d                                                                                        ,10300734,2018,11,16,5,3,5,2,2,1,1,0,0,0,0,0,809583,48,5824504,827
207204,11,9,9020702,Adlershof Ost,9200717,2018,11,7,3,3,5,3,1,1,1,0,0,0,0,1,809273,77,5819595,726
207205,11,4,4030725,Amtsgerichtsplatz,4300416,2018,11,10,5,3,0,1,0,0,0,0,1,0,0,0,791786,805,5826097,946
207206,11,4,4020208,Kranzallee,4200206,2018,11,9,1,3,6,7,0,1,0,1,0,0,0,1,788765,4823,5825875,92
207207,11,4,4030931,Breitscheidplatz,4501042,2018,11,17,2,2,6,4,2,0,1,1,0,0,0,0,793897,5135,5825895,36
207208,11,6,6040806,Fischtal,6400840,2018,11,16,5,2,5,2,2,0,1,0,1,0,0,1,788785,94,5819814,563
207209,11,6,6030503,Zehlendorf Mitte                                                                                    ,6300526,2018,11,14,2,2,6,4,1,1,0,1,0,0,0,0,789538,9643,5817826,836
207210,11,2,2040703,Wriezener Bahnhof/Entwicklungsgebiet,2400625,2018,11,2,1,3,5,7,2,0,1,0,0,0,0,0,801684,769,5826128,23
207211,11,4,4030417,Schlo�stra�e,4300414,2018,11,13,2,3,6,4,0,1,0,1,0,0,0,1,791681,6614,5827489,219
207212,11,2,2040703,Wriezener Bahnhof/Entwicklungsgebiet,2400625,2018,11,16,5,3,3,7,2,1,1,0,0,0,0,0,801714,46,5826170,451
207213,11,11,11030619,Fennpfuhl Ost,11300620,2018,11,8,2,3,5,2,0,1,0,0,0,1,0,1,804212,5136,5829070,692
207214,11,10,10040932,Alt-Mahlsdorf,10400939,2018,11,16,5,3,0,3,1,0,0,0,0,0,1,0,812276,737,5827765,426
207215,11,4,4031032,Halensee,4500938,2018,11,19,3,3,0,2,2,1,1,0,0,0,0,1,791958,4694,5824809,268
207216,11,12,12302212,Rollbergesiedlung,12601032,2018,11,15,5,3,2,6,0,0,1,0,0,0,1,0,792564,7626,5837366,925
207217,11,4,4030415,Schlo�garten,4300412,2018,11,15,1,3,2,6,0,0,1,0,0,0,0,1,790602,28,5827358,7
207218,11,12,12214421,Reinickes Hof,12200307,2018,11,6,3,3,0,1,1,0,0,0,1,0,0,1,793538,668,5834139,84
207219,11,1,1033101,Soldiner Stra�e                                                                                     ,1300730,2018,11,15,5,3,2,2,0,0,1,0,0,0,0,0,796171,636,5832274,523
207220,11,7,7050502,Fritz-Werner-Stra�e                                                                                 ,7501133,2018,11,12,1,3,0,7,0,0,0,0,1,0,0,1,797675,1302,5818585,83
207221,11,11,11030721,R�digerstra�e,11300723,2018,11,18,1,2,1,5,2,0,1,0,1,0,0,1,805062,6863,5828430,468
207222,11,11,11030720,Herzbergstra�e,11300721,2018,11,14,5,3,2,6,0,0,0,0,0,0,1,0,805197,2738,5828990,386
207223,11,7,7070706,Horstwalder Stra�e/Paplitzer Stra�e                                                                 ,7601547,2018,11,5,2,3,2,6,2,0,1,0,0,0,0,1,800275,4919,5812785,87
207224,11,3,3040614,Pankow Zentrum                                                                                      ,3400725,2018,11,18,5,3,5,2,2,0,1,0,0,0,0,0,799198,8192,5835154,9
207225,11,2,2020206,Graefekiez,2200213,2018,11,13,3,3,2,7,0,0,1,0,1,0,0,1,800112,3204,5824846,412
207226,11,2,2030301,Oranienplatz,2300314,2018,11,1,5,3,6,4,2,1,0,1,0,0,0,0,799931,8681,5826039,856
207227,11,2,2030302,Lausitzer Platz,2300316,2018,11,10,1,3,9,1,0,0,1,0,0,0,0,1,801631,9618,5826039,983
207228,11,5,5020625,Borkumer Stra�e                                                                                     ,5200629,2018,11,17,5,3,2,6,2,0,1,0,0,0,0,0,784392,8197,5828680,375
207229,11,4,4030415,Schlo�garten,4300412,2018,11,16,3,3,6,2,2,0,1,1,0,0,0,1,790799,218,5827373,638
207230,11,6,6010207,Mittelstra�e                                                                                        ,6100207,2018,11,18,4,3,0,6,2,0,1,0,0,0,1,0,794218,1984,5820288,853
207231,11,11,11040925,Victoriastadt,11400927,2018,11,13,1,2,0,1,0,1,0,0,0,0,0,1,803709,336,5826292,916
207232,11,1,1044203,Leopoldplatz,1401049,2018,11,13,3,3,5,2,0,1,1,0,0,0,0,1,795899,65,5831965,86
207233,11,2,2030402,Wrangelkiez,2300419,2018,11,22,4,3,0,7,2,1,0,0,0,0,0,0,800988,7189,5825720,645
207234,11,7,7030303,Grazer Platz,7300619,2018,11,22,1,3,5,2,2,1,1,0,0,0,0,0,794664,2967,5821801,912
207235,11,11,11020412,Hauptstra�e,11200411,2018,11,21,4,2,0,1,2,1,0,0,0,0,0,0,805621,9271,5831618,278
207236,11,5,5020522,Pillnitzer Weg,5200526,2018,11,14,1,3,2,6,0,0,1,0,0,0,1,1,782348,5169,5827041,6
207237,11,11,11041027,Tierpark,11401034,2018,11,20,1,3,5,3,2,0,1,0,0,0,0,1,807525,4331,5827478,931
207238,11,8,8010301,Reuterkiez,8100311,2018,11,21,4,3,1,5,2,1,1,0,0,0,0,0,800623,894,5824411,773
207239,11,6,6040809,Thielallee,6400843,2018,11,20,4,3,5,3,1,0,1,0,0,0,0,0,792356,8711,5820764,86
207240,11,7,7020204,Sch�neberger Insel,7200413,2018,11,12,3,2,0,1,0,1,0,0,0,0,0,1,795965,2898,5823869,268
207241,11,6,6030503,Zehlendorf Mitte                                                                                    ,6300527,2018,11,20,4,2,5,3,2,0,1,0,0,0,0,0,790701,881,5817774,72
207242,11,6,6030605,Botanischer Garten,6300629,2018,11,18,4,3,6,4,2,1,0,1,0,0,0,0,791857,734,5819141,908
207243,11,9,9051901,Dammvorstadt,9501940,2018,11,19,7,2,6,4,2,0,1,1,0,0,0,0,811428,852,5821578,181
207244,11,7,7070701,Kettinger Stra�e/Schillerstra�e                                                                     ,7601442,2018,11,17,3,3,6,2,2,0,1,1,0,0,0,1,798701,8711,5816033,19
207245,11,5,5020626,Adamstra�e                                                                                          ,5200631,2018,11,17,4,3,6,2,2,0,1,1,0,0,0,0,785129,9716,5827309,326
207246,11,7,7030303,Grazer Platz,7300619,2018,11,18,7,3,1,1,2,0,1,0,0,0,0,0,795355,4313,5822239,296
207247,11,5,5020625,Borkumer Stra�e                                                                                     ,5200629,2018,11,17,4,3,0,2,2,0,1,0,0,0,1,0,784667,7614,5828502,496
207248,11,3,3050919,Gustav-Adolf-Stra�e,3500932,2018,11,8,3,3,5,5,0,0,1,0,0,0,0,1,801742,111,5832971,287
207249,11,4,4051448,Schaperstra�e,4501045,2018,11,16,4,3,2,7,1,0,1,0,1,0,0,0,793922,9875,5824970,829
207250,11,9,9031101,Gr�nau,9301126,2018,11,18,1,3,4,2,2,0,1,0,0,0,0,1,810134,5363,5818041,806
207251,11,7,7070706,Horstwalder Stra�e/Paplitzer Stra�e                                                                 ,7601547,2018,11,16,4,3,6,2,1,0,0,1,0,0,1,0,800037,685,5813263,96
207252,11,1,1011303,Alexanderplatzviertel,1100310,2018,11,15,4,3,2,6,0,0,1,0,0,0,0,0,799115,4102,5827603,536
207253,11,9,9010101,Elsenstra�e                                                                                         ,9100101,2018,11,15,4,3,2,6,1,1,1,0,0,0,0,0,802614,7234,5824476,481
207254,11,8,8040933,Vogelviertel S�d,8401139,2018,11,7,3,3,5,3,0,0,1,0,0,0,0,1,803301,8024,5818528,34
207255,11,4,4030621,Spreestadt,4300620,2018,11,15,4,3,5,7,0,0,1,0,0,0,1,0,793597,6122,5827851,12
207256,11,1,1022207,Hansaviertel,1200629,2018,11,7,4,3,2,6,0,1,1,0,0,0,0,1,794893,4,5827773,771
207257,11,9,9020702,Adlershof Ost,9200717,2018,11,15,1,3,0,3,0,1,1,0,0,0,0,0,809547,3302,5819794,512
207258,11,4,4030827,Karl-August-Platz,4300623,2018,11,19,2,3,0,3,2,1,0,0,0,0,0,0,792272,9616,5826501,273
207259,11,7,7070702,Alt-Lichtenrade/T�pchiner Weg,7601443,2018,11,15,4,2,5,3,0,0,0,0,1,0,1,0,800409,379,5814527,575
207260,11,2,2020203,Viktoriapark,2200208,2018,11,7,2,3,2,7,0,0,1,0,0,0,1,0,797686,3579,5824966,173
207261,11,6,6040810,Dahlem,6400844,2018,11,7,4,3,5,3,0,1,1,0,0,0,0,1,792416,7733,5821433,659
207262,11,7,7030301,Friedenau,7300515,2018,11,7,4,3,5,3,0,1,1,0,0,0,0,0,793499,7625,5822495,232
207263,11,7,7030303,Grazer Platz,7300619,2018,11,18,3,3,2,6,2,0,1,0,0,0,0,0,795372,3955,5820977,923
207264,11,1,1011103,L�tzowstra�e                                                                                        ,1100103,2018,11,7,3,3,2,6,1,0,1,0,0,0,0,1,795290,7821,5826074,843
207265,11,11,11051229,Rummelsburg,11501238,2018,11,7,4,2,5,2,0,1,0,0,0,0,0,0,804766,9963,5825411,833
207266,11,4,4051551,Brabanter Platz,4501148,2018,11,7,4,3,5,7,0,1,1,0,0,0,0,0,792903,341,5823281,644
207267,11,1,1033102,Gesundbrunnen,1300733,2018,11,23,7,3,1,5,2,1,1,0,0,0,0,0,797338,2964,5831617,76
207268,11,1,1033203,Humboldthain Nordwest                                                                               ,1300836,2018,11,17,2,2,6,2,2,0,1,1,0,0,0,1,796979,2924,5831480,509
207269,11,6,6020410,Oberhofer Platz,6200422,2018,11,7,4,2,5,3,0,0,1,0,0,0,1,1,794150,1879,5816694,16
207270,11,9,9010401,Johannisthal West,9100407,2018,11,7,2,3,6,4,0,1,0,1,0,0,0,0,806130,8769,5820389,778
207271,11,1,1033201,Brunnenstra�e                                                                                       ,1300834,2018,11,16,1,3,0,1,1,0,0,0,1,0,0,1,798028,1258,5830074,497
207272,11,7,7010103,Barbarossaplatz,7100204,2018,11,14,4,2,5,3,0,0,1,0,0,0,0,0,795348,4396,5824673,623
207273,11,5,5010314,Carl-Schurz-Stra�e                                                                                  ,5100316,2018,11,17,3,3,5,2,2,1,1,0,0,0,0,1,783602,1945,5829160,744
207274,11,10,10010308,Marzahner Chaussee,10100311,2018,11,13,4,3,2,6,0,0,1,0,0,0,1,0,806363,4884,5830184,555
207275,11,1,1011302,Oranienburger Stra�e                                                                                ,1100309,2018,11,23,7,3,2,6,2,0,1,0,0,0,0,0,798592,1698,5828896,26
207276,11,4,4051551,Brabanter Platz,4501148,2018,11,14,3,3,2,6,0,0,1,0,0,0,0,1,792481,15,5823602,285
207277,11,4,4020204,Olympiagel�nde,4200203,2018,11,13,4,3,5,2,0,0,1,0,0,0,0,0,787699,6404,5826425,25
207278,11,8,8020620,Tempelhofer Weg,8200624,2018,11,22,7,3,6,2,2,0,1,1,0,0,0,0,800786,117,5821431,763
207279,11,1,1011202,Unter den Linden Nord,1100206,2018,11,12,4,2,5,2,0,1,1,0,0,0,0,0,797197,8977,5827499,336
207280,11,11,11030720,Herzbergstra�e,11300721,2018,11,16,2,3,2,6,0,0,1,0,0,0,0,0,805555,137,5830060,774
207281,11,6,6010205,S�dende,6100205,2018,11,16,3,3,2,2,2,0,1,0,0,0,0,1,795880,7229,5819369,835
207282,11,1,1044201,Reinickendorfer Stra�e                                                                              ,1401045,2018,11,11,4,3,2,6,0,0,1,0,1,0,0,0,796976,4692,5831511,934
207283,11,4,4030930,George-Grosz-Platz,4501041,2018,11,10,2,3,1,5,0,1,1,0,0,0,0,0,792815,5462,5825762,456
207284,11,11,11020411,Malchower Weg,11200410,2018,11,11,4,3,5,2,0,0,1,0,0,0,0,0,806007,9074,5832605,94
207285,11,5,5020524,Weinmeisterhornweg,5200528,2018,11,7,2,2,5,3,0,0,1,0,1,0,0,1,783444,586,5826734,855
207286,11,12,12214421,Reinickes Hof,12200307,2018,11,10,4,2,6,4,0,0,1,1,0,0,0,0,793419,6585,5833379,717
207287,11,7,7040405,Rathaus Tempelhof,7400927,2018,11,16,3,3,6,2,2,0,1,1,0,0,0,1,798486,2372,5821896,503
207288,11,3,3061429,Greifswalder Stra�e,3601449,2018,11,10,4,3,2,6,0,0,1,0,0,0,0,1,801211,4548,5830380,541
207289,11,4,4030620,Alt-Lietzow,4300619,2018,11,9,3,3,5,7,0,0,1,0,0,0,0,1,792758,3674,5827044,958
207290,11,1,1011301,Charit�viertel,1100308,2018,11,10,4,3,5,7,0,1,1,0,0,0,0,0,797149,315,5828207,54
207291,11,4,4030518,Tegeler Weg,4300517,2018,11,10,4,3,5,2,0,1,0,0,0,0,0,0,791467,778,5828249,951
207292,11,4,4030725,Amtsgerichtsplatz,4300416,2018,11,9,4,3,5,3,0,0,1,0,0,0,0,0,791191,6634,5825691,7
207293,11,4,4030725,Amtsgerichtsplatz,4300416,2018,11,8,4,2,5,2,0,0,1,0,1,0,0,0,791790,8722,5825888,907