OBJECTID,LAND,BEZ,LOR,STRASSE,LOR_ab_2021,UJAHR,UMONAT,USTUNDE,UWOCHENTAG,UKATEGORIE,UART,UTYP1,ULICHTVERH,IstRad,IstPKW,IstFuss,IstKrad,IstGkfz,IstSonstig,STRZUSTAND,LINREFX,LINREFY,XGCSWGS84,YGCSWGS84
207294,11,3,3020307,Buchholz,3200309,2018,11,11,3,3,2,6,0,0,1,0,0,0,0,1,800746,9968,5838676,655
207295,11,1,1011204,Leipziger Stra�e                                                                                    ,1100207,2018,11,8,4,3,5,2,0,1,1,0,0,0,0,0,798695,3668,5827086,798
207296,11,4,4030620,Alt-Lietzow,4300619,2018,11,8,4,3,5,7,0,1,1,0,0,0,0,0,791853,8817,5827440,842
207297,11,4,4030623,Ernst-Reuter-Platz,4300622,2018,11,7,4,3,6,7,0,0,1,1,0,0,0,1,793880,4093,5826828,57
207298,11,5,5020627,Tiefwerder,5200632,2018,11,12,3,3,2,6,0,0,1,0,0,0,0,1,785142,6401,5828329,938
207299,11,9,9031001,Bohnsdorf,9301025,2018,11,7,4,3,0,1,0,0,0,0,1,0,0,1,808819,3116,5814862,623
207300,11,2,2020204,Urbanstra�e,2200210,2018,11,6,4,3,6,2,1,0,1,1,0,0,0,0,798295,8662,5824778,586
207301,11,6,6010204,Munsterdamm,6100204,2018,11,8,3,3,2,6,0,0,1,0,0,0,1,1,795426,108,5820882,545
207302,11,9,9010101,Elsenstra�e                                                                                         ,9100101,2018,11,5,4,3,2,2,2,1,1,0,0,0,0,1,802116,5726,5824765,877
207303,11,2,2030302,Lausitzer Platz,2300315,2018,11,10,4,3,3,6,0,1,1,0,0,0,0,0,800502,6699,5826009,154
207304,11,4,4030725,Amtsgerichtsplatz,4300416,2018,11,14,4,3,8,1,0,0,1,0,0,0,0,0,791394,562,5826084,77
207305,11,4,7030301,Friedenau,7300515,2018,11,8,4,2,0,1,0,1,0,0,0,0,0,1,793366,5069,5822919,125
207306,11,12,12231101,Hermsdorf,12400722,2018,11,7,3,3,5,3,0,1,1,0,0,0,0,1,790535,7128,5837210,381
207307,11,5,5010103,Amorbacher Weg,5100105,2018,11,19,3,3,0,6,2,0,0,0,0,0,1,0,784470,2318,5831676,142
207308,11,10,10020517,Adele-Sandrock-Stra�e                                                                               ,10200524,2018,11,21,3,3,5,3,0,1,0,0,0,0,1,0,812920,7618,5830251,188
207309,11,10,10010309,Springpfuhl,10100312,2018,11,18,1,2,5,2,2,1,1,0,0,0,0,1,807934,6073,5829198,169
207310,11,11,11030720,Herzbergstra�e,11300721,2018,11,18,2,3,2,2,2,1,1,0,0,0,0,1,805203,6875,5828708,63
207311,11,11,11040925,Victoriastadt,11400927,2018,11,9,3,3,0,3,0,1,1,0,0,0,0,0,803698,7103,5826382,587
207312,11,1,1011302,Oranienburger Stra�e                                                                                ,1100309,2018,11,8,2,3,5,3,0,1,1,0,0,0,0,0,797993,6161,5828648,627
207313,11,1,1011303,Alexanderplatzviertel,1100310,2018,11,19,3,3,0,1,2,0,0,0,1,0,0,0,799476,451,5828825,113
207314,11,1,1022103,Westhafen,1200517,2018,11,11,3,3,3,6,0,0,1,0,0,0,0,1,793502,1707,5829374,583
207315,11,8,8010211,Flughafenstra�e,8100206,2018,11,19,3,2,2,1,2,0,1,0,1,0,0,0,800640,8921,5823780,489
207316,11,5,5020627,Tiefwerder,5200632,2018,11,18,3,3,5,2,2,1,0,0,0,0,1,0,785662,8369,5828038,789
207317,11,4,4030931,Breitscheidplatz,4501042,2018,11,18,3,3,0,7,2,0,1,0,1,0,0,0,793778,6202,5825527,256
207318,11,2,2050803,Stralauer Kiez,2500835,2018,11,7,3,3,2,6,1,0,1,0,1,0,0,1,802462,5972,5826335,754
207319,11,1,1011103,L�tzowstra�e                                                                                        ,1100103,2018,11,18,3,3,5,2,2,1,0,0,1,0,0,0,795204,78,5825904,697
207320,11,11,11040926,Weitlingstra�e,11400931,2018,11,12,2,3,6,4,0,0,1,1,0,0,0,1,806440,2987,5826890,622
207321,11,5,5010103,Amorbacher Weg,5100105,2018,11,7,2,3,2,6,0,0,1,0,0,0,0,0,783731,3386,5830633,217
207322,11,1,1044203,Leopoldplatz,1401048,2018,11,16,1,3,2,6,0,0,1,0,0,0,0,1,795071,4715,5831244,215
207323,11,11,11010310,M�hlengrund,11100309,2018,11,10,3,3,2,6,0,0,1,0,0,0,0,0,805744,592,5833555,68
207324,11,5,5010314,Carl-Schurz-Stra�e                                                                                  ,5100316,2018,11,15,3,3,3,6,1,1,0,0,0,0,0,1,785191,2559,5829361,547
207325,11,6,6020409,K�nigsberger Stra�e                                                                                 ,6200421,2018,11,17,5,3,4,7,2,1,0,0,0,0,0,0,793796,5634,5817578,71
207326,11,10,10020519,Boulevard Kastanienallee,10200526,2018,11,12,1,3,0,2,0,0,0,1,1,0,0,0,812494,3686,5829951,53
207327,11,2,2020206,Graefekiez,2200213,2018,11,8,4,3,5,2,0,1,1,0,0,0,0,0,799809,5407,5824993,785
207328,11,1,1033202,Humboldthain S�d,1300835,2018,11,20,1,3,5,2,2,1,1,0,0,0,0,0,797542,8673,5829415,72
207329,11,4,4020311,Reichsstra�e,4200310,2018,11,19,4,3,5,3,2,0,1,0,0,0,0,0,790215,782,5826449,32
207330,11,4,4041342,Schlangenbader Stra�e,4400833,2018,11,12,1,2,5,2,0,1,1,0,0,0,0,0,791983,204,5822391,492
207331,11,11,11040926,Weitlingstra�e,11400928,2018,11,10,4,3,2,6,0,1,0,0,0,0,1,0,804751,9006,5825973,37
207332,11,9,9020501,Obersch�neweide West,9200510,2018,11,10,1,3,5,3,0,0,1,0,0,0,0,0,805946,56,5822646,495
207333,11,1,1011301,Charit�viertel,1100308,2018,11,7,4,3,5,2,0,1,1,0,0,0,0,0,797077,8347,5828989,213
207334,11,2,2020204,Urbanstra�e,2200210,2018,11,8,5,3,0,1,0,0,1,0,1,0,0,0,798267,1841,5824786,34
207335,11,11,11030619,Fennpfuhl Ost,11300620,2018,11,8,1,3,1,5,0,0,1,0,0,0,0,0,803687,6799,5829463,799
207336,11,6,6010102,Schlo�stra�e                                                                                        ,6100102,2018,11,7,4,3,6,4,0,0,1,1,0,0,0,0,793643,8465,5820604,159
207337,11,1,1011303,Alexanderplatzviertel,1100310,2018,11,1,1,3,6,4,2,0,1,1,0,0,0,0,799498,19,5828344,449
207338,11,6,6030605,Botanischer Garten,6300629,2018,11,6,4,3,2,2,0,0,1,0,0,0,0,0,791753,139,5819293,432
207339,11,9,9041501,Altstadt Kietz,9401534,2018,11,22,1,3,1,5,2,0,1,0,0,0,0,1,811366,3255,5820121,258
207340,11,1,1033101,Soldiner Stra�e                                                                                     ,1300730,2018,11,13,6,3,2,6,0,0,1,0,0,0,1,0,796665,7008,5831974,24
207341,11,12,12214424,Scharnweberstra�e                                                                                   ,12200309,2018,11,22,1,3,5,2,2,0,1,0,0,0,1,1,793486,1008,5832426,351
207342,11,7,7060603,Marienfelde Nordost,7601238,2018,11,6,4,2,1,1,0,0,1,0,1,0,0,0,798066,8761,5816759,248
207343,11,1,1022201,Stephankiez,1200623,2018,11,17,1,3,5,3,1,0,1,0,1,0,0,1,795088,9049,5828867,816
207344,11,8,8010301,Reuterkiez,8100311,2018,11,18,1,3,1,5,2,1,1,0,0,0,0,1,800544,5736,5824451,258
207345,11,6,6020303,Lankwitz Kirche                                                                                     ,6200313,2018,11,11,4,3,0,2,0,0,1,0,0,0,1,0,795264,3434,5818618,545
207346,11,2,2040703,Wriezener Bahnhof/Entwicklungsgebiet,2400625,2018,11,4,5,2,5,2,2,0,1,0,0,0,0,0,801742,158,5826255,497
207347,11,3,3061126,Arnimplatz,3601141,2018,11,18,1,3,2,2,2,1,1,0,0,0,0,1,799244,5983,5831803,823
207348,11,4,4041133,G�terbahnhof Grunewald,4400725,2018,11,19,1,3,3,6,2,0,1,0,0,0,0,0,790559,7471,5825205,1
207349,11,1,1011401,Invalidenstra�e                                                                                     ,1100415,2018,11,20,3,3,1,5,2,1,1,0,0,0,0,0,798175,2682,5829351,736
207350,11,6,6040703,Nikolassee,6400737,2018,11,20,1,2,0,1,2,0,1,0,0,0,0,1,785386,2348,5817648,299
207351,11,7,7020203,Kaiser-Wilhelm-Platz,7200409,2018,11,3,7,2,3,6,2,1,0,0,0,0,1,0,795274,6075,5824389,905
207352,11,5,5020629,B�rnicker Stra�e                                                                                    ,5200634,2018,11,15,3,3,5,2,0,0,1,0,0,0,0,0,785567,742,5826166,963
207353,11,1,1022106,Elberfelder Stra�e                                                                                  ,1200522,2018,11,17,7,3,2,5,2,0,1,0,0,0,0,0,794260,3147,5828333,45
207354,11,10,10020413,Gut Hellersdorf,10200420,2018,11,7,6,2,6,4,1,0,1,1,0,0,0,1,811347,2233,5830419,888
207355,11,9,9020701,Adlershof West,9200715,2018,11,7,7,3,5,3,1,1,1,0,0,0,0,0,807643,4362,5819360,867
207356,11,1,1033102,Gesundbrunnen,1300733,2018,11,17,4,3,5,2,2,0,1,0,0,0,0,0,797680,7742,5831317,438
207357,11,4,4030415,Schlo�garten,4300412,2018,11,20,7,2,9,1,2,0,1,0,0,0,0,0,791679,226,5827745,335
207358,11,1,1044201,Reinickendorfer Stra�e                                                                              ,1401045,2018,11,20,7,2,6,2,2,0,1,1,0,0,0,0,796703,1644,5831625,475
207359,11,1,2010101,Askanischer Platz,2100101,2018,11,19,4,3,2,2,2,1,1,0,0,0,0,1,797044,8213,5826531,225
207360,11,4,4051446,Preu�enpark,4501043,2018,11,12,7,3,1,5,0,1,1,0,0,0,1,0,792884,7363,5824345,404
207361,11,9,9052001,K�penick Nord                                                                                       ,9502043,2018,11,11,7,3,2,2,0,0,1,0,0,0,0,0,809220,3718,5823020,863
207362,11,2,2050601,Hausburgviertel,2500726,2018,11,17,3,1,6,4,2,0,0,1,0,0,1,0,801847,14,5828996,757
207363,11,4,4030415,Schlo�garten,4300412,2018,11,11,7,3,5,2,0,1,1,0,0,0,0,0,791672,4039,5827545,115
207364,11,6,6020303,Lankwitz Kirche                                                                                     ,6200313,2018,11,11,7,3,0,7,0,0,1,0,0,0,1,0,795317,9051,5818507,962
207365,11,5,5020524,Weinmeisterhornweg,5200528,2018,11,22,3,2,5,2,2,0,1,0,0,0,0,0,783895,2731,5826614,293
207366,11,2,2010104,Wassertorplatz,2100106,2018,11,10,7,3,5,3,0,0,0,0,1,0,1,0,799578,3369,5825668,437
207367,11,1,1011301,Charit�viertel,1100308,2018,11,19,5,3,1,5,2,0,1,0,0,0,0,0,797053,71,5829317,498
207368,11,6,6040808,H�ttenweg,6400842,2018,11,10,7,3,5,3,0,0,1,0,0,0,0,0,789985,431,5819213,68
207369,11,3,3071537,Kollwitzplatz,3701555,2018,11,9,4,3,2,6,0,1,0,0,0,0,0,0,799901,3746,5829991,252
207370,11,3,3020203,Blankenfelde,3200204,2018,11,6,7,3,0,7,2,0,1,0,0,0,0,0,798611,9922,5837379,193
207371,11,2,2020204,Urbanstra�e,2200210,2018,11,21,3,3,5,2,2,1,1,0,0,0,0,0,798885,4568,5825088,15
207372,11,2,2050601,Hausburgviertel,2500726,2018,11,0,7,3,1,1,2,0,1,0,1,0,0,0,802035,8346,5828273,6
207373,11,3,3040614,Pankow Zentrum                                                                                      ,3400723,2018,11,20,7,3,5,3,2,1,1,0,0,0,0,0,798847,7106,5833244,827
207374,11,3,3020209,Niedersch�nhausen,3200206,2018,11,21,3,2,6,2,2,0,1,1,0,0,0,0,798343,935,5834830,5
207375,11,4,4051655,Babelsberger Stra�e,4501153,2018,11,18,7,3,9,1,2,0,1,0,0,0,0,0,793909,6897,5823315,572
207376,11,9,9010401,Johannisthal West,9100407,2018,11,15,7,3,3,6,0,0,1,0,0,0,1,0,806312,9352,5820868,799
207377,11,5,5030731,Gartenfelder Stra�e                                                                                 ,5300737,2018,11,21,3,3,5,3,2,0,1,0,0,0,0,0,788031,178,5829380,608
207378,11,11,11020513,Orankesee,11200512,2018,11,15,7,3,1,5,0,0,1,0,0,1,0,0,803990,9558,5831368,498
207379,11,4,4030623,Ernst-Reuter-Platz,4300622,2018,11,21,3,3,9,1,1,0,0,0,1,0,0,0,793255,6526,5826910,994
207380,11,6,6010208,Bergstra�e                                                                                          ,6100208,2018,11,16,5,3,5,3,2,1,1,0,0,0,0,0,794312,6855,5820581,19
207381,11,8,8020622,Parchimer Allee,8200726,2018,11,14,7,3,2,6,0,0,1,0,0,0,0,0,801405,4599,5820200,966
207382,11,6,6040810,Dahlem,6400844,2018,11,19,3,3,0,3,2,0,1,0,1,0,0,0,792066,6814,5821474,876
207383,11,2,2020204,Urbanstra�e,2200210,2018,11,13,7,3,5,3,0,0,1,0,0,0,0,0,798475,78,5825219,172
207384,11,7,7050506,Birnhornweg,7501135,2018,11,18,3,3,5,3,2,0,1,0,1,0,0,0,798561,706,5816879,567
207385,11,1,1044101,Rehberge,1400937,2018,11,13,7,3,5,7,0,0,1,0,0,0,0,1,793971,9995,5832015,888
207386,11,4,4020311,Reichsstra�e,4200309,2018,11,13,6,3,4,6,0,1,1,0,0,0,0,0,788992,1113,5826561,202
207387,11,2,2020203,Viktoriapark,2200209,2018,11,18,3,3,6,2,2,0,0,1,0,0,1,0,797752,6632,5824596,906
207388,11,7,7070701,Kettinger Stra�e/Schillerstra�e                                                                     ,7601442,2018,11,7,5,3,5,3,0,0,1,0,0,0,0,0,799171,2677,5816202,242
207389,11,1,1033203,Humboldthain Nordwest                                                                               ,1300836,2018,11,17,6,3,2,6,2,0,1,0,0,0,1,0,796894,391,5831361,9
207390,11,7,7040403,Manteuffelstra�e                                                                                    ,7400823,2018,11,17,3,3,2,6,2,0,1,0,0,0,1,0,797298,5195,5821482,517
207391,11,2,2010103,Moritzplatz,2100104,2018,11,19,6,3,5,3,2,1,1,0,0,0,0,0,799281,6423,5826219,694
207392,11,4,4030931,Breitscheidplatz,4501042,2018,11,17,3,3,0,3,2,0,1,0,0,0,1,1,793926,6729,5825881,76
207393,11,1,1044203,Leopoldplatz,1401048,2018,11,9,5,2,3,6,0,0,0,0,1,1,0,0,795089,975,5831262,321
207394,11,5,5030731,Gartenfelder Stra�e                                                                                 ,5300737,2018,11,16,6,3,5,2,1,0,1,0,1,0,0,0,787688,7105,5829987,391
207395,11,1,1011303,Alexanderplatzviertel,1100310,2018,11,17,3,3,2,6,2,0,1,0,1,0,0,0,799209,9854,5828464,804
207396,11,3,3040614,Pankow Zentrum                                                                                      ,3400721,2018,11,8,6,3,1,5,0,1,1,0,0,0,0,0,798100,4329,5833061,666
207397,11,2,2050802,Boxhagener Platz,2500833,2018,11,17,3,3,1,5,2,1,1,0,0,0,0,0,802768,2824,5827223,884
207398,11,7,7010101,Wittenbergplatz/Viktoria-Luise-Platz,7100101,2018,11,18,6,3,6,2,2,0,1,1,0,0,0,0,794993,5065,5824905,558
207399,11,2,2050801,Traveplatz,2500832,2018,11,14,6,3,5,3,0,1,0,0,0,0,1,0,803463,8423,5827401,71
207400,11,12,12231101,Hermsdorf,12400723,2018,11,17,6,2,5,3,2,0,1,0,1,0,0,0,791131,9226,5839423,846
207401,11,11,11030720,Herzbergstra�e,11300721,2018,11,8,3,3,3,6,0,1,0,0,0,1,0,0,805181,9496,5828716,87
207402,11,4,4010101,Jungfernheide,4100101,2018,11,20,4,2,0,1,2,1,0,0,0,0,0,1,791159,1795,5829357,947
207403,11,7,7070701,Kettinger Stra�e/Schillerstra�e                                                                     ,7601442,2018,11,17,6,2,1,7,2,0,1,0,0,0,0,0,798873,8759,5815450,708
207404,11,12,12214424,Scharnweberstra�e                                                                                   ,12200309,2018,11,16,6,3,1,5,2,1,1,0,0,0,1,0,793163,6958,5832622,686
207405,11,1,1044103,Westliche M�llerstra�e                                                                              ,1400942,2018,11,7,3,3,3,6,0,0,1,0,0,0,0,0,794816,8064,5830314,645
207406,11,2,2010101,Askanischer Platz,2100101,2018,11,15,6,3,0,4,1,0,1,1,0,0,0,0,797204,6232,5826027,892
207407,11,7,7050501,Rathausstra�e                                                                                       ,7501030,2018,11,16,6,3,2,7,1,0,1,0,0,0,0,0,797758,8727,5820403,249
207408,11,9,9010402,Johannisthal Ost,9100408,2018,11,7,3,3,5,2,1,1,1,0,0,0,0,0,806722,909,5820287,651
207409,11,1,1011204,Leipziger Stra�e                                                                                    ,1100207,2018,11,8,6,3,1,5,0,1,1,0,0,0,0,0,798791,2943,5827462,892
207410,11,5,5020627,Tiefwerder,5200632,2018,11,12,6,3,8,1,0,0,1,0,0,0,0,0,785136,5075,5828334,384
207411,11,11,11010103,Dorf Falkenberg,11100102,2018,11,6,3,2,6,4,2,0,1,1,0,0,0,1,808704,9874,5834229,556
207412,11,8,8020728,Buckow Ost,8200833,2018,11,11,6,3,2,6,0,0,1,0,0,0,1,0,802097,174,5817688,196
207413,11,8,8010301,Reuterkiez,8100311,2018,11,21,3,3,5,2,2,1,1,0,0,0,0,0,800429,6109,5824492,82
207414,11,1,1044201,Reinickendorfer Stra�e                                                                              ,1401044,2018,11,11,6,3,5,3,0,1,1,0,0,0,0,0,796115,312,5831189,894
207415,11,11,11030720,Herzbergstra�e,11300721,2018,11,20,6,3,0,6,2,0,1,0,0,0,0,0,804222,1455,5829847,318
207416,11,4,4051447,Ludwigkirchplatz,4501044,2018,11,15,6,3,4,6,0,1,0,0,0,0,0,0,793357,6946,5824667,379
207417,11,2,2020203,Viktoriapark,2200209,2018,11,17,4,3,5,2,2,1,1,0,0,0,0,0,796896,9364,5823983,684
207418,11,4,4030930,George-Grosz-Platz,4501041,2018,11,11,6,3,2,6,0,0,1,0,0,0,1,0,792897,2077,5825519,492
207419,11,12,12231101,Hermsdorf,12400723,2018,11,11,6,3,5,3,0,0,1,0,0,0,0,0,791655,2994,5839391,742
207420,11,8,8010301,Reuterkiez,8100311,2018,11,16,3,3,2,6,1,0,1,0,1,0,0,1,800397,669,5824757,1
207421,11,7,7040406,Germaniagarten,7400928,2018,11,10,6,2,6,4,0,0,1,1,0,0,0,0,800082,7515,5821927,983
207422,11,1,1022201,Stephankiez,1200623,2018,11,10,6,3,0,2,0,1,0,0,1,0,0,1,795045,3996,5829172,99
207423,11,4,4030621,Spreestadt,4300620,2018,11,16,3,3,6,4,1,1,0,1,0,0,0,0,793187,3928,5827867,242
207424,11,8,8010301,Reuterkiez,8100312,2018,11,9,6,3,3,6,0,0,0,0,1,0,1,0,800938,626,5824236,326
207425,11,4,4030828,Savignyplatz,4300624,2018,11,13,3,3,1,5,0,1,1,0,0,0,0,0,793222,1089,5826079,98
207426,11,11,11030721,R�digerstra�e,11300722,2018,11,18,5,2,6,2,2,0,1,1,0,0,0,0,803808,797,5827699,837
207427,11,2,2040701,Andreasviertel,2400623,2018,11,9,6,3,5,2,0,0,1,0,0,0,1,0,800673,7921,5827578,71
207428,11,4,4010102,Pl�tzensee,4100101,2018,11,23,5,2,5,3,2,0,1,0,0,0,0,0,793338,356,5829762,423
207429,11,1,1011204,Leipziger Stra�e                                                                                    ,1100207,2018,11,8,6,3,5,2,0,1,0,0,0,0,1,0,797853,2027,5826870,571
207430,11,4,4041344,R�desheimer Platz,4400835,2018,11,16,4,2,5,2,1,0,1,0,0,0,0,0,793377,2359,5822322,193
207431,11,4,4051549,Rathaus Wilmersdorf,4501146,2018,11,8,6,3,2,2,0,1,1,0,0,0,0,0,793312,7393,5823635,53
207432,11,6,6020304,Kaiser-Wilhelm-Stra�e                                                                               ,6200314,2018,11,12,3,3,6,2,0,0,1,1,0,0,0,0,794744,5445,5817796,645
207433,11,3,3040818,Pankow S�d                                                                                          ,3400828,2018,11,7,6,2,3,2,0,1,1,0,0,0,0,0,799721,758,5832500,893
207434,11,1,1022206,L�neburger Stra�e                                                                                   ,1200628,2018,11,7,6,2,6,4,0,0,1,1,0,0,0,0,795912,9894,5828313,3
207435,11,4,4020313,K�nigin-Elisabeth-Stra�e,4200311,2018,11,12,3,3,5,3,0,1,1,0,0,0,0,0,790740,8358,5826718,263
207436,11,10,10030724,Oberfeldstra�e                                                                                      ,10300731,2018,11,7,6,3,0,2,0,1,1,0,0,0,0,0,809654,1804,5829677,231
207437,11,1,1011204,Leipziger Stra�e                                                                                    ,1100207,2018,11,11,3,3,5,7,0,1,1,0,0,0,0,0,797970,8049,5826971,98
207438,11,8,8010301,Reuterkiez,8100311,2018,11,13,5,3,5,3,0,1,0,0,0,0,1,0,800675,773,5824385,507
207439,11,7,7030301,Friedenau,7300517,2018,11,18,5,3,1,5,2,1,1,0,0,0,0,0,794202,717,5822914,518
207440,11,2,2010102,Mehringplatz,2100102,2018,11,10,3,3,3,6,0,1,1,0,0,0,0,0,798334,3999,5825557,189
207441,11,1,1011202,Unter den Linden Nord,1100206,2018,11,18,5,3,5,3,2,1,1,0,0,0,0,0,798548,1438,5827805,651
207442,11,1,1022104,Emdener Stra�e                                                                                      ,1200519,2018,11,8,3,3,5,2,0,1,1,0,0,0,0,0,793700,8865,5828502,27
207443,11,4,4030622,Richard-Wagner-Stra�e,4300621,2018,11,17,5,3,0,1,2,1,0,0,0,0,0,0,792466,6262,5826903,675
207444,11,6,6030504,Teltower Damm,6300528,2018,11,17,5,2,1,5,2,0,1,0,0,0,0,0,790517,697,5817115,829
207445,11,5,5010339,Freiheit,5100317,2018,11,8,3,3,5,2,0,0,1,0,0,0,0,0,786798,4769,5828396,65
207446,11,7,7060604,Marienfelde S�d,7601340,2018,11,16,5,3,5,2,1,1,1,0,0,0,0,0,796455,2686,5815900,757
207447,11,4,4030518,Tegeler Weg,4300517,2018,11,8,3,3,4,6,0,1,1,0,0,0,0,0,791579,6608,5828146,936
207448,11,1,1011303,Alexanderplatzviertel,1100310,2018,11,15,5,3,5,3,0,1,0,0,0,0,1,0,799511,705,5828130,703
207449,11,6,6020409,K�nigsberger Stra�e                                                                                 ,6200421,2018,11,8,3,3,2,7,0,0,1,0,0,0,1,0,793900,4299,5817525,2
207450,11,3,3061430,Volkspark Prenzlauer Berg,3601450,2018,11,9,5,2,1,5,0,1,1,0,0,0,1,0,802271,7338,5829171,631
207451,11,5,5020627,Tiefwerder,5200632,2018,11,15,5,3,5,2,0,0,1,0,0,0,1,0,785183,5832,5828319,314
207452,11,7,7030301,Friedenau,7300517,2018,11,19,2,3,5,2,2,1,1,0,0,0,0,0,794082,9779,5822170,903
207453,11,8,8020620,Tempelhofer Weg,8200624,2018,11,15,5,2,5,2,0,0,1,0,1,0,0,1,801431,6506,5820634,349
207454,11,3,3010101,Bucher Forst,3100101,2018,11,19,2,3,6,6,2,0,1,1,0,0,0,1,804085,1877,5841962,203
207455,11,1,1022104,Emdener Stra�e                                                                                      ,1200520,2018,11,17,5,3,5,2,1,1,1,0,0,0,0,0,794560,7859,5829090,37
207456,11,7,7040405,Rathaus Tempelhof,7400927,2018,11,14,6,2,6,4,0,0,1,1,0,0,0,0,799617,4968,5820921,794
207457,11,11,11051332,Karlshorst S�d,11501341,2018,11,14,5,2,6,4,0,0,0,1,0,0,1,0,806659,1808,5824234,513
207458,11,8,8010303,Donaustra�e,8100314,2018,11,19,4,3,5,7,2,1,1,0,0,0,0,0,801195,9608,5823795,94
207459,11,2,2030401,Reichenberger Stra�e,2300417,2018,11,22,5,3,0,7,2,0,1,0,1,0,0,0,800772,1533,5825611,86
207460,11,10,10030727,Biesdorf S�d                                                                                        ,10300734,2018,11,19,2,3,6,4,2,1,0,1,0,0,0,1,808799,132,5825899,6
207461,11,8,8020727,Buckow Mitte,8200832,2018,11,7,5,3,2,2,1,0,1,0,0,0,0,0,800636,6858,5816193,94
207462,11,1,1011303,Alexanderplatzviertel,1100310,2018,11,12,5,3,6,4,0,0,1,1,0,0,0,0,798935,2523,5828378,764
207463,11,12,12301203,Wittenau S�d                                                                                        ,12500930,2018,11,19,5,3,5,2,2,0,1,0,0,0,0,0,792353,6026,5834061,831
207464,11,5,5030730,Zitadellenweg,5300735,2018,11,18,2,3,4,1,1,0,1,0,0,0,0,1,787170,7245,5830665,717
207465,11,7,7040401,Neu-Tempelhof,7400720,2018,11,12,5,3,1,5,0,1,1,0,0,0,0,0,797146,9229,5823862,319
207466,11,4,4030620,Alt-Lietzow,4300619,2018,11,12,5,3,5,3,0,1,1,0,0,0,0,0,791779,135,5827470,222
207467,11,5,5020627,Tiefwerder,5200632,2018,11,18,2,3,2,6,2,0,1,0,0,0,0,1,785340,1127,5828202,825
207468,11,9,9020802,K�llnische Vorstadt                                                                                 ,9200819,2018,11,12,5,3,2,6,0,0,1,0,0,0,0,0,810834,65,5818496,471
207469,11,2,2030301,Oranienplatz,2300314,2018,11,7,6,3,5,2,0,1,0,0,0,1,0,0,800138,3046,5825758,498
207470,11,11,11041128,Sewanstra�e,11401136,2018,11,18,5,2,6,4,2,0,1,1,0,0,0,0,805958,7753,5826189,867
207471,11,8,8010404,Rixdorf,8100415,2018,11,17,4,2,6,7,2,0,1,1,0,0,0,0,802020,8266,5823294,477
207472,11,4,4030519,Kaiserin-Augusta-Allee,4300518,2018,11,17,5,3,5,2,2,0,1,0,1,0,0,0,792078,8076,5828568,685
207473,11,4,4031032,Halensee,4500937,2018,11,12,5,3,1,5,0,1,1,0,0,0,0,0,791803,3642,5825197,277
207474,11,10,10020414,Helle Mitte,10200421,2018,11,16,2,3,5,3,2,0,1,0,0,0,0,1,812172,8142,5830978,14
207475,11,9,9031101,Gr�nau,9301126,2018,11,11,5,3,0,7,0,1,1,0,0,0,0,0,810841,5383,5818462,638
207476,11,11,11030721,R�digerstra�e,11300725,2018,11,10,5,3,5,3,0,0,1,0,0,0,1,0,805160,5074,5827723,63
207477,11,1,1011401,Invalidenstra�e                                                                                     ,1100415,2018,11,9,5,3,0,1,0,0,0,0,1,0,0,0,798119,657,5829344,239
207478,11,7,7010104,Dennewitzplatz,7100205,2018,11,9,5,3,2,2,0,0,1,0,0,0,0,0,796468,35,5824882,9
207479,11,4,4041134,Bismarckallee,4400726,2018,11,15,2,3,5,2,0,0,1,0,0,0,1,1,790849,8282,5823813,11
207480,11,2,2010102,Mehringplatz,2100102,2018,11,9,5,3,5,3,0,1,1,0,0,0,0,0,798440,3057,5826524,839
207481,11,7,7010101,Wittenbergplatz/Viktoria-Luise-Platz,7100101,2018,11,8,5,3,2,6,0,0,1,0,0,0,0,0,794476,9394,5825453,727
207482,11,12,12301203,Wittenau S�d                                                                                        ,12500930,2018,11,14,2,3,6,4,0,0,1,1,0,0,0,1,792510,5663,5834384,99
207483,11,4,4030931,Breitscheidplatz,4501042,2018,11,8,5,3,1,5,0,1,1,0,0,0,0,0,794367,5209,5825669,76
207484,11,7,7020202,Volkspark (Rudolf-Wilde-Park),7200308,2018,11,19,5,3,2,6,2,1,1,0,0,0,0,0,794971,7344,5823958,661
207485,11,2,2050803,Stralauer Kiez,2500835,2018,11,8,5,3,5,2,0,1,1,0,0,0,0,0,801941,598,5826197,768
207486,11,1,1022101,Huttenkiez,1200517,2018,11,16,4,2,5,3,2,0,1,0,1,0,0,0,793354,2605,5829058,426
207487,11,7,7030303,Grazer Platz,7300619,2018,11,8,5,3,0,2,0,1,0,0,0,0,1,0,795406,7638,5821002,748