OBJECTID,LAND,BEZ,LOR,STRASSE,LOR_ab_2021,UJAHR,UMONAT,USTUNDE,UWOCHENTAG,UKATEGORIE,UART,UTYP1,ULICHTVERH,IstRad,IstPKW,IstFuss,IstKrad,IstGkfz,IstSonstig,STRZUSTAND,LINREFX,LINREFY,XGCSWGS84,YGCSWGS84
207488,11,8,8020625,Handwerker-Siedlung,8200730,2018,11,14,2,3,5,7,0,0,1,0,0,0,0,1,801449,4797,5818155,263
207489,11,9,9031001,Bohnsdorf,9301025,2018,11,7,5,3,5,3,0,1,1,0,0,0,0,1,811072,2979,5815663,297
207490,11,3,3040614,Pankow Zentrum                                                                                      ,3400725,2018,11,14,2,3,5,2,0,1,1,0,0,0,0,1,799874,5978,5835602,488
207491,11,2,2020204,Urbanstra�e,2200210,2018,11,6,5,3,2,3,1,1,1,0,0,0,0,0,798426,7425,5824786,302
207492,11,1,1011303,Alexanderplatzviertel,1100310,2018,11,13,2,2,0,1,0,1,0,0,0,0,0,1,799590,1347,5828480,681
207493,11,7,7060604,Marienfelde S�d,7601339,2018,11,12,5,3,2,7,0,0,1,0,1,0,0,0,795822,27,5815620,521
207494,11,12,12214421,Reinickes Hof,12200307,2018,11,13,2,3,5,3,0,0,1,0,0,0,0,1,793431,1898,5833455,288
207495,11,9,9020702,Adlershof Ost,9200717,2018,11,5,5,3,8,1,2,0,1,0,0,0,0,1,809056,137,5820699,946
207496,11,6,6020306,Lankwitz S�d                                                                                        ,6200317,2018,11,13,2,3,5,3,0,1,1,0,0,0,0,1,796228,1775,5817019,424
207497,11,12,12231102,Frohnau,12400720,2018,11,17,5,3,6,7,2,1,0,1,0,0,0,0,789464,2126,5839728,984
207498,11,2,2030302,Lausitzer Platz,2300316,2018,11,0,5,3,2,6,2,0,1,0,0,0,0,0,800739,5,5826528,659
207499,11,12,12301203,Wittenau S�d                                                                                        ,12500926,2018,11,13,2,3,5,2,0,1,1,0,0,0,0,1,793439,5775,5836096,49
207500,11,1,1022104,Emdener Stra�e                                                                                      ,1200520,2018,11,21,4,2,2,6,2,0,1,0,0,0,0,0,794542,3316,5829091,53
207501,11,1,1022201,Stephankiez,1200623,2018,11,12,2,3,1,5,0,0,1,0,0,0,1,0,794853,4717,5828991,19
207502,11,4,4030929,Hindemithplatz,4501040,2018,11,20,4,2,0,7,2,0,1,0,1,0,0,0,792334,3235,5825715,59
207503,11,1,1011203,Unter den Linden S�d,1100206,2018,11,19,4,3,6,4,2,0,1,1,0,0,0,0,797912,9251,5827274,529
207504,11,10,10040933,Mahlsdorf S�d                                                                                       ,10400940,2018,11,13,2,3,2,6,0,0,1,0,0,0,0,1,813084,1541,5826577,712
207505,11,6,6010208,Bergstra�e                                                                                          ,6100208,2018,11,8,5,3,5,3,0,1,1,0,0,0,0,0,794125,1327,5820615,236
207506,11,2,2050803,Stralauer Kiez,2500835,2018,11,19,4,3,3,6,2,1,1,0,0,0,0,0,803054,179,5825719,671
207507,11,1,1011401,Invalidenstra�e                                                                                     ,1100415,2018,11,12,2,3,0,6,0,0,1,0,0,0,1,1,797613,6653,5829224,315
207508,11,1,1011301,Charit�viertel,1100308,2018,11,7,4,3,0,6,2,1,0,0,0,0,1,0,796740,2495,5829662,602
207509,11,4,4030931,Breitscheidplatz,4501042,2018,11,19,4,3,1,5,2,1,1,0,0,0,0,1,794282,936,5825515,293
207510,11,6,6010101,Fichtenberg,6100101,2018,11,12,2,3,0,7,0,0,1,0,0,0,0,1,792656,6511,5821104,463
207511,11,4,4030725,Amtsgerichtsplatz,4300416,2018,11,17,4,3,3,6,2,0,1,0,1,0,0,0,791927,138,5826115,251
207512,11,6,6010210,Bismarckstra�e                                                                                      ,6100210,2018,11,9,2,3,2,6,0,0,1,0,0,0,0,0,795196,5562,5821181,467
207513,11,7,7050501,Rathausstra�e                                                                                       ,7501029,2018,11,17,4,2,1,5,2,0,1,0,1,0,0,0,797451,7257,5818696,6
207514,11,11,11010207,Wartenberg Nord,11100206,2018,11,17,4,3,5,2,2,0,0,0,1,0,0,1,805088,7688,5834615,16
207515,11,3,3040614,Pankow Zentrum                                                                                      ,3400723,2018,11,9,2,2,2,6,0,0,1,0,1,0,1,1,799708,2339,5834113,704
207516,11,8,8010510,Gewerbegebiet K�llnische Heide,8100521,2018,11,8,4,3,1,5,0,1,1,0,0,0,0,0,803598,1685,5821655,605
207517,11,3,3071633,Th�lmannpark,3701657,2018,11,17,4,3,5,3,2,1,1,0,0,0,0,0,800027,2852,5830417,144
207518,11,7,7030303,Grazer Platz,7300619,2018,11,16,4,2,1,5,2,0,1,0,1,0,0,1,794988,5818,5822271,685
207519,11,8,8010301,Reuterkiez,8100310,2018,11,9,2,3,0,5,0,0,1,0,0,0,0,1,800329,5223,5824879,56
207520,11,9,9052001,K�penick Nord                                                                                       ,9502043,2018,11,18,4,3,0,1,2,1,0,0,0,0,0,1,809589,9098,5823104,5
207521,11,1,1011302,Oranienburger Stra�e                                                                                ,1100309,2018,11,16,4,3,5,3,1,1,0,0,0,0,1,0,797682,806,5828783,407
207522,11,5,5010101,Hakenfelde Nord,5100103,2018,11,9,2,3,2,2,0,0,1,0,0,0,1,0,785294,4429,5832414,915
207523,11,7,7060604,Marienfelde S�d,7601341,2018,11,15,4,2,5,3,0,1,1,0,0,0,0,0,797732,1858,5815402,2
207524,11,3,3061429,Greifswalder Stra�e,3601449,2018,11,19,5,3,6,2,2,0,1,1,0,0,0,0,801726,9997,5830103,382
207525,11,7,7010103,Barbarossaplatz,7100204,2018,11,14,4,3,5,3,0,1,1,0,0,0,0,0,795496,3208,5824836,485
207526,11,6,6030609,Augustaplatz,6300633,2018,11,8,2,2,0,3,0,1,0,0,0,0,1,0,792247,7244,5818662,66
207527,11,12,12301203,Wittenau S�d                                                                                        ,12500930,2018,11,18,4,2,2,2,1,0,1,0,0,0,0,0,793954,134,5835299,828
207528,11,10,10040932,Alt-Mahlsdorf,10400939,2018,11,12,6,3,5,3,0,0,1,0,0,0,0,1,812694,482,5827661,552
207529,11,2,2020204,Urbanstra�e,2200210,2018,11,18,4,3,2,6,0,0,1,0,0,0,0,0,798306,6155,5825484,515
207530,11,11,11051332,Karlshorst S�d,11501341,2018,11,18,4,2,0,1,2,0,1,0,0,0,0,1,807220,9051,5824048,995
207531,11,2,2050804,Stralauer Halbinsel,2500836,2018,11,15,4,3,5,7,1,1,1,0,0,0,0,1,803147,4048,5825729,891
207532,11,1,1011202,Unter den Linden Nord,1100206,2018,11,17,4,3,5,7,1,1,1,0,0,0,0,0,798323,2204,5827909,762
207533,11,3,3071537,Kollwitzplatz,3701556,2018,11,9,2,3,5,2,0,1,0,0,0,0,1,1,799684,3389,5829247,705
207534,11,1,1011203,Unter den Linden S�d,1100206,2018,11,12,4,3,1,5,0,1,0,0,0,0,1,0,798387,5778,5827583,966
207535,11,8,8041035,Blumenviertel,8401241,2018,11,7,4,3,2,2,0,0,1,0,0,0,0,1,804343,5562,5818308,825
207536,11,5,5020625,Borkumer Stra�e                                                                                     ,5200629,2018,11,17,2,3,0,7,2,0,0,0,1,0,0,1,784682,9309,5828536,226
207537,11,6,6040703,Nikolassee,6400737,2018,11,7,4,3,5,2,0,0,1,0,0,0,0,1,784858,6091,5817527,838
207538,11,4,4051654,Wilhelmsaue,4501150,2018,11,17,2,3,2,6,2,1,1,0,0,0,0,0,793983,92,5824048,413
207539,11,6,6020408,Lichterfelde S�d                                                                                    ,6200420,2018,11,18,5,3,1,5,2,1,1,0,0,0,0,0,792618,7387,5815215,7
207540,11,1,1022201,Stephankiez,1200623,2018,11,6,4,3,1,5,1,1,1,0,0,0,0,0,795226,4432,5829340,676
207541,11,3,3061434,Anton-Saefkow-Park,3601451,2018,11,9,4,3,6,4,0,0,0,1,1,0,0,0,800707,557,5829866,266
207542,11,10,10010206,Ringkolonnaden,10100209,2018,11,5,4,3,3,6,2,0,1,0,1,0,0,1,809937,5679,5831802,14
207543,11,11,11051331,Karlshorst Nord,11501340,2018,11,17,4,3,5,2,2,1,1,0,0,0,0,0,807339,2971,5825073,968
207544,11,3,3061332,Helmholtzplatz,3601346,2018,11,13,4,3,5,2,0,0,0,0,1,0,1,0,799339,886,5830670,473
207545,11,8,8041037,Alt-Rudow,8401243,2018,11,7,2,3,5,3,1,1,1,0,0,0,0,0,806305,4847,5818062,314
207546,11,4,4051448,Schaperstra�e,4501045,2018,11,14,4,3,2,6,0,0,1,0,0,0,0,0,794139,957,5825266,917
207547,11,2,2020206,Graefekiez,2200213,2018,11,11,4,3,5,3,0,1,1,0,0,0,0,0,800143,4692,5825079,615
207548,11,10,10040933,Mahlsdorf S�d                                                                                       ,10400941,2018,11,7,2,3,5,3,1,1,1,0,0,0,0,0,812498,8751,5824884,772
207549,11,5,5030731,Gartenfelder Stra�e                                                                                 ,5300737,2018,11,10,4,3,3,6,0,0,1,0,0,0,0,1,786963,109,5829575,143
207550,11,8,8010118,Silbersteinstra�e,8100104,2018,11,17,2,3,6,4,2,1,0,1,0,0,1,0,800862,9688,5822365,793
207551,11,5,5010209,An der Kappe,5100211,2018,11,15,5,3,5,2,0,0,1,0,0,0,0,0,783247,3744,5830290,138
207552,11,1,1011306,Heine-Viertel Ost,1100313,2018,11,10,4,3,5,5,0,1,1,0,0,0,0,1,799396,1528,5826340,867
207553,11,3,3030715,Heinersdorf,3300516,2018,11,6,2,3,0,3,2,0,0,0,1,0,1,0,800424,683,5833732,454
207554,11,7,7010104,Dennewitzplatz,7100205,2018,11,9,4,3,5,3,0,1,1,0,0,0,0,1,796329,909,5825093,33
207555,11,3,3051017,Rennbahnstra�e,3501037,2018,11,5,2,3,5,3,2,0,1,0,0,0,0,1,802752,9339,5832700,149
207556,11,1,1011204,Leipziger Stra�e                                                                                    ,1100207,2018,11,6,4,2,6,2,2,0,1,1,0,0,0,1,798610,8976,5827017,818
207557,11,6,6040701,Wannsee,6400735,2018,11,8,4,3,2,6,0,0,1,0,0,0,0,1,781969,2945,5815472,711
207558,11,7,7020202,Volkspark (Rudolf-Wilde-Park),7200308,2018,11,17,2,3,2,6,2,0,1,0,0,0,0,1,794672,7157,5823914,537
207559,11,12,12214125,Waldidyll/Flughafensee,12200412,2018,11,4,2,2,5,7,2,0,1,0,1,0,0,1,790605,4161,5833702,6
207560,11,1,1033101,Soldiner Stra�e                                                                                     ,1300731,2018,11,8,4,3,2,6,0,0,1,0,0,0,0,1,796858,669,5832385,502
207561,11,1,1033201,Brunnenstra�e                                                                                       ,1300834,2018,11,3,2,3,0,3,2,0,1,0,1,0,0,1,797828,9741,5830763,827
207562,11,8,8030831,Gropiusstadt Ost,8301036,2018,11,8,4,3,2,6,0,0,1,0,0,0,0,1,803929,5767,5817520,469
207563,11,7,7070702,Alt-Lichtenrade/T�pchiner Weg,7601443,2018,11,3,2,3,1,7,2,0,1,0,0,0,0,1,799952,96,5814581,264
207564,11,10,10020413,Gut Hellersdorf,10200418,2018,11,9,5,3,5,2,0,0,1,0,0,0,0,1,811289,417,5831563,732
207565,11,1,1044101,Rehberge,1400938,2018,11,8,4,3,0,7,0,1,1,0,0,0,0,1,794274,4716,5830471,135
207566,11,10,10040828,Kaulsdorf Nord                                                                                      ,10400835,2018,11,16,2,3,2,6,2,0,1,0,0,0,0,1,811318,4605,5828469,377
207567,11,5,5020626,Adamstra�e                                                                                          ,5200630,2018,11,12,4,2,2,6,0,0,1,0,0,0,0,0,783596,5457,5827581,19
207568,11,5,5020626,Adamstra�e                                                                                          ,5200631,2018,11,2,2,3,1,1,2,0,1,0,0,0,1,1,784774,5136,5826980,965
207569,11,9,9051901,Dammvorstadt,9501939,2018,11,9,4,2,5,3,0,1,0,0,1,0,0,1,809666,9916,5821535,211
207570,11,11,11020515,Landsberger Allee,11200514,2018,11,15,6,3,6,4,0,0,1,1,0,0,0,0,804960,6512,5830488,317
207571,11,5,5030730,Zitadellenweg,5300736,2018,11,8,4,2,5,2,0,1,1,0,0,0,0,1,785752,2195,5829266,934
207572,11,1,7010102,Nollendorfplatz,7100102,2018,11,20,4,3,2,6,2,0,1,0,1,0,0,1,795188,916,5825855,742
207573,11,12,12302107,Schorfheidestra�e                                                                                   ,12601236,2018,11,8,4,3,2,6,0,0,1,0,0,0,0,1,794374,643,5836231,547
207574,11,6,6030610,Lichterfelde West                                                                                   ,6300634,2018,11,13,4,3,5,2,0,0,1,0,0,0,0,0,792938,8565,5817768,276
207575,11,9,9052001,K�penick Nord                                                                                       ,9502043,2018,11,16,2,3,2,2,2,0,1,0,0,0,0,1,809589,9137,5823106,981
207576,11,10,10040931,Mahlsdorf Nord                                                                                      ,10400938,2018,11,14,4,3,0,7,0,0,0,0,0,0,1,0,813905,3174,5828794,101
207577,11,3,3020209,Niedersch�nhausen,3200206,2018,11,7,5,3,4,6,0,1,1,0,0,0,0,0,798043,233,5834767,361
207578,11,4,4030620,Alt-Lietzow,4300619,2018,11,15,4,3,0,2,0,1,1,0,0,0,0,1,792434,224,5827195,653
207579,11,1,1044201,Reinickendorfer Stra�e                                                                              ,1401044,2018,11,19,4,3,6,7,2,1,0,1,0,0,0,0,796315,296,5830824,79
207580,11,1,3071537,Kollwitzplatz,3701556,2018,11,0,2,2,6,4,2,1,0,1,0,0,0,1,799498,6313,5828864,828
207581,11,2,2020205,Chamissokiez,2200211,2018,11,21,4,3,1,5,2,1,1,0,0,0,0,0,798097,5086,5824548,109
207582,11,7,7040406,Germaniagarten,7400928,2018,11,22,4,3,5,2,2,1,1,0,0,0,0,0,800165,6401,5821501,827
207583,11,3,3050920,Wei�er See,3500933,2018,11,16,2,3,6,4,2,0,1,1,0,0,0,1,802262,3279,5832657,346
207584,11,9,9020701,Adlershof West,9200715,2018,11,9,4,3,2,6,0,0,1,0,0,0,0,0,809063,416,5818756,152
207585,11,3,3050920,Wei�er See,3500933,2018,11,9,6,3,6,4,0,1,0,1,0,0,0,0,802262,5871,5832657,193
207586,11,6,6040810,Dahlem,6400844,2018,11,6,4,2,0,3,2,0,1,0,1,0,0,1,791316,413,5821662,628
207587,11,6,6040804,Krumme Lanke,6400838,2018,11,17,4,3,5,3,2,0,1,0,0,0,1,0,787245,3397,5818353,793
207588,11,12,12214125,Waldidyll/Flughafensee,12200412,2018,11,2,4,1,0,6,2,0,1,0,0,0,0,1,791650,8544,5833998,186
207589,11,1,1011204,Leipziger Stra�e                                                                                    ,1100207,2018,11,16,3,3,6,4,0,0,0,1,0,0,1,0,797884,8324,5826682,232
207590,11,4,4051652,Nikolsburger Platz,4501149,2018,11,16,2,3,5,3,0,0,1,0,1,0,0,0,793441,9466,5824064,238
207591,11,9,9051901,Dammvorstadt,9501939,2018,11,6,3,3,0,2,2,1,1,0,0,0,0,0,810995,9708,5821744,99
207592,11,2,2010102,Mehringplatz,2100103,2018,11,17,3,3,0,7,2,1,0,0,0,0,0,1,798558,4094,5825561,168
207593,11,11,11020411,Malchower Weg,11200410,2018,11,15,2,2,6,4,1,0,1,1,0,0,0,1,805238,1155,5832168,857
207594,11,7,7040403,Manteuffelstra�e                                                                                    ,7400823,2018,11,17,3,3,6,2,2,0,1,1,0,0,0,0,797261,1424,5820739,6
207595,11,1,1033203,Humboldthain Nordwest                                                                               ,1300836,2018,11,15,2,3,5,2,1,0,1,0,0,0,0,1,796287,658,5830600,872
207596,11,1,1011302,Oranienburger Stra�e                                                                                ,1100309,2018,11,9,3,3,6,2,0,0,1,1,0,0,0,1,798293,2255,5828780,364
207597,11,5,5010209,An der Kappe,5100211,2018,11,15,2,3,5,2,0,1,1,0,0,0,0,1,781899,2831,5829572,954
207598,11,11,11010205,Falkenberg West,10100205,2018,11,7,3,3,5,2,0,0,1,0,0,0,1,1,806910,688,5832619,44
207599,11,1,1011203,Unter den Linden S�d,1100206,2018,11,20,5,3,2,6,2,1,1,0,0,0,0,0,797611,71,5827024,971
207600,11,3,3071536,Teutoburger Platz,3701554,2018,11,21,3,3,5,3,2,1,1,0,0,0,0,1,798995,7069,5829262,158
207601,11,5,5030731,Gartenfelder Stra�e                                                                                 ,5300737,2018,11,16,4,3,2,6,2,0,1,0,1,0,0,0,787255,9267,5829769,637
207602,11,1,1022101,Huttenkiez,1200517,2018,11,21,3,3,5,3,2,0,1,0,0,0,0,1,792596,9125,5828786,545
207603,11,4,4020313,K�nigin-Elisabeth-Stra�e,4200311,2018,11,14,2,3,1,5,0,0,1,0,0,0,0,0,790584,9236,5826703,834
207604,11,6,6020305,Gemeindepark Lankwitz,6200316,2018,11,20,3,3,1,3,2,0,1,0,1,0,0,1,796372,5401,5817698,335
207605,11,5,5010314,Carl-Schurz-Stra�e                                                                                  ,5100316,2018,11,15,2,3,6,2,0,0,1,1,0,0,0,1,785047,1664,5828921,104
207606,11,11,11040925,Victoriastadt,11400927,2018,11,14,2,3,0,1,0,0,0,0,1,0,0,1,803801,7967,5826671,901
207607,11,11,11040926,Weitlingstra�e,11400929,2018,11,13,5,3,0,3,0,0,1,0,1,0,0,0,804998,3468,5826568,814
207608,11,7,7070703,John-Locke-Stra�e                                                                                   ,7601544,2018,11,8,3,3,6,4,2,0,1,1,0,0,0,1,799627,5484,5813972,882
207609,11,9,9051901,Dammvorstadt,9501939,2018,11,13,4,2,5,2,0,0,0,0,1,0,1,0,809940,8782,5821619,376
207610,11,1,1011301,Charit�viertel,1100308,2018,12,21,2,3,1,5,2,1,1,0,0,0,1,0,797641,49,5828170,444
207611,11,11,11010310,M�hlengrund,11100309,2018,11,12,4,3,5,3,0,1,1,0,0,0,0,0,805859,457,5833275,312
207612,11,6,6010207,Mittelstra�e                                                                                        ,6100207,2018,12,17,2,3,2,6,2,0,1,0,0,0,0,1,793947,9361,5820446,603
207613,11,8,8020622,Parchimer Allee,8200726,2018,11,12,4,2,6,2,0,0,1,1,0,0,0,0,802700,3244,5819932,733
207614,11,8,8020622,Parchimer Allee,8200726,2018,12,16,2,3,5,3,2,0,1,0,0,0,0,0,801263,7326,5819818,949
207615,11,3,3071537,Kollwitzplatz,3701556,2018,11,14,4,3,3,6,0,1,1,0,0,0,0,0,799468,706,5829352,731
207616,11,12,12103117,Letteplatz,12100101,2018,11,11,4,3,2,6,0,0,1,0,0,1,0,0,796665,8803,5832668,578
207617,11,5,5020627,Tiefwerder,5200632,2018,12,18,2,3,3,6,2,0,1,0,0,0,0,1,786029,7778,5828037,729
207618,11,12,12214125,Waldidyll/Flughafensee,12200414,2018,11,11,4,3,2,6,0,0,1,0,0,0,0,0,790977,756,5831201,601
207619,11,3,3020307,Buchholz,3200308,2018,11,11,4,3,5,3,0,0,1,0,0,0,0,0,799044,5805,5837293,125
207620,11,10,10030724,Oberfeldstra�e                                                                                      ,10300731,2018,12,19,2,2,5,3,2,0,1,0,0,0,1,1,809116,2326,5829716,991
207621,11,7,7030303,Grazer Platz,7300619,2018,11,18,4,2,2,7,2,0,1,0,0,0,1,0,795856,3727,5822573,707
207622,11,1,1044101,Rehberge,1400937,2018,12,18,2,3,2,6,2,0,1,0,0,0,0,0,793698,5901,5832149,403
207623,11,11,11030721,R�digerstra�e,11300725,2018,11,18,4,3,3,6,2,1,1,0,0,0,0,0,805169,118,5827700,133
207624,11,9,9010202,K�penicker Landstra�e,9100203,2018,12,17,2,3,5,2,2,1,1,0,0,0,0,1,804702,5568,5823427,861
207625,11,11,11040926,Weitlingstra�e,11400929,2018,11,18,4,3,5,7,2,0,1,0,0,0,0,0,805188,398,5827222,936
207626,11,4,4030620,Alt-Lietzow,4300619,2018,12,9,2,3,5,3,0,1,1,0,0,0,0,1,792433,1171,5827205,705
207627,11,3,3061126,Arnimplatz,3601141,2018,11,1,4,3,6,2,2,0,1,1,0,0,0,0,799187,2221,5831331,378
207628,11,5,5030832,Rohrdamm,5300838,2018,12,8,2,2,0,6,0,0,0,0,1,0,1,1,787968,3121,5830532,574
207629,11,7,7040403,Manteuffelstra�e                                                                                    ,7400823,2018,12,8,2,3,5,3,1,1,1,0,0,0,0,1,797277,7952,5821224,93
207630,11,4,4051448,Schaperstra�e,4501045,2018,11,17,4,3,5,3,2,1,1,0,0,0,0,0,793971,4754,5824964,483
207631,11,7,7020203,Kaiser-Wilhelm-Platz,7200410,2018,11,18,4,3,6,7,2,0,1,1,0,0,0,0,795402,2536,5823524,451
207632,11,5,5020626,Adamstra�e                                                                                          ,5200630,2018,12,8,2,3,6,4,0,0,1,1,0,0,0,1,783361,854,5827670,79
207633,11,4,4020313,K�nigin-Elisabeth-Stra�e,4200311,2018,12,8,2,3,0,6,0,0,1,0,1,0,0,1,790370,931,5826682,867
207634,11,10,10040932,Alt-Mahlsdorf,10400939,2018,11,17,4,3,5,2,2,0,1,0,1,0,0,0,812947,4017,5827860,887
207635,11,6,6020303,Lankwitz Kirche                                                                                     ,6200313,2018,12,7,2,3,5,3,1,1,1,0,0,0,0,1,795555,6199,5818327,411
207636,11,9,9020701,Adlershof West,9200715,2018,12,7,2,3,5,3,1,1,1,0,0,0,0,1,807641,7912,5819359,113
207637,11,5,5040936,J�gerallee,5400943,2018,11,17,4,3,6,4,2,0,1,1,0,0,0,0,780009,243,5821484,641
207638,11,8,8020726,Buckow West,8200831,2018,12,7,2,2,5,3,1,1,1,0,0,0,0,1,799596,718,5816405,433
207639,11,4,4030620,Alt-Lietzow,4300619,2018,11,17,4,3,6,4,2,0,0,1,0,0,1,0,792397,4175,5827192,967
207640,11,8,8020727,Buckow Mitte,8200832,2018,12,7,2,3,6,4,1,0,1,1,0,0,0,1,801749,2075,5817020,769
207641,11,9,9052001,K�penick Nord                                                                                       ,9502043,2018,11,10,4,3,5,3,0,0,1,0,0,0,0,0,810368,6568,5823530,176
207642,11,1,1044203,Leopoldplatz,1401048,2018,12,11,2,2,5,3,0,1,1,0,0,0,0,1,795593,7867,5831748,13
207643,11,5,5030832,Rohrdamm,5300841,2018,12,7,2,3,6,2,2,0,1,1,0,0,0,1,789674,8023,5829317,161
207644,11,4,4030828,Savignyplatz,4300624,2018,11,10,4,3,2,2,0,1,1,0,0,0,0,0,793140,7394,5826081,815
207645,11,7,7040404,Marienh�he,7400826,2018,12,6,2,3,5,3,2,0,1,0,0,0,1,1,796638,9016,5819970,254
207646,11,11,11010205,Falkenberg West,11100204,2018,12,6,2,3,6,2,2,0,0,1,0,0,1,1,806326,8418,5833881,151
207647,11,12,12224229,Konradsh�he/Tegelort,12400616,2018,11,10,4,2,2,2,0,1,1,0,0,0,0,0,786537,7059,5833216,26
207648,11,1,1011401,Invalidenstra�e                                                                                     ,1100415,2018,12,5,2,2,0,1,2,1,0,0,0,0,0,1,798286,3998,5829367,856
207649,11,3,3040512,Wilhelmsruh,3400619,2018,12,21,1,3,6,2,2,0,1,1,0,0,0,1,795825,2207,5835229,208
207650,11,3,3040513,Sch�nholz,3400620,2018,11,10,4,3,1,5,0,0,1,0,0,0,0,0,796563,5277,5834242,28
207651,11,5,5020626,Adamstra�e                                                                                          ,5200630,2018,12,20,1,2,6,4,2,0,0,1,0,0,1,1,784552,8525,5828053,776
207652,11,9,9020702,Adlershof Ost,9200716,2018,11,9,4,3,5,3,0,1,1,0,0,0,0,0,808791,752,5819471,116
207653,11,3,3051017,Rennbahnstra�e,3501038,2018,12,19,1,3,5,2,2,1,1,0,0,0,0,1,803956,414,5832366,224
207654,11,7,7010101,Wittenbergplatz/Viktoria-Luise-Platz,7100101,2018,11,9,4,3,2,6,0,0,1,0,0,1,0,0,794667,9148,5825728,63
207655,11,10,10020414,Helle Mitte,10200421,2018,12,19,1,3,6,4,2,0,1,1,0,0,0,1,812459,4144,5830969,265
207656,11,1,1044202,Sparrplatz,1401047,2018,11,9,4,3,6,4,0,0,1,1,0,0,0,0,795769,811,5830174,43
207657,11,1,1011103,L�tzowstra�e                                                                                        ,1100103,2018,12,19,1,3,6,2,2,0,1,1,0,0,0,1,795175,4001,5825913,201
207658,11,1,1011201,Wilhelmstra�e                                                                                       ,1100205,2018,11,6,4,3,6,2,1,0,1,1,0,0,0,0,797408,4716,5826950,218
207659,11,5,5010314,Carl-Schurz-Stra�e                                                                                  ,5100316,2018,12,19,1,3,1,5,2,0,1,0,0,0,1,1,784497,9021,5829685,155
207660,11,4,4041344,R�desheimer Platz,4400835,2018,11,8,4,3,6,2,1,0,0,1,0,0,1,0,793396,8889,5821772,752
207661,11,12,12214424,Scharnweberstra�e                                                                                   ,12200309,2018,12,18,1,3,2,6,2,0,1,0,0,0,0,1,793550,5548,5832363,9
207662,11,6,6010209,Feuerbachstra�e                                                                                     ,6100209,2018,12,14,1,3,0,7,0,0,1,0,1,0,0,0,794052,9827,5821442,184
207663,11,1,1011301,Charit�viertel,1100308,2018,11,18,4,3,2,2,2,1,1,0,0,0,0,0,796753,4743,5829110,377
207664,11,8,8041040,Waltersdorfer Chaussee Ost,8401246,2018,11,8,4,3,5,3,0,1,1,0,0,0,0,0,806581,6111,5816282,884
207665,11,11,11041022,Rosenfelder Ring,11401032,2018,12,18,1,3,2,6,2,0,1,0,0,0,0,1,806592,64,5827459,166
207666,11,8,8041035,Blumenviertel,8401241,2018,11,8,4,3,2,2,0,0,1,0,0,0,0,0,804086,3951,5819276,144
207667,11,2,2030302,Lausitzer Platz,2300315,2018,11,7,4,3,5,3,0,0,1,0,0,0,0,0,800786,8658,5825815,26
207668,11,1,1022106,Elberfelder Stra�e                                                                                  ,1200522,2018,12,18,1,3,6,2,2,0,1,1,0,0,0,1,793695,588,5827999,472
207669,11,7,7040401,Neu-Tempelhof,7400721,2018,11,6,4,3,3,6,2,0,1,0,0,1,0,0,797206,311,5823475,782
207670,11,2,2050802,Boxhagener Platz,2500833,2018,12,13,1,3,5,2,0,1,1,0,0,0,0,0,802079,346,5827361,618
207671,11,3,3040818,Pankow S�d                                                                                          ,3400830,2018,11,6,4,3,5,2,2,1,1,0,0,0,0,0,800014,174,5833422,153
207672,11,4,4030623,Ernst-Reuter-Platz,4300622,2018,12,12,1,3,5,3,0,0,1,0,0,0,0,0,793679,8756,5826360,161
207673,11,2,2020206,Graefekiez,2200212,2018,11,14,4,3,5,2,0,1,1,0,0,0,0,0,799077,3494,5824615,28
207674,11,11,11051229,Rummelsburg,11501238,2018,12,17,1,3,6,2,2,0,1,1,0,0,0,1,803341,76,5826299,825
207675,11,3,3050919,Gustav-Adolf-Stra�e,3500932,2018,11,6,4,3,6,4,1,0,1,1,0,0,0,0,801417,6758,5832045,663
207676,11,12,12214528,Tegeler Forst,12400619,2018,11,16,4,3,7,7,2,0,1,0,0,0,0,0,788367,7846,5836219,879
207677,11,11,11030618,Fennpfuhl West,11300618,2018,12,17,1,2,6,4,1,0,0,1,0,0,1,1,802400,706,5829071,294