OBJECTID,LAND,BEZ,LOR,STRASSE,LOR_ab_2021,UJAHR,UMONAT,USTUNDE,UWOCHENTAG,UKATEGORIE,UART,UTYP1,ULICHTVERH,IstRad,IstPKW,IstFuss,IstKrad,IstGkfz,IstSonstig,STRZUSTAND,LINREFX,LINREFY,XGCSWGS84,YGCSWGS84
207678,11,3,3061441,Eldenaer Stra�e,3601453,2018,11,10,4,3,6,2,0,0,1,1,0,0,0,0,802803,9898,5828647,243
207679,11,7,7050501,Rathausstra�e                                                                                       ,7501029,2018,12,16,1,2,6,2,1,0,1,1,0,0,0,1,797576,9268,5819591,28
207680,11,3,3051017,Rennbahnstra�e,3501038,2018,11,16,4,3,5,3,2,0,1,0,0,0,0,0,803387,2304,5833107,968
207681,11,3,3071536,Teutoburger Platz,3701554,2018,11,15,4,2,6,4,0,1,0,1,0,0,0,0,799215,8101,5829279,618
207682,11,1,1033201,Brunnenstra�e                                                                                       ,1300834,2018,12,16,1,2,6,2,1,0,1,1,0,0,0,1,798079,6943,5830004,224
207683,11,2,2050803,Stralauer Kiez,2500835,2018,11,15,4,3,5,3,0,1,1,0,0,0,0,0,802560,7386,5825957,41
207684,11,5,5030730,Zitadellenweg,5300736,2018,12,15,1,3,5,3,1,0,1,0,0,0,0,1,786131,619,5829146,922
207685,11,4,4030726,Droysenstra�e,4500936,2018,11,14,4,3,3,6,0,1,1,0,0,0,0,0,791843,4793,5825742,198
207686,11,1,1011401,Invalidenstra�e                                                                                     ,1100415,2018,12,15,1,3,1,5,1,1,1,0,0,0,1,1,797613,681,5829337,553
207687,11,1,1033102,Gesundbrunnen,1300733,2018,11,7,4,3,0,7,0,1,1,0,0,0,0,0,797343,943,5831228,76
207688,11,3,3050919,Gustav-Adolf-Stra�e,3500932,2018,12,14,1,3,2,3,0,0,1,0,1,0,0,1,801941,7283,5832584,708
207689,11,1,1044103,Westliche M�llerstra�e                                                                              ,1400942,2018,11,14,3,3,0,4,0,1,0,1,0,0,0,0,794809,34,5830943,763
207690,11,5,5020626,Adamstra�e                                                                                          ,5200630,2018,11,17,3,3,5,3,2,0,1,0,0,0,0,0,784752,4896,5827199,569
207691,11,2,2040502,Friedenstra�e,2400521,2018,12,14,1,3,5,3,0,0,1,0,0,0,0,1,800481,267,5828223,354
207692,11,2,2010101,Askanischer Platz,2100101,2018,12,13,1,2,1,5,1,1,1,0,0,0,0,1,797778,8315,5826004,307
207693,11,7,7010102,Nollendorfplatz,7100102,2018,11,16,3,3,2,6,1,0,1,0,0,0,0,0,795038,4347,5824912,676
207694,11,8,8010115,Hasenheide,8100102,2018,12,8,1,2,1,1,0,0,1,0,0,1,0,0,799415,2454,5823779,766
207695,11,7,7040401,Neu-Tempelhof,7400721,2018,12,6,1,2,8,1,2,0,1,0,0,0,0,1,797797,707,5822582,551
207696,11,2,2020204,Urbanstra�e,2200210,2018,11,15,3,3,0,1,0,1,0,0,0,0,0,0,798476,8121,5825218,448
207697,11,10,10010308,Marzahner Chaussee,10100311,2018,12,5,1,2,9,1,2,0,1,0,0,0,0,1,807042,4264,5830453,279
207698,11,8,8041036,Zittauer Stra�e,8401242,2018,12,17,1,1,6,4,2,0,1,1,0,0,0,1,805264,223,5817255,839
207699,11,8,8010404,Rixdorf,8100417,2018,11,15,3,3,2,6,0,0,1,0,0,0,0,0,802532,2014,5823115,622
207700,11,10,10010102,Havemannstra�e                                                                                      ,10100103,2018,12,17,7,3,5,3,2,0,1,0,0,0,1,1,809134,105,5833829,102
207701,11,7,7040405,Rathaus Tempelhof,7400927,2018,11,12,3,3,2,6,0,0,1,0,0,0,0,0,799049,309,5821702,655
207702,11,7,7030301,Friedenau,7300516,2018,12,17,7,3,5,2,1,0,1,0,1,0,0,1,793993,3996,5821578,44
207703,11,2,2020203,Viktoriapark,2200209,2018,11,9,3,3,2,6,0,0,1,0,1,0,0,0,797197,8783,5824502,332
207704,11,8,8010212,Rollberg,8100207,2018,12,16,7,3,5,5,0,0,1,0,1,0,0,0,801059,9801,5823430,941
207705,11,6,6010209,Feuerbachstra�e                                                                                     ,6100209,2018,11,9,3,3,3,2,0,1,1,0,0,0,0,0,794542,7116,5821410,192
207706,11,7,7060601,Marienfelder Allee Nordwest,7601236,2018,12,17,7,3,2,6,2,0,1,0,0,0,0,1,796412,4302,5816601,48
207707,11,3,3030711,Blankenburg,3300515,2018,12,17,7,3,2,6,2,0,1,0,0,0,0,1,801133,6974,5835054,914
207708,11,1,1033201,Brunnenstra�e                                                                                       ,1300834,2018,11,17,3,3,5,3,2,1,1,0,0,0,0,0,797967,2611,5830849,338
207709,11,4,4041344,R�desheimer Platz,4400835,2018,12,17,7,3,0,6,2,0,0,1,1,0,0,1,793348,2605,5822289,276
207710,11,8,8030830,Gropiusstadt S�d,8300935,2018,12,17,7,3,3,6,2,0,1,0,0,0,0,1,802481,3458,5817969,727
207711,11,1,1011101,St�lerstra�e                                                                                        ,1100101,2018,11,9,3,3,5,3,0,1,1,0,0,0,0,0,794712,4454,5826056,255
207712,11,3,3061430,Volkspark Prenzlauer Berg,3601450,2018,12,16,7,3,5,2,2,0,1,0,0,0,0,1,802324,1554,5829206,763
207713,11,8,8030829,Gropiusstadt Nord,8300934,2018,11,9,3,2,5,2,0,0,1,0,0,0,0,0,803153,6318,5818448,26
207714,11,11,11020515,Landsberger Allee,11200514,2018,11,8,3,3,2,2,0,1,1,0,0,0,0,0,805503,1317,5830313,14
207715,11,12,12214527,Alt-Tegel,12200515,2018,12,15,7,3,5,3,0,0,1,0,1,0,0,1,790281,2001,5835506,983
207716,11,2,2040701,Andreasviertel,2400623,2018,11,8,3,2,5,3,0,1,0,0,0,0,0,0,800590,332,5827007,211
207717,11,6,6030502,Zehlendorf S�d                                                                                      ,6300525,2018,12,15,7,2,5,3,1,0,1,0,1,0,0,1,790207,5546,5815096,305
207718,11,7,7030301,Friedenau,7300517,2018,11,8,3,3,2,6,0,0,1,0,0,0,0,0,793946,3001,5822484,412
207719,11,4,4020311,Reichsstra�e,4200310,2018,12,14,7,3,2,6,0,0,1,0,0,0,0,1,789657,5193,5826496,313
207720,11,8,8020726,Buckow West,8200831,2018,11,7,3,3,5,3,0,1,1,0,0,0,0,0,799838,1178,5816530,951
207721,11,6,6030504,Teltower Damm,6300528,2018,12,14,7,3,5,3,0,0,1,0,0,0,0,1,789461,4437,5816416,588
207722,11,12,12214527,Alt-Tegel,12200515,2018,12,13,7,3,5,2,0,0,1,0,0,0,0,1,790027,986,5835378,815
207723,11,11,11010102,Dorf Wartenberg,11100101,2018,11,7,4,3,5,3,1,1,1,0,0,0,0,0,806133,3263,5834730,187
207724,11,10,10020412,Alte Hellersdorfer Stra�e,10200417,2018,11,7,3,3,6,2,0,0,1,1,0,0,0,1,811316,61,5831730,83
207725,11,9,9041601,M�ggelheim,9401635,2018,12,12,7,3,5,3,0,0,1,0,0,0,0,1,816514,3034,5816953,117
207726,11,4,4030518,Tegeler Weg,4300517,2018,11,7,3,2,5,3,1,1,1,0,0,0,0,0,791910,6459,5828199,621
207727,11,3,3051022,Hansastra�e,3501038,2018,11,6,3,3,5,3,2,1,1,0,0,0,0,1,803553,8781,5831428,45
207728,11,6,6010102,Schlo�stra�e                                                                                        ,6100102,2018,12,11,7,2,6,3,0,0,1,1,0,0,0,0,793699,5518,5820674,139
207729,11,10,10040931,Mahlsdorf Nord                                                                                      ,10400938,2018,11,6,3,3,1,5,2,1,1,0,0,0,0,0,812905,8524,5828158,5
207730,11,10,10020412,Alte Hellersdorfer Stra�e,10200417,2018,12,19,7,3,2,6,2,0,1,0,0,0,1,1,811325,2149,5831959,22
207731,11,6,6020301,Alt-Lankwitz,6200311,2018,11,21,3,3,5,3,2,0,1,0,0,0,0,0,795875,1929,5818148,923
207732,11,2,2030301,Oranienplatz,2300314,2018,12,2,7,3,3,6,2,1,1,0,0,0,0,0,799847,9502,5825812,238
207733,11,6,6020409,K�nigsberger Stra�e                                                                                 ,6200421,2018,12,18,7,3,6,2,2,0,1,1,0,0,0,0,793302,6502,5816962,758
207734,11,2,2030302,Lausitzer Platz,2300315,2018,11,20,3,3,2,6,2,1,0,0,0,0,0,0,800295,6092,5825831,63
207735,11,2,2040703,Wriezener Bahnhof/Entwicklungsgebiet,2400625,2018,12,5,7,3,0,1,2,0,0,0,0,0,1,1,801341,8274,5826460,64
207736,11,9,9020502,Obersch�neweide Ost,9200512,2018,11,13,4,3,6,7,0,0,1,1,0,0,0,0,807889,857,5821546,696
207737,11,8,8010407,Gewerbegebiet Ederstra�e,8100418,2018,11,19,3,3,6,2,2,0,1,1,0,0,0,0,802522,543,5823709,84
207738,11,4,4030724,Lietzensee,4300415,2018,12,15,7,3,0,2,0,1,1,0,0,0,0,1,791051,7799,5826360,368
207739,11,1,1022206,L�neburger Stra�e                                                                                   ,1200628,2018,11,18,3,3,5,3,1,0,1,0,0,0,0,0,795718,9855,5828197,513
207740,11,12,12214125,Waldidyll/Flughafensee,12200412,2018,11,1,3,2,1,5,2,0,1,0,1,0,0,0,788459,1929,5832472,806
207741,11,2,2020203,Viktoriapark,2200209,2018,11,21,6,3,0,7,2,0,1,0,0,0,0,1,797416,6851,5824010,678
207742,11,6,6040809,Thielallee,6400843,2018,11,8,2,2,1,5,0,1,1,0,0,0,1,0,792203,9148,5820492,377
207743,11,2,2020204,Urbanstra�e,2200210,2018,11,22,6,3,5,2,2,1,1,0,0,0,0,1,798843,4125,5825086,653
207744,11,12,12103116,Hausotterplatz,12100102,2018,11,22,2,3,1,5,2,1,1,0,0,0,0,0,795967,2558,5833229,23
207745,11,5,5020625,Borkumer Stra�e                                                                                     ,5200629,2018,11,20,6,3,6,2,2,0,1,1,0,0,0,1,784736,8452,5828613,163
207746,11,7,7030301,Friedenau,7300517,2018,11,19,2,3,6,4,2,1,0,1,0,0,0,0,794206,3004,5822834,769
207747,11,12,12302110,Dannenwalder Weg,12601235,2018,11,19,6,3,6,2,2,0,1,1,0,0,0,1,795281,3088,5836351,332
207748,11,4,4030622,Richard-Wagner-Stra�e,4300621,2018,11,19,2,3,6,4,2,0,1,1,0,0,0,0,792049,2294,5827005,416
207749,11,4,4051448,Schaperstra�e,4501045,2018,11,14,4,3,5,3,0,1,1,0,0,0,0,0,794169,487,5825308,234
207750,11,1,1011201,Wilhelmstra�e                                                                                       ,1100205,2018,11,19,6,3,0,2,2,0,1,0,1,0,0,1,796977,8708,5827287,321
207751,11,7,7050503,Eisenacher Stra�e                                                                                   ,7501031,2018,11,19,2,3,5,7,2,0,1,0,0,0,0,0,799106,562,5819844,417
207752,11,6,6020306,Lankwitz S�d                                                                                        ,6200317,2018,11,18,2,2,5,7,2,0,1,0,0,0,0,0,796240,1318,5817023,854
207753,11,1,1022201,Stephankiez,1200623,2018,11,19,6,3,6,2,2,0,1,1,0,0,0,1,795048,512,5829153,386
207754,11,9,9031101,Gr�nau,9301126,2018,11,19,6,3,0,2,2,1,0,0,0,1,0,1,811478,3271,5817279,361
207755,11,1,1011302,Oranienburger Stra�e                                                                                ,1100309,2018,11,18,2,3,1,5,2,0,1,0,1,0,0,0,797747,435,5828378,899
207756,11,12,12214527,Alt-Tegel,12200515,2018,11,19,6,3,2,7,2,0,1,0,0,0,0,1,790435,277,5835180,42
207757,11,6,6040807,Zehlendorf Eiche                                                                                    ,6400841,2018,11,18,6,3,5,3,2,1,1,0,0,0,0,1,790006,908,5819160,21
207758,11,6,6030501,Berlepschstra�e                                                                                     ,6300524,2018,11,18,2,3,5,2,2,0,1,0,0,0,1,0,787530,9044,5817380,81
207759,11,8,8010301,Reuterkiez,8100311,2018,11,18,6,3,6,7,2,0,1,1,0,0,0,1,800516,7471,5824465,28
207760,11,12,12304314,Ziekowstra�e/Freie Scholle,12500824,2018,11,18,2,3,3,2,2,0,1,0,0,0,1,1,790240,34,5835853,531
207761,11,1,1022104,Emdener Stra�e                                                                                      ,1200520,2018,11,18,6,2,6,2,2,0,1,1,0,0,0,1,794060,8493,5828457,954
207762,11,5,5020627,Tiefwerder,5200632,2018,11,17,2,3,2,7,2,0,1,0,0,0,0,0,786155,7292,5828106,789
207763,11,9,9052001,K�penick Nord                                                                                       ,9502043,2018,11,14,6,3,2,6,0,0,1,0,0,0,1,1,811283,5518,5822317,122
207764,11,10,10040932,Alt-Mahlsdorf,10400939,2018,11,14,6,3,5,3,0,1,1,0,0,0,0,1,813551,5372,5827270,826
207765,11,3,3040818,Pankow S�d                                                                                          ,3400829,2018,11,17,2,2,6,6,2,0,1,1,0,0,0,0,799286,342,5832588,13
207766,11,11,11010308,Zingster Stra�e Ost,11100307,2018,11,14,6,3,0,2,0,1,1,0,0,0,0,1,805496,7597,5833466,299
207767,11,6,6040807,Zehlendorf Eiche                                                                                    ,6400841,2018,11,14,6,3,5,3,1,1,1,0,0,0,0,1,790003,6021,5819162,876
207768,11,1,1022205,Zillesiedlung,1200627,2018,11,13,6,2,1,5,0,0,1,0,0,1,0,1,795489,2107,5828395,121
207769,11,1,1011102,Gro�er Tiergarten,1100102,2018,11,18,6,3,5,3,2,1,1,0,0,0,0,1,795040,7987,5827226,595
207770,11,10,10020414,Helle Mitte,10200421,2018,11,16,2,3,5,3,2,0,1,0,0,0,0,0,812065,3201,5830623,169
207771,11,2,2030401,Reichenberger Stra�e,2300417,2018,11,11,6,3,5,3,0,0,1,0,0,1,0,1,800629,1381,5825672,299
207772,11,4,4030828,Savignyplatz,4300624,2018,11,18,6,3,6,2,2,0,1,1,0,0,0,1,793343,589,5826076,146
207773,11,11,11030619,Fennpfuhl Ost,11300620,2018,11,16,2,3,0,1,2,1,0,0,0,0,0,0,804211,7845,5829100,257
207774,11,3,3061430,Volkspark Prenzlauer Berg,3601450,2018,11,9,6,3,5,2,0,0,1,0,0,0,0,0,802327,2588,5829201,208
207775,11,11,11051229,Rummelsburg,11501238,2018,11,16,2,3,3,6,2,0,1,0,0,0,0,0,803390,7419,5826298,517
207776,11,1,1044103,Westliche M�llerstra�e                                                                              ,1400942,2018,11,10,6,2,5,2,0,1,1,0,0,0,0,1,794480,2412,5830671,276
207777,11,7,7050501,Rathausstra�e                                                                                       ,7501030,2018,11,15,2,3,6,6,1,0,0,1,0,1,0,0,798004,5723,5819645,978
207778,11,12,12231102,Frohnau,12400720,2018,11,9,6,3,5,3,0,0,1,0,0,0,0,0,789658,4384,5840030,397
207779,11,11,11030618,Fennpfuhl West,11300618,2018,11,15,2,3,1,5,1,0,1,0,0,0,0,0,802894,8355,5828957,995
207780,11,3,3050920,Wei�er See,3500933,2018,11,8,6,3,6,4,0,0,1,1,0,0,0,0,802833,5139,5832153,663
207781,11,2,2020203,Viktoriapark,2200209,2018,11,18,4,3,0,7,2,1,0,0,0,0,0,1,797078,5294,5824293,265
207782,11,7,7040402,Lindenhofsiedlung,7400822,2018,12,16,2,3,6,2,2,0,1,1,0,0,0,1,796143,3709,5820769,432
207783,11,8,8010115,Hasenheide,8100102,2018,11,17,2,3,2,6,1,0,1,0,0,0,0,0,799625,7978,5823718,711
207784,11,5,5010313,Ackerstra�e                                                                                         ,5100315,2018,11,8,6,3,5,7,0,0,1,0,0,0,1,0,785080,2158,5829638,38
207785,11,1,1011302,Oranienburger Stra�e                                                                                ,1100310,2018,11,14,2,3,0,7,0,0,0,0,0,0,1,0,799071,6981,5828999,753
207786,11,2,2040502,Friedenstra�e,2400521,2018,11,9,2,3,1,7,0,0,1,0,0,0,0,0,801263,1485,5827960,104
207787,11,9,9010402,Johannisthal Ost,9100408,2018,12,11,2,3,6,7,0,1,0,1,0,0,0,0,806407,962,5821040,676
207788,11,4,4020310,Park Ruhwald,4200308,2018,11,8,2,3,2,2,0,0,1,0,0,0,1,0,790577,5526,5827338,103
207789,11,6,6010209,Feuerbachstra�e                                                                                     ,6100209,2018,11,7,6,3,5,2,1,0,1,0,0,0,0,0,794013,4867,5821050,227
207790,11,2,2010104,Wassertorplatz,2100106,2018,11,12,2,3,3,6,0,1,0,0,0,0,1,0,799027,6543,5825594,685
207791,11,12,12302110,Dannenwalder Weg,12601235,2018,11,15,2,3,0,5,2,0,1,0,0,0,1,0,795599,6857,5836412,76
207792,11,1,1022103,Westhafen,1200517,2018,11,0,6,3,9,1,2,0,1,0,0,0,0,0,793585,588,5829822,167
207793,11,11,11020411,Malchower Weg,11200410,2018,11,15,2,3,5,7,0,0,0,0,0,1,1,0,804627,5241,5832773,457
207794,11,9,9020601,Schnellerstra�e                                                                                     ,9200613,2018,11,17,6,3,6,2,2,0,1,1,0,0,0,1,807347,5476,5821065,97
207795,11,1,1022201,Stephankiez,1200623,2018,12,15,2,3,0,7,0,1,1,0,0,0,0,1,795083,6677,5828974,232
207796,11,1,1044201,Reinickendorfer Stra�e                                                                              ,1401045,2018,11,13,2,3,1,5,0,0,1,0,0,1,0,0,796948,7858,5831527,478
207797,11,2,2040701,Andreasviertel,2400623,2018,11,17,6,3,6,7,2,1,0,1,0,0,0,1,801233,944,5827707,74
207798,11,3,3020209,Niedersch�nhausen,3200205,2018,11,14,4,3,5,3,0,0,1,0,0,0,1,0,797898,8133,5835180,707
207799,11,6,6040810,Dahlem,6400844,2018,12,15,2,3,5,3,0,1,1,0,0,0,0,1,790411,3785,5820903,914
207800,11,3,3061429,Greifswalder Stra�e,3601449,2018,11,16,6,3,5,2,2,1,1,0,0,0,0,1,801709,5546,5830082,686
207801,11,4,4030931,Breitscheidplatz,4501042,2018,11,12,2,3,1,5,0,1,1,0,0,0,1,0,793880,4303,5825527,405
207802,11,4,4051448,Schaperstra�e,4501045,2018,11,12,2,3,5,3,0,0,1,0,0,0,1,0,794199,5458,5825039,307
207803,11,1,1011105,N�rdlicher Landwehrkanal                                                                            ,1100102,2018,11,16,6,3,4,7,2,1,1,0,0,0,0,1,796893,4997,5826991,609
207804,11,4,4030415,Schlo�garten,4300412,2018,11,12,2,3,5,2,0,1,0,0,0,0,1,0,790788,1964,5827381,975
207805,11,1,1011103,L�tzowstra�e                                                                                        ,1100103,2018,11,16,6,3,3,2,2,0,1,0,1,0,0,1,795380,4976,5825990,34
207806,11,12,12214421,Reinickes Hof,12200307,2018,12,13,2,3,0,1,0,0,0,0,1,0,0,1,793532,6673,5834150,546
207807,11,7,7010102,Nollendorfplatz,7100103,2018,11,17,6,3,6,4,2,0,1,1,0,0,0,1,795776,7644,5825195,719
207808,11,3,3020307,Buchholz,3200308,2018,11,11,2,3,5,3,0,1,0,0,0,0,1,0,799448,713,5837508,866
207809,11,6,6030502,Zehlendorf S�d                                                                                      ,6300525,2018,11,15,6,3,2,2,2,0,1,0,0,0,0,1,790214,7323,5815089,318
207810,11,8,8030829,Gropiusstadt Nord,8300934,2018,12,21,2,3,6,2,2,0,1,1,0,0,0,1,803159,1178,5818421,669
207811,11,12,12214125,Waldidyll/Flughafensee,12200412,2018,11,11,2,3,2,6,0,0,1,0,0,0,0,0,791861,62,5833978,356
207812,11,8,8010405,Hertzbergplatz,8100418,2018,11,16,6,3,2,6,2,0,1,0,0,0,0,1,802027,9306,5823525,975
207813,11,9,9051702,B�lschestra�e,9501737,2018,12,20,2,3,6,3,2,0,1,1,0,0,0,1,813729,9209,5821730,105
207814,11,12,12301203,Wittenau S�d                                                                                        ,12500930,2018,11,16,6,3,2,6,2,0,1,0,0,0,0,1,794210,3147,5834755,417
207815,11,10,10010311,Landsberger Tor,10100316,2018,11,10,2,3,5,3,0,1,1,0,0,0,0,0,810300,1176,5831811,381
207816,11,4,4051448,Schaperstra�e,4501045,2018,11,10,2,3,2,2,0,0,1,0,0,0,0,0,794225,322,5825409,759
207817,11,4,4031032,Halensee,4500937,2018,11,16,6,3,6,4,2,0,1,1,0,0,0,1,791186,8562,5825246,279
207818,11,11,11010310,M�hlengrund,11100309,2018,11,17,6,2,6,4,2,0,0,1,0,0,1,1,805417,8209,5833321,47
207819,11,11,11030618,Fennpfuhl West,11300618,2018,11,10,2,3,5,2,0,1,1,0,0,0,0,0,802416,215,5828960,187
207820,11,4,4051445,Eisenzahnstra�e,4500939,2018,11,19,6,3,2,6,2,0,1,0,0,0,0,1,792520,1501,5824497,55
207821,11,7,7020203,Kaiser-Wilhelm-Platz,7200410,2018,11,16,6,3,6,4,2,0,1,1,0,0,0,1,795507,301,5823842,732
207822,11,7,7010101,Wittenbergplatz/Viktoria-Luise-Platz,7100101,2018,12,19,2,3,0,2,2,1,1,0,0,0,0,0,794899,7365,5825408,748
207823,11,7,7040403,Manteuffelstra�e                                                                                    ,7400824,2018,11,17,1,3,5,3,1,0,1,0,0,0,0,0,797657,3596,5822018,346
207824,11,12,12214527,Alt-Tegel,12200515,2018,11,17,6,3,1,5,2,1,1,0,0,0,0,1,790393,1125,5834610,931
207825,11,12,12214125,Waldidyll/Flughafensee,12200414,2018,11,17,1,3,2,7,2,0,1,0,0,0,0,0,791080,3428,5831099,714
207826,11,4,4030623,Ernst-Reuter-Platz,4300622,2018,12,18,2,3,5,2,2,0,1,0,1,0,0,1,793340,8562,5826664,507
207827,11,3,3050919,Gustav-Adolf-Stra�e,3500932,2018,11,16,6,3,5,3,2,1,1,0,0,0,0,1,800946,2799,5832140,854
207828,11,1,1022104,Emdener Stra�e                                                                                      ,1200520,2018,11,19,1,3,2,6,2,0,1,0,0,0,0,0,794455,7225,5828450,73
207829,11,1,1044101,Rehberge,1400938,2018,11,15,6,3,6,4,1,0,1,1,0,0,0,1,794239,9934,5831220,38
207830,11,12,12301203,Wittenau S�d                                                                                        ,12500926,2018,11,16,1,3,0,2,2,1,1,0,0,0,0,0,792953,5239,5835406,243
207831,11,9,9020702,Adlershof Ost,9200717,2018,12,13,2,3,6,7,0,1,0,1,0,0,0,1,809125,227,5819502,981
207832,11,12,12231101,Hermsdorf,12400723,2018,11,15,6,3,1,5,0,0,1,0,0,0,0,1,791211,7353,5839042,625
207833,11,1,1011402,Arkonaplatz,1100416,2018,11,16,1,3,1,5,1,1,1,0,0,0,0,0,798616,594,5829340,409
207834,11,8,8010406,Treptower Stra�e Nord,8100419,2018,11,17,6,3,5,3,2,0,1,0,0,0,0,1,802289,6849,5823896,723
207835,11,1,1011303,Alexanderplatzviertel,1100310,2018,11,5,6,1,1,5,2,0,1,0,0,0,1,0,799127,8053,5828986,231
207836,11,5,5020524,Weinmeisterhornweg,5200528,2018,11,14,1,3,2,2,0,0,1,0,0,0,0,0,782984,2499,5826863,469
207837,11,2,2040703,Wriezener Bahnhof/Entwicklungsgebiet,2400625,2018,11,19,5,3,5,2,2,1,1,0,0,0,0,0,801761,103,5826242,855
207838,11,1,1011301,Charit�viertel,1100308,2018,11,11,5,3,1,5,0,1,1,0,0,0,0,0,797032,8331,5828439,494
207839,11,12,12214424,Scharnweberstra�e                                                                                   ,12200309,2018,12,17,2,2,6,4,2,0,1,1,0,0,0,1,793472,7476,5832413,436
207840,11,1,1011105,N�rdlicher Landwehrkanal                                                                            ,1100205,2018,11,12,1,3,5,3,0,1,1,0,0,0,0,0,796937,7364,5826779,854
207841,11,1,1044202,Sparrplatz,1401047,2018,11,11,5,2,5,2,0,0,1,0,0,0,0,0,795533,154,5830750,686
207842,11,3,3061227,Humannplatz,3601243,2018,11,11,1,3,5,3,0,0,1,0,0,0,0,0,799518,7271,5831529,531
207843,11,11,11040925,Victoriastadt,11400927,2018,11,6,1,3,2,6,2,0,1,0,0,0,0,1,803724,2856,5826822,647
207844,11,7,7070701,Kettinger Stra�e/Schillerstra�e                                                                     ,7601442,2018,11,11,5,3,6,2,0,0,1,1,0,0,0,0,798709,4275,5816016,163
207845,11,2,2030302,Lausitzer Platz,2300316,2018,11,3,1,3,2,6,2,0,1,0,0,0,0,0,801190,638,5825956,93
207846,11,4,4030622,Richard-Wagner-Stra�e,4300621,2018,11,9,5,3,2,6,0,0,1,0,1,0,0,0,792153,6643,5827260,228
207847,11,4,4030620,Alt-Lietzow,4300619,2018,11,1,1,3,1,5,2,1,1,0,0,0,0,0,792865,2894,5827300,653
207848,11,1,1044201,Reinickendorfer Stra�e                                                                              ,1401045,2018,11,8,5,3,3,6,0,1,0,0,0,0,0,0,796485,6956,5831965,958
207849,11,6,6040805,Fischerh�ttenstra�e                                                                                 ,6400839,2018,11,12,7,3,6,7,0,1,0,1,0,0,0,1,789201,673,5818471,899
207850,11,4,4041241,Breite Stra�e,4400832,2018,11,7,5,3,1,5,0,1,1,0,0,0,0,0,791350,1702,5822460,125
207851,11,12,12304314,Ziekowstra�e/Freie Scholle,12500824,2018,11,7,5,3,4,7,1,1,1,0,0,0,0,0,790902,2958,5836103,763
207852,11,12,12214125,Waldidyll/Flughafensee,12200412,2018,11,18,4,3,6,2,2,0,1,1,0,0,0,0,791119,1199,5833975,59
207853,11,11,2050803,Stralauer Kiez,2500835,2018,12,17,2,3,2,2,2,0,1,0,0,0,0,1,803305,9354,5826316,78
207854,11,9,9020501,Obersch�neweide West,9200510,2018,11,20,7,3,5,2,2,0,1,0,0,0,1,0,806726,3324,5823005,865
207855,11,10,10040830,Kaulsdorf S�d                                                                                       ,10400837,2018,11,7,5,3,5,2,0,1,1,0,0,0,0,0,811277,597,5826859,543
207856,11,2,2050602,Samariterviertel,2500727,2018,11,19,7,3,5,3,2,1,0,0,0,0,0,0,802593,554,5827778,87
207857,11,1,1022106,Elberfelder Stra�e                                                                                  ,1200522,2018,11,16,7,3,3,6,2,0,1,0,0,0,0,0,794581,7098,5828412,441
207858,11,6,6030609,Augustaplatz,6300633,2018,11,20,5,3,5,3,2,1,1,0,0,0,0,0,793195,9618,5819910,622
207859,11,3,3040818,Pankow S�d                                                                                          ,3400831,2018,11,16,7,3,2,6,2,0,1,0,0,0,0,0,799127,36,5833264,438
207860,11,12,12301203,Wittenau S�d                                                                                        ,12500926,2018,11,17,5,3,5,3,2,1,1,0,0,0,0,0,793647,2271,5836118,542
207861,11,1,1022106,Elberfelder Stra�e                                                                                  ,1200522,2018,12,17,2,3,3,6,2,0,1,0,0,0,1,1,793762,2167,5828133,34
207862,11,8,8010510,Gewerbegebiet K�llnische Heide,8100521,2018,11,15,7,3,5,3,1,1,0,0,0,0,1,0,802482,6435,5822558,432
207863,11,10,10020622,Kaulsdorf Nord I                                                                                    ,10200629,2018,11,11,5,3,2,7,0,0,1,0,0,0,0,0,810705,7338,5828140,334
207864,11,4,4020312,Branitzer Platz,4200308,2018,11,14,4,3,1,5,0,1,1,0,0,0,0,0,790160,8727,5827063,49
207865,11,10,10020412,Alte Hellersdorfer Stra�e,10200417,2018,12,17,2,3,2,6,2,0,1,0,0,0,0,0,811070,5542,5832010,231