OBJECTID,LAND,BEZ,LOR,STRASSE,LOR_ab_2021,UJAHR,UMONAT,USTUNDE,UWOCHENTAG,UKATEGORIE,UART,UTYP1,ULICHTVERH,IstRad,IstPKW,IstFuss,IstKrad,IstGkfz,IstSonstig,STRZUSTAND,LINREFX,LINREFY,XGCSWGS84,YGCSWGS84
207866,11,1,1022204,Thomasiusstra�e                                                                                     ,1200626,2018,11,10,5,3,0,6,0,0,1,0,0,0,1,0,794724,985,5828319,893
207867,11,12,12304313,Borsigwalde,12500825,2018,11,15,7,3,3,6,1,1,1,0,0,0,0,0,792064,4736,5834838,266
207868,11,4,4030930,George-Grosz-Platz,4501041,2018,11,14,7,3,1,5,0,0,1,0,0,0,0,0,792961,7485,5825710,324
207869,11,10,10010311,Landsberger Tor,10100316,2018,11,9,5,2,3,6,0,0,1,0,0,0,1,0,810347,4955,5831835,352
207870,11,6,6010103,Markelstra�e                                                                                        ,6100103,2018,11,18,4,3,6,4,2,1,0,1,0,0,0,0,793740,8066,5821453,211
207871,11,7,7070703,John-Locke-Stra�e                                                                                   ,7601544,2018,11,18,7,3,6,2,2,0,1,1,0,0,0,0,799761,8461,5813974,709
207872,11,11,11010207,Wartenberg Nord,11100206,2018,11,18,5,3,6,4,2,0,1,1,0,0,0,0,805598,3302,5834601,472
207873,11,7,7030301,Friedenau,7300515,2018,11,14,7,3,5,3,0,1,0,0,0,0,1,0,793890,7463,5822405,31
207874,11,1,1033102,Gesundbrunnen,1300733,2018,11,23,7,2,6,4,2,0,1,1,0,0,0,0,797069,7455,5831445,204
207875,11,4,4010103,Paul-Hertz-Siedlung,4100102,2018,11,10,5,3,2,6,0,0,1,0,0,0,0,0,791220,1753,5829033,235
207876,11,8,8020625,Handwerker-Siedlung,8200730,2018,11,17,7,2,6,4,1,0,1,1,0,0,0,0,802280,2651,5818947,777
207877,11,2,2040701,Andreasviertel,2400521,2018,11,17,5,3,3,6,1,1,0,0,0,0,0,0,800373,1394,5827885,132
207878,11,7,7010102,Nollendorfplatz,7100103,2018,11,17,7,2,6,4,2,0,1,1,0,0,0,0,795878,5563,5825389,717
207879,11,8,8010116,Wissmannstra�e,8100101,2018,11,17,5,3,6,2,1,0,1,1,0,0,0,0,800400,4385,5823878,462
207880,11,4,4030930,George-Grosz-Platz,4501041,2018,11,13,7,2,5,3,0,1,1,0,0,0,0,0,793286,9911,5825643,82
207881,11,10,10040932,Alt-Mahlsdorf,10400939,2018,11,16,5,3,5,7,2,0,1,0,1,0,0,0,813565,6239,5827385,44
207882,11,1,1011302,Oranienburger Stra�e                                                                                ,1100309,2018,11,13,7,2,5,3,0,0,1,0,1,0,0,0,798530,5333,5828982,311
207883,11,4,4051447,Ludwigkirchplatz,4501044,2018,11,15,5,3,5,2,1,1,1,0,0,0,0,0,793158,9286,5824518,23
207884,11,12,12214421,Reinickes Hof,12200307,2018,11,15,5,3,5,3,1,0,1,0,0,0,0,0,793299,8264,5833868,258
207885,11,9,9010202,K�penicker Landstra�e,9100203,2018,11,21,7,3,6,2,2,0,1,1,0,0,0,1,803778,862,5823277,627
207886,11,4,4030620,Alt-Lietzow,4300619,2018,11,15,5,3,0,3,1,0,1,0,0,0,1,0,792431,4023,5827177,456
207887,11,4,4030519,Kaiserin-Augusta-Allee,4300518,2018,11,12,7,3,5,2,0,0,1,0,0,0,1,0,792083,3481,5827960,637
207888,11,5,5010209,An der Kappe,5100211,2018,11,14,5,3,2,6,0,0,1,0,0,0,0,0,783219,8461,5830281,607
207889,11,4,4030621,Spreestadt,4300620,2018,11,14,5,3,6,2,0,0,1,1,0,0,0,0,793545,4955,5827723,109
207890,11,2,2040502,Friedenstra�e,2400521,2018,11,11,7,3,1,5,0,1,1,0,0,0,0,0,801027,4288,5828116,351
207891,11,12,12214423,Mellerbogen,12200308,2018,11,13,5,3,5,3,0,1,1,0,0,0,0,0,792900,7713,5833855,33
207892,11,9,9010402,Johannisthal Ost,9100408,2018,11,13,5,3,5,3,0,1,1,0,0,0,0,0,806482,7365,5820067,535
207893,11,4,4051549,Rathaus Wilmersdorf,4501146,2018,11,10,7,3,5,7,0,0,1,0,1,0,0,0,793313,2696,5823632,208
207894,11,6,6020302,Komponistenviertel Lankwitz,6200312,2018,11,13,5,2,5,2,0,0,1,0,0,0,0,0,794827,5999,5819323,8
207895,11,1,1011301,Charit�viertel,1100308,2018,11,1,7,3,0,1,2,1,0,0,0,0,0,0,797560,4977,5828661,48
207896,11,2,2040502,Friedenstra�e,2400521,2018,11,13,5,3,5,2,0,1,0,0,0,0,0,0,801251,1817,5827847,148
207897,11,1,1011306,Heine-Viertel Ost,1100313,2018,11,3,7,3,5,3,2,0,1,0,0,0,0,1,799902,8884,5826513,911
207898,11,8,8020625,Handwerker-Siedlung,8200730,2018,11,12,5,2,5,3,0,0,1,0,1,0,0,0,802212,2413,5818941,728
207899,11,8,8010510,Gewerbegebiet K�llnische Heide,8100521,2018,11,12,5,3,5,2,0,0,1,0,0,0,0,0,803515,8063,5821993,437
207900,11,4,4030620,Alt-Lietzow,4300619,2018,11,15,7,3,5,3,1,1,0,0,1,0,0,0,792305,3508,5827415,3
207901,11,4,4030930,George-Grosz-Platz,4501041,2018,11,0,5,3,9,1,2,0,1,0,0,0,0,0,792945,5965,5825553,827
207902,11,3,3061126,Arnimplatz,3601141,2018,11,13,5,2,5,3,0,0,1,0,0,0,1,0,798997,8132,5831812,36
207903,11,5,5010314,Carl-Schurz-Stra�e                                                                                  ,5100316,2018,11,19,6,3,2,6,2,0,1,0,0,0,0,0,784965,607,5829380,886
207904,11,10,10040830,Kaulsdorf S�d                                                                                       ,10400837,2018,11,15,4,3,6,4,1,0,1,1,0,0,0,1,810600,4878,5825495,957
207905,11,9,9031101,Gr�nau,9301126,2018,11,21,6,3,1,5,2,1,1,0,0,0,0,1,810818,3983,5818413,72
207906,11,1,1011302,Oranienburger Stra�e                                                                                ,1100309,2018,11,9,4,3,2,7,0,1,0,0,0,0,1,1,798662,2123,5828361,122
207907,11,8,8010214,Glasower Stra�e,8100209,2018,11,21,6,3,3,6,2,0,1,0,0,1,0,0,801812,127,5821965,28
207908,11,4,4030415,Schlo�garten,4300412,2018,11,12,4,3,6,4,0,0,1,1,0,0,0,0,791671,3777,5827717,514
207909,11,5,5010208,Germersheimer Platz,5100210,2018,11,20,6,2,6,4,2,0,1,1,0,0,0,0,783978,6483,5830101,13
207910,11,1,1011301,Charit�viertel,1100308,2018,11,20,4,3,2,6,0,0,1,0,0,0,0,0,797121,9518,5829237,37
207911,11,4,4010102,Pl�tzensee,4100101,2018,11,20,6,2,6,4,2,0,1,1,0,0,0,0,793152,2241,5830178,753
207912,11,2,2030302,Lausitzer Platz,2300316,2018,11,19,4,3,1,5,2,0,1,0,0,0,1,0,800697,6305,5826437,784
207913,11,1,1011302,Oranienburger Stra�e                                                                                ,1100309,2018,11,19,6,3,5,2,2,0,1,0,0,0,0,0,798000,5728,5828904,66
207914,11,3,3071536,Teutoburger Platz,3701554,2018,11,19,4,3,1,5,2,1,1,0,0,0,0,0,798898,507,5829889,134
207915,11,2,2010104,Wassertorplatz,2100106,2018,11,23,4,3,5,2,2,0,1,0,0,0,0,0,798583,5358,5825563,69
207916,11,1,1011401,Invalidenstra�e                                                                                     ,1100415,2018,11,18,6,3,2,6,1,1,1,0,0,0,0,0,798291,2697,5829368,638
207917,11,8,8030829,Gropiusstadt Nord,8300934,2018,11,16,6,2,5,7,2,0,1,0,1,0,0,1,803157,4384,5818442,577
207918,11,12,12214421,Reinickes Hof,12200307,2018,11,16,6,3,1,5,2,1,1,0,0,0,0,0,793480,807,5833686,941
207919,11,5,5020524,Weinmeisterhornweg,5200528,2018,12,12,6,3,2,6,0,0,1,0,0,0,0,1,783381,68,5826751,663
207920,11,11,11030619,Fennpfuhl Ost,11300620,2018,12,15,4,3,5,3,0,1,1,0,0,0,0,0,804220,6754,5829078,508
207921,11,5,5020625,Borkumer Stra�e                                                                                     ,5200629,2018,12,13,6,3,5,3,0,0,1,0,1,0,0,1,784644,766,5828312,275
207922,11,3,3020210,Herthaplatz,3200207,2018,12,14,4,3,5,2,0,0,1,0,1,0,0,0,799622,543,5836321,85
207923,11,10,10040933,Mahlsdorf S�d                                                                                       ,10400940,2018,12,12,6,3,5,2,0,0,1,0,0,0,1,1,812385,1106,5824270,32
207924,11,8,8020727,Buckow Mitte,8200832,2018,12,17,4,3,2,2,2,0,1,0,0,0,0,0,801613,623,5817420,242
207925,11,4,4030620,Alt-Lietzow,4300619,2018,12,11,6,3,5,7,0,1,1,0,0,0,0,1,792795,4355,5827489,799
207926,11,5,5010314,Carl-Schurz-Stra�e                                                                                  ,5100316,2018,12,10,6,2,6,4,0,0,0,1,0,1,0,1,784785,8,5828821,412
207927,11,10,10010310,Alt-Marzahn,10100313,2018,12,13,4,3,2,6,0,0,1,0,0,0,0,0,809311,247,5831421,615
207928,11,10,10020517,Adele-Sandrock-Stra�e                                                                               ,10200524,2018,12,11,6,3,5,3,0,1,1,0,0,0,0,1,812429,3944,5830413,447
207929,11,3,3040614,Pankow Zentrum                                                                                      ,3400724,2018,12,9,6,3,5,3,0,0,1,0,0,0,0,1,800031,5557,5834667,913
207930,11,6,6040808,H�ttenweg,6400842,2018,12,12,4,3,2,6,0,0,1,0,0,0,0,1,789990,5781,5819194,618
207931,11,2,2040502,Friedenstra�e,2400521,2018,12,9,6,2,5,3,0,1,1,0,0,0,0,1,800755,1925,5828470,755
207932,11,3,3061228,Erich-Weinert-Stra�e,3601245,2018,12,11,4,3,2,6,0,0,1,0,0,0,0,1,800615,421,5831376,431
207933,11,11,11020411,Malchower Weg,11200410,2018,12,7,6,2,5,3,0,1,1,0,0,0,0,1,804920,549,5833112,194
207934,11,8,8041037,Alt-Rudow,8401243,2018,12,6,4,3,5,2,1,0,1,0,0,0,0,1,805547,3767,5818559,197
207935,11,8,8010509,Schulenburgpark,8100521,2018,12,7,6,3,2,6,1,0,1,0,0,0,0,1,803624,9816,5822328,71
207936,11,10,10040931,Mahlsdorf Nord                                                                                      ,10400938,2018,12,6,4,3,5,3,2,1,1,0,0,0,0,1,812913,4771,5828059,566
207937,11,6,6020305,Gemeindepark Lankwitz,6200315,2018,12,7,6,3,6,2,1,0,1,1,0,0,0,1,795805,8063,5817731,549
207938,11,8,8020620,Tempelhofer Weg,8200624,2018,12,10,4,3,3,6,0,0,1,0,0,0,1,0,801306,198,5820450,708
207939,11,4,4030931,Breitscheidplatz,4501042,2018,12,11,4,3,1,5,0,1,1,0,0,0,0,1,793620,1449,5825758,779
207940,11,11,11010205,Falkenberg West,11100204,2018,12,7,6,3,6,7,1,0,1,1,0,0,0,1,806547,544,5833561,384
207941,11,4,4020313,K�nigin-Elisabeth-Stra�e,4200311,2018,12,6,6,3,6,7,2,0,1,1,0,0,0,1,790614,965,5826618,806
207942,11,9,9051901,Dammvorstadt,9501939,2018,12,10,4,3,3,2,0,0,1,0,1,0,0,0,809929,8328,5821615,881
207943,11,1,1011306,Heine-Viertel Ost,1100313,2018,12,10,4,3,5,3,0,1,1,0,0,0,0,1,800084,639,5826454,44
207944,11,5,5030731,Gartenfelder Stra�e                                                                                 ,5300737,2018,12,5,6,3,6,2,2,0,0,1,0,1,0,1,787944,744,5830021,895
207945,11,1,1011305,Heine-Viertel West,1100312,2018,12,9,4,3,2,2,0,1,1,0,0,0,0,1,799213,4881,5826985,973
207946,11,12,12103115,Breitkopfbecken,12100103,2018,12,9,4,3,5,7,0,0,1,0,1,0,0,1,795415,1813,5834073,308
207947,11,3,3040512,Wilhelmsruh,3400619,2018,12,5,6,3,2,6,2,0,1,0,1,0,0,1,795762,7874,5835079,287
207948,11,11,11051331,Karlshorst Nord,11501340,2018,12,8,4,3,5,3,0,0,1,0,1,0,0,1,807677,4044,5824534,243
207949,11,2,2040503,Richard-Sorge-Viertel,2400522,2018,12,3,6,2,5,2,2,1,0,0,0,0,0,1,801711,2786,5827901,344
207950,11,5,5010312,Kurstra�e                                                                                           ,5100314,2018,12,7,4,3,6,4,0,0,1,1,0,0,0,1,785181,3683,5829651,34
207951,11,4,4030518,Tegeler Weg,4300517,2018,12,13,6,3,0,1,0,0,0,0,1,0,0,1,791945,6199,5828215,472
207952,11,3,3051022,Hansastra�e,3501038,2018,12,7,4,3,6,4,0,0,0,1,0,0,1,0,803330,1797,5831992,867
207953,11,1,1011301,Charit�viertel,1100308,2018,12,6,4,3,6,2,2,0,1,1,0,0,0,1,797247,6671,5829090,371
207954,11,8,8010510,Gewerbegebiet K�llnische Heide,8100521,2018,12,15,5,3,5,3,0,1,1,0,0,0,0,1,803323,1499,5822144,626
207955,11,7,7060601,Marienfelder Allee Nordwest,7601236,2018,12,7,4,2,6,4,1,0,1,1,0,0,0,1,796597,7623,5816138,218
207956,11,1,1011102,Gro�er Tiergarten,1100102,2018,12,6,3,3,2,2,2,0,1,0,0,1,0,1,795044,7267,5827224,782
207957,11,2,2010102,Mehringplatz,2100102,2018,12,0,5,3,0,3,2,1,1,0,0,0,0,0,798022,7528,5825830,104
207958,11,8,8010508,Wei�e Siedlung,8100520,2018,12,6,3,3,6,2,2,0,1,1,0,0,0,1,803206,519,5822706,234
207959,11,3,3010102,Buch,3100102,2018,12,6,3,3,6,4,2,0,0,1,0,0,1,1,804669,4192,5841371,197
207960,11,7,7060604,Marienfelde S�d,7601341,2018,12,15,5,3,3,6,1,0,1,0,0,1,0,0,797104,9996,5815595,376
207961,11,8,8040933,Vogelviertel S�d,8401139,2018,12,16,3,2,6,4,2,0,1,1,0,0,0,1,803285,5472,5819100,903
207962,11,3,3010102,Buch,3100102,2018,12,16,5,3,3,6,1,0,1,0,1,0,0,1,804824,8932,5841396,739
207963,11,12,12214424,Scharnweberstra�e                                                                                   ,12200309,2018,12,12,3,3,0,4,0,0,0,1,1,0,0,1,793382,3347,5832501,704
207964,11,11,11030617,Hohensch�nhausener Stra�e,11300616,2018,12,16,5,3,6,4,2,0,1,1,0,0,0,1,803315,4582,5830059,202
207965,11,4,4030931,Breitscheidplatz,4501042,2018,12,15,3,3,3,6,0,0,0,0,1,0,1,0,794075,8488,5826111,588
207966,11,2,2040701,Andreasviertel,2400623,2018,12,17,5,2,6,2,2,0,1,1,0,0,0,1,800576,7217,5827053,749
207967,11,5,5010101,Hakenfelde Nord,5100104,2018,12,19,3,3,2,3,2,0,1,0,0,0,0,1,785652,4858,5831763,335
207968,11,12,12214424,Scharnweberstra�e                                                                                   ,12200309,2018,12,20,5,3,6,4,2,0,1,1,0,0,0,1,793297,6976,5832610,901
207969,11,2,2050802,Boxhagener Platz,2500833,2018,12,19,3,3,5,7,2,1,1,0,0,0,0,1,802403,6573,5827062,617
207970,11,6,6010207,Mittelstra�e                                                                                        ,6100207,2018,12,19,5,3,0,6,2,0,1,0,1,0,0,1,793369,1762,5820056,909
207971,11,2,2010103,Moritzplatz,2100104,2018,12,18,3,3,5,3,2,1,1,0,0,0,0,1,799419,3399,5826147,957
207972,11,3,3040614,Pankow Zentrum                                                                                      ,3400725,2018,12,15,3,3,1,5,1,1,1,0,0,0,0,1,799752,441,5835013,962
207973,11,10,10020517,Adele-Sandrock-Stra�e                                                                               ,10200524,2018,12,17,5,3,2,6,2,0,1,0,0,0,0,1,813271,5096,5830155,535
207974,11,3,3071536,Teutoburger Platz,3701554,2018,12,19,5,3,2,3,2,0,1,0,1,0,0,1,799230,6992,5829269,777
207975,11,4,4030726,Droysenstra�e,4500936,2018,12,17,3,3,5,7,2,0,1,0,0,0,1,1,791591,3295,5825495,285
207976,11,8,8041037,Alt-Rudow,8401243,2018,12,17,5,3,1,5,2,1,1,0,0,0,0,1,805484,933,5818462,611
207977,11,4,4031032,Halensee,4500937,2018,12,18,5,3,2,6,2,0,1,0,0,0,0,1,791463,9212,5825059,76
207978,11,8,8041040,Waltersdorfer Chaussee Ost,8401246,2018,12,16,3,3,6,2,2,0,1,1,0,0,0,1,805810,4662,5816844,16
207979,11,3,3020307,Buchholz,3200310,2018,12,16,5,3,5,3,2,1,1,0,0,0,0,1,799468,9814,5837743,188
207980,11,8,8010508,Wei�e Siedlung,8100520,2018,12,16,3,3,6,4,2,0,1,1,0,0,0,1,803101,8163,5822771,825
207981,11,3,3071537,Kollwitzplatz,3701556,2018,12,16,5,3,0,1,2,0,0,0,1,0,0,1,799728,229,5829366,207
207982,11,12,12231101,Hermsdorf,12400723,2018,12,16,3,3,1,5,2,0,1,0,0,0,1,1,791545,8052,5838552,315
207983,11,12,12301203,Wittenau S�d                                                                                        ,12500926,2018,12,16,5,3,5,3,2,0,1,0,1,0,0,1,792953,4959,5835396,57
207984,11,7,7050501,Rathausstra�e                                                                                       ,7501029,2018,12,18,4,3,5,2,2,0,1,0,1,0,0,0,797587,2378,5819594,392
207985,11,3,3020209,Niedersch�nhausen,3200206,2018,12,16,3,3,5,2,2,1,1,0,0,0,0,1,798247,3476,5835083,226
207986,11,7,7040403,Manteuffelstra�e                                                                                    ,7400824,2018,12,17,5,3,5,2,2,1,1,0,0,0,0,0,797836,3055,5821341,747
207987,11,12,12103117,Letteplatz,12100101,2018,12,16,5,3,6,4,2,0,1,1,0,0,0,1,796541,89,5832405,316
207988,11,1,1044103,Westliche M�llerstra�e                                                                              ,1400942,2018,12,15,3,3,5,2,2,1,1,0,0,0,0,1,794594,5035,5830734,515
207989,11,1,1011303,Alexanderplatzviertel,1100310,2018,12,17,5,3,6,2,2,0,1,1,0,0,0,1,799495,1061,5828789,355
207990,11,11,11041128,Sewanstra�e,11401136,2018,12,15,3,3,5,7,1,0,1,0,0,0,0,1,805996,4162,5825819,731
207991,11,11,11030618,Fennpfuhl West,11300617,2018,12,17,5,3,0,2,2,0,1,1,0,0,0,1,803090,158,5829538,569
207992,11,6,6020408,Lichterfelde S�d                                                                                    ,6200420,2018,12,18,5,2,6,4,2,0,1,1,0,0,0,0,792509,3296,5815776,45
207993,11,2,2010103,Moritzplatz,2100105,2018,12,15,3,3,5,3,1,0,1,0,0,0,0,1,799551,4592,5825854,456
207994,11,12,12301206,L�bars,12500929,2018,12,18,5,2,6,2,2,0,1,1,0,0,0,1,794041,4162,5838145,334
207995,11,6,6020411,Sch�tte-Lanz-Stra�e                                                                                 ,6200423,2018,12,14,3,3,0,7,0,0,1,0,1,0,0,1,795446,1675,5816109,668
207996,11,2,2040502,Friedenstra�e,2400521,2018,12,18,5,2,6,2,2,0,1,1,0,0,0,1,801002,1334,5828022,425
207997,11,1,1022206,L�neburger Stra�e                                                                                   ,1200628,2018,12,14,3,3,6,2,0,0,1,1,0,0,0,1,796223,232,5828507,119
207998,11,1,1033201,Brunnenstra�e                                                                                       ,1300834,2018,12,16,5,3,1,5,2,0,0,0,0,0,1,1,798238,656,5830707,47
207999,11,11,11010309,Zingster Stra�e West,11100308,2018,12,8,3,3,2,6,0,0,1,0,0,0,1,1,804829,6137,5833262,482
208000,11,9,9020602,Oberspree,9200614,2018,12,17,5,2,6,4,2,0,1,1,0,0,0,1,808425,5808,5820875,98
208001,11,1,1011102,Gro�er Tiergarten,1100102,2018,12,19,5,2,3,6,2,0,1,0,1,0,0,1,795188,9639,5827214,376
208002,11,2,2010102,Mehringplatz,2100102,2018,12,9,3,3,6,4,0,0,0,1,0,0,1,1,797945,5088,5826311,517
208003,11,11,11030720,Herzbergstra�e,11300721,2018,12,14,3,3,0,1,0,0,0,0,1,0,0,1,804332,6743,5829081,268
208004,11,11,11020515,Landsberger Allee,11200514,2018,12,15,5,3,5,3,1,0,1,0,0,0,0,0,805125,3936,5830049,997
208005,11,1,1022101,Huttenkiez,1200517,2018,12,9,3,3,6,4,0,0,1,1,0,0,0,1,793521,2752,5829265,947
208006,11,9,9051702,B�lschestra�e,9501737,2018,12,14,3,3,2,6,0,0,1,0,0,0,0,1,814540,4627,5822087,464
208007,11,7,7040405,Rathaus Tempelhof,7400927,2018,12,20,5,2,5,2,2,0,1,0,1,0,0,1,798892,2955,5821213,374
208008,11,1,1011302,Oranienburger Stra�e                                                                                ,1100309,2018,12,9,3,3,1,5,0,1,1,0,0,0,0,1,798479,4037,5828976,662
208009,11,11,11041128,Sewanstra�e,11401135,2018,12,9,3,3,5,3,0,1,1,0,0,0,0,1,805525,8697,5825986,35
208010,11,6,6030502,Zehlendorf S�d                                                                                      ,6300525,2018,12,17,5,3,2,6,2,0,1,0,0,0,0,1,790293,694,5814809,396
208011,11,4,4030931,Breitscheidplatz,4501042,2018,12,10,3,3,6,7,0,0,1,1,0,0,0,1,793786,3831,5825737,715
208012,11,12,12301204,Wittenau Nord                                                                                       ,12500927,2018,12,17,5,3,1,5,2,0,1,0,0,0,0,1,791897,2254,5835412,298
208013,11,9,9051901,Dammvorstadt,9501941,2018,12,12,3,3,2,6,0,0,1,0,0,0,0,1,812100,796,5820957,15
208014,11,10,10010310,Alt-Marzahn,10100315,2018,12,19,5,3,2,6,2,0,1,0,0,0,0,1,809840,2253,5830977,923
208015,11,7,7030303,Grazer Platz,7300619,2018,12,13,3,2,5,3,0,0,1,0,0,0,0,1,795090,7338,5821623,83
208016,11,8,8010117,Schillerpromenade,8100102,2018,12,15,5,3,2,6,1,0,1,0,0,0,0,0,800149,5252,5823643,574
208017,11,2,2040703,Wriezener Bahnhof/Entwicklungsgebiet,2400625,2018,12,13,3,3,2,6,0,1,0,0,0,0,1,1,801413,4032,5826423,904
208018,11,3,3040818,Pankow S�d                                                                                          ,3400830,2018,12,14,3,3,5,2,0,0,1,0,0,0,0,1,800020,7046,5833422,398
208019,11,8,8020619,Buschkrugallee Nord,8200623,2018,12,18,5,3,2,6,2,0,1,0,0,0,1,1,802577,376,5820735,592
208020,11,1,1033101,Soldiner Stra�e                                                                                     ,1300730,2018,12,14,3,3,5,3,0,0,1,0,0,0,0,1,796153,6535,5832273,453
208021,11,10,10040830,Kaulsdorf S�d                                                                                       ,10400837,2018,12,7,3,3,6,4,1,0,1,1,0,0,0,1,810530,96,5824956,236
208022,11,5,5020524,Weinmeisterhornweg,5200528,2018,12,21,6,3,5,3,2,0,1,0,0,0,0,1,783050,606,5826059,872
208023,11,1,1022206,L�neburger Stra�e                                                                                   ,1200628,2018,12,18,5,3,0,7,2,0,1,0,0,0,1,0,796430,1986,5828610,682
208024,11,3,3051021,Buschallee,3501037,2018,12,7,3,3,6,2,1,0,1,1,0,0,0,1,803362,7134,5832552,573
208025,11,11,11020513,Orankesee,11200512,2018,12,13,5,3,5,3,0,1,0,0,0,0,1,0,802953,2901,5830972,63
208026,11,3,3071536,Teutoburger Platz,3701554,2018,12,19,5,3,0,4,2,0,0,1,0,0,1,1,798999,858,5830086,973
208027,11,12,12103218,Teichstra�e,12100205,2018,12,6,3,3,6,2,2,0,1,1,0,0,0,1,795432,7404,5834155,218
208028,11,1,1011303,Alexanderplatzviertel,1100310,2018,12,21,5,3,5,2,2,0,1,0,0,0,0,1,799240,8668,5828468,335
208029,11,3,3050923,Wei�enseer Spitze,3500934,2018,12,7,3,3,6,4,1,0,1,1,0,0,0,1,800652,9005,5832171,685
208030,11,3,3030406,Alt-Karow,3300412,2018,12,12,5,3,5,3,0,0,1,0,0,0,0,0,802863,6535,5838282,268
208031,11,11,11030721,R�digerstra�e,11300725,2018,12,7,3,3,1,5,2,0,1,0,0,0,0,1,804908,331,5827531,763
208032,11,4,4051446,Preu�enpark,4501043,2018,12,12,5,3,6,2,0,0,1,1,0,0,0,0,792868,8028,5824664,644
208033,11,12,12214421,Reinickes Hof,12200307,2018,12,14,3,3,6,2,0,0,1,1,0,0,0,1,793384,1051,5833148,976
208034,11,2,2030302,Lausitzer Platz,2300316,2018,12,17,3,3,1,5,2,1,1,0,0,0,0,1,801383,1388,5826099,131
208035,11,8,8020727,Buckow Mitte,8200832,2018,12,10,5,3,5,3,0,0,1,0,0,0,1,0,801519,8709,5817350,205
208036,11,4,4030725,Amtsgerichtsplatz,4300416,2018,12,16,6,3,2,2,2,0,1,0,0,0,1,1,791570,1314,5826528,643
208037,11,1,1022204,Thomasiusstra�e                                                                                     ,1200626,2018,12,13,5,3,3,6,0,0,1,0,0,0,1,0,794788,5342,5828310,691
208038,11,12,12214424,Scharnweberstra�e                                                                                   ,12200309,2018,12,17,3,3,3,6,2,0,1,0,0,1,0,1,793301,5085,5832582,132
208039,11,5,5030731,Gartenfelder Stra�e                                                                                 ,5300737,2018,12,10,5,3,6,4,0,0,1,1,0,0,0,1,787369,9871,5830067,751
208040,11,2,2030302,Lausitzer Platz,2300316,2018,12,10,5,3,1,5,0,1,1,0,0,0,0,0,800790,7237,5826496,849
208041,11,3,3061227,Humannplatz,3601244,2018,12,17,4,3,5,3,2,0,1,0,0,0,0,0,800111,9358,5831694,933
208042,11,1,1011301,Charit�viertel,1100308,2018,12,17,3,3,6,4,2,0,1,1,0,0,0,1,796982,248,5828747,68
208043,11,1,1011302,Oranienburger Stra�e                                                                                ,1100309,2018,12,9,5,3,6,2,0,1,0,1,0,0,0,0,797636,613,5828308,856
208044,11,11,11030721,R�digerstra�e,11300722,2018,12,18,3,3,1,5,2,1,0,0,0,1,1,1,804280,1672,5827946,136
208045,11,7,7010104,Dennewitzplatz,7100206,2018,12,16,6,3,6,4,2,0,1,1,0,0,0,1,796541,6487,5824860,126
208046,11,1,1011204,Leipziger Stra�e                                                                                    ,1100207,2018,12,8,5,3,2,6,0,1,1,0,0,0,0,0,797920,7494,5826573,792
208047,11,10,10020413,Gut Hellersdorf,10200418,2018,12,17,3,3,6,4,2,0,1,1,0,0,0,1,810964,351,5830924,616
208048,11,6,6010209,Feuerbachstra�e                                                                                     ,6100209,2018,12,18,2,3,1,5,2,1,1,0,0,0,0,0,794291,2947,5821559,726
208049,11,2,2040701,Andreasviertel,2400623,2018,12,8,5,3,0,3,0,1,1,0,0,0,0,0,800292,4051,5827628,521
208050,11,1,1011201,Wilhelmstra�e                                                                                       ,1100205,2018,12,18,2,3,5,3,2,0,1,0,1,0,0,1,796946,6749,5826781,252
208051,11,7,7030303,Grazer Platz,7300619,2018,12,7,5,2,5,2,0,0,1,0,0,0,0,0,795410,644,5820979,33
208052,11,10,10010206,Ringkolonnaden,10100209,2018,12,7,6,3,6,6,2,1,1,1,0,0,0,1,810010,9972,5832300,377
208053,11,3,3061228,Erich-Weinert-Stra�e,3601245,2018,12,5,4,3,5,2,2,1,1,0,0,0,0,0,800248,7669,5831349,792
208054,11,7,7010104,Dennewitzplatz,7100205,2018,12,18,2,3,5,2,2,1,1,0,0,0,0,1,796013,6296,5824976,54
208055,11,10,10030724,Oberfeldstra�e                                                                                      ,10300731,2018,12,13,4,3,2,6,0,0,1,0,0,0,0,0,809656,733,5829663,394
208056,11,9,9020702,Adlershof Ost,9200717,2018,12,15,4,3,0,2,0,1,1,0,0,0,0,0,809478,8132,5818716,259
208057,11,1,1011201,Wilhelmstra�e                                                                                       ,1100205,2018,12,18,2,3,0,2,2,1,1,0,0,0,0,1,797452,6574,5826843,844