OBJECTID,LAND,BEZ,LOR,STRASSE,LOR_ab_2021,UJAHR,UMONAT,USTUNDE,UWOCHENTAG,UKATEGORIE,UART,UTYP1,ULICHTVERH,IstRad,IstPKW,IstFuss,IstKrad,IstGkfz,IstSonstig,STRZUSTAND,LINREFX,LINREFY,XGCSWGS84,YGCSWGS84
208058,11,11,11051332,Karlshorst S�d,11501341,2018,12,15,4,3,5,7,0,0,1,0,0,0,1,0,807036,6688,5823517,444
208059,11,1,1022104,Emdener Stra�e                                                                                      ,1200520,2018,12,18,2,3,3,6,2,0,1,0,1,0,0,1,794581,3182,5828596,278
208060,11,11,11051229,Rummelsburg,11501238,2018,12,16,6,2,6,4,2,0,0,1,0,0,1,1,804471,8496,5825744,333
208061,11,4,4020314,Messegel�nde,4200311,2018,12,15,4,3,2,6,0,0,1,0,1,0,0,0,789970,4174,5825136,427
208062,11,4,4051448,Schaperstra�e,4501045,2018,12,16,2,3,6,3,1,0,1,1,0,0,0,1,793932,59,5825162,212
208063,11,1,1011201,Wilhelmstra�e                                                                                       ,1100205,2018,12,14,4,2,1,5,0,0,1,0,0,0,1,0,797085,2867,5826877,937
208064,11,12,12231102,Frohnau,12400720,2018,12,16,6,3,0,3,2,0,0,0,0,0,1,1,789663,5743,5839655,199
208065,11,8,8010118,Silbersteinstra�e,8100104,2018,12,16,2,3,2,6,2,0,1,0,0,0,0,0,800842,1337,5822545,45
208066,11,1,1011201,Wilhelmstra�e                                                                                       ,1100205,2018,12,14,4,3,6,4,0,1,0,1,0,0,0,0,796964,164,5826950,997
208067,11,10,10040933,Mahlsdorf S�d                                                                                       ,10400940,2018,12,13,4,3,5,3,0,1,1,0,0,0,0,0,812386,5247,5824605,917
208068,11,12,12103116,Hausotterplatz,12100102,2018,12,16,2,3,5,3,2,0,1,0,0,0,0,1,796595,8294,5833589,5
208069,11,8,8020620,Tempelhofer Weg,8200624,2018,12,12,4,3,3,6,0,0,1,0,1,0,0,0,800878,9275,5821457,166
208070,11,4,4010102,Pl�tzensee,4100101,2018,12,12,4,2,5,3,0,0,1,0,1,0,0,0,792115,5035,5830675,815
208071,11,12,12214422,Klixstra�e                                                                                          ,12200310,2018,12,15,2,3,2,2,0,0,1,0,0,0,0,0,792223,6865,5833717,97
208072,11,11,11040925,Victoriastadt,11400927,2018,12,15,2,3,6,4,1,1,0,1,0,0,0,1,803495,1563,5826625,88
208073,11,3,3030406,Alt-Karow,3300413,2018,12,12,4,3,1,5,0,1,1,0,0,0,0,0,803433,6089,5837430,758
208074,11,7,7040401,Neu-Tempelhof,7400720,2018,12,15,2,2,6,4,2,0,1,1,0,0,0,0,796641,6167,5823469,608
208075,11,9,9020502,Obersch�neweide Ost,9200511,2018,12,17,2,2,6,4,2,0,1,1,0,0,0,1,807622,1497,5822198,559
208076,11,10,10010207,Marzahner Promenade,10100210,2018,12,11,4,3,6,3,0,0,1,1,0,0,0,0,808403,3117,5831205,756
208077,11,12,12302110,Dannenwalder Weg,12601235,2018,12,18,2,3,0,3,2,0,1,0,0,0,1,1,795130,9807,5836343,71
208078,11,5,5020626,Adamstra�e                                                                                          ,5200631,2018,12,10,4,3,1,5,0,0,1,0,0,0,0,0,784648,148,5827951,475
208079,11,1,1033102,Gesundbrunnen,1300733,2018,12,16,2,3,2,2,0,0,1,0,0,0,0,1,797341,8472,5831211,437
208080,11,7,7020202,Volkspark (Rudolf-Wilde-Park),7200308,2018,12,10,4,3,6,7,0,0,1,1,0,0,0,0,795011,2419,5823268,332
208081,11,7,7030301,Friedenau,7300515,2018,12,16,2,3,2,6,2,0,1,0,0,0,0,1,793438,953,5822415,24
208082,11,6,6020302,Komponistenviertel Lankwitz,6200312,2018,12,14,2,3,5,3,0,0,1,0,0,0,1,0,794583,1726,5819155,163
208083,11,12,12231102,Frohnau,12400721,2018,12,10,4,3,5,3,0,1,1,0,0,0,0,1,791221,1635,5839954,947
208084,11,8,8010301,Reuterkiez,8100312,2018,12,13,2,3,5,7,0,0,1,0,0,0,0,0,801362,861,5823946,26
208085,11,2,2030301,Oranienplatz,2300314,2018,12,19,2,3,5,3,2,1,0,0,0,0,0,1,799915,4073,5825976,19
208086,11,2,2010104,Wassertorplatz,2100106,2018,12,22,2,3,5,3,2,0,1,0,0,0,0,1,798599,4825,5825578,748
208087,11,7,7010102,Nollendorfplatz,7100102,2018,12,14,2,2,5,3,0,0,1,0,0,0,0,1,794944,8146,5825404,658
208088,11,2,2020204,Urbanstra�e,2200210,2018,12,22,4,3,1,5,2,1,1,0,0,0,0,0,798952,7742,5824795,765
208089,11,5,5030731,Gartenfelder Stra�e                                                                                 ,5300737,2018,12,12,2,3,3,6,0,0,1,0,1,0,0,1,786962,845,5829334,442
208090,11,3,3061228,Erich-Weinert-Stra�e,3601245,2018,12,12,2,3,5,3,0,1,1,0,0,0,0,0,800605,183,5831420,566
208091,11,4,4030726,Droysenstra�e,4500936,2018,12,20,4,2,5,3,2,1,1,0,0,0,0,0,791958,137,5825264,573
208092,11,4,4031032,Halensee,4500938,2018,12,12,2,3,5,2,0,1,1,0,0,0,0,0,791580,9291,5825003,318
208093,11,9,9030901,Dorf Altglienicke,9300921,2018,12,10,4,3,1,5,0,0,1,0,0,0,0,0,809648,363,5816775,493
208094,11,8,8010405,Hertzbergplatz,8100418,2018,12,10,2,3,1,5,0,1,1,0,0,0,0,0,801659,4792,5823780,753
208095,11,4,4020313,K�nigin-Elisabeth-Stra�e,4200311,2018,12,9,4,2,5,2,0,0,1,0,1,0,0,0,790378,2291,5827210,898
208096,11,4,4030519,Kaiserin-Augusta-Allee,4300518,2018,12,10,2,3,2,7,0,0,1,0,0,0,0,0,792064,9363,5828109,802
208097,11,2,2010102,Mehringplatz,2100103,2018,12,18,4,3,0,1,2,0,0,0,1,0,0,1,798492,7005,5825554,576
208098,11,1,1011303,Alexanderplatzviertel,1100310,2018,12,10,2,3,5,3,0,1,0,0,0,0,1,0,799776,8236,5828663,12
208099,11,1,1022206,L�neburger Stra�e                                                                                   ,1200628,2018,12,9,4,3,5,2,0,1,1,0,0,0,0,0,795523,5703,5828187,403
208100,11,9,9020601,Schnellerstra�e                                                                                     ,9200613,2018,12,16,6,3,6,2,2,0,1,1,0,0,0,1,806878,6708,5821176,4
208101,11,7,7040403,Manteuffelstra�e                                                                                    ,7400824,2018,12,18,4,3,0,2,2,0,1,0,1,0,0,0,797850,3678,5822205,611
208102,11,1,1011203,Unter den Linden S�d,1100206,2018,12,9,2,3,6,7,0,0,0,1,1,0,0,1,797788,5792,5827276,67
208103,11,8,8010406,Treptower Stra�e Nord,8100419,2018,12,9,4,3,1,5,0,1,1,0,0,0,0,0,802375,734,5824018,948
208104,11,1,1011202,Unter den Linden Nord,1100206,2018,12,18,4,3,3,2,2,0,1,0,0,0,1,0,797187,5304,5827529,606
208105,11,3,3040614,Pankow Zentrum                                                                                      ,3400723,2018,12,15,6,3,5,2,2,1,1,0,0,0,0,1,798731,947,5833692,834
208106,11,4,4020311,Reichsstra�e,4200309,2018,12,9,4,3,2,6,0,0,1,0,0,0,0,0,788985,2232,5827054,51
208107,11,1,1011305,Heine-Viertel West,1100312,2018,12,9,2,3,1,5,0,1,0,0,0,1,0,0,799236,3099,5827183,321
208108,11,11,11020412,Hauptstra�e,11200411,2018,12,9,4,3,5,2,0,1,0,0,0,1,0,0,805701,8751,5831366,412
208109,11,11,11010204,Falkenberg Ost,11100203,2018,12,9,4,3,5,3,0,1,1,0,0,0,0,0,806710,1403,5833421,197
208110,11,2,2040701,Andreasviertel,2400623,2018,12,9,2,3,5,2,0,1,0,0,0,0,1,0,800506,2492,5827059,255
208111,11,1,1011306,Heine-Viertel Ost,1100313,2018,12,18,4,3,2,6,2,0,1,0,0,0,0,1,800200,1484,5826847,81
208112,11,12,12231101,Hermsdorf,12400723,2018,12,8,2,3,2,6,0,0,1,0,0,0,0,0,791422,367,5838777,818
208113,11,2,2020206,Graefekiez,2200213,2018,12,15,6,3,1,5,1,1,1,0,0,0,0,1,799631,816,5825077,87
208114,11,10,10040828,Kaulsdorf Nord                                                                                      ,10400835,2018,12,8,4,3,5,3,0,1,1,0,0,0,0,1,812929,2958,5829712,903
208115,11,1,1011103,L�tzowstra�e                                                                                        ,1100103,2018,12,7,2,2,5,2,0,1,1,0,0,0,0,0,795592,1252,5825810,573
208116,11,9,9020701,Adlershof West,9200715,2018,12,8,4,3,5,3,0,1,1,0,0,0,0,0,807821,875,5818872,766
208117,11,4,4051551,Brabanter Platz,4501148,2018,12,15,6,3,2,2,0,0,1,0,0,0,0,1,793009,5722,5823394,844
208118,11,12,12103116,Hausotterplatz,12100102,2018,12,7,2,1,6,4,2,0,1,1,0,0,0,0,796764,6059,5833658,44
208119,11,12,12103218,Teichstra�e,12100205,2018,12,8,4,3,5,2,0,1,1,0,0,0,0,1,794834,331,5833066,451
208120,11,1,1044103,Westliche M�llerstra�e                                                                              ,1400942,2018,12,7,4,3,5,3,0,0,1,0,0,0,1,0,794845,1137,5830307,941
208121,11,8,8010211,Flughafenstra�e,8100206,2018,12,6,2,3,2,6,2,0,1,0,0,0,0,0,800467,3872,5823725,905
208122,11,4,4030620,Alt-Lietzow,4300619,2018,12,17,4,3,5,2,2,0,1,0,0,0,0,0,792975,3334,5827555,525
208123,11,1,1011303,Alexanderplatzviertel,1100310,2018,12,23,1,3,2,6,2,0,1,0,0,0,0,0,799571,2896,5828236,963
208124,11,4,4030931,Breitscheidplatz,4501042,2018,12,14,6,3,5,2,0,1,1,0,0,0,0,1,793527,6714,5825443,169
208125,11,3,3061429,Greifswalder Stra�e,3601449,2018,12,16,1,3,5,2,2,0,1,0,0,0,0,1,801338,2141,5831003,266
208126,11,1,1011306,Heine-Viertel Ost,1100313,2018,12,17,4,3,5,2,2,1,0,0,0,0,1,0,799980,4669,5826936,644
208127,11,7,7030303,Grazer Platz,7300619,2018,12,22,1,3,1,5,2,0,1,0,0,1,0,1,795283,9125,5821906,902
208128,11,1,1011102,Gro�er Tiergarten,1100102,2018,12,14,6,2,8,1,0,0,0,0,0,0,1,1,796303,7608,5827555,887
208129,11,7,7070701,Kettinger Stra�e/Schillerstra�e                                                                     ,7601442,2018,12,7,4,3,0,1,0,0,1,0,1,0,0,1,799027,9865,5816501,923
208130,11,2,2010103,Moritzplatz,2100104,2018,12,20,1,3,5,3,2,1,0,0,0,0,1,1,799115,3988,5826269,419
208131,11,1,1044201,Reinickendorfer Stra�e                                                                              ,1401045,2018,12,13,6,3,3,6,0,1,1,0,0,0,0,1,796839,1526,5831562,456
208132,11,4,4051654,Wilhelmsaue,4501150,2018,12,18,1,2,6,4,2,0,1,1,0,0,0,1,793975,3252,5823932,686
208133,11,3,3061126,Arnimplatz,3601141,2018,12,16,4,2,6,4,1,1,0,1,0,0,0,0,798947,9043,5831449,916
208134,11,2,2030301,Oranienplatz,2300314,2018,12,4,4,2,6,2,2,0,1,1,0,0,0,0,799898,4099,5825982,507
208135,11,3,3071537,Kollwitzplatz,3701556,2018,12,18,1,2,2,6,1,0,1,0,1,0,0,1,799867,7619,5829782,124
208136,11,1,1011103,L�tzowstra�e                                                                                        ,1100103,2018,12,17,1,3,3,2,2,0,1,0,0,0,0,1,795179,1,5825900,691
208137,11,7,7060604,Marienfelde S�d,7601341,2018,12,15,4,3,5,2,1,0,1,0,0,0,0,0,797610,1156,5815559,446
208138,11,7,7060604,Marienfelde S�d,7601341,2018,12,15,1,3,5,3,1,0,1,0,0,0,0,1,798075,8043,5814211,884
208139,11,11,11020515,Landsberger Allee,11200514,2018,12,14,1,3,6,7,0,0,0,1,0,0,1,0,803357,7263,5830039,446
208140,11,2,2040703,Wriezener Bahnhof/Entwicklungsgebiet,2400625,2018,12,19,6,3,5,7,2,0,1,0,0,0,0,1,801699,916,5826148,779
208141,11,12,12103219,Sch�fersee,12100204,2018,12,16,4,3,6,4,1,0,1,1,0,0,0,0,795163,6219,5832500,456
208142,11,1,1044101,Rehberge,1400938,2018,12,11,1,2,6,4,0,0,1,1,0,0,0,1,794886,9788,5831281,953
208143,11,7,7050503,Eisenacher Stra�e                                                                                   ,7501031,2018,12,9,4,3,2,6,0,0,1,0,0,0,0,1,799113,7088,5819868,358
208144,11,12,12103219,Sch�fersee,12100204,2018,12,13,6,2,2,4,0,0,1,1,1,0,0,1,793996,8942,5832652,714
208145,11,10,10030727,Biesdorf S�d                                                                                        ,10300734,2018,12,5,1,3,0,7,2,0,1,0,0,0,0,1,809579,5968,5825493,889
208146,11,4,4051550,Leon-Jessel-Platz,4501147,2018,12,16,4,3,1,5,0,1,1,0,0,0,0,0,793330,4995,5824278,933
208147,11,8,8020728,Buckow Ost,8200833,2018,12,4,1,3,5,3,2,0,1,0,0,0,0,1,802125,8684,5816786,576
208148,11,3,3061228,Erich-Weinert-Stra�e,3601245,2018,12,7,4,3,5,2,1,1,1,0,0,0,0,0,800559,7238,5831407,563
208149,11,9,9010401,Johannisthal West,9100407,2018,12,13,6,2,9,1,0,0,1,0,0,0,0,1,805150,1885,5821478,428
208150,11,5,5030730,Zitadellenweg,5300736,2018,12,1,1,2,6,4,2,0,1,1,0,0,0,1,786652,3984,5829243,858
208151,11,11,11010205,Falkenberg West,11100204,2018,12,7,4,3,5,2,2,1,1,0,0,0,0,1,806852,4118,5832683,49
208152,11,9,9020702,Adlershof Ost,9200717,2018,12,1,1,3,1,5,2,0,1,0,0,0,0,1,809699,8079,5819132,87
208153,11,2,2020204,Urbanstra�e,2200210,2018,12,0,1,3,5,3,2,0,1,0,0,0,0,1,798794,2045,5824926,451
208154,11,6,6030610,Lichterfelde West                                                                                   ,6300634,2018,12,6,4,2,6,2,2,0,1,1,0,0,0,1,791907,165,5818944,22
208155,11,9,9010202,K�penicker Landstra�e,9100203,2018,12,5,1,3,5,3,2,0,1,0,0,0,0,1,804111,32,5824359,311
208156,11,4,4031032,Halensee,4500937,2018,12,20,7,3,6,4,2,0,1,1,0,0,0,1,791769,6384,5825166,585
208157,11,10,10010308,Marzahner Chaussee,10100311,2018,12,12,6,3,0,3,0,1,0,0,0,1,0,1,806585,2221,5828094,724
208158,11,4,4010103,Paul-Hertz-Siedlung,4100102,2018,12,15,3,3,5,3,0,0,1,0,0,0,0,0,791497,3424,5829247,39
208159,11,12,12214125,Waldidyll/Flughafensee,12200414,2018,12,16,7,3,6,2,1,0,1,1,0,0,0,1,791910,929,5831509,2
208160,11,6,6030609,Augustaplatz,6300633,2018,12,21,3,2,6,4,2,0,1,1,0,0,0,0,793196,9497,5819788,938
208161,11,3,3061131,Falkplatz,3601142,2018,12,19,3,3,0,5,2,0,1,0,0,0,1,0,798796,3768,5831074,824
208162,11,2,2020204,Urbanstra�e,2200210,2018,12,23,7,3,2,6,2,0,1,0,0,0,0,1,798720,1,5824698,315
208163,11,8,8010118,Silbersteinstra�e,8100105,2018,12,17,3,3,6,2,2,0,1,1,0,0,0,0,801039,3779,5822074,783
208164,11,4,4020314,Messegel�nde,4200311,2018,12,21,7,3,3,6,2,0,1,0,0,0,0,1,790347,8513,5825662,292
208165,11,1,1011301,Charit�viertel,1100308,2018,12,18,3,3,5,2,2,1,1,0,0,0,0,0,797244,4862,5829094,5
208166,11,6,6030503,Zehlendorf Mitte                                                                                    ,6300526,2018,12,18,7,3,6,4,1,0,0,1,0,0,1,0,789486,1342,5817638,658
208167,11,8,8010211,Flughafenstra�e,8100206,2018,12,17,3,3,2,6,2,1,1,0,0,0,0,0,800588,803,5823767,68
208168,11,2,2010104,Wassertorplatz,2100106,2018,12,18,7,3,5,2,2,0,1,0,0,0,0,1,799063,639,5825597,272
208169,11,1,12103117,Letteplatz,12100101,2018,12,18,7,3,2,6,2,0,1,0,0,0,0,1,796138,5539,5832289,366
208170,11,8,8041037,Alt-Rudow,8401243,2018,12,21,3,3,5,3,2,0,1,0,0,0,0,0,805242,233,5818122,383
208171,11,1,1044101,Rehberge,1400938,2018,12,13,6,3,2,6,1,0,1,0,0,0,0,1,794443,3509,5829904,879
208172,11,1,1011201,Wilhelmstra�e                                                                                       ,1100205,2018,12,21,3,2,6,7,2,1,0,1,0,0,0,0,797140,41,5826446,409
208173,11,12,12231101,Hermsdorf,12400723,2018,12,18,7,2,6,4,2,0,1,1,0,0,0,1,791466,1684,5838798,13
208174,11,3,3061441,Eldenaer Stra�e,3601453,2018,12,15,3,3,6,4,0,0,1,1,0,0,0,0,802832,7751,5828647,347
208175,11,7,7070703,John-Locke-Stra�e                                                                                   ,7601544,2018,12,14,3,3,5,7,0,0,1,0,0,0,0,1,798896,8811,5814356,476
208176,11,12,12224230,Heiligensee,12400618,2018,12,17,4,3,0,3,2,0,1,0,0,0,1,1,786798,3427,5838465,223
208177,11,12,12214125,Waldidyll/Flughafensee,12200412,2018,12,16,7,3,6,2,1,0,1,1,0,0,0,1,790965,9907,5833830,214
208178,11,12,12301204,Wittenau Nord                                                                                       ,12500927,2018,12,14,3,3,5,3,0,0,1,0,0,0,0,1,792773,8497,5836360,752
208179,11,9,9030901,Dorf Altglienicke,9300920,2018,12,13,7,3,2,2,0,1,1,0,0,0,0,0,808578,7364,5817508,592
208180,11,8,8010510,Gewerbegebiet K�llnische Heide,8100521,2018,12,18,6,3,2,6,2,0,1,0,0,0,0,1,802710,615,5822115,331
208181,11,7,7030301,Friedenau,7300517,2018,12,14,3,2,5,2,0,0,1,0,1,0,0,0,794395,7853,5822312,919
208182,11,5,5010314,Carl-Schurz-Stra�e                                                                                  ,5100316,2018,12,7,7,3,2,6,2,0,1,0,0,0,0,1,785127,993,5828973,339
208183,11,8,8020622,Parchimer Allee,8200727,2018,12,14,3,3,2,6,0,0,1,0,0,0,0,1,802529,284,5818985,666
208184,11,4,4020310,Park Ruhwald,4200308,2018,12,16,6,3,6,2,2,0,1,1,0,0,0,1,790342,771,5827318,249
208185,11,7,7010101,Wittenbergplatz/Viktoria-Luise-Platz,7100101,2018,12,14,7,3,1,6,0,1,1,0,0,0,1,1,794490,2091,5825832,13
208186,11,6,6020408,Lichterfelde S�d                                                                                    ,6200420,2018,12,14,3,3,5,3,0,1,0,0,0,0,1,1,792570,931,5815896,666
208187,11,2,2020202,Rathaus Yorckstra�e,2200208,2018,12,12,3,3,5,2,0,1,1,0,0,0,0,0,797267,2239,5825380,554
208188,11,9,9020802,K�llnische Vorstadt                                                                                 ,9200819,2018,12,13,7,2,6,4,0,0,0,1,0,0,1,0,810366,7182,5820336,602
208189,11,3,3061126,Arnimplatz,3601141,2018,12,11,3,3,2,1,0,0,1,0,0,0,0,0,799242,643,5831771,584
208190,11,9,9020701,Adlershof West,9200715,2018,12,11,3,3,1,5,0,0,1,0,0,0,0,0,808158,6275,5819659,579
208191,11,7,7010102,Nollendorfplatz,7100102,2018,12,9,7,2,8,1,0,0,1,0,0,0,0,1,795539,2992,5825278,934
208192,11,2,2050803,Stralauer Kiez,2500835,2018,12,11,3,3,2,1,0,0,1,0,0,0,0,0,803103,9651,5826090,475
208193,11,1,1044102,Schillerpark,1400940,2018,12,9,3,3,6,7,0,0,1,1,0,0,0,0,795040,3787,5832022,208
208194,11,1,1011302,Oranienburger Stra�e                                                                                ,1100309,2018,12,6,7,3,2,6,2,0,1,0,0,0,0,0,798477,4389,5829091,235
208195,11,1,1011203,Unter den Linden S�d,1100206,2018,12,9,3,3,6,4,0,1,0,1,0,0,0,1,798024,339,5827468,758
208196,11,8,8020619,Buschkrugallee Nord,8200622,2018,12,11,7,3,1,5,0,0,1,0,0,0,1,0,801238,2795,5821618,83
208197,11,8,8010117,Schillerpromenade,8100102,2018,12,8,3,3,2,6,1,0,1,0,0,0,0,1,800595,862,5823211,419
208198,11,6,6040810,Dahlem,6400844,2018,12,2,7,2,9,1,2,0,1,0,0,0,0,1,791161,2922,5820104,151
208199,11,3,3030711,Blankenburg,3300514,2018,12,5,3,3,4,6,2,0,1,0,0,0,0,1,800895,3675,5836016,289
208200,11,10,10020622,Kaulsdorf Nord I                                                                                    ,10200629,2018,12,2,7,3,0,6,2,0,1,0,0,0,1,1,811097,142,5829165,698
208201,11,11,11051229,Rummelsburg,11501238,2018,12,8,3,3,5,2,0,1,1,0,0,0,0,1,803347,724,5826306,75
208202,11,3,3030715,Heinersdorf,3300516,2018,12,7,6,3,6,4,2,1,0,1,0,0,0,1,801542,981,5833537,516
208203,11,12,12214125,Waldidyll/Flughafensee,12200412,2018,12,19,6,3,6,7,2,0,1,1,0,0,0,1,791017,6935,5833857,989
208204,11,5,5040934,Alt-Gatow,5400942,2018,12,8,3,3,6,7,0,1,0,1,0,0,0,0,783944,3793,5823358,478
208205,11,6,6020410,Oberhofer Platz,6200422,2018,12,16,6,3,5,2,2,1,1,0,0,0,0,1,794440,4191,5817642,747
208206,11,12,12301205,Waidmannslust,12500928,2018,12,7,3,3,5,3,0,1,1,0,0,0,0,1,792107,5419,5836833,18
208207,11,2,2030302,Lausitzer Platz,2300315,2018,12,18,6,3,5,3,2,1,1,0,0,0,0,1,800678,7942,5825793,11
208208,11,1,1033203,Humboldthain Nordwest                                                                               ,1300836,2018,12,18,6,3,5,3,2,0,1,0,0,0,0,1,796689,3146,5830139,695
208209,11,6,6020409,K�nigsberger Stra�e                                                                                 ,6200421,2018,12,6,3,2,6,2,2,0,1,1,0,0,0,1,793302,679,5816962,674
208210,11,1,1033202,Humboldthain S�d,1300835,2018,12,17,6,3,3,6,2,1,1,0,0,0,0,1,796984,185,5830162,442
208211,11,4,4030726,Droysenstra�e,4500936,2018,12,18,6,3,3,6,2,1,1,0,0,0,0,1,792149,2668,5825308,942
208212,11,3,3040818,Pankow S�d                                                                                          ,3400830,2018,12,6,3,3,5,3,2,1,1,0,0,0,0,0,800034,51,5833421,877
208213,11,7,7070706,Horstwalder Stra�e/Paplitzer Stra�e                                                                 ,7601547,2018,12,16,6,3,6,2,1,0,1,1,0,0,0,0,800286,6114,5812789,483
208214,11,10,10030727,Biesdorf S�d                                                                                        ,10300734,2018,12,8,3,3,5,3,0,1,1,0,0,0,0,0,809470,1701,5825897,147
208215,11,1,1011203,Unter den Linden S�d,1100206,2018,12,20,6,3,5,2,2,1,1,0,0,0,0,1,797904,2733,5827374,799
208216,11,1,1022103,Westhafen,1200517,2018,12,12,2,3,2,6,0,0,1,0,0,0,0,1,794926,3125,5829538,241
208217,11,1,1044202,Sparrplatz,1401047,2018,12,19,6,3,6,4,2,1,0,1,0,0,0,1,795602,672,5830512,464
208218,11,1,1011302,Oranienburger Stra�e                                                                                ,1100309,2018,12,19,6,3,6,2,2,0,1,1,0,0,0,1,798692,4374,5828663,615
208219,11,1,1033102,Gesundbrunnen,1300733,2018,12,12,2,3,5,2,0,1,0,0,0,1,0,1,797012,5249,5831490,286
208220,11,9,9020701,Adlershof West,9200715,2018,12,16,6,3,5,3,1,1,1,0,0,0,0,1,808200,8531,5818698,676
208221,11,2,2050802,Boxhagener Platz,2500833,2018,12,17,6,3,5,2,2,1,1,0,0,0,0,1,802065,394,5827160,95
208222,11,8,8010211,Flughafenstra�e,8100206,2018,12,11,2,2,6,2,0,0,1,1,0,0,0,1,800861,1478,5823837,515
208223,11,6,6020303,Lankwitz Kirche                                                                                     ,6200313,2018,12,17,6,2,6,2,2,0,0,1,0,0,1,1,795728,1665,5818897,262
208224,11,11,11041128,Sewanstra�e,11401135,2018,12,10,2,3,5,3,0,0,1,0,0,0,0,1,805968,2391,5825368,893
208225,11,12,12214527,Alt-Tegel,12200515,2018,12,17,6,3,6,6,2,0,1,1,0,0,0,1,790431,4803,5835179,448
208226,11,1,1022206,L�neburger Stra�e                                                                                   ,1200628,2018,12,9,2,3,3,6,0,0,1,0,0,1,0,1,796288,2843,5828546,997
208227,11,11,11030721,R�digerstra�e,11300725,2018,12,17,6,3,0,2,2,0,1,1,0,0,0,1,805170,3688,5827712,746
208228,11,4,4030828,Savignyplatz,4300624,2018,12,8,2,2,6,2,0,0,1,1,0,0,0,1,793343,9776,5826090,384
208229,11,4,4030827,Karl-August-Platz,4300623,2018,12,19,6,2,6,4,2,0,0,1,0,0,1,1,792273,6429,5825960,876
208230,11,6,6030609,Augustaplatz,6300633,2018,12,10,2,2,5,3,0,0,1,0,0,0,1,1,792688,5585,5818460,403
208231,11,1,1011204,Leipziger Stra�e                                                                                    ,1100207,2018,12,21,6,3,6,2,2,0,1,1,0,0,0,1,798109,6371,5826947,261
208232,11,3,3061228,Erich-Weinert-Stra�e,3601245,2018,12,11,2,3,5,2,0,0,1,0,0,0,1,1,800230,837,5831186,536
208233,11,6,6040810,Dahlem,6400844,2018,12,17,6,2,6,2,2,0,1,1,0,0,0,1,790148,3744,5819783,73
208234,11,2,2020203,Viktoriapark,2200209,2018,12,23,2,3,5,3,2,0,1,0,0,0,1,0,797754,827,5824034,367
208235,11,6,6030610,Lichterfelde West                                                                                   ,6300634,2018,12,10,2,3,6,7,0,0,1,1,0,0,0,0,791919,3263,5818850,991
208236,11,9,9020601,Schnellerstra�e                                                                                     ,9200613,2018,12,16,2,3,1,5,2,1,1,0,0,0,0,1,806980,2346,5821076,134
208237,11,12,12214423,Mellerbogen,12200308,2018,12,16,4,2,2,6,2,0,1,0,1,0,0,1,792415,4955,5833308,629
208238,11,1,1022104,Emdener Stra�e                                                                                      ,1200520,2018,12,17,4,3,6,7,1,1,0,1,0,0,0,0,794595,3594,5828452,249
208239,11,10,10020622,Kaulsdorf Nord I                                                                                    ,10200629,2018,12,17,1,3,5,3,2,0,1,0,0,0,0,1,811122,7595,5828418,137
208240,11,1,1011102,Gro�er Tiergarten,1100102,2018,12,20,5,3,2,6,2,0,1,0,0,0,0,0,795011,6634,5827227,217
208241,11,1,1011102,Gro�er Tiergarten,1100206,2018,12,18,4,3,5,3,1,1,0,0,0,0,1,0,796921,2075,5827634,763
208242,11,12,12304313,Borsigwalde,12500825,2018,12,15,1,3,5,7,1,0,1,0,0,0,1,1,792011,7248,5834795,276
208243,11,4,4051551,Brabanter Platz,4501148,2018,12,17,4,2,6,4,1,0,1,1,0,0,0,0,792759,7042,5823162,927
208244,11,7,7040405,Rathaus Tempelhof,7400927,2018,12,15,1,3,0,7,0,0,1,0,0,0,0,1,798897,9666,5821346,219
208245,11,12,12304313,Borsigwalde,12500825,2018,12,19,4,3,0,3,2,0,1,0,1,0,0,0,792348,7655,5835050,65
208246,11,3,3061227,Humannplatz,3601244,2018,12,19,4,3,5,3,2,1,1,0,0,0,0,0,800082,6116,5831671,844
208247,11,1,1011201,Wilhelmstra�e                                                                                       ,1100205,2018,12,14,1,3,5,3,0,0,1,0,0,0,1,1,797465,3023,5826813,402
208248,11,2,2050803,Stralauer Kiez,2500835,2018,12,19,4,3,5,3,2,1,1,0,0,0,0,0,801942,6519,5826202,822
208249,11,2,2050801,Traveplatz,2500830,2018,12,19,4,3,5,3,2,0,1,0,1,0,0,0,802443,9864,5827422,258
208250,11,8,8041035,Blumenviertel,8401241,2018,12,7,1,3,4,6,0,0,1,0,0,0,1,1,805339,4392,5818695,416
208251,11,11,11040925,Victoriastadt,11400927,2018,12,20,4,3,2,6,2,0,1,0,0,0,0,1,803435,705,5826639,58
208252,11,1,1011301,Charit�viertel,1100308,2018,12,20,4,3,1,5,2,1,1,0,0,0,0,0,797491,9249,5828805,89