OBJECTID,LAND,BEZ,LOR,STRASSE,LOR_ab_2021,UJAHR,UMONAT,USTUNDE,UWOCHENTAG,UKATEGORIE,UART,UTYP1,ULICHTVERH,IstRad,IstPKW,IstFuss,IstKrad,IstGkfz,IstSonstig,STRZUSTAND,LINREFX,LINREFY,XGCSWGS84,YGCSWGS84
208253,11,2,2010104,Wassertorplatz,2100106,2018,12,3,1,2,5,2,2,0,1,0,0,0,0,1,799071,1427,5825608,909
208254,11,12,12214527,Alt-Tegel,12200515,2018,12,17,4,3,4,6,1,0,1,0,0,0,0,0,790404,24,5834880,85
208255,11,2,2010101,Askanischer Platz,2100101,2018,12,0,1,3,0,1,2,0,0,0,1,0,0,1,797656,6425,5826321,588
208256,11,5,5030731,Gartenfelder Stra�e                                                                                 ,5300737,2018,12,16,4,3,8,1,2,0,1,0,0,0,0,1,786962,8671,5829576,202
208257,11,1,1011202,Unter den Linden Nord,1100206,2018,12,17,1,3,6,4,2,0,1,1,0,0,0,0,797839,6033,5827785,183
208258,11,2,2050801,Traveplatz,2500832,2018,12,18,4,3,0,1,2,0,0,0,1,0,0,1,803208,7844,5826816,99
208259,11,2,2010103,Moritzplatz,2100104,2018,12,23,7,3,5,3,2,1,1,0,0,0,0,1,799282,1246,5826219,518
208260,11,1,1011303,Alexanderplatzviertel,1100310,2018,12,13,4,3,0,1,0,1,0,0,0,0,0,1,799106,7798,5828259,445
208261,11,12,12103218,Teichstra�e,12100205,2018,12,16,4,3,2,6,1,0,1,0,0,0,0,1,794847,73,5833762,767
208262,11,6,6030607,Goerzwerke,6300631,2018,12,16,7,3,0,4,2,0,0,1,0,0,1,0,792384,6878,5816557,242
208263,11,4,4051652,Nikolsburger Platz,4501149,2018,12,19,3,3,2,6,2,0,1,0,0,0,0,0,793442,5988,5824155,503
208264,11,8,8020625,Handwerker-Siedlung,8200730,2018,12,18,3,2,1,5,2,0,1,0,0,0,0,0,801475,5048,5817850,351
208265,11,7,7060604,Marienfelde S�d,7601339,2018,12,21,7,3,6,2,2,0,1,1,0,0,0,1,795812,7184,5816038,487
208266,11,8,8010118,Silbersteinstra�e,8100104,2018,12,16,4,3,6,4,2,0,1,1,0,0,0,1,800925,9938,5822310,621
208267,11,11,11040925,Victoriastadt,11400927,2018,12,21,7,2,6,6,2,0,1,1,0,0,0,1,803627,817,5826571,64
208268,11,4,4020314,Messegel�nde,4200311,2018,12,22,3,2,6,4,2,0,0,1,0,1,0,0,790371,913,5825663,997
208269,11,1,1033203,Humboldthain Nordwest                                                                               ,1300836,2018,12,21,7,3,5,3,2,0,1,0,0,0,1,1,796517,809,5830939,589
208270,11,2,2020202,Rathaus Yorckstra�e,2200208,2018,12,21,7,3,5,3,2,0,1,0,0,0,0,1,797616,343,5825533,54
208271,11,8,8010117,Schillerpromenade,8100103,2018,12,21,3,2,6,7,2,0,1,1,0,0,0,0,800617,7535,5823128,77
208272,11,2,2010102,Mehringplatz,2100102,2018,12,20,7,3,6,2,2,0,1,1,0,0,0,1,798447,2137,5826543,737
208273,11,10,10010207,Marzahner Promenade,10100210,2018,12,5,3,3,0,3,2,1,1,0,0,0,0,1,808331,6246,5831149,509
208274,11,1,1022207,Hansaviertel,1200629,2018,12,19,7,3,2,6,2,0,1,0,0,0,0,1,794223,5396,5827205,87
208275,11,9,9020501,Obersch�neweide West,9200510,2018,12,19,3,3,0,1,2,1,0,0,0,0,0,0,806588,6835,5822781,424
208276,11,12,12214424,Scharnweberstra�e                                                                                   ,12200309,2018,12,19,7,3,5,2,2,0,1,0,0,0,0,1,793482,652,5832422,178
208277,11,2,2040502,Friedenstra�e,2400521,2018,12,22,7,3,2,2,2,0,1,0,0,0,0,1,800714,8916,5828458,569
208278,11,12,12302211,L�barser Stra�e,12601031,2018,12,19,3,3,2,2,2,0,1,0,0,0,0,1,793480,7607,5836985,446
208279,11,1,1033102,Gesundbrunnen,1300733,2018,12,22,7,3,6,2,2,0,1,1,0,0,0,1,797011,7567,5831497,624
208280,11,5,5010314,Carl-Schurz-Stra�e                                                                                  ,5100316,2018,12,19,7,3,1,5,2,0,1,0,0,0,0,1,784649,257,5828835,31
208281,11,7,7050505,Hundsteinweg,7501134,2018,12,11,3,3,2,6,0,0,1,0,0,0,0,0,799373,4823,5819048,741
208282,11,5,5040934,Alt-Gatow,5400942,2018,12,18,7,3,1,5,2,0,1,0,0,0,0,1,783792,885,5823659,62
208283,11,12,12214424,Scharnweberstra�e                                                                                   ,12200309,2018,12,18,7,3,6,2,2,0,1,1,0,0,0,1,793304,2067,5832589,626
208284,11,3,3051017,Rennbahnstra�e,3501038,2018,12,17,3,3,6,2,2,0,1,1,0,0,0,1,803831,7069,5832339,415
208285,11,4,4030620,Alt-Lietzow,4300619,2018,12,17,7,3,2,6,1,0,1,0,0,0,0,1,791736,797,5827489,104
208286,11,9,9051801,Rahnsdorf/Hessenwinkel,9501838,2018,12,17,3,2,6,6,2,0,1,1,0,0,0,1,818576,2772,5820450,18
208287,11,12,12214422,Klixstra�e                                                                                          ,12200310,2018,12,16,7,3,3,6,2,0,1,0,0,0,0,0,792317,7837,5833771,932
208288,11,4,4010103,Paul-Hertz-Siedlung,4100102,2018,12,5,6,3,9,1,2,0,1,0,0,0,0,1,791121,6639,5829147,276
208289,11,1,1033101,Soldiner Stra�e                                                                                     ,1300730,2018,12,16,3,3,0,2,2,0,1,1,0,0,0,0,796162,3628,5832284,125
208290,11,8,8010303,Donaustra�e,8100314,2018,12,15,7,3,0,1,1,1,0,0,0,0,0,0,800975,7644,5824064,712
208291,11,8,8020619,Buschkrugallee Nord,8200622,2018,12,16,3,3,5,3,2,0,1,0,0,0,0,1,801617,1758,5821693,779
208292,11,9,9020802,K�llnische Vorstadt                                                                                 ,9200819,2018,12,13,7,3,0,7,0,0,1,0,0,0,0,0,809788,8839,5820509,871
208293,11,8,8020619,Buschkrugallee Nord,8200622,2018,12,16,3,2,4,6,2,0,1,0,0,0,0,0,801269,717,5821505,215
208294,11,6,6030502,Zehlendorf S�d                                                                                      ,6300525,2018,12,13,7,3,1,5,0,0,1,0,0,0,0,0,789616,5579,5815650,812
208295,11,1,1011301,Charit�viertel,1100308,2018,12,16,3,3,2,6,0,1,1,0,0,0,0,0,797054,6875,5828171,76
208296,11,5,5010206,G�tersloher Weg,5100208,2018,12,13,7,2,5,3,0,1,1,0,0,0,0,0,782148,7265,5829922,304
208297,11,4,4030931,Breitscheidplatz,4501042,2018,12,12,7,3,6,4,0,0,1,1,0,0,0,0,793953,2877,5825918,464
208298,11,4,4051447,Ludwigkirchplatz,4501044,2018,12,15,3,3,3,6,1,0,1,0,1,0,1,0,793454,2098,5824921,295
208299,11,11,11030721,R�digerstra�e,11300722,2018,12,15,3,3,5,3,1,1,1,0,0,0,0,0,804308,6101,5828168,371
208300,11,12,12304313,Borsigwalde,12500825,2018,12,10,7,3,5,3,0,0,1,0,1,0,0,1,791128,116,5834771,77
208301,11,5,5040937,Kladower Damm,5400944,2018,12,13,3,3,5,3,0,0,0,0,1,0,1,0,781062,6734,5818889,691
208302,11,4,4061757,Forst Grunewald,4200207,2018,12,10,3,3,0,7,0,0,1,0,0,0,0,0,785006,438,5822671,792
208303,11,5,5040934,Alt-Gatow,5400942,2018,12,4,7,2,8,1,2,0,1,0,0,0,0,1,783738,9867,5824262,472
208304,11,5,5020627,Tiefwerder,5200632,2018,12,16,5,3,6,2,2,0,1,1,0,0,0,1,785965,7882,5827995,384
208305,11,1,1033102,Gesundbrunnen,1300733,2018,12,9,3,3,5,2,0,0,1,0,0,0,0,1,797365,7646,5831200,985
208306,11,11,11040926,Weitlingstra�e,11400928,2018,12,1,7,3,5,3,2,0,1,0,0,0,1,1,804117,1042,5826324,676
208307,11,11,11040925,Victoriastadt,11400927,2018,12,8,3,3,3,6,0,0,1,0,0,0,0,1,803456,65,5826557,743
208308,11,12,12301203,Wittenau S�d                                                                                        ,12500930,2018,12,6,6,3,1,5,2,0,1,0,0,0,1,1,793720,51,5834339,776
208309,11,2,2010103,Moritzplatz,2100104,2018,12,10,4,3,5,3,0,0,1,0,0,0,0,1,798930,2734,5826343,859
208310,11,5,5040934,Alt-Gatow,5400942,2018,12,8,3,3,6,2,0,0,1,1,0,0,0,1,783944,6371,5823335,178
208311,11,8,8020621,Mohriner Allee Nord,8200725,2018,12,11,4,3,8,1,0,0,1,0,0,0,0,0,799817,8864,5819024,86
208312,11,1,1033101,Soldiner Stra�e                                                                                     ,1300732,2018,12,18,6,3,6,2,2,0,1,1,0,0,0,1,797273,5975,5832216,968
208313,11,8,8020620,Tempelhofer Weg,8200624,2018,12,7,3,2,5,3,0,0,1,0,0,0,0,1,800866,1573,5820935,968
208314,11,2,2050802,Boxhagener Platz,2500834,2018,12,7,3,3,6,4,1,0,1,1,0,0,0,1,802552,9832,5826722,571
208315,11,4,4051551,Brabanter Platz,4501148,2018,12,23,6,2,9,1,2,0,1,0,0,0,0,1,793347,9639,5823059,18
208316,11,8,8010510,Gewerbegebiet K�llnische Heide,8100521,2018,12,18,4,2,4,1,2,0,1,0,0,0,0,1,802593,2358,5822555,61
208317,11,4,4030621,Spreestadt,4300620,2018,12,7,3,3,6,2,2,0,1,1,0,0,0,1,793125,677,5827744,228
208318,11,1,1044201,Reinickendorfer Stra�e                                                                              ,1401045,2018,12,14,4,3,2,6,0,0,1,0,0,0,0,1,796654,4741,5831919,987
208319,11,10,10030724,Oberfeldstra�e                                                                                      ,10300731,2018,12,16,6,3,6,4,2,0,1,1,0,0,0,1,809082,7924,5829196,872
208320,11,9,9051702,B�lschestra�e,9501737,2018,12,7,3,3,5,2,2,1,1,0,0,0,0,1,814214,5777,5821931,183
208321,11,5,5010101,Hakenfelde Nord,5100104,2018,12,6,3,3,2,2,2,0,1,0,0,0,0,1,785222,4453,5831823,66
208322,11,1,1011101,St�lerstra�e                                                                                        ,1100101,2018,12,16,6,3,6,4,2,0,1,1,0,0,0,1,795054,4878,5826301,38
208323,11,7,7070701,Kettinger Stra�e/Schillerstra�e                                                                     ,7601442,2018,12,0,5,3,5,3,2,0,1,0,0,0,0,1,798810,94,5815846,38
208324,11,8,8010510,Gewerbegebiet K�llnische Heide,8100521,2018,12,6,3,3,2,4,2,0,1,1,0,1,0,1,803052,1154,5822379,89
208325,11,1,1022207,Hansaviertel,1200629,2018,12,16,6,3,5,2,2,1,1,0,0,0,0,1,794497,5732,5827803,729
208326,11,8,8040933,Vogelviertel S�d,8401139,2018,12,6,3,3,5,3,2,1,1,0,0,0,0,1,803027,1916,5819381,573
208327,11,11,11030618,Fennpfuhl West,11300617,2018,12,16,6,3,5,2,1,0,1,0,0,0,1,1,803067,5524,5829540,65
208328,11,3,3061131,Falkplatz,3601142,2018,12,3,4,3,5,3,2,0,1,0,0,0,0,0,799147,88,5830366,911
208329,11,3,3020210,Herthaplatz,3200207,2018,12,15,3,3,2,6,0,0,1,0,0,0,0,1,800070,6072,5835841,124
208330,11,1,1044202,Sparrplatz,1401047,2018,12,17,6,3,6,4,2,0,1,1,0,0,0,1,795340,2511,5830382,139
208331,11,3,3061228,Erich-Weinert-Stra�e,3601245,2018,12,15,3,3,0,2,0,1,1,0,0,0,0,0,800170,766,5830963,826
208332,11,3,3040614,Pankow Zentrum                                                                                      ,3400723,2018,12,15,3,2,0,1,0,1,0,0,0,0,0,1,798702,9041,5833102,504
208333,11,2,2030302,Lausitzer Platz,2300316,2018,12,17,6,3,2,6,2,1,1,0,0,0,0,1,801073,66,5826324,293
208334,11,1,1011302,Oranienburger Stra�e                                                                                ,1100309,2018,12,17,6,3,5,3,2,1,1,0,0,0,0,1,797993,657,5828660,372
208335,11,9,9020501,Obersch�neweide West,9200510,2018,12,13,3,2,5,2,0,1,1,0,0,0,0,1,805785,1349,5822864,331
208336,11,2,2020204,Urbanstra�e,2200210,2018,12,17,6,3,5,3,2,0,1,0,0,0,0,1,798953,2487,5825240,509
208337,11,10,10040829,Alt-Kaulsdorf,10400836,2018,12,17,6,3,5,2,2,1,1,0,0,0,0,1,811298,8588,5827465,429
208338,11,8,8030830,Gropiusstadt S�d,8300935,2018,12,12,3,3,6,7,0,0,1,1,0,0,0,0,802658,6415,5818086,695
208339,11,5,5010339,Freiheit,5100317,2018,12,17,6,3,6,2,2,0,1,1,0,0,0,1,785771,783,5828526,294
208340,11,2,2010102,Mehringplatz,2100102,2018,12,18,6,3,6,2,2,0,1,1,0,0,0,1,798432,67,5826539,665
208341,11,10,10010102,Havemannstra�e                                                                                      ,10100104,2018,12,12,3,3,6,4,0,0,1,1,0,0,0,0,810270,7097,5834251,832
208342,11,12,12214422,Klixstra�e                                                                                          ,12200310,2018,12,18,6,3,1,5,2,0,1,0,0,0,1,1,792245,564,5833845,628
208343,11,1,1011301,Charit�viertel,1100308,2018,12,12,3,3,6,7,0,0,0,1,1,0,0,0,797608,3659,5828375,227
208344,11,9,9020701,Adlershof West,9200715,2018,12,19,6,3,5,7,2,0,1,0,0,0,1,1,808556,723,5818094,917
208345,11,1,1011305,Heine-Viertel West,1100312,2018,12,11,3,3,5,2,0,1,1,0,0,0,0,0,799648,6808,5827039,581
208346,11,6,6020411,Sch�tte-Lanz-Stra�e                                                                                 ,6200423,2018,12,19,6,3,5,3,2,0,1,0,0,0,0,1,793428,7546,5816129,693
208347,11,6,6040809,Thielallee,6400843,2018,12,11,3,3,5,2,0,1,1,0,0,0,0,0,792370,789,5820769,24
208348,11,3,3071639,B�tzowstra�e,3701660,2018,12,19,6,3,9,1,2,0,1,0,0,0,0,1,800365,2974,5829057,641
208349,11,9,9041301,Kietzer Feld/Nachtheide                                                                             ,9401329,2018,12,20,6,3,5,7,2,0,1,0,0,0,0,1,811373,5981,5819727,421
208350,11,7,7040403,Manteuffelstra�e                                                                                    ,7400824,2018,12,11,3,3,3,6,0,0,1,0,0,0,1,1,797870,1358,5821928,959
208351,11,1,1011105,N�rdlicher Landwehrkanal                                                                            ,1100102,2018,12,22,6,3,5,2,2,0,1,0,1,0,0,1,796576,81,5826872,728
208352,11,4,4030622,Richard-Wagner-Stra�e,4300621,2018,12,23,6,3,6,7,2,1,0,1,0,0,0,1,792177,8579,5827122,859
208353,11,1,1033101,Soldiner Stra�e                                                                                     ,1300730,2018,12,22,3,2,2,6,2,0,1,0,0,0,0,0,796414,2197,5831983,799
208354,11,1,1033203,Humboldthain Nordwest                                                                               ,1300836,2018,12,15,4,3,5,3,0,0,1,0,0,0,0,1,796881,835,5831207,623
208355,11,9,9010302,Sp�thsfelde,9100306,2018,12,10,3,2,2,6,0,0,1,0,0,1,0,1,803112,9005,5820948,894
208356,11,11,11051229,Rummelsburg,11501238,2018,12,22,6,3,6,2,2,0,1,1,0,0,0,1,803341,594,5826301,439
208357,11,1,1011301,Charit�viertel,1100308,2018,12,12,2,3,2,6,0,1,0,0,0,0,0,1,797572,1795,5828595,857
208358,11,1,1011202,Unter den Linden Nord,1100206,2018,12,14,2,3,2,7,0,1,1,0,0,0,0,0,797680,9912,5827934,365
208359,11,2,2050801,Traveplatz,2500831,2018,12,11,6,3,5,3,0,0,1,0,0,0,0,1,802859,2513,5827478,279
208360,11,4,4010101,Jungfernheide,4100101,2018,12,22,5,3,6,2,2,0,1,1,0,0,0,1,789757,6484,5829882,98
208361,11,4,4041136,Hagenplatz,4400728,2018,12,17,2,2,6,2,2,0,1,1,0,0,0,0,790674,858,5822688,489
208362,11,1,1044202,Sparrplatz,1401046,2018,12,10,6,3,5,3,0,0,1,0,0,0,0,1,795000,2683,5830277,348
208363,11,4,4030726,Droysenstra�e,4500936,2018,12,17,2,3,2,6,2,0,1,0,0,0,0,0,791958,1,5825245,609
208364,11,1,1044202,Sparrplatz,1401046,2018,12,9,6,3,5,2,0,1,0,0,0,0,1,1,794611,3298,5829878,987
208365,11,1,1011201,Wilhelmstra�e                                                                                       ,1100205,2018,12,17,2,3,5,2,2,1,1,0,0,0,0,0,797686,9802,5826835,104
208366,11,1,1022206,L�neburger Stra�e                                                                                   ,1200628,2018,12,15,6,3,6,4,2,0,1,1,0,0,0,1,795501,9717,5828046,401
208367,11,9,9020502,Obersch�neweide Ost,9200511,2018,12,14,6,3,5,3,0,1,1,0,0,0,0,1,807850,2902,5822047,757
208368,11,3,3040614,Pankow Zentrum                                                                                      ,3400725,2018,12,17,2,3,2,6,2,0,1,0,0,0,1,0,800009,2736,5835425,9
208369,11,3,3040614,Pankow Zentrum                                                                                      ,3400725,2018,12,22,3,3,9,1,2,0,1,0,0,0,0,0,799260,4646,5835190,479
208370,11,10,10010310,Alt-Marzahn,10100315,2018,12,16,2,3,2,6,2,0,1,0,0,0,0,1,809842,661,5831104,134
208371,11,8,8020622,Parchimer Allee,8200726,2018,12,14,6,3,6,4,0,1,0,1,0,0,0,1,802368,9827,5819904,553
208372,11,8,8020728,Buckow Ost,8200833,2018,12,16,2,3,1,5,2,0,1,0,0,0,0,0,802046,5934,5817665,867
208373,11,6,6040810,Dahlem,6400844,2018,12,16,2,3,6,2,1,0,1,1,0,0,0,0,792468,9595,5821566,484
208374,11,11,11030721,R�digerstra�e,11300722,2018,12,13,4,3,0,1,0,0,0,0,1,0,0,1,803866,1034,5828347,745
208375,11,3,3040513,Sch�nholz,3400620,2018,12,13,6,3,5,2,0,1,0,0,0,0,1,1,796412,8169,5834654,405
208376,11,6,6020411,Sch�tte-Lanz-Stra�e                                                                                 ,6200423,2018,12,14,5,3,6,4,0,0,1,1,0,0,0,0,793609,1701,5815889,621
208377,11,1,1011304,Karl-Marx-Allee,1100311,2018,12,16,2,3,2,6,1,0,1,0,0,0,0,1,799524,8074,5828114,739
208378,11,8,8020619,Buschkrugallee Nord,8200623,2018,12,16,6,3,6,4,2,0,1,1,0,0,0,1,802264,9779,5820682,305
208379,11,1,1011302,Oranienburger Stra�e                                                                                ,1100309,2018,12,11,3,3,0,7,0,1,0,0,0,0,0,1,798664,2881,5828359,832
208380,11,8,8010405,Hertzbergplatz,8100418,2018,12,16,2,3,3,6,2,1,1,0,0,0,0,0,802179,2287,5823743,637
208381,11,3,3040614,Pankow Zentrum                                                                                      ,3400725,2018,12,14,6,2,6,4,0,0,1,1,0,0,0,1,800034,3024,5835600,5
208382,11,3,3061227,Humannplatz,3601244,2018,12,13,6,3,0,3,0,0,1,0,1,0,0,1,800205,2235,5831566,509
208383,11,2,2040701,Andreasviertel,2400623,2018,12,16,2,3,2,6,2,0,1,0,0,0,1,0,800363,7312,5827754,773
208384,11,2,2020206,Graefekiez,2200213,2018,12,8,6,3,6,2,0,0,1,1,0,0,0,1,799885,7359,5825149,688
208385,11,9,9010101,Elsenstra�e                                                                                         ,9100101,2018,12,15,2,3,5,3,0,1,1,0,0,0,0,0,802328,3987,5825301,483
208386,11,3,3040818,Pankow S�d                                                                                          ,3400830,2018,12,10,3,3,5,3,0,1,1,0,0,0,0,1,799977,6258,5833095,96
208387,11,2,2050801,Traveplatz,2500831,2018,12,15,2,3,2,2,0,0,1,0,0,0,0,1,802905,5097,5827142,479
208388,11,4,4051445,Eisenzahnstra�e,4500939,2018,12,12,6,3,5,3,0,0,1,0,0,0,0,1,791820,9178,5824321,967
208389,11,4,4030931,Breitscheidplatz,4501042,2018,12,14,2,3,5,2,0,0,1,0,0,0,0,0,793939,1087,5826057,6
208390,11,11,11030720,Herzbergstra�e,11300721,2018,12,13,2,3,1,3,0,0,1,0,0,0,1,1,804531,1097,5828697,649
208391,11,3,3050923,Wei�enseer Spitze,3500934,2018,12,7,6,3,5,2,0,1,1,0,0,0,0,1,801311,9577,5831932,36
208392,11,9,9051801,Rahnsdorf/Hessenwinkel,9501838,2018,12,21,4,3,5,2,2,0,1,0,0,0,0,1,819871,351,5819728,975
208393,11,9,9030902,Wohngebiet II,9300922,2018,12,13,2,2,5,3,0,0,1,0,1,0,0,1,808186,514,5815759,67
208394,11,2,2050803,Stralauer Kiez,2500835,2018,12,12,6,3,5,3,0,1,1,0,0,0,0,0,802821,6287,5826108,208
208395,11,1,1033203,Humboldthain Nordwest                                                                               ,1300836,2018,12,1,3,3,2,6,2,0,1,0,0,0,0,1,796842,9271,5830626,661
208396,11,1,1022203,L�becker Stra�e                                                                                     ,1200625,2018,12,18,2,3,2,6,2,0,1,0,1,0,0,0,794849,3976,5828450,383
208397,11,6,6010204,Munsterdamm,6100204,2018,12,11,6,3,2,6,0,0,1,0,0,0,0,1,795413,7511,5820106,641
208398,11,10,10010310,Alt-Marzahn,10100313,2018,12,22,2,3,6,7,2,0,1,1,0,0,0,0,807901,1988,5830438,457
208399,11,2,2010104,Wassertorplatz,2100106,2018,12,12,2,3,5,3,0,1,0,0,0,0,0,1,799586,1033,5825642,877
208400,11,12,12103116,Hausotterplatz,12100102,2018,12,11,6,2,5,7,0,0,1,0,1,0,0,0,795790,1235,5833153,26
208401,11,4,4031032,Halensee,4500937,2018,12,23,2,2,3,6,2,0,1,0,1,0,0,0,791609,422,5825125,343
208402,11,1,1022104,Emdener Stra�e                                                                                      ,1200519,2018,12,6,2,3,6,7,2,1,0,1,0,0,0,0,793739,1615,5828872,462
208403,11,3,3071536,Teutoburger Platz,3701554,2018,12,7,6,3,6,2,2,0,1,1,0,0,0,1,799230,1396,5829427,829
208404,11,1,1033202,Humboldthain S�d,1300835,2018,12,7,2,3,6,4,0,0,1,1,0,0,0,0,797750,6705,5830019,232
208405,11,4,4051655,Babelsberger Stra�e,4501153,2018,12,9,2,3,5,2,0,1,0,0,0,0,1,0,793912,8801,5823083,377
208406,11,5,5010314,Carl-Schurz-Stra�e                                                                                  ,5100316,2018,12,11,6,3,2,6,0,0,1,0,0,0,0,0,784933,6633,5829478,145
208407,11,12,12231101,Hermsdorf,12400723,2018,12,16,4,3,1,1,2,0,1,0,0,0,0,1,791807,636,5838981,612
208408,11,6,6020410,Oberhofer Platz,6200422,2018,12,11,6,3,1,5,0,0,1,0,0,0,1,1,794439,9548,5817306,49
208409,11,1,1011101,St�lerstra�e                                                                                        ,1100101,2018,12,10,2,3,1,5,0,1,1,0,0,0,1,0,794985,5346,5825966,147
208410,11,2,2010101,Askanischer Platz,2100101,2018,12,13,6,3,5,7,0,0,1,0,0,0,0,1,797534,9031,5826244,509
208411,11,10,10040933,Mahlsdorf S�d                                                                                       ,10400940,2018,12,7,6,2,6,4,2,0,1,1,0,0,0,1,812521,6854,5824987,653
208412,11,2,2010102,Mehringplatz,2100102,2018,12,8,2,3,8,1,0,0,1,0,0,0,0,0,798199,9491,5825522,933
208413,11,11,11030618,Fennpfuhl West,11300617,2018,12,14,6,2,6,4,0,0,1,1,0,0,0,1,803177,465,5829576,137
208414,11,4,4051655,Babelsberger Stra�e,4501153,2018,12,0,1,3,5,3,2,0,1,0,0,0,0,0,794185,274,5823111,379
208415,11,2,2010103,Moritzplatz,2100104,2018,12,7,6,3,5,3,2,1,1,0,0,0,0,1,799236,4477,5826249,31
208416,11,2,2040701,Andreasviertel,2400623,2018,12,6,1,3,6,4,2,0,1,1,0,0,0,0,801120,1604,5827234,515
208417,11,3,3030406,Alt-Karow,3300412,2018,12,13,6,3,5,3,0,0,1,0,0,0,0,1,802876,8957,5838280,664
208418,11,9,9020802,K�llnische Vorstadt                                                                                 ,9200819,2018,12,6,6,3,6,4,2,0,0,1,0,0,1,1,810189,2207,5819596,265
208419,11,6,6020302,Komponistenviertel Lankwitz,6200312,2018,12,9,1,3,0,7,0,1,0,0,0,0,0,1,795147,5082,5818816,124
208420,11,3,3040614,Pankow Zentrum                                                                                      ,3400721,2018,12,13,6,2,0,7,0,0,1,0,0,0,1,1,797916,635,5833118,604
208421,11,8,8020620,Tempelhofer Weg,8200624,2018,12,15,6,3,0,7,1,0,1,1,0,0,0,1,800589,7328,5821178,821
208422,11,8,8010405,Hertzbergplatz,8100418,2018,12,2,6,2,1,5,2,1,1,0,0,0,0,0,801740,7349,5824225,143
208423,11,1,1011102,Gro�er Tiergarten,1100102,2018,12,16,5,3,2,6,2,0,1,0,0,0,0,0,795194,818,5827268,119
208424,11,4,4041342,Schlangenbader Stra�e,4400833,2018,12,10,1,3,1,7,0,0,1,0,0,0,0,0,792254,4019,5822337,799
208425,11,6,6010103,Markelstra�e                                                                                        ,6100103,2018,12,7,5,3,6,4,2,0,1,1,0,0,0,0,793390,9675,5821345,44
208426,11,1,1033101,Soldiner Stra�e                                                                                     ,1300732,2018,12,22,5,3,5,3,2,0,1,0,0,0,0,1,797509,3003,5832135,451
208427,11,4,4010101,Jungfernheide,4100101,2018,12,11,1,3,5,2,0,0,1,0,1,0,0,0,791293,9877,5830688,88
208428,11,9,9030901,Dorf Altglienicke,9300920,2018,12,21,5,3,0,1,2,0,1,0,0,0,0,1,808374,93,5817216,544
208429,11,7,7020204,Sch�neberger Insel,7200412,2018,12,13,1,3,1,5,0,1,1,0,0,0,1,0,796284,8206,5823028,232
208430,11,1,1011302,Oranienburger Stra�e                                                                                ,1100309,2018,12,19,5,3,5,2,2,1,1,0,0,0,0,1,797993,9572,5828901,166
208431,11,11,11020514,Gro�e-Leege-Stra�e,11200513,2018,12,5,6,3,5,3,2,1,1,0,0,0,0,1,803676,279,5830264,281
208432,11,3,3061227,Humannplatz,3601244,2018,12,17,1,2,2,6,1,0,1,0,0,0,0,0,799952,7025,5831688,219
208433,11,7,7010104,Dennewitzplatz,7100205,2018,12,19,5,3,5,3,2,1,1,0,0,0,0,1,796039,4042,5825375,464
208434,11,12,12302109,Treuenbrietzener Stra�e                                                                             ,12601133,2018,12,21,1,3,5,7,2,0,1,0,0,0,1,0,795329,279,5836717,66
208435,11,9,9051702,B�lschestra�e,9501737,2018,12,10,5,3,6,7,0,1,0,1,0,0,0,0,814405,902,5821511,913
208436,11,3,3061228,Erich-Weinert-Stra�e,3601245,2018,12,20,1,3,5,3,2,0,1,0,0,0,0,1,800312,204,5831547,272
208437,11,2,2030301,Oranienplatz,2300314,2018,12,21,2,3,0,3,2,0,1,0,0,0,1,1,800285,7655,5826093,324
208438,11,1,1033201,Brunnenstra�e                                                                                       ,1300834,2018,12,18,7,3,5,2,2,0,1,0,0,0,0,1,797506,2718,5831026,192
208439,11,8,8030829,Gropiusstadt Nord,8300934,2018,12,9,5,3,5,7,0,0,1,0,0,0,0,0,803141,959,5818438,334
208440,11,2,2050802,Boxhagener Platz,2500833,2018,12,20,7,3,4,1,2,1,1,0,0,0,0,0,802168,5714,5827137,96
208441,11,1,1011104,K�rnerstra�e                                                                                        ,1100104,2018,12,20,7,3,2,6,2,0,1,0,0,0,0,0,796542,5927,5825869,721
208442,11,1,1011306,Heine-Viertel Ost,1100313,2018,12,22,2,3,5,3,2,0,1,0,0,0,0,1,799902,8884,5826513,911