OBJECTID,LAND,BEZ,LOR,STRASSE,LOR_ab_2021,UJAHR,UMONAT,USTUNDE,UWOCHENTAG,UKATEGORIE,UART,UTYP1,ULICHTVERH,IstRad,IstPKW,IstFuss,IstKrad,IstGkfz,IstSonstig,STRZUSTAND,LINREFX,LINREFY,XGCSWGS84,YGCSWGS84
208443,11,5,5010313,Ackerstra�e                                                                                         ,5100210,2018,12,20,7,3,2,6,2,0,1,0,0,0,0,0,784193,7401,5830056,252
208444,11,8,8010213,K�rnerpark,8100208,2018,12,9,5,3,3,6,0,0,1,0,1,0,0,0,801627,119,5822646,379
208445,11,10,10020413,Gut Hellersdorf,10200419,2018,12,22,7,3,5,1,2,0,1,0,0,0,1,0,811630,9882,5831513,332
208446,11,5,5030730,Zitadellenweg,5300736,2018,12,18,7,3,2,6,2,0,1,0,0,0,0,1,785444,5695,5829252,54
208447,11,1,1011104,K�rnerstra�e                                                                                        ,1100104,2018,12,9,5,2,0,1,0,1,0,0,0,0,0,0,796642,827,5826174,63
208448,11,11,11020412,Hauptstra�e,11200411,2018,12,18,5,3,5,3,2,0,1,0,0,0,0,1,804781,2214,5831466,35
208449,11,4,4051445,Eisenzahnstra�e,4500939,2018,12,16,7,3,2,2,1,0,1,0,0,0,0,0,792516,3871,5824498,541
208450,11,1,1011204,Leipziger Stra�e                                                                                    ,1100207,2018,12,9,5,3,5,3,0,0,1,0,0,0,0,0,798154,27,5826812,608
208451,11,3,3040818,Pankow S�d                                                                                          ,3400827,2018,12,17,2,3,1,5,2,1,1,0,0,0,0,0,799397,3533,5832471,781
208452,11,10,10010206,Ringkolonnaden,10100208,2018,12,13,7,2,6,7,0,0,1,1,0,0,0,0,809046,1703,5832604,178
208453,11,5,5010314,Carl-Schurz-Stra�e                                                                                  ,5100316,2018,12,9,5,3,2,6,0,0,1,0,0,0,0,0,784954,4193,5829417,922
208454,11,1,1011202,Unter den Linden Nord,1100206,2018,12,9,7,2,0,1,0,1,0,0,0,0,0,0,796934,4303,5827496,309
208455,11,7,7010102,Nollendorfplatz,7100102,2018,12,14,2,3,1,5,0,0,1,0,0,0,0,0,794968,8059,5825166,87
208456,11,3,3020209,Niedersch�nhausen,3200205,2018,12,14,4,3,5,3,0,0,1,0,0,0,0,1,797897,6548,5835180,326
208457,11,1,1011204,Leipziger Stra�e                                                                                    ,1100207,2018,12,8,5,3,0,3,0,1,0,0,1,0,0,0,798642,7437,5827120,648
208458,11,2,2050803,Stralauer Kiez,2500835,2018,12,1,7,3,8,1,2,1,0,0,0,0,0,0,803387,6951,5826576,735
208459,11,7,7040403,Manteuffelstra�e                                                                                    ,7400823,2018,12,14,7,3,0,1,0,0,0,0,1,0,0,1,797317,2641,5821724,77
208460,11,7,7040401,Neu-Tempelhof,7400720,2018,12,7,5,3,2,6,0,0,1,0,0,0,0,1,797174,2701,5823737,608
208461,11,12,12301204,Wittenau Nord                                                                                       ,12500927,2018,12,19,4,3,8,1,2,0,1,0,0,0,0,1,793080,2742,5836525,188
208462,11,7,7030301,Friedenau,7300517,2018,12,15,6,3,6,7,0,0,1,1,0,0,0,0,794539,4576,5822541,491
208463,11,2,2020206,Graefekiez,2200213,2018,12,7,5,2,3,6,0,0,1,0,0,0,0,0,799646,204,5824874,903
208464,11,6,6010102,Schlo�stra�e                                                                                        ,6100102,2018,12,13,2,3,1,5,0,0,1,0,0,0,0,0,793767,3748,5820774,242
208465,11,6,6040810,Dahlem,6400844,2018,12,7,5,3,2,7,1,0,1,0,0,0,0,0,790333,3008,5820530,195
208466,11,8,8010404,Rixdorf,8100415,2018,12,11,5,3,2,6,0,0,1,0,0,0,1,0,802054,3144,5823471,643
208467,11,10,10020414,Helle Mitte,10200421,2018,12,17,6,3,0,4,2,0,0,1,0,0,1,0,812228,1847,5830717,643
208468,11,5,5010101,Hakenfelde Nord,5100104,2018,12,6,5,2,5,3,2,1,0,0,0,1,0,0,785918,224,5831718,835
208469,11,10,10010310,Alt-Marzahn,10100315,2018,12,12,2,3,2,6,0,0,1,0,0,0,0,0,809922,7019,5831564,115
208470,11,4,4030416,Klausenerplatz,4300413,2018,12,18,6,3,6,6,2,0,1,1,0,0,0,0,790850,5633,5827166,584
208471,11,11,11030824,Frankfurter Allee S�d,11300826,2018,12,6,5,3,2,6,2,0,1,0,0,0,0,0,803876,207,5826836,758
208472,11,9,9041401,Allende I,9401431,2018,12,10,2,3,6,2,0,0,1,1,0,0,0,1,811708,286,5819993,314
208473,11,8,8010212,Rollberg,8100207,2018,12,5,5,3,5,3,2,0,1,0,0,0,0,1,800723,4735,5823418,272
208474,11,7,7010102,Nollendorfplatz,7100102,2018,12,16,6,3,6,2,2,0,1,1,0,0,0,0,794949,9707,5825394,144
208475,11,1,1022204,Thomasiusstra�e                                                                                     ,1200626,2018,12,17,6,3,2,6,2,0,1,0,1,0,0,0,795163,3021,5828247,953
208476,11,4,4030415,Schlo�garten,4300412,2018,12,15,4,3,2,6,1,0,1,0,0,0,0,1,790945,327,5827406,948
208477,11,7,7020203,Kaiser-Wilhelm-Platz,7200410,2018,12,1,5,3,2,2,2,1,0,0,0,0,0,1,795714,587,5824031,66
208478,11,10,10010309,Springpfuhl,10100312,2018,12,16,5,3,0,1,1,0,0,0,1,0,0,1,808194,786,5829232,909
208479,11,2,2050801,Traveplatz,2500831,2018,12,17,6,2,6,4,1,0,1,1,0,0,0,0,802921,8825,5827153,693
208480,11,4,4030726,Droysenstra�e,4500936,2018,12,12,5,3,5,2,0,1,1,0,0,0,0,0,791867,9243,5825710,506
208481,11,4,4051656,Hildegardstra�e,4501151,2018,12,16,5,3,0,2,1,1,1,0,0,0,0,0,793766,43,5823430,977
208482,11,12,12103115,Breitkopfbecken,12100103,2018,12,9,1,3,5,3,0,1,1,0,0,0,0,0,795977,7162,5833372,513
208483,11,4,4030931,Breitscheidplatz,4501042,2018,12,16,6,3,2,2,2,0,1,0,0,0,0,0,793997,9171,5826164,89
208484,11,11,11010308,Zingster Stra�e Ost,11100307,2018,12,16,5,2,6,4,1,0,0,1,0,0,1,0,805453,374,5833506,603
208485,11,9,9020602,Oberspree,9100409,2018,12,16,6,3,2,6,2,0,1,0,0,0,0,0,806468,6712,5821150,543
208486,11,7,7040401,Neu-Tempelhof,7400720,2018,12,22,1,3,5,2,2,0,1,0,0,0,0,1,797448,2826,5823748,951
208487,11,12,12231101,Hermsdorf,12400723,2018,12,17,5,3,2,6,2,0,1,0,0,0,0,1,792243,59,5838310,85
208488,11,4,4051551,Brabanter Platz,4501148,2018,12,14,6,3,6,6,0,1,0,1,0,0,0,0,793036,3818,5823373,675
208489,11,1,1022104,Emdener Stra�e                                                                                      ,1200519,2018,12,15,5,3,5,2,0,0,1,1,0,0,0,0,794049,8432,5828470,461
208490,11,11,11030618,Fennpfuhl West,11300619,2018,12,13,6,2,6,7,0,0,0,1,0,0,1,0,803836,176,5828673,436
208491,11,2,2010102,Mehringplatz,2100102,2018,12,21,1,3,5,2,2,0,1,0,0,0,0,1,798334,1937,5825557,154
208492,11,3,3030405,Karow Nord                                                                                          ,3300411,2018,12,15,5,3,6,4,1,0,1,1,0,0,0,0,803786,4265,5839364,297
208493,11,5,5030833,Motardstra�e                                                                                        ,5300840,2018,12,12,6,3,8,1,0,0,1,0,0,0,0,0,788363,5395,5829061,707
208494,11,4,4020314,Messegel�nde,4200311,2018,12,15,5,3,2,7,0,0,1,0,0,0,0,0,790311,2395,5825635,883
208495,11,12,12224230,Heiligensee,12400618,2018,12,14,5,3,5,2,0,0,1,0,1,0,0,1,786683,737,5838552,167
208496,11,1,1044202,Sparrplatz,1401046,2018,12,11,6,3,5,2,0,1,0,0,0,0,1,0,794726,215,5830011,296
208497,11,1,1011201,Wilhelmstra�e                                                                                       ,1100205,2018,12,13,5,3,5,3,0,1,1,0,0,0,0,1,796974,6759,5826858,692
208498,11,4,4030828,Savignyplatz,4300624,2018,12,13,5,3,5,3,0,1,1,0,0,0,0,0,792989,3148,5826515,678
208499,11,5,5010314,Carl-Schurz-Stra�e                                                                                  ,5100316,2018,12,21,1,3,6,2,2,0,1,1,0,0,0,1,783602,3933,5829161,894
208500,11,8,8020619,Buschkrugallee Nord,8200623,2018,12,11,6,2,5,2,0,1,1,0,0,0,0,0,802792,4863,5820807,728
208501,11,3,3040614,Pankow Zentrum                                                                                      ,3400725,2018,12,13,5,3,2,6,0,0,1,0,0,0,1,0,799903,3888,5835630,947
208502,11,10,10040830,Kaulsdorf S�d                                                                                       ,10400837,2018,12,11,6,2,5,3,0,1,1,0,0,0,0,0,810707,838,5826306,808
208503,11,3,3071639,B�tzowstra�e,3701660,2018,12,8,6,3,6,7,0,1,0,1,0,0,0,0,800555,4954,5829438,55
208504,11,6,6010103,Markelstra�e                                                                                        ,6100103,2018,12,13,5,3,5,3,0,0,1,0,0,0,0,0,794083,2886,5821513,281
208505,11,5,5020625,Borkumer Stra�e                                                                                     ,5200629,2018,12,7,6,3,6,2,2,0,1,1,0,0,0,1,783588,311,5828663,615
208506,11,4,4041136,Hagenplatz,4400728,2018,12,9,6,3,2,6,0,0,1,0,0,0,0,0,790106,686,5822949,958
208507,11,10,10020517,Adele-Sandrock-Stra�e                                                                               ,10200524,2018,12,10,5,3,5,3,0,1,1,0,0,0,0,0,812315,5849,5830590,703
208508,11,3,3030406,Alt-Karow,3300412,2018,12,9,6,3,5,3,0,1,1,0,0,0,0,0,803079,112,5838398,206
208509,11,9,9020701,Adlershof West,9200715,2018,12,15,5,3,6,2,2,0,1,1,0,0,0,0,809042,322,5818755,761
208510,11,1,1022206,L�neburger Stra�e                                                                                   ,1200628,2018,12,9,6,3,5,2,0,1,1,0,0,0,0,0,795542,7424,5828196,355
208511,11,3,3071536,Teutoburger Platz,3701554,2018,12,18,5,3,1,5,2,1,1,0,0,0,0,1,799114,8099,5829948,752
208512,11,1,1011303,Alexanderplatzviertel,1100310,2018,12,18,5,3,5,2,2,1,1,0,0,0,0,0,798965,4661,5827834,124
208513,11,2,2040701,Andreasviertel,2400623,2018,12,7,6,3,5,2,2,1,1,0,0,0,0,0,800366,9268,5827192,412
208514,11,4,4051448,Schaperstra�e,4501045,2018,12,20,1,2,6,4,2,0,1,1,0,0,0,1,793983,6177,5825518,149
208515,11,5,5030832,Rohrdamm,5300841,2018,12,15,5,3,5,3,0,0,1,0,0,0,0,0,789669,9092,5829345,657
208516,11,11,11051330,Karlshorst West,11501339,2018,12,17,5,3,5,3,2,1,1,0,0,0,0,0,807121,5668,5825059,824
208517,11,3,3051022,Hansastra�e,3501038,2018,12,7,5,3,0,3,2,1,1,0,0,0,0,0,803012,3562,5832020,517
208518,11,2,2050802,Boxhagener Platz,2500834,2018,12,21,5,3,6,2,2,0,0,1,0,0,1,0,801977,2727,5826927,23
208519,11,7,7040401,Neu-Tempelhof,7400721,2018,12,17,4,3,2,2,1,0,1,0,0,0,0,1,797911,7402,5823962,12
208520,11,10,10010308,Marzahner Chaussee,10100311,2018,12,17,5,2,6,4,2,0,0,1,0,0,1,1,806553,8127,5829111,582
208521,11,4,4020310,Park Ruhwald,4200308,2018,12,15,5,3,1,6,2,0,1,0,0,1,0,1,789210,2771,5827547,611
208522,11,3,3061429,Greifswalder Stra�e,3601449,2018,12,20,5,2,6,7,2,0,1,1,0,0,0,1,801301,1304,5830989,491
208523,11,3,3020307,Buchholz,3200310,2018,12,17,5,3,5,3,2,0,1,0,0,0,0,1,799919,635,5838173,242
208524,11,8,8030829,Gropiusstadt Nord,8300934,2018,12,19,1,3,5,3,2,0,1,0,0,0,0,1,802973,1608,5818334,94
208525,11,9,9020502,Obersch�neweide Ost,9200511,2018,12,20,5,3,6,7,2,0,1,1,0,0,0,1,807616,4152,5821798,94
208526,11,9,9020502,Obersch�neweide Ost,9200512,2018,12,17,5,2,8,1,2,0,0,0,1,0,0,0,808607,418,5821641,516
208527,11,3,3071537,Kollwitzplatz,3701555,2018,12,19,5,3,6,7,2,0,1,1,0,0,0,1,799445,4915,5830221,325
208528,11,9,9020701,Adlershof West,9200715,2018,12,18,1,3,5,3,2,0,1,0,0,0,0,1,807656,437,5819374,636
208529,11,1,1044101,Rehberge,1400938,2018,12,17,5,3,6,2,2,0,1,1,0,0,0,0,794663,3015,5831437,914
208530,11,5,5010314,Carl-Schurz-Stra�e                                                                                  ,5100316,2018,12,19,5,2,6,2,2,0,1,1,0,0,0,1,784831,4733,5829235,8
208531,11,1,1011305,Heine-Viertel West,1100312,2018,12,19,5,3,2,6,2,0,1,0,0,0,0,1,799409,5385,5826444,109
208532,11,1,1044201,Reinickendorfer Stra�e                                                                              ,1401043,2018,12,16,5,3,6,2,2,0,0,1,0,0,1,1,795689,8349,5830924,965
208533,11,11,11030720,Herzbergstra�e,11300721,2018,12,18,5,3,2,6,2,0,1,0,0,0,1,1,806075,6391,5830149,167
208534,11,11,11030619,Fennpfuhl Ost,11300620,2018,12,18,5,3,2,6,2,0,1,0,0,0,0,1,803531,7466,5829728,618
208535,11,2,2010102,Mehringplatz,2100102,2018,12,7,4,3,5,2,1,1,1,0,0,0,0,0,798450,5873,5826534,183
208536,11,2,2040502,Friedenstra�e,2400521,2018,12,18,5,3,5,3,2,1,1,0,0,0,0,0,800483,8353,5828221,757
208537,11,1,1033201,Brunnenstra�e                                                                                       ,1300834,2018,12,5,5,3,5,2,2,1,1,0,0,0,0,0,798081,4207,5830001,1
208538,11,9,9041301,Kietzer Feld/Nachtheide                                                                             ,9401329,2018,12,9,4,3,5,3,0,0,1,0,0,0,0,1,812394,4948,5819228,857
208539,11,10,10040828,Kaulsdorf Nord                                                                                      ,10400835,2018,12,22,4,3,0,1,2,0,0,0,1,0,0,1,811279,3251,5827917,479
208540,11,9,9020701,Adlershof West,9200715,2018,12,6,5,3,5,3,1,1,1,0,0,0,0,0,807643,8171,5819361,273
208541,11,4,4030726,Droysenstra�e,4500936,2018,12,20,4,2,6,4,2,1,0,1,0,0,0,0,791946,297,5825744,742
208542,11,9,9052001,K�penick Nord                                                                                       ,9502043,2018,12,6,5,3,5,2,1,1,1,0,0,0,0,0,810364,158,5823538,992
208543,11,6,6010103,Markelstra�e                                                                                        ,6100103,2018,12,16,4,3,6,2,1,0,1,1,0,0,0,1,793511,3932,5821560,819
208544,11,8,8041037,Alt-Rudow,8401243,2018,12,8,5,3,2,6,0,0,1,0,0,0,0,0,805986,2412,5817284,114
208545,11,8,8010213,K�rnerpark,8100208,2018,12,15,4,3,5,3,0,0,1,0,0,0,0,1,801143,2846,5822844,318
208546,11,1,1022206,L�neburger Stra�e                                                                                   ,1200628,2018,12,8,5,3,0,2,1,0,1,0,0,0,1,0,796261,5895,5828502,363
208547,11,4,4020313,K�nigin-Elisabeth-Stra�e,4200311,2018,12,9,4,3,2,6,0,1,1,0,0,0,0,1,790455,7268,5826694,929
208548,11,6,6040807,Zehlendorf Eiche                                                                                    ,6400841,2018,12,11,4,3,5,3,0,1,1,0,0,0,0,0,790009,9611,5819155,582
208549,11,5,5010209,An der Kappe,5100211,2018,12,9,5,3,5,3,0,1,1,0,0,0,0,1,783278,6578,5829443,428
208550,11,4,4030931,Breitscheidplatz,4501042,2018,12,11,4,3,6,4,0,0,1,1,0,0,0,0,794417,9821,5825872,959
208551,11,5,5040937,Kladower Damm,5400944,2018,12,11,5,3,2,6,0,0,1,0,0,0,0,0,781708,5239,5819825,457
208552,11,1,1044203,Leopoldplatz,1401049,2018,12,12,4,3,5,2,0,1,0,0,0,0,1,0,795876,2484,5831960,888
208553,11,7,7010104,Dennewitzplatz,7100205,2018,12,16,4,3,6,2,2,0,1,1,0,0,0,1,796038,1714,5825375,793
208554,11,4,4041134,Bismarckallee,4400726,2018,12,12,4,3,6,4,0,0,1,1,0,0,0,0,791067,9716,5823956,36
208555,11,1,1011201,Wilhelmstra�e                                                                                       ,1100205,2018,12,13,5,2,6,4,0,0,1,1,0,0,0,0,796956,898,5826817,603
208556,11,1,1011204,Leipziger Stra�e                                                                                    ,1100207,2018,12,13,4,3,6,4,0,0,1,1,0,0,0,0,797852,4329,5826875,405
208557,11,4,4020310,Park Ruhwald,4200308,2018,12,0,4,3,2,6,2,0,1,0,0,0,0,0,790525,4481,5827329,653
208558,11,2,2010102,Mehringplatz,2100103,2018,12,13,5,3,3,6,0,0,1,0,0,0,0,0,798468,1062,5826527,626
208559,11,2,2020203,Viktoriapark,2200209,2018,12,9,4,3,5,2,0,1,1,0,0,0,0,0,797571,957,5824571,745
208560,11,12,12301203,Wittenau S�d                                                                                        ,12500930,2018,12,14,5,3,6,4,0,0,0,1,1,0,0,1,792666,1691,5834727,351
208561,11,4,4020311,Reichsstra�e,4200310,2018,12,13,4,2,2,6,0,0,1,0,0,0,0,0,789555,2236,5826587,775
208562,11,2,2020203,Viktoriapark,2200209,2018,12,12,5,3,0,7,0,1,1,0,0,0,0,0,797178,3776,5824498,591
208563,11,12,12302211,L�barser Stra�e,12601031,2018,12,14,4,3,5,3,0,1,1,0,0,0,0,1,793231,38,5836714,112
208564,11,11,11010205,Falkenberg West,11100204,2018,12,6,4,3,0,1,2,0,0,0,1,0,0,2,806523,3197,5833007,698
208565,11,5,5040936,J�gerallee,5400943,2018,12,15,5,3,6,2,0,0,1,1,0,0,0,1,781551,181,5819649,24
208566,11,10,10020622,Kaulsdorf Nord I                                                                                    ,10200629,2018,12,9,4,2,0,1,0,1,0,0,0,0,0,2,811145,213,5829107,81
208567,11,6,6020303,Lankwitz Kirche                                                                                     ,6200313,2018,12,15,4,3,1,5,0,0,1,0,1,0,0,1,795611,327,5819078,911
208568,11,8,8010302,Bouch�stra�e,8100313,2018,12,15,4,3,5,2,1,0,1,0,0,0,0,1,801844,651,5824436,661
208569,11,5,5010312,Kurstra�e                                                                                           ,5100314,2018,12,15,5,3,6,4,1,0,1,1,0,0,0,0,785178,1826,5829640,861
208570,11,6,6010210,Bismarckstra�e                                                                                      ,6100210,2018,12,8,4,2,0,1,0,1,0,0,0,0,0,2,794983,9946,5821411,795
208571,11,4,4030519,Kaiserin-Augusta-Allee,4300518,2018,12,15,5,3,1,5,0,1,1,0,0,0,0,1,791962,4948,5828107,834
208572,11,7,7020204,Sch�neberger Insel,7200412,2018,12,6,4,2,0,1,2,0,0,0,1,0,0,2,796260,1772,5822952,658
208573,11,6,6010210,Bismarckstra�e                                                                                      ,6100210,2018,12,16,5,2,3,6,1,0,1,0,1,0,0,1,795265,6468,5820983,95
208574,11,8,8010115,Hasenheide,8100102,2018,12,5,4,3,9,1,2,0,1,0,0,0,0,2,799817,2177,5823664,332
208575,11,4,4030623,Ernst-Reuter-Platz,4300622,2018,12,17,5,2,2,1,1,0,1,0,0,0,0,1,793365,255,5827331,34
208576,11,3,3040818,Pankow S�d                                                                                          ,3400830,2018,12,13,4,2,6,4,0,0,1,1,0,0,0,1,799438,3469,5833263,43
208577,11,7,7040403,Manteuffelstra�e                                                                                    ,7400825,2018,12,2,6,3,1,1,2,0,1,0,0,0,0,1,797503,6613,5820793,477
208578,11,8,8010404,Rixdorf,8100417,2018,12,17,5,3,5,3,1,0,1,0,0,0,1,0,802277,625,5822846,303
208579,11,5,5010103,Amorbacher Weg,5100105,2018,12,16,4,3,5,2,1,1,1,0,0,0,0,1,784440,9232,5831830,845
208580,11,1,1011302,Oranienburger Stra�e                                                                                ,1100309,2018,12,21,4,3,1,5,2,0,1,0,0,0,0,0,798810,912,5829041,317
208581,11,3,3030406,Alt-Karow,3300412,2018,12,9,4,3,5,3,0,0,1,0,0,0,0,0,802878,9033,5838280,421
208582,11,5,5010103,Amorbacher Weg,5100105,2018,12,20,4,3,0,1,2,0,0,0,1,0,0,1,784596,3314,5831092,303
208583,11,1,1011102,Gro�er Tiergarten,1100102,2018,12,18,4,3,5,3,2,1,1,0,0,0,0,1,796672,8266,5827941,372
208584,11,9,9020601,Schnellerstra�e                                                                                     ,9200613,2018,12,18,4,3,5,3,2,1,1,0,0,0,0,0,805826,5407,5821878,462
208585,11,6,6040807,Zehlendorf Eiche                                                                                    ,6400841,2018,12,12,5,3,5,2,0,1,1,0,0,0,0,1,789605,7509,5818068,152
208765,11,9,9020701,Adlershof West,9200715,2018,12,18,2,3,2,2,2,0,1,0,0,0,0,1,808651,5878,5819178,161
208768,11,8,8010117,Schillerpromenade,8100102,2018,12,18,2,2,5,3,2,1,1,0,0,0,0,1,800025,755,5823615,837
208769,11,8,8010510,Gewerbegebiet K�llnische Heide,8100521,2018,12,23,2,3,5,3,2,0,1,0,0,0,0,1,803652,2014,5821881,104
208771,11,1,1033102,Gesundbrunnen,1300733,2018,12,22,2,3,2,6,2,0,1,0,0,0,0,0,797156,5948,5831391,86
208773,11,2,2010101,Askanischer Platz,2100101,2018,12,20,2,3,2,3,2,0,1,0,0,0,0,1,797697,2719,5825813,722
208775,11,3,3061332,Helmholtzplatz,3601347,2018,12,19,2,3,5,3,2,0,1,0,0,0,0,1,799469,2327,5830650,926
208776,11,1,1044203,Leopoldplatz,1401049,2018,12,18,2,3,0,6,2,0,1,0,1,0,0,1,795905,1512,5831899,614
208778,11,1,1033102,Gesundbrunnen,1300733,2018,12,14,2,3,6,4,0,1,1,1,0,0,0,0,797068,8698,5831457,448
208780,11,5,5020626,Adamstra�e                                                                                          ,5200630,2018,12,14,2,3,2,6,0,0,1,0,0,0,0,0,784158,343,5827326,746
208782,11,6,6010101,Fichtenberg,6100101,2018,12,14,2,2,0,1,0,1,0,0,0,0,0,0,792466,3267,5820804,281
208784,11,6,6040810,Dahlem,6400844,2018,12,13,2,3,5,3,0,1,1,0,0,0,0,0,790574,1963,5819763,715
208786,11,3,3030715,Heinersdorf,3300516,2018,12,13,2,3,5,2,0,1,1,0,0,0,0,0,800718,913,5833630,552
208787,11,7,7040405,Rathaus Tempelhof,7400927,2018,12,12,2,2,5,3,0,0,1,0,0,0,0,0,799071,9782,5821704,622
208789,11,5,5010209,An der Kappe,5100211,2018,12,12,2,3,6,2,0,0,1,1,0,0,0,0,783238,3267,5830292,381
208792,11,1,1044202,Sparrplatz,1401047,2018,12,11,2,3,3,6,0,1,1,0,0,0,0,0,795594,138,5830507,342
208794,11,4,1022106,Elberfelder Stra�e                                                                                  ,1200522,2018,12,11,2,3,2,6,0,0,1,0,0,0,0,0,793632,588,5827960,17
208796,11,9,9051701,Hirschgarten,9501736,2018,12,16,1,3,5,3,1,0,1,0,0,0,1,0,813637,6225,5821689,52
208797,11,12,12302211,L�barser Stra�e,12601031,2018,12,23,1,2,6,2,2,0,1,1,0,0,0,0,792920,1402,5837068,306
208799,11,1,1033101,Soldiner Stra�e                                                                                     ,1300730,2018,12,22,1,3,5,3,2,0,1,0,0,0,0,0,796235,7579,5832161,816
208800,11,2,2050802,Boxhagener Platz,2500833,2018,12,1,1,3,0,1,2,1,0,0,0,0,0,1,802180,7115,5827134,287
208802,11,2,2010103,Moritzplatz,2100105,2018,12,1,7,3,5,2,2,1,1,0,0,0,0,0,799148,138,5825786,315
208804,11,12,12224230,Heiligensee,12400618,2018,12,0,7,3,2,6,2,0,1,0,0,0,0,0,786095,141,5839105,646
208806,11,9,9020502,Obersch�neweide Ost,9200512,2018,12,15,7,3,5,7,0,0,1,0,0,0,0,1,809405,73,5821504,449
208808,11,6,6010101,Fichtenberg,6100101,2018,12,11,7,3,8,1,0,0,1,0,0,0,0,1,793335,1225,5820330,594
208809,11,9,9051801,Rahnsdorf/Hessenwinkel,9501838,2018,12,10,7,3,8,7,0,0,1,0,0,0,0,1,819961,537,5820581,791
208811,11,10,10010308,Marzahner Chaussee,10100311,2018,12,23,7,2,6,6,2,0,1,1,0,0,0,1,807567,9932,5830663,291
208812,11,7,7010102,Nollendorfplatz,7100102,2018,12,23,7,3,6,2,2,0,1,1,0,0,0,1,795550,96,5825251,295
208814,11,8,8020727,Buckow Mitte,8200832,2018,12,21,7,3,6,4,2,0,1,1,0,0,0,1,800631,1719,5816226,214
208815,11,11,11020412,Hauptstra�e,11200411,2018,12,21,7,3,6,4,2,0,1,1,0,0,0,1,805848,5957,5831870,276
208817,11,11,11051229,Rummelsburg,11501238,2018,12,20,7,2,1,7,2,1,0,0,0,0,0,1,804938,3628,5825180,458
208819,11,1,1033203,Humboldthain Nordwest                                                                               ,1300836,2018,12,20,7,3,2,6,2,0,1,0,0,0,0,1,796938,3425,5830134,404
208821,11,1,1033203,Humboldthain Nordwest                                                                               ,1300836,2018,12,20,7,2,6,4,2,0,1,1,0,0,0,1,796788,4814,5830548,27
208823,11,8,8010212,Rollberg,8100207,2018,12,19,7,2,5,3,2,1,1,0,0,0,0,0,801299,6084,5823075,973
208825,11,11,11040926,Weitlingstra�e,11400930,2018,12,10,7,2,0,1,0,1,0,0,0,0,0,1,805511,1745,5826402,14
208826,11,4,4030621,Spreestadt,4300620,2018,12,10,7,3,5,7,0,1,1,0,0,0,0,1,793133,2429,5827751,134
208828,11,1,1033102,Gesundbrunnen,1300733,2018,12,2,7,1,8,1,2,0,1,1,0,0,0,1,797160,546,5831876,157
208830,11,10,10020414,Helle Mitte,10200421,2018,12,17,6,3,6,2,2,0,1,1,0,0,0,1,812181,37,5830916,787
208832,11,11,11020513,Orankesee,11200512,2018,12,14,6,2,5,2,1,0,1,0,0,0,0,0,802888,2371,5831203,278
208834,11,1,1044202,Sparrplatz,1401046,2018,12,14,6,3,2,4,0,0,1,1,0,0,0,1,794624,3414,5829877,114
208836,11,6,6030502,Zehlendorf S�d                                                                                      ,6300525,2018,12,13,6,3,5,3,0,0,1,0,0,0,0,0,790288,472,5814825,282
208838,11,1,1011202,Unter den Linden Nord,1100206,2018,12,12,6,3,3,6,0,0,1,0,0,0,0,1,797739,332,5827586,205
208840,11,8,8010117,Schillerpromenade,8100102,2018,12,12,6,3,5,3,0,0,1,0,0,0,0,1,800537,4094,5823365,694
208842,11,2,2010102,Mehringplatz,2100102,2018,12,10,6,3,5,3,0,0,1,0,0,0,0,1,798215,389,5826241,296
208844,11,11,11010309,Zingster Stra�e West,11100308,2018,12,10,6,3,9,7,0,0,1,0,0,0,0,1,804900,5096,5833317,975
208846,11,4,4020311,Reichsstra�e,4200310,2018,12,10,6,3,5,3,0,0,1,0,0,0,0,0,789485,143,5826798,422
208848,11,3,3051017,Rennbahnstra�e,3501037,2018,12,10,6,3,5,7,0,1,1,0,0,0,0,1,802289,3817,5833109,289
208850,11,2,2050601,Hausburgviertel,2500726,2018,12,9,6,3,2,6,0,0,1,0,0,0,0,1,801882,5599,5829015,474
208851,11,11,11030618,Fennpfuhl West,11300618,2018,12,9,6,2,0,7,1,1,0,0,0,0,0,1,802589,571,5828801,391
208853,11,7,7040405,Rathaus Tempelhof,7400927,2018,12,7,6,3,5,3,1,0,1,0,0,0,0,1,799071,488,5821704,541